site,time,conc,PS
brain ECF,0,0,12_1.5_250
brain ECF,0.1,0.708795913250389,12_1.5_250
brain ECF,0.2,1.2315813846964,12_1.5_250
brain ECF,0.3,1.54037017116337,12_1.5_250
brain ECF,0.4,1.70767761884818,12_1.5_250
brain ECF,0.5,1.7828601056453,12_1.5_250
brain ECF,0.6,1.79931937944665,12_1.5_250
brain ECF,0.7,1.77950960488164,12_1.5_250
brain ECF,0.8,1.73839281195868,12_1.5_250
brain ECF,0.9,1.68582093373669,12_1.5_250
brain ECF,1,1.62817548936587,12_1.5_250
brain ECF,1.1,1.56949417071434,12_1.5_250
brain ECF,1.2,1.5122433311591,12_1.5_250
brain ECF,1.3,1.45784592476995,12_1.5_250
brain ECF,1.4,1.40704127219028,12_1.5_250
brain ECF,1.5,1.36012877540716,12_1.5_250
brain ECF,1.6,1.31713231072249,12_1.5_250
brain ECF,1.7,1.27790994892503,12_1.5_250
brain ECF,1.8,1.24222663459775,12_1.5_250
brain ECF,1.9,1.20980148905678,12_1.5_250
brain ECF,2,1.18033796224847,12_1.5_250
brain ECF,2.1,1.15354260020282,12_1.5_250
brain ECF,2.2,1.12913604174336,12_1.5_250
brain ECF,2.3,1.10685898116798,12_1.5_250
brain ECF,2.4,1.08647492554664,12_1.5_250
brain ECF,2.5,1.06777086480131,12_1.5_250
brain ECF,2.6,1.05055662067314,12_1.5_250
brain ECF,2.7,1.03466353893764,12_1.5_250
brain ECF,2.8,1.01994279453789,12_1.5_250
brain ECF,2.9,1.00626352552512,12_1.5_250
brain ECF,3,0.993510948150987,12_1.5_250
brain ECF,3.1,0.981584575090143,12_1.5_250
brain ECF,3.2,0.970396537219361,12_1.5_250
brain ECF,3.3,0.959870047486748,12_1.5_250
brain ECF,3.4,0.949938011481616,12_1.5_250
brain ECF,3.5,0.940541790387997,12_1.5_250
brain ECF,3.6,0.931630121200378,12_1.5_250
brain ECF,3.7,0.923158151026575,12_1.5_250
brain ECF,3.8,0.915086586307119,12_1.5_250
brain ECF,3.9,0.907380966170052,12_1.5_250
brain ECF,4,0.900011018786112,12_1.5_250
brain ECF,4.1,0.892950101524954,12_1.5_250
brain ECF,4.2,0.886174713433283,12_1.5_250
brain ECF,4.3,0.879664082919109,12_1.5_250
brain ECF,4.4,0.873399812446734,12_1.5_250
brain ECF,4.5,0.867365561662452,12_1.5_250
brain ECF,4.6,0.861546770063816,12_1.5_250
brain ECF,4.7,0.855930426706064,12_1.5_250
brain ECF,4.8,0.850504863868363,12_1.5_250
brain ECF,4.9,0.845259588531075,12_1.5_250
brain ECF,5,0.840185131059705,12_1.5_250
brain ECF,5.1,0.835272917858594,12_1.5_250
brain ECF,5.2,0.830515154195638,12_1.5_250
brain ECF,5.3,0.825904725960721,12_1.5_250
brain ECF,5.4,0.821435118321175,12_1.5_250
brain ECF,5.5,0.817100338806408,12_1.5_250
brain ECF,5.6,0.812894858928468,12_1.5_250
brain ECF,5.7,0.808813558922197,12_1.5_250
brain ECF,5.8,0.804851684429446,12_1.5_250
brain ECF,5.9,0.801004802015856,12_1.5_250
brain ECF,6,0.797268762136321,12_1.5_250
brain ECF,6.1,0.793639668920086,12_1.5_250
brain ECF,6.2,0.790113856749245,12_1.5_250
brain ECF,6.3,0.786687861484863,12_1.5_250
brain ECF,6.4,0.783358404306713,12_1.5_250
brain ECF,6.5,0.780122374292047,12_1.5_250
brain ECF,6.6,0.776976810830003,12_1.5_250
brain ECF,6.7,0.773918895925003,12_1.5_250
brain ECF,6.8,0.770945935876524,12_1.5_250
brain ECF,6.9,0.768055353029623,12_1.5_250
brain ECF,7,0.765244676619356,12_1.5_250
brain ECF,7.1,0.762511534073008,12_1.5_250
brain ECF,7.2,0.759853646035888,12_1.5_250
brain ECF,7.3,0.757268816732813,12_1.5_250
brain ECF,7.4,0.754754930005941,12_1.5_250
brain ECF,7.5,0.752309945784458,12_1.5_250
brain ECF,7.6,0.749931895383937,12_1.5_250
brain ECF,7.7,0.74761887408524,12_1.5_250
brain ECF,7.8,0.74536904470286,12_1.5_250
brain ECF,7.9,0.743180625777695,12_1.5_250
brain ECF,8,0.741051895493734,12_1.5_250
brain ECF,8.1,0.738981183102556,12_1.5_250
brain ECF,8.2,0.736966871581095,12_1.5_250
brain ECF,8.3,0.735007390521613,12_1.5_250
brain ECF,8.4,0.733101220580461,12_1.5_250
brain ECF,8.5,0.731246884709024,12_1.5_250
brain ECF,8.6,0.729442949863102,12_1.5_250
brain ECF,8.7,0.727688024182751,12_1.5_250
brain ECF,8.8,0.725980758349959,12_1.5_250
brain ECF,8.9,0.72431984028006,12_1.5_250
brain ECF,9,0.722703996599433,12_1.5_250
brain ECF,9.1,0.721131988787779,12_1.5_250
brain ECF,9.2,0.719602615578317,12_1.5_250
brain ECF,9.3,0.71811470958217,12_1.5_250
brain ECF,9.4,0.71666713462356,12_1.5_250
brain ECF,9.5,0.715258786173684,12_1.5_250
brain ECF,9.6,0.713888589569296,12_1.5_250
brain ECF,9.7,0.712555500722996,12_1.5_250
brain ECF,9.8,0.711258508283326,12_1.5_250
brain ECF,9.9,0.709996624538594,12_1.5_250
brain ECF,10,0.708768890235735,12_1.5_250
brain ECF,10.1,0.707574372269995,12_1.5_250
brain ECF,10.2,0.706412162972013,12_1.5_250
brain ECF,10.3,0.705281383085697,12_1.5_250
brain ECF,10.4,0.7041811748346,12_1.5_250
brain ECF,10.5,0.70311070448379,12_1.5_250
brain ECF,10.6,0.702069160084259,12_1.5_250
brain ECF,10.7,0.701055752430699,12_1.5_250
brain ECF,10.8,0.700069715825298,12_1.5_250
brain ECF,10.9,0.699110303964786,12_1.5_250
brain ECF,11,0.698176790038274,12_1.5_250
brain ECF,11.1,0.697268468323611,12_1.5_250
brain ECF,11.2,0.696384652991788,12_1.5_250
brain ECF,11.3,0.695524674880167,12_1.5_250
brain ECF,11.4,0.694687883841008,12_1.5_250
brain ECF,11.5,0.693873649443193,12_1.5_250
brain ECF,11.6,0.693081355808124,12_1.5_250
brain ECF,11.7,0.692310404402022,12_1.5_250
brain ECF,11.8,0.691560215150514,12_1.5_250
brain ECF,11.9,0.690830221668492,12_1.5_250
brain ECF,12,0.690119873468493,12_1.5_250
brain ECF,12.1,0.689428635660379,12_1.5_250
brain ECF,12.2,0.688755987718965,12_1.5_250
brain ECF,12.3,0.688101422840409,12_1.5_250
brain ECF,12.4,0.687464448396013,12_1.5_250
brain ECF,12.5,0.686844585579868,12_1.5_250
brain ECF,12.6,0.686241367666641,12_1.5_250
brain ECF,12.7,0.685654340861419,12_1.5_250
brain ECF,12.8,0.685083065043301,12_1.5_250
brain ECF,12.9,0.684527110433746,12_1.5_250
brain ECF,13,0.683986059269871,12_1.5_250
brain ECF,13.1,0.683459506500905,12_1.5_250
brain ECF,13.2,0.682947056830335,12_1.5_250
brain ECF,13.3,0.682448325718775,12_1.5_250
brain ECF,13.4,0.681962939340411,12_1.5_250
brain ECF,13.5,0.681490535034068,12_1.5_250
brain ECF,13.6,0.681030758523427,12_1.5_250
brain ECF,13.7,0.680583265486548,12_1.5_250
brain ECF,13.8,0.680147721719335,12_1.5_250
brain ECF,13.9,0.679723801928436,12_1.5_250
brain ECF,14,0.67931118894624,12_1.5_250
brain ECF,14.1,0.678909574386582,12_1.5_250
brain ECF,14.2,0.678518659732581,12_1.5_250
brain ECF,14.3,0.678138152865245,12_1.5_250
brain ECF,14.4,0.677767770031964,12_1.5_250
brain ECF,14.5,0.677407235500793,12_1.5_250
brain ECF,14.6,0.677056281578279,12_1.5_250
brain ECF,14.7,0.676714646825052,12_1.5_250
brain ECF,14.8,0.67638207716313,12_1.5_250
brain ECF,14.9,0.676058325935786,12_1.5_250
brain ECF,15,0.67574315275356,12_1.5_250
brain ECF,15.1,0.675436323545172,12_1.5_250
brain ECF,15.2,0.67513761078404,12_1.5_250
brain ECF,15.3,0.674846794711837,12_1.5_250
brain ECF,15.4,0.674563659709426,12_1.5_250
brain ECF,15.5,0.674287996640593,12_1.5_250
brain ECF,15.6,0.674019602133946,12_1.5_250
brain ECF,15.7,0.673758278335695,12_1.5_250
brain ECF,15.8,0.673503832611727,12_1.5_250
brain ECF,15.9,0.673256077517079,12_1.5_250
brain ECF,16,0.67301483084067,12_1.5_250
brain ECF,16.1,0.672779915348407,12_1.5_250
brain ECF,16.2,0.672551158071681,12_1.5_250
brain ECF,16.3,0.672328390706685,12_1.5_250
brain ECF,16.4,0.672111450224589,12_1.5_250
brain ECF,16.5,0.671900178906141,12_1.5_250
brain ECF,16.6,0.67169442136698,12_1.5_250
brain ECF,16.7,0.67149402710186,12_1.5_250
brain ECF,16.8,0.67129885009004,12_1.5_250
brain ECF,16.9,0.67110874910447,12_1.5_250
brain ECF,17,0.670923585418388,12_1.5_250
brain ECF,17.1,0.670743224591111,12_1.5_250
brain ECF,17.2,0.670567535861123,12_1.5_250
brain ECF,17.3,0.670396392088909,12_1.5_250
brain ECF,17.4,0.670229669434252,12_1.5_250
brain ECF,17.5,0.670067247409908,12_1.5_250
brain ECF,17.6,0.669909008832168,12_1.5_250
brain ECF,17.7,0.669754840083381,12_1.5_250
brain ECF,17.8,0.669604629959999,12_1.5_250
brain ECF,17.9,0.669458270389301,12_1.5_250
brain ECF,18,0.66931565628416,12_1.5_250
brain ECF,18.1,0.669176686515826,12_1.5_250
brain ECF,18.2,0.669041261210619,12_1.5_250
brain ECF,18.3,0.668909283655625,12_1.5_250
brain ECF,18.4,0.668780659788705,12_1.5_250
brain ECF,18.5,0.668655299171627,12_1.5_250
brain ECF,18.6,0.668533112402866,12_1.5_250
brain ECF,18.7,0.668414012972501,12_1.5_250
brain ECF,18.8,0.668297916674973,12_1.5_250
brain ECF,18.9,0.668184741916666,12_1.5_250
brain ECF,19,0.668074409366937,12_1.5_250
brain ECF,19.1,0.667966841338104,12_1.5_250
brain ECF,19.2,0.667861962416165,12_1.5_250
brain ECF,19.3,0.667759699165054,12_1.5_250
brain ECF,19.4,0.667659981015619,12_1.5_250
brain ECF,19.5,0.667562738259046,12_1.5_250
brain ECF,19.6,0.667467903308604,12_1.5_250
brain ECF,19.7,0.667375410377623,12_1.5_250
brain ECF,19.8,0.667285195757959,12_1.5_250
brain ECF,19.9,0.667197197950678,12_1.5_250
brain ECF,20,0.667111356113166,12_1.5_250
brain ECF,20.1,0.667027611407031,12_1.5_250
brain ECF,20.2,0.666945906541254,12_1.5_250
brain ECF,20.3,0.666866186464575,12_1.5_250
brain ECF,20.4,0.666788397046031,12_1.5_250
brain ECF,20.5,0.666712485549158,12_1.5_250
brain ECF,20.6,0.666638400766046,12_1.5_250
brain ECF,20.7,0.666566092897171,12_1.5_250
brain ECF,20.8,0.666495513685503,12_1.5_250
brain ECF,20.9,0.6664266158325,12_1.5_250
brain ECF,21,0.666359353392341,12_1.5_250
brain ECF,21.1,0.666293681606699,12_1.5_250
brain ECF,21.2,0.666229557723905,12_1.5_250
brain ECF,21.3,0.666166939900865,12_1.5_250
brain ECF,21.4,0.666105786909906,12_1.5_250
brain ECF,21.5,0.666046058960332,12_1.5_250
brain ECF,21.6,0.665987717337131,12_1.5_250
brain ECF,21.7,0.665930724053962,12_1.5_250
brain ECF,21.8,0.665875042562342,12_1.5_250
brain ECF,21.9,0.665820637124441,12_1.5_250
brain ECF,22,0.665767472934918,12_1.5_250
brain ECF,22.1,0.665715516084456,12_1.5_250
brain ECF,22.2,0.665664733903864,12_1.5_250
brain ECF,22.3,0.665615094263312,12_1.5_250
brain ECF,22.4,0.665566565791432,12_1.5_250
brain ECF,22.5,0.665519117978928,12_1.5_250
brain ECF,22.6,0.665472721061972,12_1.5_250
brain ECF,22.7,0.665427346798507,12_1.5_250
brain ECF,22.8,0.665382968067195,12_1.5_250
brain ECF,22.9,0.665339557048489,12_1.5_250
brain ECF,23,0.665297087301375,12_1.5_250
brain ECF,23.1,0.665255533083525,12_1.5_250
brain ECF,23.2,0.665214869431089,12_1.5_250
brain ECF,23.3,0.665175072766572,12_1.5_250
brain ECF,23.4,0.665136119137598,12_1.5_250
brain ECF,23.5,0.665097985634208,12_1.5_250
brain ECF,23.6,0.665060649975085,12_1.5_250
brain ECF,23.7,0.665024090487079,12_1.5_250
brain ECF,23.8,0.664988285945685,12_1.5_250
brain ECF,23.9,0.664953215824631,12_1.5_250
brain ECF,24,0.664918860121077,12_1.5_250
brain ECF,24.1,0.664885199331495,12_1.5_250
brain ECF,24.2,0.664852214447992,12_1.5_250
brain ECF,24.3,0.664819887203947,12_1.5_250
brain ECF,24.4,0.664788199796272,12_1.5_250
brain ECF,24.5,0.664757134577776,12_1.5_250
brain ECF,24.6,0.664726674496705,12_1.5_250
brain ECF,24.7,0.664696802924247,12_1.5_250
brain ECF,24.8,0.664667503694537,12_1.5_250
brain ECF,24.9,0.664638761459127,12_1.5_250
brain ECF,25,0.664610561180732,12_1.5_250
brain ICF,0,0,12_1.5_250
brain ICF,0.1,14.1549218726754,12_1.5_250
brain ICF,0.2,24.618887043921,12_1.5_250
brain ICF,0.3,30.8001586131528,12_1.5_250
brain ICF,0.4,34.1499143542491,12_1.5_250
brain ICF,0.5,35.6558890556407,12_1.5_250
brain ICF,0.6,35.9865348376776,12_1.5_250
brain ICF,0.7,35.5912208712143,12_1.5_250
brain ICF,0.8,34.7693830749794,12_1.5_250
brain ICF,0.9,33.7181930496123,12_1.5_250
brain ICF,1,32.5653712165978,12_1.5_250
brain ICF,1.1,31.3917320076934,12_1.5_250
brain ICF,1.2,30.2466429241959,12_1.5_250
brain ICF,1.3,29.1585897262603,12_1.5_250
brain ICF,1.4,28.1423761554473,12_1.5_250
brain ICF,1.5,27.2040012627427,12_1.5_250
brain ICF,1.6,26.3439493430662,12_1.5_250
brain ICF,1.7,25.5593857621322,12_1.5_250
brain ICF,1.8,24.8456115095745,12_1.5_250
brain ICF,1.9,24.197009914064,12_1.5_250
brain ICF,2,23.6076501258873,12_1.5_250
brain ICF,2.1,23.0716627619556,12_1.5_250
brain ICF,2.2,22.5834600352341,12_1.5_250
brain ICF,2.3,22.137855138486,12_1.5_250
brain ICF,2.4,21.7301174708191,12_1.5_250
brain ICF,2.5,21.3559860909793,12_1.5_250
brain ICF,2.6,21.0116567272573,12_1.5_250
brain ICF,2.7,20.6937556379809,12_1.5_250
brain ICF,2.8,20.3993057221377,12_1.5_250
brain ICF,2.9,20.1256892011327,12_1.5_250
brain ICF,3,19.8706099185593,12_1.5_250
brain ICF,3.1,19.6320577016574,12_1.5_250
brain ICF,3.2,19.4082747931246,12_1.5_250
brain ICF,3.3,19.197725122354,12_1.5_250
brain ICF,3.4,18.9990665150364,12_1.5_250
brain ICF,3.5,18.8111259437503,12_1.5_250
brain ICF,3.6,18.6328779305048,12_1.5_250
brain ICF,3.7,18.4634252284734,12_1.5_250
brain ICF,3.8,18.301981801668,12_1.5_250
brain ICF,3.9,18.1478582901987,12_1.5_250
brain ICF,4,18.0004491340016,12_1.5_250
brain ICF,4.1,17.8592213732931,12_1.5_250
brain ICF,4.2,17.7237048962865,12_1.5_250
brain ICF,4.3,17.5934841904341,12_1.5_250
brain ICF,4.4,17.468191234716,12_1.5_250
brain ICF,4.5,17.3474991617616,12_1.5_250
brain ICF,4.6,17.2311167087479,12_1.5_250
brain ICF,4.7,17.1187836108776,12_1.5_250
brain ICF,4.8,17.0102664742803,12_1.5_250
brain ICF,4.9,16.9053554036245,12_1.5_250
brain ICF,5,16.8038609757478,12_1.5_250
brain ICF,5.1,16.7056116923064,12_1.5_250
brain ICF,5.2,16.6104516357809,12_1.5_250
brain ICF,5.3,16.5182385035487,12_1.5_250
brain ICF,5.4,16.4288419811038,12_1.5_250
brain ICF,5.5,16.3421422038783,12_1.5_250
brain ICF,5.6,16.2580285878874,12_1.5_250
brain ICF,5.7,16.1763987257392,12_1.5_250
brain ICF,5.8,16.0971575193166,12_1.5_250
brain ICF,5.9,16.0202162904753,12_1.5_250
brain ICF,6,15.9454920398441,12_1.5_250
brain ICF,6.1,15.8729068422793,12_1.5_250
brain ICF,6.2,15.8023873784183,12_1.5_250
brain ICF,6.3,15.733864359773,12_1.5_250
brain ICF,6.4,15.6672722040569,12_1.5_250
brain ICF,6.5,15.6025486878284,12_1.5_250
brain ICF,6.6,15.5396345942231,12_1.5_250
brain ICF,6.7,15.4784735590993,12_1.5_250
brain ICF,6.8,15.4190117046273,12_1.5_250
brain ICF,6.9,15.3611974743026,12_1.5_250
brain ICF,7,15.3049814494985,12_1.5_250
brain ICF,7.1,15.2503161757033,12_1.5_250
brain ICF,7.2,15.1971560629166,12_1.5_250
brain ICF,7.3,15.145457193278,12_1.5_250
brain ICF,7.4,15.0951772411843,12_1.5_250
brain ICF,7.5,15.046275402596,12_1.5_250
brain ICF,7.6,14.9987123019299,12_1.5_250
brain ICF,7.7,14.9524498425783,12_1.5_250
brain ICF,7.8,14.9074512789437,12_1.5_250
brain ICF,7.9,14.8636809799645,12_1.5_250
brain ICF,8,14.8211045076219,12_1.5_250
brain ICF,8.1,14.7796884453217,12_1.5_250
brain ICF,8.2,14.7394004509463,12_1.5_250
brain ICF,8.3,14.700209114799,12_1.5_250
brain ICF,8.4,14.6620840485251,12_1.5_250
brain ICF,8.5,14.6249957097054,12_1.5_250
brain ICF,8.6,14.5889154362527,12_1.5_250
brain ICF,8.7,14.5538153897185,12_1.5_250
brain ICF,8.8,14.5196685822662,12_1.5_250
brain ICF,8.9,14.4864487709703,12_1.5_250
brain ICF,9,14.4541304873945,12_1.5_250
brain ICF,9.1,14.4226889598564,12_1.5_250
brain ICF,9.2,14.3921001619328,12_1.5_250
brain ICF,9.3,14.3623407447911,12_1.5_250
brain ICF,9.4,14.3333879838567,12_1.5_250
brain ICF,9.5,14.3052197876841,12_1.5_250
brain ICF,9.6,14.2778146621002,12_1.5_250
brain ICF,9.7,14.2511517244343,12_1.5_250
brain ICF,9.8,14.2252107465043,12_1.5_250
brain ICF,9.9,14.1999719731237,12_1.5_250
brain ICF,10,14.1754162185486,12_1.5_250
brain ICF,10.1,14.151524820037,12_1.5_250
brain ICF,10.2,14.1282796234837,12_1.5_250
brain ICF,10.3,14.1056630426035,12_1.5_250
brain ICF,10.4,14.0836579211116,12_1.5_250
brain ICF,10.5,14.0622475835572,12_1.5_250
brain ICF,10.6,14.0414157905492,12_1.5_250
brain ICF,10.7,14.0211467573203,12_1.5_250
brain ICF,10.8,14.0014251690047,12_1.5_250
brain ICF,10.9,13.9822360988565,12_1.5_250
brain ICF,11,13.9635650100747,12_1.5_250
brain ICF,11.1,13.9453977876054,12_1.5_250
brain ICF,11.2,13.9277207142925,12_1.5_250
brain ICF,11.3,13.9105204062977,12_1.5_250
brain ICF,11.4,13.8937838601033,12_1.5_250
brain ICF,11.5,13.8774984664932,12_1.5_250
brain ICF,11.6,13.861651907364,12_1.5_250
brain ICF,11.7,13.846232211501,12_1.5_250
brain ICF,11.8,13.831227776935,12_1.5_250
brain ICF,11.9,13.8166272754543,12_1.5_250
brain ICF,12,13.802419696826,12_1.5_250
brain ICF,12.1,13.7885943427802,12_1.5_250
brain ICF,12.2,13.7751408023606,12_1.5_250
brain ICF,12.3,13.7620489390504,12_1.5_250
brain ICF,12.4,13.7493088998438,12_1.5_250
brain ICF,12.5,13.7369111081926,12_1.5_250
brain ICF,12.6,13.7248462291841,12_1.5_250
brain ICF,12.7,13.7131051865198,12_1.5_250
brain ICF,12.8,13.7016791774009,12_1.5_250
brain ICF,12.9,13.6905596058759,12_1.5_250
brain ICF,13,13.6797381163195,12_1.5_250
brain ICF,13.1,13.6692066073643,12_1.5_250
brain ICF,13.2,13.6589571727334,12_1.5_250
brain ICF,13.3,13.6489821213025,12_1.5_250
brain ICF,13.4,13.6392739762285,12_1.5_250
brain ICF,13.5,13.6298254839682,12_1.5_250
brain ICF,13.6,13.6206295586867,12_1.5_250
brain ICF,13.7,13.6116793136441,12_1.5_250
brain ICF,13.8,13.6029680644651,12_1.5_250
brain ICF,13.9,13.5944893049969,12_1.5_250
brain ICF,14,13.5862366916095,12_1.5_250
brain ICF,14.1,13.5782040563087,12_1.5_250
brain ICF,14.2,13.5703854284964,12_1.5_250
brain ICF,14.3,13.5627749655358,12_1.5_250
brain ICF,14.4,13.5553669921256,12_1.5_250
brain ICF,14.5,13.5481559933851,12_1.5_250
brain ICF,14.6,13.5411366152118,12_1.5_250
brain ICF,14.7,13.5343036285886,12_1.5_250
brain ICF,14.8,13.5276519517335,12_1.5_250
brain ICF,14.9,13.5211766513,12_1.5_250
brain ICF,15,13.514872919291,12_1.5_250
brain ICF,15.1,13.5087360740791,12_1.5_250
brain ICF,15.2,13.5027615649338,12_1.5_250
brain ICF,15.3,13.4969449964684,12_1.5_250
brain ICF,15.4,13.4912820561115,12_1.5_250
brain ICF,15.5,13.4857685609415,12_1.5_250
brain ICF,15.6,13.4804004433728,12_1.5_250
brain ICF,15.7,13.4751737461845,12_1.5_250
brain ICF,15.8,13.4700846165157,12_1.5_250
brain ICF,15.9,13.4651293053149,12_1.5_250
brain ICF,16,13.4603041681933,12_1.5_250
brain ICF,16.1,13.4556056602938,12_1.5_250
brain ICF,16.2,13.451030322107,12_1.5_250
brain ICF,16.3,13.4465747874076,12_1.5_250
brain ICF,16.4,13.4422357954739,12_1.5_250
brain ICF,16.5,13.4380101917793,12_1.5_250
brain ICF,16.6,13.4338948684944,12_1.5_250
brain ICF,16.7,13.4298868153748,12_1.5_250
brain ICF,16.8,13.4259831118793,12_1.5_250
brain ICF,16.9,13.4221809333638,12_1.5_250
brain ICF,17,13.4184775051626,12_1.5_250
brain ICF,17.1,13.4148701383491,12_1.5_250
brain ICF,17.2,13.4113562175798,12_1.5_250
brain ICF,17.3,13.4079331999418,12_1.5_250
brain ICF,17.4,13.4045986085313,12_1.5_250
brain ICF,17.5,13.4013500334998,12_1.5_250
brain ICF,17.6,13.3981851310712,12_1.5_250
brain ICF,17.7,13.395101628786,12_1.5_250
brain ICF,17.8,13.3920973024776,12_1.5_250
brain ICF,17.9,13.3891699905947,12_1.5_250
brain ICF,18,13.3863175913007,12_1.5_250
brain ICF,18.1,13.3835380819391,12_1.5_250
brain ICF,18.2,13.3808294649439,12_1.5_250
brain ICF,18.3,13.3781898059714,12_1.5_250
brain ICF,18.4,13.3756172236958,12_1.5_250
brain ICF,18.5,13.3731099092761,12_1.5_250
brain ICF,18.6,13.3706660746023,12_1.5_250
brain ICF,18.7,13.368283989401,12_1.5_250
brain ICF,18.8,13.3659619694884,12_1.5_250
brain ICF,18.9,13.3636983829199,12_1.5_250
brain ICF,19,13.361491643012,12_1.5_250
brain ICF,19.1,13.359340195945,12_1.5_250
brain ICF,19.2,13.3572425333736,12_1.5_250
brain ICF,19.3,13.355197186513,12_1.5_250
brain ICF,19.4,13.3532027439151,12_1.5_250
brain ICF,19.5,13.3512578113439,12_1.5_250
brain ICF,19.6,13.3493610370053,12_1.5_250
brain ICF,19.7,13.3475111051076,12_1.5_250
brain ICF,19.8,13.3457067414322,12_1.5_250
brain ICF,19.9,13.3439467159472,12_1.5_250
brain ICF,20,13.3422298117459,12_1.5_250
brain ICF,20.1,13.3405548520081,12_1.5_250
brain ICF,20.2,13.3389206908627,12_1.5_250
brain ICF,20.3,13.337326227238,12_1.5_250
brain ICF,20.4,13.3357703784673,12_1.5_250
brain ICF,20.5,13.3342520897746,12_1.5_250
brain ICF,20.6,13.3327703369576,12_1.5_250
brain ICF,20.7,13.3313241239827,12_1.5_250
brain ICF,20.8,13.3299124856699,12_1.5_250
brain ICF,20.9,13.3285344760076,12_1.5_250
brain ICF,21,13.3271891760413,12_1.5_250
brain ICF,21.1,13.3258756905676,12_1.5_250
brain ICF,21.2,13.3245931645036,12_1.5_250
brain ICF,21.3,13.3233407609425,12_1.5_250
brain ICF,21.4,13.3221176552943,12_1.5_250
brain ICF,21.5,13.3209230517031,12_1.5_250
brain ICF,21.6,13.3197561758285,12_1.5_250
brain ICF,21.7,13.318616267964,12_1.5_250
brain ICF,21.8,13.3175025970817,12_1.5_250
brain ICF,21.9,13.3164144483979,12_1.5_250
brain ICF,22,13.3153511257813,12_1.5_250
brain ICF,22.1,13.3143119510229,12_1.5_250
brain ICF,22.2,13.3132962706851,12_1.5_250
brain ICF,22.3,13.3123034421449,12_1.5_250
brain ICF,22.4,13.3113328379535,12_1.5_250
brain ICF,22.5,13.3103838478965,12_1.5_250
brain ICF,22.6,13.3094558766684,12_1.5_250
brain ICF,22.7,13.3085483594052,12_1.5_250
brain ICF,22.8,13.3076607536601,12_1.5_250
brain ICF,22.9,13.3067925030117,12_1.5_250
brain ICF,23,13.3059430786145,12_1.5_250
brain ICF,23.1,13.3051119655969,12_1.5_250
brain ICF,23.2,13.3042986646593,12_1.5_250
brain ICF,23.3,13.3035027042459,12_1.5_250
brain ICF,23.4,13.302723605281,12_1.5_250
brain ICF,23.5,13.3019609095473,12_1.5_250
brain ICF,23.6,13.3012141714014,12_1.5_250
brain ICF,23.7,13.3004829573646,12_1.5_250
brain ICF,23.8,13.2997668429169,12_1.5_250
brain ICF,23.9,13.299065417519,12_1.5_250
brain ICF,24,13.2983782810988,12_1.5_250
brain ICF,24.1,13.2977050435692,12_1.5_250
brain ICF,24.2,13.2970453247559,12_1.5_250
brain ICF,24.3,13.2963987593093,12_1.5_250
brain ICF,24.4,13.2957649911504,12_1.5_250
brain ICF,24.5,13.29514366732,12_1.5_250
brain ICF,24.6,13.294534446767,12_1.5_250
brain ICF,24.7,13.2939369968989,12_1.5_250
brain ICF,24.8,13.2933509943833,12_1.5_250
brain ICF,24.9,13.2927761322413,12_1.5_250
brain ICF,25,13.2922121097168,12_1.5_250
sCSF,0,0,12_1.5_250
sCSF,0.1,0.0227937265720004,12_1.5_250
sCSF,0.2,0.0863154591183448,12_1.5_250
sCSF,0.3,0.172772842744256,12_1.5_250
sCSF,0.4,0.269946016634288,12_1.5_250
sCSF,0.5,0.370015592889597,12_1.5_250
sCSF,0.6,0.468126405707668,12_1.5_250
sCSF,0.7,0.561403448497795,12_1.5_250
sCSF,0.8,0.648279898536743,12_1.5_250
sCSF,0.9,0.728040056599996,12_1.5_250
sCSF,1,0.800510056518255,12_1.5_250
sCSF,1.1,0.865850004985086,12_1.5_250
sCSF,1.2,0.924415484741855,12_1.5_250
sCSF,1.3,0.976666425296614,12_1.5_250
sCSF,1.4,1.0231080852536,12_1.5_250
sCSF,1.5,1.06425377991136,12_1.5_250
sCSF,1.6,1.10060212680091,12_1.5_250
sCSF,1.7,1.13262399289731,12_1.5_250
sCSF,1.8,1.16075573516981,12_1.5_250
sCSF,1.9,1.1853965424005,12_1.5_250
sCSF,2,1.20690831656998,12_1.5_250
sCSF,2.1,1.2256170769921,12_1.5_250
sCSF,2.2,1.24181524250051,12_1.5_250
sCSF,2.3,1.25576432366644,12_1.5_250
sCSF,2.4,1.26769775396353,12_1.5_250
sCSF,2.5,1.2778236971753,12_1.5_250
sCSF,2.6,1.28632771573231,12_1.5_250
sCSF,2.7,1.29337524652405,12_1.5_250
sCSF,2.8,1.29911386711394,12_1.5_250
sCSF,2.9,1.3036753385699,12_1.5_250
sCSF,3,1.30717743217217,12_1.5_250
sCSF,3.1,1.30972555086851,12_1.5_250
sCSF,3.2,1.3114141673882,12_1.5_250
sCSF,3.3,1.31232809383252,12_1.5_250
sCSF,3.4,1.31254359549347,12_1.5_250
sCSF,3.5,1.3121293638513,12_1.5_250
sCSF,3.6,1.31114738068931,12_1.5_250
sCSF,3.7,1.3096536674548,12_1.5_250
sCSF,3.8,1.30769894851215,12_1.5_250
sCSF,3.9,1.30532923018229,12_1.5_250
sCSF,4,1.30258630553531,12_1.5_250
sCSF,4.1,1.29950820107493,12_1.5_250
sCSF,4.2,1.29612956944017,12_1.5_250
sCSF,4.3,1.29248203402946,12_1.5_250
sCSF,4.4,1.28859449439835,12_1.5_250
sCSF,4.5,1.28449339335963,12_1.5_250
sCSF,4.6,1.28020295318991,12_1.5_250
sCSF,4.7,1.27574538594905,12_1.5_250
sCSF,4.8,1.27114108002162,12_1.5_250
sCSF,4.9,1.26640876388647,12_1.5_250
sCSF,5,1.26156565706053,12_1.5_250
sCSF,5.1,1.25662760004135,12_1.5_250
sCSF,5.2,1.25160917124564,12_1.5_250
sCSF,5.3,1.2465237922946,12_1.5_250
sCSF,5.4,1.24138382326181,12_1.5_250
sCSF,5.5,1.23620064828934,12_1.5_250
sCSF,5.6,1.23098475167965,12_1.5_250
sCSF,5.7,1.22574578931587,12_1.5_250
sCSF,5.8,1.22049265120447,12_1.5_250
sCSF,5.9,1.21523351875177,12_1.5_250
sCSF,6,1.20997591795761,12_1.5_250
sCSF,6.1,1.20472676585995,12_1.5_250
sCSF,6.2,1.19949241449433,12_1.5_250
sCSF,6.3,1.19427869171172,12_1.5_250
sCSF,6.4,1.1890909377592,12_1.5_250
sCSF,6.5,1.18393403833813,12_1.5_250
sCSF,6.6,1.17881245946417,12_1.5_250
sCSF,6.7,1.17373027148382,12_1.5_250
sCSF,6.8,1.16869118037843,12_1.5_250
sCSF,6.9,1.16369855048814,12_1.5_250
sCSF,7,1.15875542536257,12_1.5_250
sCSF,7.1,1.1538645533562,12_1.5_250
sCSF,7.2,1.14902840474349,12_1.5_250
sCSF,7.3,1.14424919033945,12_1.5_250
sCSF,7.4,1.13952888135081,12_1.5_250
sCSF,7.5,1.1348692228122,12_1.5_250
sCSF,7.6,1.13027174758315,12_1.5_250
sCSF,7.7,1.12573779887401,12_1.5_250
sCSF,7.8,1.12126852993378,12_1.5_250
sCSF,7.9,1.11686493302521,12_1.5_250
sCSF,8,1.11252783266849,12_1.5_250
sCSF,8.1,1.10825791471777,12_1.5_250
sCSF,8.2,1.10405571945703,12_1.5_250
sCSF,8.3,1.09992166644027,12_1.5_250
sCSF,8.4,1.09585605054917,12_1.5_250
sCSF,8.5,1.0918590618394,12_1.5_250
sCSF,8.6,1.0879307835273,12_1.5_250
sCSF,8.7,1.08407120883616,12_1.5_250
sCSF,8.8,1.08028023908197,12_1.5_250
sCSF,8.9,1.07655769791121,12_1.5_250
sCSF,9,1.0729033290449,12_1.5_250
sCSF,9.1,1.06931681668748,12_1.5_250
sCSF,9.2,1.06579777341492,12_1.5_250
sCSF,9.3,1.06234575576122,12_1.5_250
sCSF,9.4,1.05896027551595,12_1.5_250
sCSF,9.5,1.05564077784878,12_1.5_250
sCSF,9.6,1.05238668069438,12_1.5_250
sCSF,9.7,1.04919735578893,12_1.5_250
sCSF,9.8,1.0460721305116,12_1.5_250
sCSF,9.9,1.0430103107102,12_1.5_250
sCSF,10,1.04001116398713,12_1.5_250
sCSF,10.1,1.03707393320684,12_1.5_250
sCSF,10.2,1.03419784152881,12_1.5_250
sCSF,10.3,1.03138208258246,12_1.5_250
sCSF,10.4,1.0286258401037,12_1.5_250
sCSF,10.5,1.02592827866058,12_1.5_250
sCSF,10.6,1.02328854536187,12_1.5_250
sCSF,10.7,1.02070578256716,12_1.5_250
sCSF,10.8,1.01817911417947,12_1.5_250
sCSF,10.9,1.01570766160735,12_1.5_250
sCSF,11,1.0132905436259,12_1.5_250
sCSF,11.1,1.01092686837835,12_1.5_250
sCSF,11.2,1.00861573745604,12_1.5_250
sCSF,11.3,1.00635626191824,12_1.5_250
sCSF,11.4,1.00414754797231,12_1.5_250
sCSF,11.5,1.00198869121807,12_1.5_250
sCSF,11.6,0.99987880426548,12_1.5_250
sCSF,11.7,0.997816999306748,12_1.5_250
sCSF,11.8,0.995802380800796,12_1.5_250
sCSF,11.9,0.993834069826191,12_1.5_250
sCSF,12,0.991911190638426,12_1.5_250
sCSF,12.1,0.99003286887796,12_1.5_250
sCSF,12.2,0.988198238608851,12_1.5_250
sCSF,12.3,0.986406444712961,12_1.5_250
sCSF,12.4,0.98465663714941,12_1.5_250
sCSF,12.5,0.982947971467055,12_1.5_250
sCSF,12.6,0.981279617933067,12_1.5_250
sCSF,12.7,0.979650754494854,12_1.5_250
sCSF,12.8,0.978060563212214,12_1.5_250
sCSF,12.9,0.976508243197699,12_1.5_250
sCSF,13,0.97499300251083,12_1.5_250
sCSF,13.1,0.973514054216073,12_1.5_250
sCSF,13.2,0.972070627660038,12_1.5_250
sCSF,13.3,0.970661963234171,12_1.5_250
sCSF,13.4,0.969287311376523,12_1.5_250
sCSF,13.5,0.967945929285865,12_1.5_250
sCSF,13.6,0.966637092377362,12_1.5_250
sCSF,13.7,0.965360085952838,12_1.5_250
sCSF,13.8,0.964114203926837,12_1.5_250
sCSF,13.9,0.962898752527204,12_1.5_250
sCSF,14,0.961713052362332,12_1.5_250
sCSF,14.1,0.960556434947565,12_1.5_250
sCSF,14.2,0.959428239249414,12_1.5_250
sCSF,14.3,0.95832782088017,12_1.5_250
sCSF,14.4,0.957254545833725,12_1.5_250
sCSF,14.5,0.956207791004791,12_1.5_250
sCSF,14.6,0.955186943594386,12_1.5_250
sCSF,14.7,0.954191404822689,12_1.5_250
sCSF,14.8,0.953220586730635,12_1.5_250
sCSF,14.9,0.952273910988899,12_1.5_250
sCSF,15,0.951350811795841,12_1.5_250
sCSF,15.1,0.950450734987535,12_1.5_250
sCSF,15.2,0.949573137113153,12_1.5_250
sCSF,15.3,0.948717484065592,12_1.5_250
sCSF,15.4,0.947883254673843,12_1.5_250
sCSF,15.5,0.947069937935736,12_1.5_250
sCSF,15.6,0.946277032693808,12_1.5_250
sCSF,15.7,0.945504048170719,12_1.5_250
sCSF,15.8,0.94475050498758,12_1.5_250
sCSF,15.9,0.944015933635565,12_1.5_250
sCSF,16,0.94329987400149,12_1.5_250
sCSF,16.1,0.942601875497098,12_1.5_250
sCSF,16.2,0.941921498552818,12_1.5_250
sCSF,16.3,0.941258312777457,12_1.5_250
sCSF,16.4,0.940611896817381,12_1.5_250
sCSF,16.5,0.939981838119338,12_1.5_250
sCSF,16.6,0.939367734339904,12_1.5_250
sCSF,16.7,0.938769191735097,12_1.5_250
sCSF,16.8,0.938185825259516,12_1.5_250
sCSF,16.9,0.937617258269612,12_1.5_250
sCSF,17,0.937063123125083,12_1.5_250
sCSF,17.1,0.93652306038259,12_1.5_250
sCSF,17.2,0.935996718816509,12_1.5_250
sCSF,17.3,0.935483755251122,12_1.5_250
sCSF,17.4,0.934983834473621,12_1.5_250
sCSF,17.5,0.934496629032569,12_1.5_250
sCSF,17.6,0.934021819107985,12_1.5_250
sCSF,17.7,0.933559092381538,12_1.5_250
sCSF,17.8,0.933108143832537,12_1.5_250
sCSF,17.9,0.932668675631963,12_1.5_250
sCSF,18,0.932240396993661,12_1.5_250
sCSF,18.1,0.931823024096174,12_1.5_250
sCSF,18.2,0.931416279762876,12_1.5_250
sCSF,18.3,0.931019893445135,12_1.5_250
sCSF,18.4,0.930633601075163,12_1.5_250
sCSF,18.5,0.930257145305725,12_1.5_250
sCSF,18.6,0.929890274452124,12_1.5_250
sCSF,18.7,0.929532743053318,12_1.5_250
sCSF,18.8,0.929184311542882,12_1.5_250
sCSF,18.9,0.928844746532129,12_1.5_250
sCSF,19,0.928513820370524,12_1.5_250
sCSF,19.1,0.928191310407755,12_1.5_250
sCSF,19.2,0.927876999632544,12_1.5_250
sCSF,19.3,0.927570676291657,12_1.5_250
sCSF,19.4,0.927272134856224,12_1.5_250
sCSF,19.5,0.926981173670812,12_1.5_250
sCSF,19.6,0.926697596346804,12_1.5_250
sCSF,19.7,0.926421211341358,12_1.5_250
sCSF,19.8,0.926151832128393,12_1.5_250
sCSF,19.9,0.925889277246194,12_1.5_250
sCSF,20,0.925633368843124,12_1.5_250
sCSF,20.1,0.92538393381108,12_1.5_250
sCSF,20.2,0.925140803308976,12_1.5_250
sCSF,20.3,0.924903813504271,12_1.5_250
sCSF,20.4,0.92467280400181,12_1.5_250
sCSF,20.5,0.92444761833455,12_1.5_250
sCSF,20.6,0.924228104063278,12_1.5_250
sCSF,20.7,0.924014112706735,12_1.5_250
sCSF,20.8,0.923805500262412,12_1.5_250
sCSF,20.9,0.923602125251295,12_1.5_250
sCSF,21,0.923403850135515,12_1.5_250
sCSF,21.1,0.923210540807064,12_1.5_250
sCSF,21.2,0.923022067166533,12_1.5_250
sCSF,21.3,0.922838302194064,12_1.5_250
sCSF,21.4,0.922659121653307,12_1.5_250
sCSF,21.5,0.922484404672067,12_1.5_250
sCSF,21.6,0.922314033471307,12_1.5_250
sCSF,21.7,0.922147894520399,12_1.5_250
sCSF,21.8,0.921985875468546,12_1.5_250
sCSF,21.9,0.921827867420584,12_1.5_250
sCSF,22,0.921673764217235,12_1.5_250
sCSF,22.1,0.921523462348505,12_1.5_250
sCSF,22.2,0.92137686217594,12_1.5_250
sCSF,22.3,0.921233865561497,12_1.5_250
sCSF,22.4,0.921094376659895,12_1.5_250
sCSF,22.5,0.920958302313765,12_1.5_250
sCSF,22.6,0.920825551691505,12_1.5_250
sCSF,22.7,0.92069603698492,12_1.5_250
sCSF,22.8,0.920569672979411,12_1.5_250
sCSF,22.9,0.920446375266349,12_1.5_250
sCSF,23,0.920326062186066,12_1.5_250
sCSF,23.1,0.920208654131055,12_1.5_250
sCSF,23.2,0.920094073694535,12_1.5_250
sCSF,23.3,0.919982246921103,12_1.5_250
sCSF,23.4,0.919873099613204,12_1.5_250
sCSF,23.5,0.919766560270988,12_1.5_250
sCSF,23.6,0.919662559210834,12_1.5_250
sCSF,23.7,0.919561028504682,12_1.5_250
sCSF,23.8,0.919461903232409,12_1.5_250
sCSF,23.9,0.919365118871288,12_1.5_250
sCSF,24,0.919270612692564,12_1.5_250
sCSF,24.1,0.919178323735272,12_1.5_250
sCSF,24.2,0.919088192587065,12_1.5_250
sCSF,24.3,0.919000161932369,12_1.5_250
sCSF,24.4,0.918914175920559,12_1.5_250
sCSF,24.5,0.918830179466736,12_1.5_250
sCSF,24.6,0.918748119237039,12_1.5_250
sCSF,24.7,0.918667943254106,12_1.5_250
sCSF,24.8,0.918589600906282,12_1.5_250
sCSF,24.9,0.918513043262122,12_1.5_250
sCSF,25,0.918438222549276,12_1.5_250
brain ECF,0,0,12_1.5_300
brain ECF,0.1,0.708805087503769,12_1.5_300
brain ECF,0.2,1.23158799477383,12_1.5_300
brain ECF,0.3,1.54037454724118,12_1.5_300
brain ECF,0.4,1.7076804724933,12_1.5_300
brain ECF,0.5,1.78286192864654,12_1.5_300
brain ECF,0.6,1.79932050920456,12_1.5_300
brain ECF,0.7,1.77951027233769,12_1.5_300
brain ECF,0.8,1.73839317453558,12_1.5_300
brain ECF,0.9,1.68582109854056,12_1.5_300
brain ECF,1,1.62817552873229,12_1.5_300
brain ECF,1.1,1.56949413320509,12_1.5_300
brain ECF,1.2,1.51224324900895,12_1.5_300
brain ECF,1.3,1.45784581910488,12_1.5_300
brain ECF,1.4,1.40704115667185,12_1.5_300
brain ECF,1.5,1.36012865860773,12_1.5_300
brain ECF,1.6,1.31713219778294,12_1.5_300
brain ECF,1.7,1.27790984280184,12_1.5_300
brain ECF,1.8,1.24222653678746,12_1.5_300
brain ECF,1.9,1.20980140002893,12_1.5_300
brain ECF,2,1.18033788198955,12_1.5_300
brain ECF,2.1,1.15354252829457,12_1.5_300
brain ECF,2.2,1.12913597765219,12_1.5_300
brain ECF,2.3,1.10685892416751,12_1.5_300
brain ECF,2.4,1.08647487501214,12_1.5_300
brain ECF,2.5,1.06777081997497,12_1.5_300
brain ECF,2.6,1.05055658092193,12_1.5_300
brain ECF,2.7,1.03466350367746,12_1.5_300
brain ECF,2.8,1.01994276321126,12_1.5_300
brain ECF,2.9,1.00626349765163,12_1.5_300
brain ECF,3,0.99351092331392,12_1.5_300
brain ECF,3.1,0.981584552910349,12_1.5_300
brain ECF,3.2,0.970396517347451,12_1.5_300
brain ECF,3.3,0.959870029622696,12_1.5_300
brain ECF,3.4,0.949937995383324,12_1.5_300
brain ECF,3.5,0.940541775853979,12_1.5_300
brain ECF,3.6,0.931630108028724,12_1.5_300
brain ECF,3.7,0.923158139032409,12_1.5_300
brain ECF,3.8,0.915086575361991,12_1.5_300
brain ECF,3.9,0.907380956135394,12_1.5_300
brain ECF,4,0.900011009542303,12_1.5_300
brain ECF,4.1,0.89295009296507,12_1.5_300
brain ECF,4.2,0.886174705507265,12_1.5_300
brain ECF,4.3,0.879664075568485,12_1.5_300
brain ECF,4.4,0.873399805591808,12_1.5_300
brain ECF,4.5,0.867365555238969,12_1.5_300
brain ECF,4.6,0.861546764017519,12_1.5_300
brain ECF,4.7,0.855930421006115,12_1.5_300
brain ECF,4.8,0.85050485850019,12_1.5_300
brain ECF,4.9,0.845259583467488,12_1.5_300
brain ECF,5,0.840185126253958,12_1.5_300
brain ECF,5.1,0.835272913276828,12_1.5_300
brain ECF,5.2,0.830515149820833,12_1.5_300
brain ECF,5.3,0.825904721761617,12_1.5_300
brain ECF,5.4,0.821435114292279,12_1.5_300
brain ECF,5.5,0.81710033494893,12_1.5_300
brain ECF,5.6,0.812894855231695,12_1.5_300
brain ECF,5.7,0.808813555380776,12_1.5_300
brain ECF,5.8,0.804851681025241,12_1.5_300
brain ECF,5.9,0.80100479874059,12_1.5_300
brain ECF,6,0.797268758965959,12_1.5_300
brain ECF,6.1,0.793639665842702,12_1.5_300
brain ECF,6.2,0.790113853764171,12_1.5_300
brain ECF,6.3,0.786687858599472,12_1.5_300
brain ECF,6.4,0.78335840153471,12_1.5_300
brain ECF,6.5,0.780122371608254,12_1.5_300
brain ECF,6.6,0.776976808238494,12_1.5_300
brain ECF,6.7,0.773918893428811,12_1.5_300
brain ECF,6.8,0.770945933442441,12_1.5_300
brain ECF,6.9,0.768055350660997,12_1.5_300
brain ECF,7,0.765244674330965,12_1.5_300
brain ECF,7.1,0.762511531830921,12_1.5_300
brain ECF,7.2,0.759853643850131,12_1.5_300
brain ECF,7.3,0.757268814617735,12_1.5_300
brain ECF,7.4,0.754754927951496,12_1.5_300
brain ECF,7.5,0.752309943792725,12_1.5_300
brain ECF,7.6,0.749931893460845,12_1.5_300
brain ECF,7.7,0.747618872222058,12_1.5_300
brain ECF,7.8,0.745369042896914,12_1.5_300
brain ECF,7.9,0.743180624018883,12_1.5_300
brain ECF,8,0.741051893782087,12_1.5_300
brain ECF,8.1,0.738981181431892,12_1.5_300
brain ECF,8.2,0.736966869959374,12_1.5_300
brain ECF,8.3,0.73500738893896,12_1.5_300
brain ECF,8.4,0.733101219034618,12_1.5_300
brain ECF,8.5,0.731246883200133,12_1.5_300
brain ECF,8.6,0.729442948401182,12_1.5_300
brain ECF,8.7,0.727688022763053,12_1.5_300
brain ECF,8.8,0.725980756975438,12_1.5_300
brain ECF,8.9,0.724319838943487,12_1.5_300
brain ECF,9,0.722703995305515,12_1.5_300
brain ECF,9.1,0.721131987546892,12_1.5_300
brain ECF,9.2,0.719602614347926,12_1.5_300
brain ECF,9.3,0.718114708371345,12_1.5_300
brain ECF,9.4,0.716667133431454,12_1.5_300
brain ECF,9.5,0.71525878501075,12_1.5_300
brain ECF,9.6,0.713888588461106,12_1.5_300
brain ECF,9.7,0.712555499633031,12_1.5_300
brain ECF,9.8,0.711258507223093,12_1.5_300
brain ECF,9.9,0.709996623508653,12_1.5_300
brain ECF,10,0.708768889241653,12_1.5_300
brain ECF,10.1,0.707574371323085,12_1.5_300
brain ECF,10.2,0.7064121620596,12_1.5_300
brain ECF,10.3,0.705281382200458,12_1.5_300
brain ECF,10.4,0.704181173965245,12_1.5_300
brain ECF,10.5,0.703110703639544,12_1.5_300
brain ECF,10.6,0.702069159266617,12_1.5_300
brain ECF,10.7,0.701055751653308,12_1.5_300
brain ECF,10.8,0.700069715037179,12_1.5_300
brain ECF,10.9,0.69911030319411,12_1.5_300
brain ECF,11,0.698176789296324,12_1.5_300
brain ECF,11.1,0.697268467581034,12_1.5_300
brain ECF,11.2,0.69638465226677,12_1.5_300
brain ECF,11.3,0.69552467418395,12_1.5_300
brain ECF,11.4,0.694687883156062,12_1.5_300
brain ECF,11.5,0.693873648779323,12_1.5_300
brain ECF,11.6,0.693081355172019,12_1.5_300
brain ECF,11.7,0.692310403804874,12_1.5_300
brain ECF,11.8,0.691560214551591,12_1.5_300
brain ECF,11.9,0.690830221089662,12_1.5_300
brain ECF,12,0.6901198729128,12_1.5_300
brain ECF,12.1,0.689428635112098,12_1.5_300
brain ECF,12.2,0.688755987185385,12_1.5_300
brain ECF,12.3,0.688101422324896,12_1.5_300
brain ECF,12.4,0.687464447887386,12_1.5_300
brain ECF,12.5,0.686844585084499,12_1.5_300
brain ECF,12.6,0.686241367189956,12_1.5_300
brain ECF,12.7,0.685654340393279,12_1.5_300
brain ECF,12.8,0.685083064588267,12_1.5_300
brain ECF,12.9,0.684527109995644,12_1.5_300
brain ECF,13,0.68398605885586,12_1.5_300
brain ECF,13.1,0.683459506081865,12_1.5_300
brain ECF,13.2,0.682947056423561,12_1.5_300
brain ECF,13.3,0.682448325328877,12_1.5_300
brain ECF,13.4,0.681962938953303,12_1.5_300
brain ECF,13.5,0.68149053465613,12_1.5_300
brain ECF,13.6,0.681030758157921,12_1.5_300
brain ECF,13.7,0.68058326514003,12_1.5_300
brain ECF,13.8,0.680147721369943,12_1.5_300
brain ECF,13.9,0.679723801589194,12_1.5_300
brain ECF,14,0.679311188621909,12_1.5_300
brain ECF,14.1,0.678909574067578,12_1.5_300
brain ECF,14.2,0.678518659422488,12_1.5_300
brain ECF,14.3,0.678138152566535,12_1.5_300
brain ECF,14.4,0.677767769749483,12_1.5_300
brain ECF,14.5,0.677407235219699,12_1.5_300
brain ECF,14.6,0.677056281305643,12_1.5_300
brain ECF,14.7,0.676714646563127,12_1.5_300
brain ECF,14.8,0.676382076916443,12_1.5_300
brain ECF,14.9,0.67605832569203,12_1.5_300
brain ECF,15,0.675743152523538,12_1.5_300
brain ECF,15.1,0.675436323335136,12_1.5_300
brain ECF,15.2,0.6751376105766,12_1.5_300
brain ECF,15.3,0.674846794510502,12_1.5_300
brain ECF,15.4,0.674563659512021,12_1.5_300
brain ECF,15.5,0.674287996445276,12_1.5_300
brain ECF,15.6,0.674019601935788,12_1.5_300
brain ECF,15.7,0.673758278134881,12_1.5_300
brain ECF,15.8,0.673503832408635,12_1.5_300
brain ECF,15.9,0.673256077314332,12_1.5_300
brain ECF,16,0.673014830631558,12_1.5_300
brain ECF,16.1,0.672779915141556,12_1.5_300
brain ECF,16.2,0.672551157874882,12_1.5_300
brain ECF,16.3,0.672328390531882,12_1.5_300
brain ECF,16.4,0.672111450039758,12_1.5_300
brain ECF,16.5,0.671900178730581,12_1.5_300
brain ECF,16.6,0.671694421205184,12_1.5_300
brain ECF,16.7,0.671494026960197,12_1.5_300
brain ECF,16.8,0.671298849946954,12_1.5_300
brain ECF,16.9,0.671108748968305,12_1.5_300
brain ECF,17,0.670923585287879,12_1.5_300
brain ECF,17.1,0.670743224465182,12_1.5_300
brain ECF,17.2,0.670567535736799,12_1.5_300
brain ECF,17.3,0.670396391966071,12_1.5_300
brain ECF,17.4,0.670229669313126,12_1.5_300
brain ECF,17.5,0.67006724729221,12_1.5_300
brain ECF,17.6,0.669909008711258,12_1.5_300
brain ECF,17.7,0.669754839963747,12_1.5_300
brain ECF,17.8,0.669604629845027,12_1.5_300
brain ECF,17.9,0.66945827028474,12_1.5_300
brain ECF,18,0.669315656176085,12_1.5_300
brain ECF,18.1,0.669176686411583,12_1.5_300
brain ECF,18.2,0.66904126111259,12_1.5_300
brain ECF,18.3,0.668909283567551,12_1.5_300
brain ECF,18.4,0.668780659696967,12_1.5_300
brain ECF,18.5,0.668655299082021,12_1.5_300
brain ECF,18.6,0.668533112315962,12_1.5_300
brain ECF,18.7,0.668414012889764,12_1.5_300
brain ECF,18.8,0.668297916599105,12_1.5_300
brain ECF,18.9,0.668184741833624,12_1.5_300
brain ECF,19,0.668074409284444,12_1.5_300
brain ECF,19.1,0.667966841257682,12_1.5_300
brain ECF,19.2,0.6678619623407,12_1.5_300
brain ECF,19.3,0.667759699099188,12_1.5_300
brain ECF,19.4,0.667659980937063,12_1.5_300
brain ECF,19.5,0.667562738183024,12_1.5_300
brain ECF,19.6,0.667467903238343,12_1.5_300
brain ECF,19.7,0.667375410318039,12_1.5_300
brain ECF,19.8,0.667285195691191,12_1.5_300
brain ECF,19.9,0.667197197886826,12_1.5_300
brain ECF,20,0.667111356053981,12_1.5_300
brain ECF,20.1,0.667027611355288,12_1.5_300
brain ECF,20.2,0.666945906501047,12_1.5_300
brain ECF,20.3,0.666866186414732,12_1.5_300
brain ECF,20.4,0.666788396998523,12_1.5_300
brain ECF,20.5,0.666712485504741,12_1.5_300
brain ECF,20.6,0.666638400726236,12_1.5_300
brain ECF,20.7,0.666566092858616,12_1.5_300
brain ECF,20.8,0.666495513651648,12_1.5_300
brain ECF,20.9,0.666426615805858,12_1.5_300
brain ECF,21,0.66635935337666,12_1.5_300
brain ECF,21.1,0.666293681607258,12_1.5_300
brain ECF,21.2,0.666229557709694,12_1.5_300
brain ECF,21.3,0.666166939885639,12_1.5_300
brain ECF,21.4,0.666105786891331,12_1.5_300
brain ECF,21.5,0.666046058935894,12_1.5_300
brain ECF,21.6,0.665987717310197,12_1.5_300
brain ECF,21.7,0.665930724021469,12_1.5_300
brain ECF,21.8,0.665875042524127,12_1.5_300
brain ECF,21.9,0.665820637081163,12_1.5_300
brain ECF,22,0.665767472888303,12_1.5_300
brain ECF,22.1,0.66571551603755,12_1.5_300
brain ECF,22.2,0.66566473384646,12_1.5_300
brain ECF,22.3,0.66561509420578,12_1.5_300
brain ECF,22.4,0.665566565738523,12_1.5_300
brain ECF,22.5,0.665519117937178,12_1.5_300
brain ECF,22.6,0.665472721040005,12_1.5_300
brain ECF,22.7,0.665427346757922,12_1.5_300
brain ECF,22.8,0.665382968031096,12_1.5_300
brain ECF,22.9,0.665339557018539,12_1.5_300
brain ECF,23,0.665297087279695,12_1.5_300
brain ECF,23.1,0.665255533072831,12_1.5_300
brain ECF,23.2,0.665214869416932,12_1.5_300
brain ECF,23.3,0.66517507275472,12_1.5_300
brain ECF,23.4,0.665136119126816,12_1.5_300
brain ECF,23.5,0.665097985623136,12_1.5_300
brain ECF,23.6,0.665060649962315,12_1.5_300
brain ECF,23.7,0.665024090471246,12_1.5_300
brain ECF,23.8,0.664988285930831,12_1.5_300
brain ECF,23.9,0.664953215808264,12_1.5_300
brain ECF,24,0.664918860103946,12_1.5_300
brain ECF,24.1,0.664885199315127,12_1.5_300
brain ECF,24.2,0.664852214434874,12_1.5_300
brain ECF,24.3,0.664819887182764,12_1.5_300
brain ECF,24.4,0.664788199775231,12_1.5_300
brain ECF,24.5,0.664757134559072,12_1.5_300
brain ECF,24.6,0.664726674483485,12_1.5_300
brain ECF,24.7,0.664696802920782,12_1.5_300
brain ECF,24.8,0.664667503698019,12_1.5_300
brain ECF,24.9,0.664638761463569,12_1.5_300
brain ECF,25,0.664610561183598,12_1.5_300
brain ICF,0,0,12_1.5_300
brain ICF,0.1,14.1586069196593,12_1.5_300
brain ICF,0.2,24.6211442358867,12_1.5_300
brain ICF,0.3,30.8014546281757,12_1.5_300
brain ICF,0.4,34.1505784326165,12_1.5_300
brain ICF,0.5,35.6561447853862,12_1.5_300
brain ICF,0.6,35.9865331557795,12_1.5_300
brain ICF,0.7,35.5910629141515,12_1.5_300
brain ICF,0.8,34.7691359385623,12_1.5_300
brain ICF,0.9,33.7179006549064,12_1.5_300
brain ICF,1,32.5650617747086,12_1.5_300
brain ICF,1.1,31.3914231496052,12_1.5_300
brain ICF,1.2,30.2463452115802,12_1.5_300
brain ICF,1.3,29.1583090495533,12_1.5_300
brain ICF,1.4,28.1421153659192,12_1.5_300
brain ICF,1.5,27.2037612734835,12_1.5_300
brain ICF,1.6,26.3437298695958,12_1.5_300
brain ICF,1.7,25.5591858174307,12_1.5_300
brain ICF,1.8,24.8454297274239,12_1.5_300
brain ICF,1.9,24.1968447570868,12_1.5_300
brain ICF,2,23.6075000216854,12_1.5_300
brain ICF,2.1,23.0715261805758,12_1.5_300
brain ICF,2.2,22.5833355382813,12_1.5_300
brain ICF,2.3,22.1377413992262,12_1.5_300
brain ICF,2.4,21.7300132882586,12_1.5_300
brain ICF,2.5,21.3558903847506,12_1.5_300
brain ICF,2.6,21.0115685372515,12_1.5_300
brain ICF,2.7,20.6936741146108,12_1.5_300
brain ICF,2.8,20.3992301163415,12_1.5_300
brain ICF,2.9,20.1256188553364,12_1.5_300
brain ICF,3,19.870544256719,12_1.5_300
brain ICF,3.1,19.6319962195327,12_1.5_300
brain ICF,3.2,19.4082170495547,12_1.5_300
brain ICF,3.3,19.1976707321032,12_1.5_300
brain ICF,3.4,18.9990151417182,12_1.5_300
brain ICF,3.5,18.8110772936504,12_1.5_300
brain ICF,3.6,18.6328317462187,12_1.5_300
brain ICF,3.7,18.4633812844407,12_1.5_300
brain ICF,3.8,18.3019399009306,12_1.5_300
brain ICF,3.9,18.1478182593396,12_1.5_300
brain ICF,4,18.0004108205694,12_1.5_300
brain ICF,4.1,17.8591846429513,12_1.5_300
brain ICF,4.2,17.7236696312974,12_1.5_300
brain ICF,4.3,17.593450286345,12_1.5_300
brain ICF,4.4,17.4681585983688,12_1.5_300
brain ICF,4.5,17.3474677103574,12_1.5_300
brain ICF,4.6,17.2310863684874,12_1.5_300
brain ICF,4.7,17.1187543160768,12_1.5_300
brain ICF,4.8,17.0102381661646,12_1.5_300
brain ICF,4.9,16.9053280289848,12_1.5_300
brain ICF,5,16.8038344860679,12_1.5_300
brain ICF,5.1,16.7055860437304,12_1.5_300
brain ICF,5.2,16.6104267886054,12_1.5_300
brain ICF,5.3,16.51821442119,12_1.5_300
brain ICF,5.4,16.4288186304656,12_1.5_300
brain ICF,5.5,16.3421195545294,12_1.5_300
brain ICF,5.6,16.2580066115267,12_1.5_300
brain ICF,5.7,16.1763773961899,12_1.5_300
brain ICF,5.8,16.0971368119715,12_1.5_300
brain ICF,5.9,16.0201961824992,12_1.5_300
brain ICF,6,15.9454725095004,12_1.5_300
brain ICF,6.1,15.8728878693614,12_1.5_300
brain ICF,6.2,15.8023689441117,12_1.5_300
brain ICF,6.3,15.7338464463749,12_1.5_300
brain ICF,6.4,15.6672547949753,12_1.5_300
brain ICF,6.5,15.6025317665197,12_1.5_300
brain ICF,6.6,15.5396181455076,12_1.5_300
brain ICF,6.7,15.4784575684804,12_1.5_300
brain ICF,6.8,15.4189961575189,12_1.5_300
brain ICF,6.9,15.3611823574182,12_1.5_300
brain ICF,7,15.3049667503352,12_1.5_300
brain ICF,7.1,15.2503018812939,12_1.5_300
brain ICF,7.2,15.1971421616568,12_1.5_300
brain ICF,7.3,15.145443674041,12_1.5_300
brain ICF,7.4,15.0951640927677,12_1.5_300
brain ICF,7.5,15.0462626144737,12_1.5_300
brain ICF,7.6,14.9986998639699,12_1.5_300
brain ICF,7.7,14.9524377447259,12_1.5_300
brain ICF,7.8,14.90743951158,12_1.5_300
brain ICF,7.9,14.8636695336351,12_1.5_300
brain ICF,8,14.8210933733579,12_1.5_300
brain ICF,8.1,14.7796776143013,12_1.5_300
brain ICF,8.2,14.7393899149067,12_1.5_300
brain ICF,8.3,14.7001988653779,12_1.5_300
brain ICF,8.4,14.6620740777595,12_1.5_300
brain ICF,8.5,14.6249860099206,12_1.5_300
brain ICF,8.6,14.5889060001719,12_1.5_300
brain ICF,8.7,14.5538062099793,12_1.5_300
brain ICF,8.8,14.5196596519067,12_1.5_300
brain ICF,8.9,14.4864400830276,12_1.5_300
brain ICF,9,14.4541220353074,12_1.5_300
brain ICF,9.1,14.4226807373899,12_1.5_300
brain ICF,9.2,14.3920921619734,12_1.5_300
brain ICF,9.3,14.3623329614348,12_1.5_300
brain ICF,9.4,14.3333804111762,12_1.5_300
brain ICF,9.5,14.3052124201231,12_1.5_300
brain ICF,9.6,14.2778074945557,12_1.5_300
brain ICF,9.7,14.2511447507185,12_1.5_300
brain ICF,9.8,14.2252039615806,12_1.5_300
brain ICF,9.9,14.1999653718967,12_1.5_300
brain ICF,10,14.1754097961293,12_1.5_300
brain ICF,10.1,14.1515185717651,12_1.5_300
brain ICF,10.2,14.12827354434,12_1.5_300
brain ICF,10.3,14.105657127869,12_1.5_300
brain ICF,10.4,14.0836521661149,12_1.5_300
brain ICF,10.5,14.062241984157,12_1.5_300
brain ICF,10.6,14.0414103425217,12_1.5_300
brain ICF,10.7,14.0211414567929,12_1.5_300
brain ICF,10.8,14.0014200109727,12_1.5_300
brain ICF,10.9,13.9822310800016,12_1.5_300
brain ICF,11,13.9635601268415,12_1.5_300
brain ICF,11.1,13.9453930357269,12_1.5_300
brain ICF,11.2,13.927716090549,12_1.5_300
brain ICF,11.3,13.9105159074282,12_1.5_300
brain ICF,11.4,13.8937794823656,12_1.5_300
brain ICF,11.5,13.8774942067903,12_1.5_300
brain ICF,11.6,13.8616477626254,12_1.5_300
brain ICF,11.7,13.8462281788361,12_1.5_300
brain ICF,11.8,13.8312238524942,12_1.5_300
brain ICF,11.9,13.816623456726,12_1.5_300
brain ICF,12,13.8024159810022,12_1.5_300
brain ICF,12.1,13.7885907267557,12_1.5_300
brain ICF,12.2,13.7751372835654,12_1.5_300
brain ICF,12.3,13.7620455149098,12_1.5_300
brain ICF,12.4,13.749305567564,12_1.5_300
brain ICF,12.5,13.7369078654026,12_1.5_300
brain ICF,12.6,13.7248430735617,12_1.5_300
brain ICF,12.7,13.713102115498,12_1.5_300
brain ICF,12.8,13.7016761887703,12_1.5_300
brain ICF,12.9,13.6905566974759,12_1.5_300
brain ICF,13,13.6797352861174,12_1.5_300
brain ICF,13.1,13.6692038526603,12_1.5_300
brain ICF,13.2,13.658954491814,12_1.5_300
brain ICF,13.3,13.6489795122566,12_1.5_300
brain ICF,13.4,13.6392714368253,12_1.5_300
brain ICF,13.5,13.6298230124398,12_1.5_300
brain ICF,13.6,13.6206271532541,12_1.5_300
brain ICF,13.7,13.6116769726445,12_1.5_300
brain ICF,13.8,13.6029657857161,12_1.5_300
brain ICF,13.9,13.5944870870614,12_1.5_300
brain ICF,14,13.5862345329316,12_1.5_300
brain ICF,14.1,13.5782019550907,12_1.5_300
brain ICF,14.2,13.5703833832474,12_1.5_300
brain ICF,14.3,13.5627729747855,12_1.5_300
brain ICF,14.4,13.5553650544926,12_1.5_300
brain ICF,14.5,13.5481541071346,12_1.5_300
brain ICF,14.6,13.541134779086,12_1.5_300
brain ICF,14.7,13.534301841272,12_1.5_300
brain ICF,14.8,13.5276502119928,12_1.5_300
brain ICF,14.9,13.5211749576006,12_1.5_300
brain ICF,15,13.5148712705953,12_1.5_300
brain ICF,15.1,13.5087344692918,12_1.5_300
brain ICF,15.2,13.5027600025205,12_1.5_300
brain ICF,15.3,13.4969434753492,12_1.5_300
brain ICF,15.4,13.4912805751241,12_1.5_300
brain ICF,15.5,13.4857671189635,12_1.5_300
brain ICF,15.6,13.4803990392449,12_1.5_300
brain ICF,15.7,13.4751723788753,12_1.5_300
brain ICF,15.8,13.470083285027,12_1.5_300
brain ICF,15.9,13.4651280087185,12_1.5_300
brain ICF,16,13.4603029054033,12_1.5_300
brain ICF,16.1,13.4556044305592,12_1.5_300
brain ICF,16.2,13.4510291246833,12_1.5_300
brain ICF,16.3,13.4465736216581,12_1.5_300
brain ICF,16.4,13.4422346599069,12_1.5_300
brain ICF,16.5,13.4380090859531,12_1.5_300
brain ICF,16.6,13.433893791695,12_1.5_300
brain ICF,16.7,13.4298857669489,12_1.5_300
brain ICF,16.8,13.4259820906357,12_1.5_300
brain ICF,16.9,13.4221799387269,12_1.5_300
brain ICF,17,13.4184765363864,12_1.5_300
brain ICF,17.1,13.41486919471,12_1.5_300
brain ICF,17.2,13.4113552983354,12_1.5_300
brain ICF,17.3,13.4079323044269,12_1.5_300
brain ICF,17.4,13.4045977361043,12_1.5_300
brain ICF,17.5,13.4013491835662,12_1.5_300
brain ICF,17.6,13.3981843028864,12_1.5_300
brain ICF,17.7,13.3951008218457,12_1.5_300
brain ICF,17.8,13.3920965162715,12_1.5_300
brain ICF,17.9,13.3891692246757,12_1.5_300
brain ICF,18,13.386316844844,12_1.5_300
brain ICF,18.1,13.3835373545589,12_1.5_300
brain ICF,18.2,13.3808287561706,12_1.5_300
brain ICF,18.3,13.3781891153766,12_1.5_300
brain ICF,18.4,13.3756165505179,12_1.5_300
brain ICF,18.5,13.3731092531545,12_1.5_300
brain ICF,18.6,13.3706654350851,12_1.5_300
brain ICF,18.7,13.3682833660668,12_1.5_300
brain ICF,18.8,13.3659613619525,12_1.5_300
brain ICF,18.9,13.3636977904748,12_1.5_300
brain ICF,19,13.3614910653973,12_1.5_300
brain ICF,19.1,13.3593396327873,12_1.5_300
brain ICF,19.2,13.3572419843376,12_1.5_300
brain ICF,19.3,13.3551966513091,12_1.5_300
brain ICF,19.4,13.3532022217262,12_1.5_300
brain ICF,19.5,13.3512573021127,12_1.5_300
brain ICF,19.6,13.3493605404448,12_1.5_300
brain ICF,19.7,13.3475106209741,12_1.5_300
brain ICF,19.8,13.3457062690357,12_1.5_300
brain ICF,19.9,13.3439462551661,12_1.5_300
brain ICF,20,13.3422293623003,12_1.5_300
brain ICF,20.1,13.3405544136477,12_1.5_300
brain ICF,20.2,13.3389202633718,12_1.5_300
brain ICF,20.3,13.3373258099032,12_1.5_300
brain ICF,20.4,13.3357699712462,12_1.5_300
brain ICF,20.5,13.3342516924083,12_1.5_300
brain ICF,20.6,13.3327699492095,12_1.5_300
brain ICF,20.7,13.3313237455263,12_1.5_300
brain ICF,20.8,13.329912116321,12_1.5_300
brain ICF,20.9,13.3285341155702,12_1.5_300
brain ICF,21,13.3271888243505,12_1.5_300
brain ICF,21.1,13.3258753474951,12_1.5_300
brain ICF,21.2,13.3245928292044,12_1.5_300
brain ICF,21.3,13.3233404334735,12_1.5_300
brain ICF,21.4,13.3221173353971,12_1.5_300
brain ICF,21.5,13.3209227391225,12_1.5_300
brain ICF,21.6,13.3197558704331,12_1.5_300
brain ICF,21.7,13.3186159694912,12_1.5_300
brain ICF,21.8,13.3175023053362,12_1.5_300
brain ICF,21.9,13.3164141632056,12_1.5_300
brain ICF,22,13.3153508469932,12_1.5_300
brain ICF,22.1,13.3143116785203,12_1.5_300
brain ICF,22.2,13.3132960040942,12_1.5_300
brain ICF,22.3,13.3123031815065,12_1.5_300
brain ICF,22.4,13.3113325832001,12_1.5_300
brain ICF,22.5,13.3103835990009,12_1.5_300
brain ICF,22.6,13.3094556336503,12_1.5_300
brain ICF,22.7,13.3085481213471,12_1.5_300
brain ICF,22.8,13.3076605208784,12_1.5_300
brain ICF,22.9,13.306792275399,12_1.5_300
brain ICF,23,13.3059428560767,12_1.5_300
brain ICF,23.1,13.3051117480559,12_1.5_300
brain ICF,23.2,13.3042984516973,12_1.5_300
brain ICF,23.3,13.3035024958507,12_1.5_300
brain ICF,23.4,13.302723401305,12_1.5_300
brain ICF,23.5,13.3019607098432,12_1.5_300
brain ICF,23.6,13.301213975824,12_1.5_300
brain ICF,23.7,13.300482765772,12_1.5_300
brain ICF,23.8,13.2997666552809,12_1.5_300
brain ICF,23.9,13.2990652336823,12_1.5_300
brain ICF,24,13.2983781009718,12_1.5_300
brain ICF,24.1,13.2977048670805,12_1.5_300
brain ICF,24.2,13.2970451518562,12_1.5_300
brain ICF,24.3,13.296398589676,12_1.5_300
brain ICF,24.4,13.2957648248542,12_1.5_300
brain ICF,24.5,13.2951435043142,12_1.5_300
brain ICF,24.6,13.2945342870262,12_1.5_300
brain ICF,24.7,13.2939368404233,12_1.5_300
brain ICF,24.8,13.2933508410337,12_1.5_300
brain ICF,24.9,13.2927759818166,12_1.5_300
brain ICF,25,13.2922119620867,12_1.5_300
sCSF,0,0,12_1.5_300
sCSF,0.1,0.0227926819211964,12_1.5_300
sCSF,0.2,0.0863148738591935,12_1.5_300
sCSF,0.3,0.172772561651916,12_1.5_300
sCSF,0.4,0.269945930741707,12_1.5_300
sCSF,0.5,0.370015628713008,12_1.5_300
sCSF,0.6,0.468126514083817,12_1.5_300
sCSF,0.7,0.561403596906316,12_1.5_300
sCSF,0.8,0.648280065803822,12_1.5_300
sCSF,0.9,0.728040229179456,12_1.5_300
sCSF,1,0.800510226024172,12_1.5_300
sCSF,1.1,0.865850166475134,12_1.5_300
sCSF,1.2,0.924415635539233,12_1.5_300
sCSF,1.3,0.976666564209782,12_1.5_300
sCSF,1.4,1.02310821200055,12_1.5_300
sCSF,1.5,1.06425389479721,12_1.5_300
sCSF,1.6,1.10060223045657,12_1.5_300
sCSF,1.7,1.13262408612556,12_1.5_300
sCSF,1.8,1.16075581884528,12_1.5_300
sCSF,1.9,1.18539661741137,12_1.5_300
sCSF,2,1.20690838376758,12_1.5_300
sCSF,2.1,1.22561713718192,12_1.5_300
sCSF,2.2,1.24181529641508,12_1.5_300
sCSF,2.3,1.25576437198147,12_1.5_300
sCSF,2.4,1.26769779728768,12_1.5_300
sCSF,2.5,1.27782373605138,12_1.5_300
sCSF,2.6,1.28632775063999,12_1.5_300
sCSF,2.7,1.29337527789345,12_1.5_300
sCSF,2.8,1.29911389532961,12_1.5_300
sCSF,2.9,1.303675363953,12_1.5_300
sCSF,3,1.30717745503366,12_1.5_300
sCSF,3.1,1.30972557145693,12_1.5_300
sCSF,3.2,1.31141418596209,12_1.5_300
sCSF,3.3,1.31232811057263,12_1.5_300
sCSF,3.4,1.31254361058834,12_1.5_300
sCSF,3.5,1.31212937746083,12_1.5_300
sCSF,3.6,1.31114739294979,12_1.5_300
sCSF,3.7,1.30965367851834,12_1.5_300
sCSF,3.8,1.30769895847518,12_1.5_300
sCSF,3.9,1.3053292391403,12_1.5_300
sCSF,4,1.30258631357561,12_1.5_300
sCSF,4.1,1.29950820829524,12_1.5_300
sCSF,4.2,1.29612957590856,12_1.5_300
sCSF,4.3,1.29248203981036,12_1.5_300
sCSF,4.4,1.28859449954541,12_1.5_300
sCSF,4.5,1.28449339792348,12_1.5_300
sCSF,4.6,1.2802029572189,12_1.5_300
sCSF,4.7,1.27574538948652,12_1.5_300
sCSF,4.8,1.27114108310667,12_1.5_300
sCSF,4.9,1.26640876656377,12_1.5_300
sCSF,5,1.26156565936393,12_1.5_300
sCSF,5.1,1.2566276019989,12_1.5_300
sCSF,5.2,1.25160917288292,12_1.5_300
sCSF,5.3,1.24652379363643,12_1.5_300
sCSF,5.4,1.24138382433149,12_1.5_300
sCSF,5.5,1.23620064910802,12_1.5_300
sCSF,5.6,1.23098475227626,12_1.5_300
sCSF,5.7,1.22574578970607,12_1.5_300
sCSF,5.8,1.2204926513988,12_1.5_300
sCSF,5.9,1.21523351874898,12_1.5_300
sCSF,6,1.20997591779623,12_1.5_300
sCSF,6.1,1.20472676554775,12_1.5_300
sCSF,6.2,1.19949241404216,12_1.5_300
sCSF,6.3,1.19427869113004,12_1.5_300
sCSF,6.4,1.18909093704969,12_1.5_300
sCSF,6.5,1.18393403753988,12_1.5_300
sCSF,6.6,1.17881245857752,12_1.5_300
sCSF,6.7,1.17373027048788,12_1.5_300
sCSF,6.8,1.16869117931826,12_1.5_300
sCSF,6.9,1.16369854935241,12_1.5_300
sCSF,7,1.15875542414484,12_1.5_300
sCSF,7.1,1.15386455208676,12_1.5_300
sCSF,7.2,1.14902840342005,12_1.5_300
sCSF,7.3,1.14424918895871,12_1.5_300
sCSF,7.4,1.1395288799347,12_1.5_300
sCSF,7.5,1.13486922137144,12_1.5_300
sCSF,7.6,1.13027174611304,12_1.5_300
sCSF,7.7,1.12573779739017,12_1.5_300
sCSF,7.8,1.12126852842104,12_1.5_300
sCSF,7.9,1.11686493149768,12_1.5_300
sCSF,8,1.11252783111086,12_1.5_300
sCSF,8.1,1.10825791314549,12_1.5_300
sCSF,8.2,1.10405571786049,12_1.5_300
sCSF,8.3,1.09992166483635,12_1.5_300
sCSF,8.4,1.09585604893022,12_1.5_300
sCSF,8.5,1.09185906022236,12_1.5_300
sCSF,8.6,1.08793078190181,12_1.5_300
sCSF,8.7,1.08407120721863,12_1.5_300
sCSF,8.8,1.08028023745947,12_1.5_300
sCSF,8.9,1.07655769633418,12_1.5_300
sCSF,9,1.07290332748494,12_1.5_300
sCSF,9.1,1.06931681508674,12_1.5_300
sCSF,9.2,1.06579777190939,12_1.5_300
sCSF,9.3,1.06234575424345,12_1.5_300
sCSF,9.4,1.05896027402454,12_1.5_300
sCSF,9.5,1.05564077636433,12_1.5_300
sCSF,9.6,1.0523866791662,12_1.5_300
sCSF,9.7,1.0491973543012,12_1.5_300
sCSF,9.8,1.04607212901952,12_1.5_300
sCSF,9.9,1.04301030916958,12_1.5_300
sCSF,10,1.04001116251439,12_1.5_300
sCSF,10.1,1.03707393173275,12_1.5_300
sCSF,10.2,1.03419784008478,12_1.5_300
sCSF,10.3,1.03138208116017,12_1.5_300
sCSF,10.4,1.02862583867298,12_1.5_300
sCSF,10.5,1.02592827728252,12_1.5_300
sCSF,10.6,1.02328854399892,12_1.5_300
sCSF,10.7,1.02070578117671,12_1.5_300
sCSF,10.8,1.01817911291626,12_1.5_300
sCSF,10.9,1.01570766036748,12_1.5_300
sCSF,11,1.01329054234642,12_1.5_300
sCSF,11.1,1.01092686721861,12_1.5_300
sCSF,11.2,1.00861573631864,12_1.5_300
sCSF,11.3,1.00635626074488,12_1.5_300
sCSF,11.4,1.00414754686874,12_1.5_300
sCSF,11.5,1.00198869013207,12_1.5_300
sCSF,11.6,0.999878803161048,12_1.5_300
sCSF,11.7,0.997816998117813,12_1.5_300
sCSF,11.8,0.995802379743347,12_1.5_300
sCSF,11.9,0.993834068768901,12_1.5_300
sCSF,12,0.991911189543871,12_1.5_300
sCSF,12.1,0.990032867861824,12_1.5_300
sCSF,12.2,0.988198237606443,12_1.5_300
sCSF,12.3,0.986406443697612,12_1.5_300
sCSF,12.4,0.984656636191381,12_1.5_300
sCSF,12.5,0.982947970529854,12_1.5_300
sCSF,12.6,0.981279616993941,12_1.5_300
sCSF,12.7,0.979650753596099,12_1.5_300
sCSF,12.8,0.978060562335477,12_1.5_300
sCSF,12.9,0.976508242325949,12_1.5_300
sCSF,13,0.974993001611238,12_1.5_300
sCSF,13.1,0.973514053408369,12_1.5_300
sCSF,13.2,0.972070626868274,12_1.5_300
sCSF,13.3,0.970661962432876,12_1.5_300
sCSF,13.4,0.969287310625141,12_1.5_300
sCSF,13.5,0.967945928554588,12_1.5_300
sCSF,13.6,0.966637091650583,12_1.5_300
sCSF,13.7,0.965360085202347,12_1.5_300
sCSF,13.8,0.964114203236619,12_1.5_300
sCSF,13.9,0.962898751848961,12_1.5_300
sCSF,14,0.961713051681771,12_1.5_300
sCSF,14.1,0.960556434290987,12_1.5_300
sCSF,14.2,0.959428238607971,12_1.5_300
sCSF,14.3,0.958327820247808,12_1.5_300
sCSF,14.4,0.957254545198131,12_1.5_300
sCSF,14.5,0.956207790400555,12_1.5_300
sCSF,14.6,0.955186943004558,12_1.5_300
sCSF,14.7,0.954191404240667,12_1.5_300
sCSF,14.8,0.953220586143755,12_1.5_300
sCSF,14.9,0.952273910440823,12_1.5_300
sCSF,15,0.951350811260863,12_1.5_300
sCSF,15.1,0.950450734458121,12_1.5_300
sCSF,15.2,0.949573136605214,12_1.5_300
sCSF,15.3,0.948717483572137,12_1.5_300
sCSF,15.4,0.947883254190783,12_1.5_300
sCSF,15.5,0.947069937455471,12_1.5_300
sCSF,15.6,0.94627703224193,12_1.5_300
sCSF,15.7,0.945504047732194,12_1.5_300
sCSF,15.8,0.944750504557398,12_1.5_300
sCSF,15.9,0.944015933205168,12_1.5_300
sCSF,16,0.943299873595469,12_1.5_300
sCSF,16.1,0.942601875101128,12_1.5_300
sCSF,16.2,0.941921498162739,12_1.5_300
sCSF,16.3,0.941258312386635,12_1.5_300
sCSF,16.4,0.940611896443606,12_1.5_300
sCSF,16.5,0.939981837753507,12_1.5_300
sCSF,16.6,0.939367733980432,12_1.5_300
sCSF,16.7,0.938769191379396,12_1.5_300
sCSF,16.8,0.938185824914583,12_1.5_300
sCSF,16.9,0.937617257932911,12_1.5_300
sCSF,17,0.937063122796673,12_1.5_300
sCSF,17.1,0.936523060062247,12_1.5_300
sCSF,17.2,0.935996718504583,12_1.5_300
sCSF,17.3,0.935483754947955,12_1.5_300
sCSF,17.4,0.934983834179175,12_1.5_300
sCSF,17.5,0.934496628746596,12_1.5_300
sCSF,17.6,0.93402181882959,12_1.5_300
sCSF,17.7,0.933559092111001,12_1.5_300
sCSF,17.8,0.933108143569572,12_1.5_300
sCSF,17.9,0.932668675376292,12_1.5_300
sCSF,18,0.932240396743675,12_1.5_300
sCSF,18.1,0.931823023852537,12_1.5_300
sCSF,18.2,0.931416279525862,12_1.5_300
sCSF,18.3,0.931019893215538,12_1.5_300
sCSF,18.4,0.930633600847565,12_1.5_300
sCSF,18.5,0.930257145082968,12_1.5_300
sCSF,18.6,0.929890274235177,12_1.5_300
sCSF,18.7,0.929532742844077,12_1.5_300
sCSF,18.8,0.929184311344427,12_1.5_300
sCSF,18.9,0.92884474632937,12_1.5_300
sCSF,19,0.928513820172686,12_1.5_300
sCSF,19.1,0.928191310216696,12_1.5_300
sCSF,19.2,0.927876999451351,12_1.5_300
sCSF,19.3,0.927570676124971,12_1.5_300
sCSF,19.4,0.927272134678344,12_1.5_300
sCSF,19.5,0.926981173498304,12_1.5_300
sCSF,19.6,0.926697596181994,12_1.5_300
sCSF,19.7,0.926421211187983,12_1.5_300
sCSF,19.8,0.926151831970031,12_1.5_300
sCSF,19.9,0.925889277091947,12_1.5_300
sCSF,20,0.925633368694648,12_1.5_300
sCSF,20.1,0.925383933671319,12_1.5_300
sCSF,20.2,0.925140803182525,12_1.5_300
sCSF,20.3,0.92490381336735,12_1.5_300
sCSF,20.4,0.924672803869141,12_1.5_300
sCSF,20.5,0.9244476182084,12_1.5_300
sCSF,20.6,0.924228103947418,12_1.5_300
sCSF,20.7,0.92401411258672,12_1.5_300
sCSF,20.8,0.923805500145944,12_1.5_300
sCSF,20.9,0.923602125140162,12_1.5_300
sCSF,21,0.923403850032844,12_1.5_300
sCSF,21.1,0.923210540717702,12_1.5_300
sCSF,21.2,0.923022067067703,12_1.5_300
sCSF,21.3,0.922838302099269,12_1.5_300
sCSF,21.4,0.922659121564564,12_1.5_300
sCSF,21.5,0.922484404592764,12_1.5_300
sCSF,21.6,0.922314033382794,12_1.5_300
sCSF,21.7,0.922147894431897,12_1.5_300
sCSF,21.8,0.921985875381318,12_1.5_300
sCSF,21.9,0.921827867337281,12_1.5_300
sCSF,22,0.921673764142291,12_1.5_300
sCSF,22.1,0.921523462288566,12_1.5_300
sCSF,22.2,0.92137686208972,12_1.5_300
sCSF,22.3,0.92123386547528,12_1.5_300
sCSF,22.4,0.921094376576789,12_1.5_300
sCSF,22.5,0.920958302238741,12_1.5_300
sCSF,22.6,0.920825551631819,12_1.5_300
sCSF,22.7,0.920696036903399,12_1.5_300
sCSF,22.8,0.920569672898666,12_1.5_300
sCSF,22.9,0.920446375189259,12_1.5_300
sCSF,23,0.920326062117122,12_1.5_300
sCSF,23.1,0.920208654076744,12_1.5_300
sCSF,23.2,0.920094073626478,12_1.5_300
sCSF,23.3,0.919982246854872,12_1.5_300
sCSF,23.4,0.919873099550698,12_1.5_300
sCSF,23.5,0.919766560215315,12_1.5_300
sCSF,23.6,0.91966255916663,12_1.5_300
sCSF,23.7,0.919561028478476,12_1.5_300
sCSF,23.8,0.91946190318298,12_1.5_300
sCSF,23.9,0.919365118824256,12_1.5_300
sCSF,24,0.919270612649796,12_1.5_300
sCSF,24.1,0.919178323699857,12_1.5_300
sCSF,24.2,0.919088192563632,12_1.5_300
sCSF,24.3,0.919000161893678,12_1.5_300
sCSF,24.4,0.91891417588255,12_1.5_300
sCSF,24.5,0.918830179430926,12_1.5_300
sCSF,24.6,0.918748119206109,12_1.5_300
sCSF,24.7,0.9186679432322,12_1.5_300
sCSF,24.8,0.918589600891135,12_1.5_300
sCSF,24.9,0.918513043248567,12_1.5_300
sCSF,25,0.918438222535903,12_1.5_300
brain ECF,0,0,12_7.5_250
brain ECF,0.1,0.709052717051579,12_7.5_250
brain ECF,0.2,1.23173968556043,12_7.5_250
brain ECF,0.3,1.54046203309223,12_7.5_250
brain ECF,0.4,1.70772574032016,12_7.5_250
brain ECF,0.5,1.78287991221596,12_7.5_250
brain ECF,0.6,1.79932128877506,12_7.5_250
brain ECF,0.7,1.77950060228389,12_7.5_250
brain ECF,0.8,1.73837753568872,12_7.5_250
brain ECF,0.9,1.68580242437421,12_7.5_250
brain ECF,1,1.62815570347736,12_7.5_250
brain ECF,1.1,1.5694743345798,12_7.5_250
brain ECF,1.2,1.51222418256332,12_7.5_250
brain ECF,1.3,1.45782787842427,12_7.5_250
brain ECF,1.4,1.40702453249029,12_7.5_250
brain ECF,1.5,1.36011341220987,12_7.5_250
brain ECF,1.6,1.31711831042559,12_7.5_250
brain ECF,1.7,1.27789724895077,12_7.5_250
brain ECF,1.8,1.24221514557557,12_7.5_250
brain ECF,1.9,1.20979110902881,12_7.5_250
brain ECF,2,1.18032858661428,12_7.5_250
brain ECF,2.1,1.15353412666912,12_7.5_250
brain ECF,2.2,1.12912837414594,12_7.5_250
brain ECF,2.3,1.10685203044505,12_7.5_250
brain ECF,2.4,1.08646861131489,12_7.5_250
brain ECF,2.5,1.0677651143596,12_7.5_250
brain ECF,2.6,1.05055136960841,12_7.5_250
brain ECF,2.7,1.03465873026358,12_7.5_250
brain ECF,2.8,1.01993837794413,12_7.5_250
brain ECF,2.9,1.00625945691528,12_7.5_250
brain ECF,3,0.993507188952131,12_7.5_250
brain ECF,3.1,0.981581091523257,12_7.5_250
brain ECF,3.2,0.970393299713604,12_7.5_250
brain ECF,3.3,0.959867030260738,12_7.5_250
brain ECF,3.4,0.949935192092474,12_7.5_250
brain ECF,3.5,0.940539149299378,12_7.5_250
brain ECF,3.6,0.931627641228791,12_7.5_250
brain ECF,3.7,0.923155817115899,12_7.5_250
brain ECF,3.8,0.915084385418556,12_7.5_250
brain ECF,3.9,0.90737888675958,12_7.5_250
brain ECF,4,0.900009050730948,12_7.5_250
brain ECF,4.1,0.892948235912153,12_7.5_250
brain ECF,4.2,0.886172942581986,12_7.5_250
brain ECF,4.3,0.879662399989772,12_7.5_250
brain ECF,4.4,0.873398211270699,12_7.5_250
brain ECF,4.5,0.867364036779306,12_7.5_250
brain ECF,4.6,0.861545316629241,12_7.5_250
brain ECF,4.7,0.855929040460688,12_7.5_250
brain ECF,4.8,0.85050354104274,12_7.5_250
brain ECF,4.9,0.845258325682705,12_7.5_250
brain ECF,5,0.840183924993255,12_7.5_250
brain ECF,5.1,0.835271765710097,12_7.5_250
brain ECF,5.2,0.830514053413755,12_7.5_250
brain ECF,5.3,0.825903674158879,12_7.5_250
brain ECF,5.4,0.821434113403066,12_7.5_250
brain ECF,5.5,0.817099378862812,12_7.5_250
brain ECF,5.6,0.812893942159551,12_7.5_250
brain ECF,5.7,0.808812683673259,12_7.5_250
brain ECF,5.8,0.804850849109306,12_7.5_250
brain ECF,5.9,0.801004005170876,12_7.5_250
brain ECF,6,0.797268002341053,12_7.5_250
brain ECF,6.1,0.793638944880701,12_7.5_250
brain ECF,6.2,0.790113167287759,12_7.5_250
brain ECF,6.3,0.78668720551421,12_7.5_250
brain ECF,6.4,0.783357780829984,12_7.5_250
brain ECF,6.5,0.780121782207721,12_7.5_250
brain ECF,6.6,0.776976249200883,12_7.5_250
brain ECF,6.7,0.773918363851867,12_7.5_250
brain ECF,6.8,0.770945432355363,12_7.5_250
brain ECF,6.9,0.768054877237638,12_7.5_250
brain ECF,7,0.765244227814198,12_7.5_250
brain ECF,7.1,0.762511111350424,12_7.5_250
brain ECF,7.2,0.759853248695079,12_7.5_250
brain ECF,7.3,0.757268444114381,12_7.5_250
brain ECF,7.4,0.754754581379456,12_7.5_250
brain ECF,7.5,0.75230962049684,12_7.5_250
brain ECF,7.6,0.749931592812631,12_7.5_250
brain ECF,7.7,0.74761859357428,12_7.5_250
brain ECF,7.8,0.745368785637505,12_7.5_250
brain ECF,7.9,0.743180387534542,12_7.5_250
brain ECF,8,0.741051677505483,12_7.5_250
brain ECF,8.1,0.738980984795514,12_7.5_250
brain ECF,8.2,0.736966692453977,12_7.5_250
brain ECF,8.3,0.735007230019939,12_7.5_250
brain ECF,8.4,0.733101078192142,12_7.5_250
brain ECF,8.5,0.731246759947833,12_7.5_250
brain ECF,8.6,0.729442842294433,12_7.5_250
brain ECF,8.7,0.727687933326854,12_7.5_250
brain ECF,8.8,0.725980683772189,12_7.5_250
brain ECF,8.9,0.724319781519173,12_7.5_250
brain ECF,9,0.722703953249071,12_7.5_250
brain ECF,9.1,0.72113196047886,12_7.5_250
brain ECF,9.2,0.719602601741137,12_7.5_250
brain ECF,9.3,0.718114709863106,12_7.5_250
brain ECF,9.4,0.716667148641329,12_7.5_250
brain ECF,9.5,0.715258813601309,12_7.5_250
brain ECF,9.6,0.713888630150589,12_7.5_250
brain ECF,9.7,0.712555553964419,12_7.5_250
brain ECF,9.8,0.711258573891816,12_7.5_250
brain ECF,9.9,0.709996702189795,12_7.5_250
brain ECF,10,0.708768979631632,12_7.5_250
brain ECF,10.1,0.707574473141371,12_7.5_250
brain ECF,10.2,0.706412274961697,12_7.5_250
brain ECF,10.3,0.705281505869526,12_7.5_250
brain ECF,10.4,0.704181308081767,12_7.5_250
brain ECF,10.5,0.703110847953278,12_7.5_250
brain ECF,10.6,0.702069313507088,12_7.5_250
brain ECF,10.7,0.70105591559294,12_7.5_250
brain ECF,10.8,0.700069888265523,12_7.5_250
brain ECF,10.9,0.699110485545235,12_7.5_250
brain ECF,11,0.698176980560372,12_7.5_250
brain ECF,11.1,0.69726866743307,12_7.5_250
brain ECF,11.2,0.696384860528308,12_7.5_250
brain ECF,11.3,0.695524890663354,12_7.5_250
brain ECF,11.4,0.694688107582169,12_7.5_250
brain ECF,11.5,0.693873880967321,12_7.5_250
brain ECF,11.6,0.693081594934733,12_7.5_250
brain ECF,11.7,0.692310650974868,12_7.5_250
brain ECF,11.8,0.691560468809516,12_7.5_250
brain ECF,11.9,0.69083048230912,12_7.5_250
brain ECF,12,0.690120140916575,12_7.5_250
brain ECF,12.1,0.689428909671658,12_7.5_250
brain ECF,12.2,0.68875626814559,12_7.5_250
brain ECF,12.3,0.688101709523997,12_7.5_250
brain ECF,12.4,0.687464741124951,12_7.5_250
brain ECF,12.5,0.686844884216423,12_7.5_250
brain ECF,12.6,0.686241672074403,12_7.5_250
brain ECF,12.7,0.685654650846713,12_7.5_250
brain ECF,12.8,0.685083380473561,12_7.5_250
brain ECF,12.9,0.684527431178518,12_7.5_250
brain ECF,13,0.683986385216159,12_7.5_250
brain ECF,13.1,0.68345983739395,12_7.5_250
brain ECF,13.2,0.682947392604512,12_7.5_250
brain ECF,13.3,0.682448666261854,12_7.5_250
brain ECF,13.4,0.681963284469193,12_7.5_250
brain ECF,13.5,0.681490884649443,12_7.5_250
brain ECF,13.6,0.681031112517946,12_7.5_250
brain ECF,13.7,0.680583623769392,12_7.5_250
brain ECF,13.8,0.68014808408919,12_7.5_250
brain ECF,13.9,0.679724168325732,12_7.5_250
brain ECF,14,0.679311559282099,12_7.5_250
brain ECF,14.1,0.678909948555954,12_7.5_250
brain ECF,14.2,0.678519037571276,12_7.5_250
brain ECF,14.3,0.678138534321291,12_7.5_250
brain ECF,14.4,0.677768155028062,12_7.5_250
brain ECF,14.5,0.677407623883763,12_7.5_250
brain ECF,14.6,0.677056673283982,12_7.5_250
brain ECF,14.7,0.676715041773282,12_7.5_250
brain ECF,14.8,0.676382475285317,12_7.5_250
brain ECF,14.9,0.676058727098314,12_7.5_250
brain ECF,15,0.675743556917138,12_7.5_250
brain ECF,15.1,0.675436730654974,12_7.5_250
brain ECF,15.2,0.67513802069352,12_7.5_250
brain ECF,15.3,0.674847207358256,12_7.5_250
brain ECF,15.4,0.674564075010384,12_7.5_250
brain ECF,15.5,0.674288414517189,12_7.5_250
brain ECF,15.6,0.674020022496644,12_7.5_250
brain ECF,15.7,0.673758701116703,12_7.5_250
brain ECF,15.8,0.673504257746184,12_7.5_250
brain ECF,15.9,0.673256504950835,12_7.5_250
brain ECF,16,0.673015260484253,12_7.5_250
brain ECF,16.1,0.672780347175505,12_7.5_250
brain ECF,16.2,0.672551592054587,12_7.5_250
brain ECF,16.3,0.672328826836304,12_7.5_250
brain ECF,16.4,0.672111888317851,12_7.5_250
brain ECF,16.5,0.671900618984607,12_7.5_250
brain ECF,16.6,0.671694863395903,12_7.5_250
brain ECF,16.7,0.67149447105562,12_7.5_250
brain ECF,16.8,0.671299295833011,12_7.5_250
brain ECF,16.9,0.671109196620155,12_7.5_250
brain ECF,17,0.670924034654059,12_7.5_250
brain ECF,17.1,0.670743675495996,12_7.5_250
brain ECF,17.2,0.670567988378133,12_7.5_250
brain ECF,17.3,0.670396846173629,12_7.5_250
brain ECF,17.4,0.670230125044865,12_7.5_250
brain ECF,17.5,0.670067704511796,12_7.5_250
brain ECF,17.6,0.669909467358678,12_7.5_250
brain ECF,17.7,0.669755300012808,12_7.5_250
brain ECF,17.8,0.669605091267806,12_7.5_250
brain ECF,17.9,0.669458733061614,12_7.5_250
brain ECF,18,0.669316120230058,12_7.5_250
brain ECF,18.1,0.66917715172867,12_7.5_250
brain ECF,18.2,0.669041727665851,12_7.5_250
brain ECF,18.3,0.668909751335139,12_7.5_250
brain ECF,18.4,0.668781128606211,12_7.5_250
brain ECF,18.5,0.668655769118085,12_7.5_250
brain ECF,18.6,0.668533583449907,12_7.5_250
brain ECF,18.7,0.66841448509621,12_7.5_250
brain ECF,18.8,0.668298389857263,12_7.5_250
brain ECF,18.9,0.668185216073316,12_7.5_250
brain ECF,19,0.668074884500953,12_7.5_250
brain ECF,19.1,0.667967317428867,12_7.5_250
brain ECF,19.2,0.667862439449321,12_7.5_250
brain ECF,19.3,0.667760177134079,12_7.5_250
brain ECF,19.4,0.66766045980678,12_7.5_250
brain ECF,19.5,0.667563217909043,12_7.5_250
brain ECF,19.6,0.667468383807206,12_7.5_250
brain ECF,19.7,0.667375891722098,12_7.5_250
brain ECF,19.8,0.667285677855384,12_7.5_250
brain ECF,19.9,0.667197680819334,12_7.5_250
brain ECF,20,0.667111839739279,12_7.5_250
brain ECF,20.1,0.667028095781567,12_7.5_250
brain ECF,20.2,0.666946391661097,12_7.5_250
brain ECF,20.3,0.666866672226035,12_7.5_250
brain ECF,20.4,0.666788883477834,12_7.5_250
brain ECF,20.5,0.666712972636165,12_7.5_250
brain ECF,20.6,0.666638888496682,12_7.5_250
brain ECF,20.7,0.666566581241051,12_7.5_250
brain ECF,20.8,0.666496002639452,12_7.5_250
brain ECF,20.9,0.66642710539035,12_7.5_250
brain ECF,21,0.666359843553375,12_7.5_250
brain ECF,21.1,0.666294172376821,12_7.5_250
brain ECF,21.2,0.666230048964626,12_7.5_250
brain ECF,21.3,0.666167431651761,12_7.5_250
brain ECF,21.4,0.666106279147426,12_7.5_250
brain ECF,21.5,0.666046551660645,12_7.5_250
brain ECF,21.6,0.665988210493034,12_7.5_250
brain ECF,21.7,0.665931217654493,12_7.5_250
brain ECF,21.8,0.665875536586635,12_7.5_250
brain ECF,21.9,0.665821131562618,12_7.5_250
brain ECF,22,0.665767967781676,12_7.5_250
brain ECF,22.1,0.665716011340091,12_7.5_250
brain ECF,22.2,0.665665229516297,12_7.5_250
brain ECF,22.3,0.665615590263001,12_7.5_250
brain ECF,22.4,0.665567062186848,12_7.5_250
brain ECF,22.5,0.665519614786164,12_7.5_250
brain ECF,22.6,0.66547321830597,12_7.5_250
brain ECF,22.7,0.665427844316606,12_7.5_250
brain ECF,22.8,0.665383465940993,12_7.5_250
brain ECF,22.9,0.665340055275397,12_7.5_250
brain ECF,23,0.665297585880934,12_7.5_250
brain ECF,23.1,0.665256032017932,12_7.5_250
brain ECF,23.2,0.665215368654509,12_7.5_250
brain ECF,23.3,0.665175572292931,12_7.5_250
brain ECF,23.4,0.665136618953692,12_7.5_250
brain ECF,23.5,0.665098485726516,12_7.5_250
brain ECF,23.6,0.665061150330066,12_7.5_250
brain ECF,23.7,0.665024591091534,12_7.5_250
brain ECF,23.8,0.664988786808382,12_7.5_250
brain ECF,23.9,0.664953716928513,12_7.5_250
brain ECF,24,0.664919361462166,12_7.5_250
brain ECF,24.1,0.66488570090918,12_7.5_250
brain ECF,24.2,0.664852716265745,12_7.5_250
brain ECF,24.3,0.664820389210349,12_7.5_250
brain ECF,24.4,0.664788702017602,12_7.5_250
brain ECF,24.5,0.66475763701686,12_7.5_250
brain ECF,24.6,0.664727177160416,12_7.5_250
brain ECF,24.7,0.664697305824204,12_7.5_250
brain ECF,24.8,0.664668006816575,12_7.5_250
brain ECF,24.9,0.664639264772035,12_7.5_250
brain ECF,25,0.664611064668173,12_7.5_250
brain ICF,0,0,12_7.5_250
brain ICF,0.1,14.1600615081624,12_7.5_250
brain ICF,0.2,24.622055630745,12_7.5_250
brain ICF,0.3,30.8019975549052,12_7.5_250
brain ICF,0.4,34.150877895554,12_7.5_250
brain ICF,0.5,35.6562858987966,12_7.5_250
brain ICF,0.6,35.9865734666579,12_7.5_250
brain ICF,0.7,35.5910410819163,12_7.5_250
brain ICF,0.8,34.7690776936152,12_7.5_250
brain ICF,0.9,33.7178229293284,12_7.5_250
brain ICF,1,32.5649755168143,12_7.5_250
brain ICF,1.1,31.3913352728615,12_7.5_250
brain ICF,1.2,30.2462599225559,12_7.5_250
brain ICF,1.3,29.1582287602746,12_7.5_250
brain ICF,1.4,28.142041318345,12_7.5_250
brain ICF,1.5,27.2036939550109,12_7.5_250
brain ICF,1.6,26.3436692946916,12_7.5_250
brain ICF,1.7,25.5591317227095,12_7.5_250
brain ICF,1.8,24.845381692299,12_7.5_250
brain ICF,1.9,24.1968022799787,12_7.5_250
brain ICF,2,23.6074625829729,12_7.5_250
brain ICF,2.1,23.0714932642268,12_7.5_250
brain ICF,2.2,22.583306659171,12_7.5_250
brain ICF,2.3,22.1377161026082,12_7.5_250
brain ICF,2.4,21.7299911671891,12_7.5_250
brain ICF,2.5,21.3558710653217,12_7.5_250
brain ICF,2.6,21.0115516910605,12_7.5_250
brain ICF,2.7,20.6936594512955,12_7.5_250
brain ICF,2.8,20.3992173785561,12_7.5_250
brain ICF,2.9,20.1256078185335,12_7.5_250
brain ICF,3,19.8705347253268,12_7.5_250
brain ICF,3.1,19.6319880220644,12_7.5_250
brain ICF,3.2,19.4082100356287,12_7.5_250
brain ICF,3.3,19.1976647712173,12_7.5_250
brain ICF,3.4,18.9990101212985,12_7.5_250
brain ICF,3.5,18.8110731166084,12_7.5_250
brain ICF,3.6,18.6328283262102,12_7.5_250
brain ICF,3.7,18.4633785458382,12_7.5_250
brain ICF,3.8,18.3019377798706,12_7.5_250
brain ICF,3.9,18.1478166983027,12_7.5_250
brain ICF,4,18.0004097695189,12_7.5_250
brain ICF,4.1,17.8591840579117,12_7.5_250
brain ICF,4.2,17.7236694763656,12_7.5_250
brain ICF,4.3,17.59345052916,12_7.5_250
brain ICF,4.4,17.4681592086936,12_7.5_250
brain ICF,4.5,17.3474686617567,12_7.5_250
brain ICF,4.6,17.2310876378647,12_7.5_250
brain ICF,4.7,17.1187558838964,12_7.5_250
brain ICF,4.8,17.0102400158171,12_7.5_250
brain ICF,4.9,16.9053301448061,12_7.5_250
brain ICF,5,16.8038368526666,12_7.5_250
brain ICF,5.1,16.7055886476667,12_7.5_250
brain ICF,5.2,16.6104296185506,12_7.5_250
brain ICF,5.3,16.5182174659958,12_7.5_250
brain ICF,5.4,16.4288218812837,12_7.5_250
brain ICF,5.5,16.3421230036085,12_7.5_250
brain ICF,5.6,16.2580102511643,12_7.5_250
brain ICF,5.7,16.176381219469,12_7.5_250
brain ICF,5.8,16.0971408116734,12_7.5_250
brain ICF,5.9,16.0202003523768,12_7.5_250
brain ICF,6,15.9454768427823,12_7.5_250
brain ICF,6.1,15.8728923603769,12_7.5_250
brain ICF,6.2,15.8023735881116,12_7.5_250
brain ICF,6.3,15.7338512393119,12_7.5_250
brain ICF,6.4,15.6672597335143,12_7.5_250
brain ICF,6.5,15.602536845159,12_7.5_250
brain ICF,6.6,15.5396233606895,12_7.5_250
brain ICF,6.7,15.4784629167175,12_7.5_250
brain ICF,6.8,15.4190016333116,12_7.5_250
brain ICF,6.9,15.3611879575953,12_7.5_250
brain ICF,7,15.3049724725529,12_7.5_250
brain ICF,7.1,15.2503077204356,12_7.5_250
brain ICF,7.2,15.1971481153091,12_7.5_250
brain ICF,7.3,15.1454497401322,12_7.5_250
brain ICF,7.4,15.095170267902,12_7.5_250
brain ICF,7.5,15.0462688961114,12_7.5_250
brain ICF,7.6,14.9987062497926,12_7.5_250
brain ICF,7.7,14.9524442316688,12_7.5_250
brain ICF,7.8,14.907446096967,12_7.5_250
brain ICF,7.9,14.8636762144513,12_7.5_250
brain ICF,8,14.8211001472236,12_7.5_250
brain ICF,8.1,14.779684478564,12_7.5_250
brain ICF,8.2,14.7393968678037,12_7.5_250
brain ICF,8.3,14.7002059041822,12_7.5_250
brain ICF,8.4,14.6620812001938,12_7.5_250
brain ICF,8.5,14.624993213932,12_7.5_250
brain ICF,8.6,14.5889132843398,12_7.5_250
brain ICF,8.7,14.5538135720745,12_7.5_250
brain ICF,8.8,14.5196670902033,12_7.5_250
brain ICF,8.9,14.4864475952553,12_7.5_250
brain ICF,9,14.4541296199036,12_7.5_250
brain ICF,9.1,14.4226883932106,12_7.5_250
brain ICF,9.2,14.3920998847343,12_7.5_250
brain ICF,9.3,14.36234074997,12_7.5_250
brain ICF,9.4,14.3333882637846,12_7.5_250
brain ICF,9.5,14.3052203358177,12_7.5_250
brain ICF,9.6,14.27781547331,12_7.5_250
brain ICF,9.7,14.2511527888594,12_7.5_250
brain ICF,9.8,14.2252120582866,12_7.5_250
brain ICF,9.9,14.1999735257862,12_7.5_250
brain ICF,10,14.1754180061044,12_7.5_250
brain ICF,10.1,14.1515268371036,12_7.5_250
brain ICF,10.2,14.1282818629241,12_7.5_250
brain ICF,10.3,14.1056654979394,12_7.5_250
brain ICF,10.4,14.083660585736,12_7.5_250
brain ICF,10.5,14.0622504526328,12_7.5_250
brain ICF,10.6,14.041418858695,12_7.5_250
brain ICF,10.7,14.0211500202467,12_7.5_250
brain ICF,10.8,14.0014286175149,12_7.5_250
brain ICF,10.9,13.9822397301802,12_7.5_250
brain ICF,11,13.9635688202406,12_7.5_250
brain ICF,11.1,13.9454017695246,12_7.5_250
brain ICF,11.2,13.9277248647593,12_7.5_250
brain ICF,11.3,13.9105247217034,12_7.5_250
brain ICF,11.4,13.8937883346757,12_7.5_250
brain ICF,11.5,13.8775030967317,12_7.5_250
brain ICF,11.6,13.8616566896593,12_7.5_250
brain ICF,11.7,13.8462371427291,12_7.5_250
brain ICF,11.8,13.8312328498911,12_7.5_250
brain ICF,11.9,13.8166324880493,12_7.5_250
brain ICF,12,13.8024250455761,12_7.5_250
brain ICF,12.1,13.7885998228,12_7.5_250
brain ICF,12.2,13.7751464106925,12_7.5_250
brain ICF,12.3,13.7620546725264,12_7.5_250
brain ICF,12.4,13.7493147542323,12_7.5_250
brain ICF,12.5,13.7369170807385,12_7.5_250
brain ICF,12.6,13.7248523171593,12_7.5_250
brain ICF,12.7,13.7131113860503,12_7.5_250
brain ICF,12.8,13.7016854858356,12_7.5_250
brain ICF,12.9,13.6905660206056,12_7.5_250
brain ICF,13,13.6797446350843,12_7.5_250
brain ICF,13.1,13.6692132250685,12_7.5_250
brain ICF,13.2,13.6589638880645,12_7.5_250
brain ICF,13.3,13.6489889320158,12_7.5_250
brain ICF,13.4,13.6392808786598,12_7.5_250
brain ICF,13.5,13.6298324761353,12_7.5_250
brain ICF,13.6,13.6206366384404,12_7.5_250
brain ICF,13.7,13.6116864791679,12_7.5_250
brain ICF,13.8,13.6029753117327,12_7.5_250
brain ICF,13.9,13.5944966328168,12_7.5_250
brain ICF,14,13.586244098204,12_7.5_250
brain ICF,14.1,13.5782115395769,12_7.5_250
brain ICF,14.2,13.5703929851542,12_7.5_250
brain ICF,14.3,13.5627825945438,12_7.5_250
brain ICF,14.4,13.5553746919378,12_7.5_250
brain ICF,14.5,13.5481637609378,12_7.5_250
brain ICF,14.6,13.541144449222,12_7.5_250
brain ICF,14.7,13.5343115274522,12_7.5_250
brain ICF,14.8,13.527659914079,12_7.5_250
brain ICF,14.9,13.5211846744545,12_7.5_250
brain ICF,15,13.5148810024686,12_7.5_250
brain ICF,15.1,13.5087442161828,12_7.5_250
brain ICF,15.2,13.5027697630341,12_7.5_250
brain ICF,15.3,13.4969532493107,12_7.5_250
brain ICF,15.4,13.4912903620485,12_7.5_250
brain ICF,15.5,13.4857769183964,12_7.5_250
brain ICF,15.6,13.48040885055,12_7.5_250
brain ICF,15.7,13.4751822017298,12_7.5_250
brain ICF,15.8,13.4700931191311,12_7.5_250
brain ICF,15.9,13.4651378539163,12_7.5_250
brain ICF,16,13.4603127609942,12_7.5_250
brain ICF,16.1,13.4556142967664,12_7.5_250
brain ICF,16.2,13.4510390016972,12_7.5_250
brain ICF,16.3,13.4465835099337,12_7.5_250
brain ICF,16.4,13.4422445572743,12_7.5_250
brain ICF,16.5,13.4380189932859,12_7.5_250
brain ICF,16.6,13.4339037090125,12_7.5_250
brain ICF,16.7,13.4298956943928,12_7.5_250
brain ICF,16.8,13.4259920266826,12_7.5_250
brain ICF,16.9,13.4221898836231,12_7.5_250
brain ICF,17,13.4184864898231,12_7.5_250
brain ICF,17.1,13.4148791563949,12_7.5_250
brain ICF,17.2,13.4113652678699,12_7.5_250
brain ICF,17.3,13.4079422815874,12_7.5_250
brain ICF,17.4,13.4046077206957,12_7.5_250
brain ICF,17.5,13.4013591754906,12_7.5_250
brain ICF,17.6,13.3981943015556,12_7.5_250
brain ICF,17.7,13.3951108273298,12_7.5_250
brain ICF,17.8,13.3921065285903,12_7.5_250
brain ICF,17.9,13.389179243999,12_7.5_250
brain ICF,18,13.3863268701776,12_7.5_250
brain ICF,18.1,13.3835473861561,12_7.5_250
brain ICF,18.2,13.38083879401,12_7.5_250
brain ICF,18.3,13.3781991595244,12_7.5_250
brain ICF,18.4,13.3756266000097,12_7.5_250
brain ICF,18.5,13.3731193081701,12_7.5_250
brain ICF,18.6,13.370675495509,12_7.5_250
brain ICF,18.7,13.368293431842,12_7.5_250
brain ICF,18.8,13.3659714331019,12_7.5_250
brain ICF,18.9,13.3637078660215,12_7.5_250
brain ICF,19,13.3615011456618,12_7.5_250
brain ICF,19.1,13.3593497177305,12_7.5_250
brain ICF,19.2,13.3572520740075,12_7.5_250
brain ICF,19.3,13.3552067458649,12_7.5_250
brain ICF,19.4,13.3532123197106,12_7.5_250
brain ICF,19.5,13.3512674043168,12_7.5_250
brain ICF,19.6,13.349370646951,12_7.5_250
brain ICF,19.7,13.3475207319716,12_7.5_250
brain ICF,19.8,13.3457163833557,12_7.5_250
brain ICF,19.9,13.3439563732961,12_7.5_250
brain ICF,20,13.3422394842446,12_7.5_250
brain ICF,20.1,13.3405645394761,12_7.5_250
brain ICF,20.2,13.3389303932377,12_7.5_250
brain ICF,20.3,13.3373359424459,12_7.5_250
brain ICF,20.4,13.3357801070826,12_7.5_250
brain ICF,20.5,13.3342618314946,12_7.5_250
brain ICF,20.6,13.3327800915507,12_7.5_250
brain ICF,20.7,13.3313338908411,12_7.5_250
brain ICF,20.8,13.3299222647299,12_7.5_250
brain ICF,20.9,13.3285442671457,12_7.5_250
brain ICF,21,13.3271989792428,12_7.5_250
brain ICF,21.1,13.3258855059505,12_7.5_250
brain ICF,21.2,13.3246029893004,12_7.5_250
brain ICF,21.3,13.323350595944,12_7.5_250
brain ICF,21.4,13.3221275000301,12_7.5_250
brain ICF,21.5,13.3209329056973,12_7.5_250
brain ICF,21.6,13.3197660389349,12_7.5_250
brain ICF,21.7,13.3186261399621,12_7.5_250
brain ICF,21.8,13.3175124775549,12_7.5_250
brain ICF,21.9,13.3164243371484,12_7.5_250
brain ICF,22,13.3153610227024,12_7.5_250
brain ICF,22.1,13.3143218561197,12_7.5_250
brain ICF,22.2,13.3133061829204,12_7.5_250
brain ICF,22.3,13.3123133621254,12_7.5_250
brain ICF,22.4,13.3113427658488,12_7.5_250
brain ICF,22.5,13.3103937840286,12_7.5_250
brain ICF,22.6,13.3094658215366,12_7.5_250
brain ICF,22.7,13.3085583097551,12_7.5_250
brain ICF,22.8,13.3076707111244,12_7.5_250
brain ICF,22.9,13.306802467539,12_7.5_250
brain ICF,23,13.3059530501957,12_7.5_250
brain ICF,23.1,13.3051219442763,12_7.5_250
brain ICF,23.2,13.3043086491189,12_7.5_250
brain ICF,23.3,13.3035126947647,12_7.5_250
brain ICF,23.4,13.3027336015948,12_7.5_250
brain ICF,23.5,13.3019709113854,12_7.5_250
brain ICF,23.6,13.3012241784927,12_7.5_250
brain ICF,23.7,13.3004929694447,12_7.5_250
brain ICF,23.8,13.2997768601632,12_7.5_250
brain ICF,23.9,13.299075439589,12_7.5_250
brain ICF,24,13.298388307913,12_7.5_250
brain ICF,24.1,13.2977150751152,12_7.5_250
brain ICF,24.2,13.2970553611032,12_7.5_250
brain ICF,24.3,13.2964087994298,12_7.5_250
brain ICF,24.4,13.2957750355695,12_7.5_250
brain ICF,24.5,13.2951537160945,12_7.5_250
brain ICF,24.6,13.2945445000344,12_7.5_250
brain ICF,24.7,13.2939470548919,12_7.5_250
brain ICF,24.8,13.2933610568183,12_7.5_250
brain ICF,24.9,13.2927861984938,12_7.5_250
brain ICF,25,13.2922221794601,12_7.5_250
sCSF,0,0,12_7.5_250
sCSF,0.1,0.0231552301364344,12_7.5_250
sCSF,0.2,0.0869282220020345,12_7.5_250
sCSF,0.3,0.173516630126583,12_7.5_250
sCSF,0.4,0.270742897074788,12_7.5_250
sCSF,0.5,0.37081625854855,12_7.5_250
sCSF,0.6,0.468900766641254,12_7.5_250
sCSF,0.7,0.562134197697277,12_7.5_250
sCSF,0.8,0.648958124484194,12_7.5_250
sCSF,0.9,0.728662264858007,12_7.5_250
sCSF,1,0.801076160015518,12_7.5_250
sCSF,1.1,0.866361977791026,12_7.5_250
sCSF,1.2,0.924876469457413,12_7.5_250
sCSF,1.3,0.977080149341259,12_7.5_250
sCSF,1.4,1.02347848628826,12_7.5_250
sCSF,1.5,1.06458477244533,12_7.5_250
sCSF,1.6,1.10089746274308,12_7.5_250
sCSF,1.7,1.13288718432517,12_7.5_250
sCSF,1.8,1.16099001758327,12_7.5_250
sCSF,1.9,1.18560486371947,12_7.5_250
sCSF,2,1.20709334193119,12_7.5_250
sCSF,2.1,1.22578120299287,12_7.5_250
sCSF,2.2,1.24196061629156,12_7.5_250
sCSF,2.3,1.25589286438003,12_7.5_250
sCSF,2.4,1.26781117447404,12_7.5_250
sCSF,2.5,1.2779235252603,12_7.5_250
sCSF,2.6,1.28641531396286,12_7.5_250
sCSF,2.7,1.29345183064288,12_7.5_250
sCSF,2.8,1.29918052268914,12_7.5_250
sCSF,2.9,1.30373303587276,12_7.5_250
sCSF,3,1.30722703970938,12_7.5_250
sCSF,3.1,1.30976784699448,12_7.5_250
sCSF,3.2,1.31144985103155,12_7.5_250
sCSF,3.3,1.31235779333435,12_7.5_250
sCSF,3.4,1.3125678770219,12_7.5_250
sCSF,3.5,1.31214873834434,12_7.5_250
sCSF,3.6,1.31116231008856,12_7.5_250
sCSF,3.7,1.3096645703145,12_7.5_250
sCSF,3.8,1.30770620448588,12_7.5_250
sCSF,3.9,1.30533318443086,12_7.5_250
sCSF,4,1.30258727237511,12_7.5_250
sCSF,4.1,1.29950646727879,12_7.5_250
sCSF,4.2,1.29612539691305,12_7.5_250
sCSF,4.3,1.29247566240846,12_7.5_250
sCSF,4.4,1.28858614322933,12_7.5_250
sCSF,4.5,1.28448326407492,12_7.5_250
sCSF,4.6,1.28019123082933,12_7.5_250
sCSF,4.7,1.27573224067241,12_7.5_250
sCSF,4.8,1.27112666846183,12_7.5_250
sCSF,4.9,1.26639323039453,12_7.5_250
sCSF,5,1.26154913471026,12_7.5_250
sCSF,5.1,1.25661021161073,12_7.5_250
sCSF,5.2,1.25159103008838,12_7.5_250
sCSF,5.3,1.24650500311641,12_7.5_250
sCSF,5.4,1.24136448281054,12_7.5_250
sCSF,5.5,1.23618084597495,12_7.5_250
sCSF,5.6,1.23096457018057,12_7.5_250
sCSF,5.7,1.22572530500446,12_7.5_250
sCSF,5.8,1.22047193464714,12_7.5_250
sCSF,5.9,1.21521263510653,12_7.5_250
sCSF,6,1.20995492756325,12_7.5_250
sCSF,6.1,1.20470572430857,12_7.5_250
sCSF,6.2,1.19947137309115,12_7.5_250
sCSF,6.3,1.19425769775625,12_7.5_250
sCSF,6.4,1.18907003478639,12_7.5_250
sCSF,6.5,1.18391326655551,12_7.5_250
sCSF,6.6,1.17879185567736,12_7.5_250
sCSF,6.7,1.17370986938816,12_7.5_250
sCSF,6.8,1.16867101110299,12_7.5_250
sCSF,6.9,1.16367864229371,12_7.5_250
sCSF,7,1.15873580406198,12_7.5_250
sCSF,7.1,1.15384524259776,12_7.5_250
sCSF,7.2,1.14900942588713,12_7.5_250
sCSF,7.3,1.1442305627227,12_7.5_250
sCSF,7.4,1.13951062252086,12_7.5_250
sCSF,7.5,1.13485134850667,12_7.5_250
sCSF,7.6,1.13025427182905,12_7.5_250
sCSF,7.7,1.12572073422974,12_7.5_250
sCSF,7.8,1.12125188739787,12_7.5_250
sCSF,7.9,1.11684872235709,12_7.5_250
sCSF,8,1.11251206225743,12_7.5_250
sCSF,8.1,1.10824259189226,12_7.5_250
sCSF,8.2,1.10404085035399,12_7.5_250
sCSF,8.3,1.09990725627171,12_7.5_250
sCSF,8.4,1.09584210348006,12_7.5_250
sCSF,8.5,1.091845581238,12_7.5_250
sCSF,8.6,1.08791777182824,12_7.5_250
sCSF,8.7,1.08405866780505,12_7.5_250
sCSF,8.8,1.08026816965573,12_7.5_250
sCSF,8.9,1.07654610061222,12_7.5_250
sCSF,9,1.07289220346766,12_7.5_250
sCSF,9.1,1.06930616173021,12_7.5_250
sCSF,9.2,1.06578758822568,12_7.5_250
sCSF,9.3,1.06233603802872,12_7.5_250
sCSF,9.4,1.05895102305137,12_7.5_250
sCSF,9.5,1.05563198783157,12_7.5_250
sCSF,9.6,1.05237834978654,12_7.5_250
sCSF,9.7,1.04918948083864,12_7.5_250
sCSF,9.8,1.04606470754377,12_7.5_250
sCSF,9.9,1.043003335451,12_7.5_250
sCSF,10,1.04000463254033,12_7.5_250
sCSF,10.1,1.03706784069687,12_7.5_250
sCSF,10.2,1.03419218325628,12_7.5_250
sCSF,10.3,1.0313768535037,12_7.5_250
sCSF,10.4,1.02862103490567,12_7.5_250
sCSF,10.5,1.02592389223585,12_7.5_250
sCSF,10.6,1.02328457207746,12_7.5_250
sCSF,10.7,1.02070221664152,12_7.5_250
sCSF,10.8,1.0181759505184,12_7.5_250
sCSF,10.9,1.01570489399326,12_7.5_250
sCSF,11,1.01328816592034,12_7.5_250
sCSF,11.1,1.01092487526623,12_7.5_250
sCSF,11.2,1.00861412255505,12_7.5_250
sCSF,11.3,1.00635501895047,12_7.5_250
sCSF,11.4,1.00414667127908,12_7.5_250
sCSF,11.5,1.00198817450639,12_7.5_250
sCSF,11.6,0.99987864128427,12_7.5_250
sCSF,11.7,0.997817183677964,12_7.5_250
sCSF,11.8,0.995802907284939,12_7.5_250
sCSF,11.9,0.993834931808876,12_7.5_250
sCSF,12,0.991912381894045,12_7.5_250
sCSF,12.1,0.990034383818619,12_7.5_250
sCSF,12.2,0.988200070961972,12_7.5_250
sCSF,12.3,0.986408588388595,12_7.5_250
sCSF,12.4,0.984659086484056,12_7.5_250
sCSF,12.5,0.982950720423489,12_7.5_250
sCSF,12.6,0.98128266057286,12_7.5_250
sCSF,12.7,0.979654085189028,12_7.5_250
sCSF,12.8,0.978064176155428,12_7.5_250
sCSF,12.9,0.976512132643992,12_7.5_250
sCSF,13,0.97499716271182,12_7.5_250
sCSF,13.1,0.973518480101304,12_7.5_250
sCSF,13.2,0.972075313445482,12_7.5_250
sCSF,13.3,0.970666903403225,12_7.5_250
sCSF,13.4,0.969292500820608,12_7.5_250
sCSF,13.5,0.967951362620728,12_7.5_250
sCSF,13.6,0.966642764344126,12_7.5_250
sCSF,13.7,0.965365991315921,12_7.5_250
sCSF,13.8,0.96412033797553,12_7.5_250
sCSF,13.9,0.962905110103763,12_7.5_250
sCSF,14,0.96171962851863,12_7.5_250
sCSF,14.1,0.960563224866488,12_7.5_250
sCSF,14.2,0.95943523837904,12_7.5_250
sCSF,14.3,0.958335024434675,12_7.5_250
sCSF,14.4,0.957261949187306,12_7.5_250
sCSF,14.5,0.956215389797153,12_7.5_250
sCSF,14.6,0.955194733342282,12_7.5_250
sCSF,14.7,0.954199381160423,12_7.5_250
sCSF,14.8,0.953228745346148,12_7.5_250
sCSF,14.9,0.952282247873742,12_7.5_250
sCSF,15,0.951359322744024,12_7.5_250
sCSF,15.1,0.950459415941157,12_7.5_250
sCSF,15.2,0.949581984183452,12_7.5_250
sCSF,15.3,0.948726493352385,12_7.5_250
sCSF,15.4,0.947892422362142,12_7.5_250
sCSF,15.5,0.947079260271148,12_7.5_250
sCSF,15.6,0.946286506128667,12_7.5_250
sCSF,15.7,0.945513669070162,12_7.5_250
sCSF,15.8,0.944760269828083,12_7.5_250
sCSF,15.9,0.944025838950773,12_7.5_250
sCSF,16,0.943309916527985,12_7.5_250
sCSF,16.1,0.942612051888085,12_7.5_250
sCSF,16.2,0.941931805569514,12_7.5_250
sCSF,16.3,0.941268747238786,12_7.5_250
sCSF,16.4,0.940622455706518,12_7.5_250
sCSF,16.5,0.939992518380796,12_7.5_250
sCSF,16.6,0.939378533011816,12_7.5_250
sCSF,16.7,0.938780105915564,12_7.5_250
sCSF,16.8,0.938196852147747,12_7.5_250
sCSF,16.9,0.937628395090611,12_7.5_250
sCSF,17,0.937074367174615,12_7.5_250
sCSF,17.1,0.936534409015483,12_7.5_250
sCSF,17.2,0.936008169448813,12_7.5_250
sCSF,17.3,0.935495305357496,12_7.5_250
sCSF,17.4,0.934995481584122,12_7.5_250
sCSF,17.5,0.934508370732461,12_7.5_250
sCSF,17.6,0.93403365303478,12_7.5_250
sCSF,17.7,0.933571016231969,12_7.5_250
sCSF,17.8,0.933120155353846,12_7.5_250
sCSF,17.9,0.932680772623357,12_7.5_250
sCSF,18,0.932252577299805,12_7.5_250
sCSF,18.1,0.931835285621545,12_7.5_250
sCSF,18.2,0.931428620459167,12_7.5_250
sCSF,18.3,0.931032311314212,12_7.5_250
sCSF,18.4,0.930646094141072,12_7.5_250
sCSF,18.5,0.930269711672042,12_7.5_250
sCSF,18.6,0.929902912260199,12_7.5_250
sCSF,18.7,0.929545450492626,12_7.5_250
sCSF,18.8,0.929197086851152,12_7.5_250
sCSF,18.9,0.928857587916766,12_7.5_250
sCSF,19,0.928526726177694,12_7.5_250
sCSF,19.1,0.928204278995188,12_7.5_250
sCSF,19.2,0.927890029402863,12_7.5_250
sCSF,19.3,0.927583765692825,12_7.5_250
sCSF,19.4,0.927285282252545,12_7.5_250
sCSF,19.5,0.92699437763313,12_7.5_250
sCSF,19.6,0.926710855425736,12_7.5_250
sCSF,19.7,0.926434524128966,12_7.5_250
sCSF,19.8,0.926165197171133,12_7.5_250
sCSF,19.9,0.925902693226122,12_7.5_250
sCSF,20,0.925646834446401,12_7.5_250
sCSF,20.1,0.925397447761731,12_7.5_250
sCSF,20.2,0.925154364369667,12_7.5_250
sCSF,20.3,0.924917420355233,12_7.5_250
sCSF,20.4,0.92468645550732,12_7.5_250
sCSF,20.5,0.924461313339329,12_7.5_250
sCSF,20.6,0.924241841447281,12_7.5_250
sCSF,20.7,0.924027891305852,12_7.5_250
sCSF,20.8,0.923819319027488,12_7.5_250
sCSF,20.9,0.923615983137442,12_7.5_250
sCSF,21,0.923417746129736,12_7.5_250
sCSF,21.1,0.923224473929181,12_7.5_250
sCSF,21.2,0.923036036351368,12_7.5_250
sCSF,21.3,0.922852306545399,12_7.5_250
sCSF,21.4,0.922673160253705,12_7.5_250
sCSF,21.5,0.922498476633273,12_7.5_250
sCSF,21.6,0.922328137869561,12_7.5_250
sCSF,21.7,0.922162030476096,12_7.5_250
sCSF,21.8,0.922000042181141,12_7.5_250
sCSF,21.9,0.921842064087222,12_7.5_250
sCSF,22,0.921687990063138,12_7.5_250
sCSF,22.1,0.921537716628235,12_7.5_250
sCSF,22.2,0.92139114397157,12_7.5_250
sCSF,22.3,0.921248174244072,12_7.5_250
sCSF,22.4,0.921108711527332,12_7.5_250
sCSF,22.5,0.920972662689878,12_7.5_250
sCSF,22.6,0.920839936927282,12_7.5_250
sCSF,22.7,0.920710446271315,12_7.5_250
sCSF,22.8,0.920584105762212,12_7.5_250
sCSF,22.9,0.920460830930034,12_7.5_250
sCSF,23,0.920340540137911,12_7.5_250
sCSF,23.1,0.92022315380231,12_7.5_250
sCSF,23.2,0.920108594393119,12_7.5_250
sCSF,23.3,0.919996788143381,12_7.5_250
sCSF,23.4,0.919887660816995,12_7.5_250
sCSF,23.5,0.919781140933377,12_7.5_250
sCSF,23.6,0.919677158829157,12_7.5_250
sCSF,23.7,0.919575646597666,12_7.5_250
sCSF,23.8,0.919476539140604,12_7.5_250
sCSF,23.9,0.919379772214554,12_7.5_250
sCSF,24,0.919285283009265,12_7.5_250
sCSF,24.1,0.919193010581019,12_7.5_250
sCSF,24.2,0.9191028955357,12_7.5_250
sCSF,24.3,0.919014880442177,12_7.5_250
sCSF,24.4,0.918928909632436,12_7.5_250
sCSF,24.5,0.918844927975879,12_7.5_250
sCSF,24.6,0.918762882154132,12_7.5_250
sCSF,24.7,0.918682720206264,12_7.5_250
sCSF,24.8,0.918604391507637,12_7.5_250
sCSF,24.9,0.918527847120989,12_7.5_250
sCSF,25,0.918453039299715,12_7.5_250
brain ECF,0,0,12_7.5_300
brain ECF,0.1,0.70906187624526,12_7.5_300
brain ECF,0.2,1.2317462756688,12_7.5_300
brain ECF,0.3,1.5404663957779,12_7.5_300
brain ECF,0.4,1.70772858526003,12_7.5_300
brain ECF,0.5,1.78288172961848,12_7.5_300
brain ECF,0.6,1.7993224150286,12_7.5_300
brain ECF,0.7,1.77950126763036,12_7.5_300
brain ECF,0.8,1.73837789709592,12_7.5_300
brain ECF,0.9,1.68580258861523,12_7.5_300
brain ECF,1,1.62815574266675,12_7.5_300
brain ECF,1.1,1.56947429712493,12_7.5_300
brain ECF,1.2,1.5122241006046,12_7.5_300
brain ECF,1.3,1.45782777303084,12_7.5_300
brain ECF,1.4,1.40702441727877,12_7.5_300
brain ECF,1.5,1.36011329572524,12_7.5_300
brain ECF,1.6,1.31711819779678,12_7.5_300
brain ECF,1.7,1.27789714312653,12_7.5_300
brain ECF,1.8,1.24221504803587,12_7.5_300
brain ECF,1.9,1.20979102025428,12_7.5_300
brain ECF,2,1.18032850658758,12_7.5_300
brain ECF,2.1,1.15353405497163,12_7.5_300
brain ECF,2.2,1.12912831023545,12_7.5_300
brain ECF,2.3,1.10685197361148,12_7.5_300
brain ECF,2.4,1.08646856091959,12_7.5_300
brain ECF,2.5,1.06776506965744,12_7.5_300
brain ECF,2.6,1.05055132996754,12_7.5_300
brain ECF,2.7,1.03465869510056,12_7.5_300
brain ECF,2.8,1.01993834670487,12_7.5_300
brain ECF,2.9,1.00625942911982,12_7.5_300
brain ECF,3,0.993507164183842,12_7.5_300
brain ECF,3.1,0.981581069403575,12_7.5_300
brain ECF,3.2,0.970393279896671,12_7.5_300
brain ECF,3.3,0.959867012447372,12_7.5_300
brain ECF,3.4,0.949935176040419,12_7.5_300
brain ECF,3.5,0.940539134804567,12_7.5_300
brain ECF,3.6,0.931627628090957,12_7.5_300
brain ECF,3.7,0.923155805153654,12_7.5_300
brain ECF,3.8,0.915084374500886,12_7.5_300
brain ECF,3.9,0.907378876749904,12_7.5_300
brain ECF,4,0.900009041511001,12_7.5_300
brain ECF,4.1,0.892948227377757,12_7.5_300
brain ECF,4.2,0.88617293467823,12_7.5_300
brain ECF,4.3,0.879662392657064,12_7.5_300
brain ECF,4.4,0.873398204431995,12_7.5_300
brain ECF,4.5,0.86736403037141,12_7.5_300
brain ECF,4.6,0.861545310599244,12_7.5_300
brain ECF,4.7,0.855929034776024,12_7.5_300
brain ECF,4.8,0.850503535686438,12_7.5_300
brain ECF,4.9,0.845258320627147,12_7.5_300
brain ECF,5,0.840183920195505,12_7.5_300
brain ECF,5.1,0.835271761137456,12_7.5_300
brain ECF,5.2,0.83051404904813,12_7.5_300
brain ECF,5.3,0.825903669971421,12_7.5_300
brain ECF,5.4,0.82143410938622,12_7.5_300
brain ECF,5.5,0.817099375016118,12_7.5_300
brain ECF,5.6,0.812893938472139,12_7.5_300
brain ECF,5.7,0.808812680139544,12_7.5_300
brain ECF,5.8,0.804850845712163,12_7.5_300
brain ECF,5.9,0.801004001900997,12_7.5_300
brain ECF,6,0.797267999177331,12_7.5_300
brain ECF,6.1,0.793638941812415,12_7.5_300
brain ECF,6.2,0.790113164312789,12_7.5_300
brain ECF,6.3,0.786687202638347,12_7.5_300
brain ECF,6.4,0.783357778063703,12_7.5_300
brain ECF,6.5,0.780121779529708,12_7.5_300
brain ECF,6.6,0.776976246614458,12_7.5_300
brain ECF,6.7,0.773918361358001,12_7.5_300
brain ECF,6.8,0.770945429926016,12_7.5_300
brain ECF,6.9,0.768054874874804,12_7.5_300
brain ECF,7,0.765244225529151,12_7.5_300
brain ECF,7.1,0.762511109115315,12_7.5_300
brain ECF,7.2,0.759853246517189,12_7.5_300
brain ECF,7.3,0.757268442005178,12_7.5_300
brain ECF,7.4,0.754754579331205,12_7.5_300
brain ECF,7.5,0.752309618510751,12_7.5_300
brain ECF,7.6,0.749931590893003,12_7.5_300
brain ECF,7.7,0.747618591714344,12_7.5_300
brain ECF,7.8,0.745368783833921,12_7.5_300
brain ECF,7.9,0.74318038577893,12_7.5_300
brain ECF,8,0.741051675796931,12_7.5_300
brain ECF,8.1,0.738980983129035,12_7.5_300
brain ECF,8.2,0.73696669083543,12_7.5_300
brain ECF,8.3,0.73500722844181,12_7.5_300
brain ECF,8.4,0.733101076651534,12_7.5_300
brain ECF,8.5,0.731246758444665,12_7.5_300
brain ECF,8.6,0.729442840836802,12_7.5_300
brain ECF,8.7,0.727687931911545,12_7.5_300
brain ECF,8.8,0.725980682400963,12_7.5_300
brain ECF,8.9,0.724319780185972,12_7.5_300
brain ECF,9,0.722703951957407,12_7.5_300
brain ECF,9.1,0.721131959237262,12_7.5_300
brain ECF,9.2,0.719602600514583,12_7.5_300
brain ECF,9.3,0.718114708658002,12_7.5_300
brain ECF,9.4,0.716667147456289,12_7.5_300
brain ECF,9.5,0.715258812445143,12_7.5_300
brain ECF,9.6,0.713888629044547,12_7.5_300
brain ECF,9.7,0.71255555287991,12_7.5_300
brain ECF,9.8,0.711258572836881,12_7.5_300
brain ECF,9.9,0.709996701164709,12_7.5_300
brain ECF,10,0.708768978640799,12_7.5_300
brain ECF,10.1,0.707574472194334,12_7.5_300
brain ECF,10.2,0.706412274049175,12_7.5_300
brain ECF,10.3,0.705281504984334,12_7.5_300
brain ECF,10.4,0.704181307214088,12_7.5_300
brain ECF,10.5,0.703110847109724,12_7.5_300
brain ECF,10.6,0.702069312689204,12_7.5_300
brain ECF,10.7,0.701055914812141,12_7.5_300
brain ECF,10.8,0.700069887479913,12_7.5_300
brain ECF,10.9,0.69911048477715,12_7.5_300
brain ECF,11,0.698176979819123,12_7.5_300
brain ECF,11.1,0.697268666694949,12_7.5_300
brain ECF,11.2,0.696384859807543,12_7.5_300
brain ECF,11.3,0.695524889969321,12_7.5_300
brain ECF,11.4,0.694688106901222,12_7.5_300
brain ECF,11.5,0.693873880306776,12_7.5_300
brain ECF,11.6,0.693081594300172,12_7.5_300
brain ECF,11.7,0.692310650375723,12_7.5_300
brain ECF,11.8,0.691560468212271,12_7.5_300
brain ECF,11.9,0.690830481731344,12_7.5_300
brain ECF,12,0.690120140360733,12_7.5_300
brain ECF,12.1,0.689428909124807,12_7.5_300
brain ECF,12.2,0.688756267613341,12_7.5_300
brain ECF,12.3,0.688101709009039,12_7.5_300
brain ECF,12.4,0.687464740618256,12_7.5_300
brain ECF,12.5,0.686844883722818,12_7.5_300
brain ECF,12.6,0.686241671598351,12_7.5_300
brain ECF,12.7,0.685654650380307,12_7.5_300
brain ECF,12.8,0.685083380020023,12_7.5_300
brain ECF,12.9,0.684527430740994,12_7.5_300
brain ECF,13,0.683986384800652,12_7.5_300
brain ECF,13.1,0.683459836976479,12_7.5_300
brain ECF,13.2,0.682947392198983,12_7.5_300
brain ECF,13.3,0.682448665872081,12_7.5_300
brain ECF,13.4,0.681963284083848,12_7.5_300
brain ECF,13.5,0.681490884273288,12_7.5_300
brain ECF,13.6,0.681031112153637,12_7.5_300
brain ECF,13.7,0.680583623422397,12_7.5_300
brain ECF,13.8,0.680148083741719,12_7.5_300
brain ECF,13.9,0.679724167988089,12_7.5_300
brain ECF,14,0.679311558958232,12_7.5_300
brain ECF,14.1,0.678909948252844,12_7.5_300
brain ECF,14.2,0.678519037262484,12_7.5_300
brain ECF,14.3,0.678138534023266,12_7.5_300
brain ECF,14.4,0.677768154744846,12_7.5_300
brain ECF,14.5,0.677407623603419,12_7.5_300
brain ECF,14.6,0.677056673011895,12_7.5_300
brain ECF,14.7,0.676715041511283,12_7.5_300
brain ECF,14.8,0.676382475037176,12_7.5_300
brain ECF,14.9,0.676058726854017,12_7.5_300
brain ECF,15,0.675743556685402,12_7.5_300
brain ECF,15.1,0.675436730441052,12_7.5_300
brain ECF,15.2,0.675138020483693,12_7.5_300
brain ECF,15.3,0.674847207154679,12_7.5_300
brain ECF,15.4,0.674564074811122,12_7.5_300
brain ECF,15.5,0.674288414320574,12_7.5_300
brain ECF,15.6,0.674020022298493,12_7.5_300
brain ECF,15.7,0.673758700916962,12_7.5_300
brain ECF,15.8,0.67350425754505,12_7.5_300
brain ECF,15.9,0.673256504750423,12_7.5_300
brain ECF,16,0.673015260279123,12_7.5_300
brain ECF,16.1,0.672780346972604,12_7.5_300
brain ECF,16.2,0.672551591860466,12_7.5_300
brain ECF,16.3,0.672328826661079,12_7.5_300
brain ECF,16.4,0.672111888135824,12_7.5_300
brain ECF,16.5,0.671900618810999,12_7.5_300
brain ECF,16.6,0.671694863234514,12_7.5_300
brain ECF,16.7,0.67149447091186,12_7.5_300
brain ECF,16.8,0.67129929568959,12_7.5_300
brain ECF,16.9,0.671109196483364,12_7.5_300
brain ECF,17,0.670924034522776,12_7.5_300
brain ECF,17.1,0.670743675369249,12_7.5_300
brain ECF,17.2,0.670567988253418,12_7.5_300
brain ECF,17.3,0.670396846050689,12_7.5_300
brain ECF,17.4,0.670230124923803,12_7.5_300
brain ECF,17.5,0.670067704393981,12_7.5_300
brain ECF,17.6,0.669909467238777,12_7.5_300
brain ECF,17.7,0.669755299894264,12_7.5_300
brain ECF,17.8,0.669605091153423,12_7.5_300
brain ECF,17.9,0.669458732956223,12_7.5_300
brain ECF,18,0.669316120122723,12_7.5_300
brain ECF,18.1,0.669177151624918,12_7.5_300
brain ECF,18.2,0.669041727567672,12_7.5_300
brain ECF,18.3,0.668909751245682,12_7.5_300
brain ECF,18.4,0.668781128514595,12_7.5_300
brain ECF,18.5,0.668655769028639,12_7.5_300
brain ECF,18.6,0.668533583363067,12_7.5_300
brain ECF,18.7,0.668414485013174,12_7.5_300
brain ECF,18.8,0.668298389780278,12_7.5_300
brain ECF,18.9,0.668185215990956,12_7.5_300
brain ECF,19,0.668074884419286,12_7.5_300
brain ECF,19.1,0.66796731734913,12_7.5_300
brain ECF,19.2,0.667862439373915,12_7.5_300
brain ECF,19.3,0.667760177066908,12_7.5_300
brain ECF,19.4,0.667660459729579,12_7.5_300
brain ECF,19.5,0.667563217834119,12_7.5_300
brain ECF,19.6,0.667468383737262,12_7.5_300
brain ECF,19.7,0.667375891661282,12_7.5_300
brain ECF,19.8,0.667285677789352,12_7.5_300
brain ECF,19.9,0.667197680755973,12_7.5_300
brain ECF,20,0.667111839680043,12_7.5_300
brain ECF,20.1,0.667028095728788,12_7.5_300
brain ECF,20.2,0.666946391618232,12_7.5_300
brain ECF,20.3,0.666866672175839,12_7.5_300
brain ECF,20.4,0.666788883429834,12_7.5_300
brain ECF,20.5,0.666712972590967,12_7.5_300
brain ECF,20.6,0.666638888455537,12_7.5_300
brain ECF,20.7,0.666566581201323,12_7.5_300
brain ECF,20.8,0.666496002603852,12_7.5_300
brain ECF,20.9,0.666427105360981,12_7.5_300
brain ECF,21,0.666359843533402,12_7.5_300
brain ECF,21.1,0.666294172370719,12_7.5_300
brain ECF,21.2,0.666230048947263,12_7.5_300
brain ECF,21.3,0.66616743163383,12_7.5_300
brain ECF,21.4,0.666106279126899,12_7.5_300
brain ECF,21.5,0.666046551635326,12_7.5_300
brain ECF,21.6,0.665988210460659,12_7.5_300
brain ECF,21.7,0.665931217622304,12_7.5_300
brain ECF,21.8,0.66587553654956,12_7.5_300
brain ECF,21.9,0.665821131521159,12_7.5_300
brain ECF,22,0.665767967737244,12_7.5_300
brain ECF,22.1,0.665716011295231,12_7.5_300
brain ECF,22.2,0.665665229462681,12_7.5_300
brain ECF,22.3,0.665615590209072,12_7.5_300
brain ECF,22.4,0.665567062136613,12_7.5_300
brain ECF,22.5,0.665519614745169,12_7.5_300
brain ECF,22.6,0.665473218281551,12_7.5_300
brain ECF,22.7,0.665427844277741,12_7.5_300
brain ECF,22.8,0.665383465906019,12_7.5_300
brain ECF,22.9,0.665340055245729,12_7.5_300
brain ECF,23,0.665297585858377,12_7.5_300
brain ECF,23.1,0.665256032004795,12_7.5_300
brain ECF,23.2,0.665215368639254,12_7.5_300
brain ECF,23.3,0.665175572279872,12_7.5_300
brain ECF,23.4,0.665136618941762,12_7.5_300
brain ECF,23.5,0.665098485714533,12_7.5_300
brain ECF,23.6,0.665061150316799,12_7.5_300
brain ECF,23.7,0.665024591075782,12_7.5_300
brain ECF,23.8,0.664988786793389,12_7.5_300
brain ECF,23.9,0.664953716912239,12_7.5_300
brain ECF,24,0.664919361445202,12_7.5_300
brain ECF,24.1,0.664885700892782,12_7.5_300
brain ECF,24.2,0.664852716251991,12_7.5_300
brain ECF,24.3,0.664820389190093,12_7.5_300
brain ECF,24.4,0.664788701997377,12_7.5_300
brain ECF,24.5,0.664757636998505,12_7.5_300
brain ECF,24.6,0.664727177146584,12_7.5_300
brain ECF,24.7,0.664697305818512,12_7.5_300
brain ECF,24.8,0.66466800681813,12_7.5_300
brain ECF,24.9,0.66463926477493,12_7.5_300
brain ECF,25,0.66461106466981,12_7.5_300
brain ICF,0,0,12_7.5_300
brain ICF,0.1,14.1637456628159,12_7.5_300
brain ICF,0.2,24.6243119946419,12_7.5_300
brain ICF,0.3,30.8032930179039,12_7.5_300
brain ICF,0.4,34.1515416143028,12_7.5_300
brain ICF,0.5,35.6565413978046,12_7.5_300
brain ICF,0.6,35.9865716408439,12_7.5_300
brain ICF,0.7,35.5908830388238,12_7.5_300
brain ICF,0.8,34.7688305097576,12_7.5_300
brain ICF,0.9,33.7175305121785,12_7.5_300
brain ICF,1,32.5646660683702,12_7.5_300
brain ICF,1.1,31.3910264178743,12_7.5_300
brain ICF,1.2,30.2459622187172,12_7.5_300
brain ICF,1.3,29.1579480955096,12_7.5_300
brain ICF,1.4,28.1417805421379,12_7.5_300
brain ICF,1.5,27.2034539793456,12_7.5_300
brain ICF,1.6,26.3434498345096,12_7.5_300
brain ICF,1.7,25.5589317906448,12_7.5_300
brain ICF,1.8,24.8451999217,12_7.5_300
brain ICF,1.9,24.1966371336572,12_7.5_300
brain ICF,2,23.6073124884555,12_7.5_300
brain ICF,2.1,23.0713566915724,12_7.5_300
brain ICF,2.2,22.5831821698521,12_7.5_300
brain ICF,2.3,22.1376023702572,12_7.5_300
brain ICF,2.4,21.7298869905795,12_7.5_300
brain ICF,2.5,21.3557753643814,12_7.5_300
brain ICF,2.6,21.0114635057459,12_7.5_300
brain ICF,2.7,20.69357793207,12_7.5_300
brain ICF,2.8,20.3991417764586,12_7.5_300
brain ICF,2.9,20.1255374760322,12_7.5_300
brain ICF,3,19.8704690664051,12_7.5_300
brain ICF,3.1,19.6319265425182,12_7.5_300
brain ICF,3.2,19.4081522943888,12_7.5_300
brain ICF,3.3,19.1976103830833,12_7.5_300
brain ICF,3.4,18.9989587498978,12_7.5_300
brain ICF,3.5,18.8110244681878,12_7.5_300
brain ICF,3.6,18.6327821434112,12_7.5_300
brain ICF,3.7,18.4633346031811,12_7.5_300
brain ICF,3.8,18.3018958803535,12_7.5_300
brain ICF,3.9,18.1477766685578,12_7.5_300
brain ICF,4,18.000371457127,12_7.5_300
brain ICF,4.1,17.8591473286007,12_7.5_300
brain ICF,4.2,17.7236342123044,12_7.5_300
brain ICF,4.3,17.5934166258772,12_7.5_300
brain ICF,4.4,17.4681265730879,12_7.5_300
brain ICF,4.5,17.3474372110547,12_7.5_300
brain ICF,4.6,17.2310572982954,12_7.5_300
brain ICF,4.7,17.1187265897472,12_7.5_300
brain ICF,4.8,17.0102117082639,12_7.5_300
brain ICF,4.9,16.9053027706356,12_7.5_300
brain ICF,5,16.8038103634387,12_7.5_300
brain ICF,5.1,16.7055629995516,12_7.5_300
brain ICF,5.2,16.6104047718242,12_7.5_300
brain ICF,5.3,16.5181933841225,12_7.5_300
brain ICF,5.4,16.4287985311296,12_7.5_300
brain ICF,5.5,16.3421003547082,12_7.5_300
brain ICF,5.6,16.2579882752151,12_7.5_300
brain ICF,5.7,16.1763598902892,12_7.5_300
brain ICF,5.8,16.0971201046763,12_7.5_300
brain ICF,5.9,16.0201802447083,12_7.5_300
brain ICF,6,15.9454573127641,12_7.5_300
brain ICF,6.1,15.8728733878267,12_7.5_300
brain ICF,6.2,15.8023551541866,12_7.5_300
brain ICF,6.3,15.7338333262792,12_7.5_300
brain ICF,6.4,15.667242324715,12_7.5_300
brain ICF,6.5,15.6025199241298,12_7.5_300
brain ICF,6.6,15.5396069122343,12_7.5_300
brain ICF,6.7,15.4784469262983,12_7.5_300
brain ICF,6.8,15.4189860864466,12_7.5_300
brain ICF,6.9,15.3611728409713,12_7.5_300
brain ICF,7,15.3049577735969,12_7.5_300
brain ICF,7.1,15.2502934263016,12_7.5_300
brain ICF,7.2,15.1971342143384,12_7.5_300
brain ICF,7.3,15.1454362211425,12_7.5_300
brain ICF,7.4,15.0951571197348,12_7.5_300
brain ICF,7.5,15.0462561082241,12_7.5_300
brain ICF,7.6,14.9986938120204,12_7.5_300
brain ICF,7.7,14.9524321339964,12_7.5_300
brain ICF,7.8,14.9074343297621,12_7.5_300
brain ICF,7.9,14.8636647682942,12_7.5_300
brain ICF,8,14.821089013127,12_7.5_300
brain ICF,8.1,14.7796736477301,12_7.5_300
brain ICF,8.2,14.7393863319277,12_7.5_300
brain ICF,8.3,14.7001956549487,12_7.5_300
brain ICF,8.4,14.6620712296269,12_7.5_300
brain ICF,8.5,14.6249835143533,12_7.5_300
brain ICF,8.6,14.5889038484348,12_7.5_300
brain ICF,8.7,14.5538043925108,12_7.5_300
brain ICF,8.8,14.5196581599942,12_7.5_300
brain ICF,8.9,14.4864389074629,12_7.5_300
brain ICF,9,14.4541211679423,12_7.5_300
brain ICF,9.1,14.4226801708077,12_7.5_300
brain ICF,9.2,14.3920918849274,12_7.5_300
brain ICF,9.3,14.3623329668012,12_7.5_300
brain ICF,9.4,14.3333806913169,12_7.5_300
brain ICF,9.5,14.3052129684619,12_7.5_300
brain ICF,9.6,14.2778083058781,12_7.5_300
brain ICF,9.7,14.25114581532,12_7.5_300
brain ICF,9.8,14.2252052735333,12_7.5_300
brain ICF,9.9,14.199966924716,12_7.5_300
brain ICF,10,14.1754115838103,12_7.5_300
brain ICF,10.1,14.1515205888895,12_7.5_300
brain ICF,10.2,14.1282757838373,12_7.5_300
brain ICF,10.3,14.1056595832626,12_7.5_300
brain ICF,10.4,14.0836548308256,12_7.5_300
brain ICF,10.5,14.0622448532987,12_7.5_300
brain ICF,10.6,14.0414134107146,12_7.5_300
brain ICF,10.7,14.0211447197049,12_7.5_300
brain ICF,10.8,14.0014234595821,12_7.5_300
brain ICF,10.9,13.9822347114246,12_7.5_300
brain ICF,11,13.9635639370673,12_7.5_300
brain ICF,11.1,13.9453970177801,12_7.5_300
brain ICF,11.2,13.9277202411448,12_7.5_300
brain ICF,11.3,13.9105202229206,12_7.5_300
brain ICF,11.4,13.8937839570598,12_7.5_300
brain ICF,11.5,13.877498837136,12_7.5_300
brain ICF,11.6,13.861652544991,12_7.5_300
brain ICF,11.7,13.8462331100624,12_7.5_300
brain ICF,11.8,13.8312289255212,12_7.5_300
brain ICF,11.9,13.8166286693783,12_7.5_300
brain ICF,12,13.8024213297847,12_7.5_300
brain ICF,12.1,13.7885962068383,12_7.5_300
brain ICF,12.2,13.7751428919574,12_7.5_300
brain ICF,12.3,13.7620512484295,12_7.5_300
brain ICF,12.4,13.7493114220228,12_7.5_300
brain ICF,12.5,13.7369138380146,12_7.5_300
brain ICF,12.6,13.7248491615795,12_7.5_300
brain ICF,12.7,13.7131083150924,12_7.5_300
brain ICF,12.8,13.7016824972633,12_7.5_300
brain ICF,12.9,13.6905631122448,12_7.5_300
brain ICF,13,13.6797418048791,12_7.5_300
brain ICF,13.1,13.669210470422,12_7.5_300
brain ICF,13.2,13.6589612071954,12_7.5_300
brain ICF,13.3,13.648986322997,12_7.5_300
brain ICF,13.4,13.639278339316,12_7.5_300
brain ICF,13.5,13.629830004666,12_7.5_300
brain ICF,13.6,13.6206342330545,12_7.5_300
brain ICF,13.7,13.6116841381809,12_7.5_300
brain ICF,13.8,13.6029730330437,12_7.5_300
brain ICF,13.9,13.5944944149343,12_7.5_300
brain ICF,14,13.5862419395559,12_7.5_300
brain ICF,14.1,13.5782094386967,12_7.5_300
brain ICF,14.2,13.5703909399506,12_7.5_300
brain ICF,14.3,13.562780603826,12_7.5_300
brain ICF,14.4,13.5553727543083,12_7.5_300
brain ICF,14.5,13.54816187472,12_7.5_300
brain ICF,14.6,13.5411426131245,12_7.5_300
brain ICF,14.7,13.5343097401509,12_7.5_300
brain ICF,14.8,13.5276581743256,12_7.5_300
brain ICF,14.9,13.5211829807603,12_7.5_300
brain ICF,15,13.5148793537543,12_7.5_300
brain ICF,15.1,13.5087426113333,12_7.5_300
brain ICF,15.2,13.502768200588,12_7.5_300
brain ICF,15.3,13.4969517281609,12_7.5_300
brain ICF,15.4,13.4912888810376,12_7.5_300
brain ICF,15.5,13.485775476405,12_7.5_300
brain ICF,15.6,13.4804074464349,12_7.5_300
brain ICF,15.7,13.4751808344545,12_7.5_300
brain ICF,15.8,13.4700917876938,12_7.5_300
brain ICF,15.9,13.465136557379,12_7.5_300
brain ICF,16,13.4603114982957,12_7.5_300
brain ICF,16.1,13.4556130671224,12_7.5_300
brain ICF,16.2,13.4510378043384,12_7.5_300
brain ICF,16.3,13.4465823441869,12_7.5_300
brain ICF,16.4,13.4422434217743,12_7.5_300
brain ICF,16.5,13.4380178875092,12_7.5_300
brain ICF,16.6,13.4339026322313,12_7.5_300
brain ICF,16.7,13.4298946459344,12_7.5_300
brain ICF,16.8,13.4259910054416,12_7.5_300
brain ICF,16.9,13.4221888889828,12_7.5_300
brain ICF,17,13.4184855210403,12_7.5_300
brain ICF,17.1,13.4148782127481,12_7.5_300
brain ICF,17.2,13.411364348626,12_7.5_300
brain ICF,17.3,13.4079413860785,12_7.5_300
brain ICF,17.4,13.404606848278,12_7.5_300
brain ICF,17.5,13.4013583255625,12_7.5_300
brain ICF,17.6,13.3981934733987,12_7.5_300
brain ICF,17.7,13.3951100204188,12_7.5_300
brain ICF,17.8,13.3921057424032,12_7.5_300
brain ICF,17.9,13.3891784780704,12_7.5_300
brain ICF,18,13.3863261237425,12_7.5_300
brain ICF,18.1,13.3835466587924,12_7.5_300
brain ICF,18.2,13.3808380852401,12_7.5_300
brain ICF,18.3,13.3781984689082,12_7.5_300
brain ICF,18.4,13.3756259268403,12_7.5_300
brain ICF,18.5,13.3731186520576,12_7.5_300
brain ICF,18.6,13.3706748559988,12_7.5_300
brain ICF,18.7,13.3682928085073,12_7.5_300
brain ICF,18.8,13.365970825549,12_7.5_300
brain ICF,18.9,13.3637072735953,12_7.5_300
brain ICF,19,13.3615005680687,12_7.5_300
brain ICF,19.1,13.3593491545914,12_7.5_300
brain ICF,19.2,13.3572515249776,12_7.5_300
brain ICF,19.3,13.3552062106397,12_7.5_300
brain ICF,19.4,13.3532117975534,12_7.5_300
brain ICF,19.5,13.3512668951121,12_7.5_300
brain ICF,19.6,13.3493701504012,12_7.5_300
brain ICF,19.7,13.3475202478177,12_7.5_300
brain ICF,19.8,13.3457159109782,12_7.5_300
brain ICF,19.9,13.3439559125288,12_7.5_300
brain ICF,20,13.342239034802,12_7.5_300
brain ICF,20.1,13.3405641010988,12_7.5_300
brain ICF,20.2,13.3389299656973,12_7.5_300
brain ICF,20.3,13.3373355251076,12_7.5_300
brain ICF,20.4,13.3357796998551,12_7.5_300
brain ICF,20.5,13.334261434116,12_7.5_300
brain ICF,20.6,13.3327797037792,12_7.5_300
brain ICF,20.7,13.3313335123644,12_7.5_300
brain ICF,20.8,13.3299218953492,12_7.5_300
brain ICF,20.9,13.3285439066569,12_7.5_300
brain ICF,21,13.3271986274694,12_7.5_300
brain ICF,21.1,13.3258851627482,12_7.5_300
brain ICF,21.2,13.3246026539411,12_7.5_300
brain ICF,21.3,13.3233502684236,12_7.5_300
brain ICF,21.4,13.3221271800962,12_7.5_300
brain ICF,21.5,13.320932593101,12_7.5_300
brain ICF,21.6,13.3197657334334,12_7.5_300
brain ICF,21.7,13.3186258414974,12_7.5_300
brain ICF,21.8,13.3175121858344,12_7.5_300
brain ICF,21.9,13.3164240519946,12_7.5_300
brain ICF,22,13.3153607439603,12_7.5_300
brain ICF,22.1,13.3143215836608,12_7.5_300
brain ICF,22.2,13.3133059164076,12_7.5_300
brain ICF,22.3,13.3123131015613,12_7.5_300
brain ICF,22.4,13.3113425111511,12_7.5_300
brain ICF,22.5,13.3103935351503,12_7.5_300
brain ICF,22.6,13.3094655784714,12_7.5_300
brain ICF,22.7,13.3085580717334,12_7.5_300
brain ICF,22.8,13.3076704783672,12_7.5_300
brain ICF,22.9,13.3068022399337,12_7.5_300
brain ICF,23,13.305952827642,12_7.5_300
brain ICF,23.1,13.3051217266879,12_7.5_300
brain ICF,23.2,13.3043084361364,12_7.5_300
brain ICF,23.3,13.3035124863468,12_7.5_300
brain ICF,23.4,13.3027333975971,12_7.5_300
brain ICF,23.5,13.3019707116644,12_7.5_300
brain ICF,23.6,13.3012239829067,12_7.5_300
brain ICF,23.7,13.3004927778553,12_7.5_300
brain ICF,23.8,13.2997766725256,12_7.5_300
brain ICF,23.9,13.2990752557554,12_7.5_300
brain ICF,24,13.2983881277905,12_7.5_300
brain ICF,24.1,13.2977148986272,12_7.5_300
brain ICF,24.2,13.2970551881921,12_7.5_300
brain ICF,24.3,13.2964086298163,12_7.5_300
brain ICF,24.4,13.295774869291,12_7.5_300
brain ICF,24.5,13.2951535530968,12_7.5_300
brain ICF,24.6,13.2945443402825,12_7.5_300
brain ICF,24.7,13.2939468983727,12_7.5_300
brain ICF,24.8,13.2933609034311,12_7.5_300
brain ICF,24.9,13.2927860480391,12_7.5_300
brain ICF,25,13.2922220318064,12_7.5_300
sCSF,0,0,12_7.5_300
sCSF,0.1,0.0231542634401266,12_7.5_300
sCSF,0.2,0.086927680527419,12_7.5_300
sCSF,0.3,0.173516370121448,12_7.5_300
sCSF,0.4,0.270742817696483,12_7.5_300
sCSF,0.5,0.370816291795202,12_7.5_300
sCSF,0.6,0.468900867019088,12_7.5_300
sCSF,0.7,0.562134335112973,12_7.5_300
sCSF,0.8,0.648958279341935,12_7.5_300
sCSF,0.9,0.728662424623861,12_7.5_300
sCSF,1,0.801076316930501,12_7.5_300
sCSF,1.1,0.866362127282913,12_7.5_300
sCSF,1.2,0.924876609049541,12_7.5_300
sCSF,1.3,0.977080277930365,12_7.5_300
sCSF,1.4,1.02347860361456,12_7.5_300
sCSF,1.5,1.06458487879147,12_7.5_300
sCSF,1.6,1.10089755869342,12_7.5_300
sCSF,1.7,1.13288727062226,12_7.5_300
sCSF,1.8,1.16099009503831,12_7.5_300
sCSF,1.9,1.18560493315358,12_7.5_300
sCSF,2,1.20709340413257,12_7.5_300
sCSF,2.1,1.22578125870757,12_7.5_300
sCSF,2.2,1.24196066619813,12_7.5_300
sCSF,2.3,1.25589290910336,12_7.5_300
sCSF,2.4,1.26781121457762,12_7.5_300
sCSF,2.5,1.2779235612463,12_7.5_300
sCSF,2.6,1.28641534627548,12_7.5_300
sCSF,2.7,1.29345185968058,12_7.5_300
sCSF,2.8,1.29918054880702,12_7.5_300
sCSF,2.9,1.30373305936966,12_7.5_300
sCSF,3,1.30722706087144,12_7.5_300
sCSF,3.1,1.30976786605355,12_7.5_300
sCSF,3.2,1.31144986822431,12_7.5_300
sCSF,3.3,1.31235780883055,12_7.5_300
sCSF,3.4,1.31256789099463,12_7.5_300
sCSF,3.5,1.31214875094242,12_7.5_300
sCSF,3.6,1.31116232143883,12_7.5_300
sCSF,3.7,1.30966458055514,12_7.5_300
sCSF,3.8,1.30770621370805,12_7.5_300
sCSF,3.9,1.30533319272326,12_7.5_300
sCSF,4,1.3025872798188,12_7.5_300
sCSF,4.1,1.29950647396225,12_7.5_300
sCSF,4.2,1.29612540290029,12_7.5_300
sCSF,4.3,1.29247566775931,12_7.5_300
sCSF,4.4,1.28858614799372,12_7.5_300
sCSF,4.5,1.28448326829977,12_7.5_300
sCSF,4.6,1.28019123455939,12_7.5_300
sCSF,4.7,1.27573224394787,12_7.5_300
sCSF,4.8,1.27112667131892,12_7.5_300
sCSF,4.9,1.2663932328742,12_7.5_300
sCSF,5,1.2615491368436,12_7.5_300
sCSF,5.1,1.25661021342361,12_7.5_300
sCSF,5.2,1.25159103160456,12_7.5_300
sCSF,5.3,1.24650500435897,12_7.5_300
sCSF,5.4,1.24136448380111,12_7.5_300
sCSF,5.5,1.23618084673314,12_7.5_300
sCSF,5.6,1.23096457073258,12_7.5_300
sCSF,5.7,1.22572530536495,12_7.5_300
sCSF,5.8,1.22047193482631,12_7.5_300
sCSF,5.9,1.21521263510527,12_7.5_300
sCSF,6,1.20995492741427,12_7.5_300
sCSF,6.1,1.20470572401963,12_7.5_300
sCSF,6.2,1.19947137267251,12_7.5_300
sCSF,6.3,1.19425769721776,12_7.5_300
sCSF,6.4,1.18907003413091,12_7.5_300
sCSF,6.5,1.18391326581649,12_7.5_300
sCSF,6.6,1.17879185485567,12_7.5_300
sCSF,6.7,1.17370986846791,12_7.5_300
sCSF,6.8,1.16867101012145,12_7.5_300
sCSF,6.9,1.16367864124197,12_7.5_300
sCSF,7,1.1587358029361,12_7.5_300
sCSF,7.1,1.1538452414229,12_7.5_300
sCSF,7.2,1.14900942466204,12_7.5_300
sCSF,7.3,1.14423056144587,12_7.5_300
sCSF,7.4,1.13951062121039,12_7.5_300
sCSF,7.5,1.13485134717216,12_7.5_300
sCSF,7.6,1.13025427046809,12_7.5_300
sCSF,7.7,1.12572073285453,12_7.5_300
sCSF,7.8,1.12125188599746,12_7.5_300
sCSF,7.9,1.11684872094172,12_7.5_300
sCSF,8,1.11251206081609,12_7.5_300
sCSF,8.1,1.10824259043638,12_7.5_300
sCSF,8.2,1.10404084887725,12_7.5_300
sCSF,8.3,1.09990725478718,12_7.5_300
sCSF,8.4,1.09584210198291,12_7.5_300
sCSF,8.5,1.09184557974151,12_7.5_300
sCSF,8.6,1.08791777032527,12_7.5_300
sCSF,8.7,1.08405866630823,12_7.5_300
sCSF,8.8,1.08026816815574,12_7.5_300
sCSF,8.9,1.07654609915049,12_7.5_300
sCSF,9,1.07289220202252,12_7.5_300
sCSF,9.1,1.06930616025333,12_7.5_300
sCSF,9.2,1.06578758682846,12_7.5_300
sCSF,9.3,1.06233603662416,12_7.5_300
sCSF,9.4,1.05895102160325,12_7.5_300
sCSF,9.5,1.05563198645604,12_7.5_300
sCSF,9.6,1.05237834837666,12_7.5_300
sCSF,9.7,1.04918947946112,12_7.5_300
sCSF,9.8,1.04606470616452,12_7.5_300
sCSF,9.9,1.04300333403304,12_7.5_300
sCSF,10,1.04000463117845,12_7.5_300
sCSF,10.1,1.03706783933617,12_7.5_300
sCSF,10.2,1.03419218192072,12_7.5_300
sCSF,10.3,1.0313768521889,12_7.5_300
sCSF,10.4,1.02862103358673,12_7.5_300
sCSF,10.5,1.0259238909611,12_7.5_300
sCSF,10.6,1.02328457081827,12_7.5_300
sCSF,10.7,1.02070221536235,12_7.5_300
sCSF,10.8,1.01817594934632,12_7.5_300
sCSF,10.9,1.01570489284475,12_7.5_300
sCSF,11,1.01328816474269,12_7.5_300
sCSF,11.1,1.01092487418778,12_7.5_300
sCSF,11.2,1.00861412149924,12_7.5_300
sCSF,11.3,1.00635501786844,12_7.5_300
sCSF,11.4,1.0041466702536,12_7.5_300
sCSF,11.5,1.0019881734986,12_7.5_300
sCSF,11.6,0.999878640264105,12_7.5_300
sCSF,11.7,0.997817182589689,12_7.5_300
sCSF,11.8,0.995802906305058,12_7.5_300
sCSF,11.9,0.993834930831622,12_7.5_300
sCSF,12,0.991912380888062,12_7.5_300
sCSF,12.1,0.990034382877598,12_7.5_300
sCSF,12.2,0.988200070034921,12_7.5_300
sCSF,12.3,0.986408587453328,12_7.5_300
sCSF,12.4,0.984659085596606,12_7.5_300
sCSF,12.5,0.982950719556025,12_7.5_300
sCSF,12.6,0.981282659706491,12_7.5_300
sCSF,12.7,0.979654084356386,12_7.5_300
sCSF,12.8,0.978064175343579,12_7.5_300
sCSF,12.9,0.976512131838812,12_7.5_300
sCSF,13,0.974997161885722,12_7.5_300
sCSF,13.1,0.973518479352136,12_7.5_300
sCSF,13.2,0.972075312712168,12_7.5_300
sCSF,13.3,0.970666902664446,12_7.5_300
sCSF,13.4,0.969292500123327,12_7.5_300
sCSF,13.5,0.967951361942477,12_7.5_300
sCSF,13.6,0.966642763671906,12_7.5_300
sCSF,13.7,0.965365990625985,12_7.5_300
sCSF,13.8,0.964120337335607,12_7.5_300
sCSF,13.9,0.962905109475717,12_7.5_300
sCSF,14,0.961719627890505,12_7.5_300
sCSF,14.1,0.960563224217576,12_7.5_300
sCSF,14.2,0.959435237785175,12_7.5_300
sCSF,14.3,0.958335023850037,12_7.5_300
sCSF,14.4,0.9572619486016,12_7.5_300
sCSF,14.5,0.956215389237881,12_7.5_300
sCSF,14.6,0.955194732796565,12_7.5_300
sCSF,14.7,0.954199380622805,12_7.5_300
sCSF,14.8,0.953228744806021,12_7.5_300
sCSF,14.9,0.95228224736639,12_7.5_300
sCSF,15,0.951359322249101,12_7.5_300
sCSF,15.1,0.950459415452392,12_7.5_300
sCSF,15.2,0.94958198371313,12_7.5_300
sCSF,15.3,0.948726492895502,12_7.5_300
sCSF,15.4,0.94789242191531,12_7.5_300
sCSF,15.5,0.947079259827994,12_7.5_300
sCSF,15.6,0.946286505709772,12_7.5_300
sCSF,15.7,0.945513668663718,12_7.5_300
sCSF,15.8,0.944760269429908,12_7.5_300
sCSF,15.9,0.944025838553672,12_7.5_300
sCSF,16,0.94330991615157,12_7.5_300
sCSF,16.1,0.94261205152117,12_7.5_300
sCSF,16.2,0.941931805208612,12_7.5_300
sCSF,16.3,0.94126874687831,12_7.5_300
sCSF,16.4,0.940622455360517,12_7.5_300
sCSF,16.5,0.939992518042297,12_7.5_300
sCSF,16.6,0.939378532679493,12_7.5_300
sCSF,16.7,0.938780105587249,12_7.5_300
sCSF,16.8,0.938196851828864,12_7.5_300
sCSF,16.9,0.937628394779352,12_7.5_300
sCSF,17,0.937074366871043,12_7.5_300
sCSF,17.1,0.936534408719433,12_7.5_300
sCSF,17.2,0.936008169160444,12_7.5_300
sCSF,17.3,0.935495305077173,12_7.5_300
sCSF,17.4,0.934995481311823,12_7.5_300
sCSF,17.5,0.93450837046799,12_7.5_300
sCSF,17.6,0.934033652777298,12_7.5_300
sCSF,17.7,0.933571015981732,12_7.5_300
sCSF,17.8,0.933120155110603,12_7.5_300
sCSF,17.9,0.93268077238687,12_7.5_300
sCSF,18,0.932252577068663,12_7.5_300
sCSF,18.1,0.931835285396274,12_7.5_300
sCSF,18.2,0.931428620239975,12_7.5_300
sCSF,18.3,0.931032311101754,12_7.5_300
sCSF,18.4,0.93064609393088,12_7.5_300
sCSF,18.5,0.930269711466332,12_7.5_300
sCSF,18.6,0.92990291205976,12_7.5_300
sCSF,18.7,0.929545450299043,12_7.5_300
sCSF,18.8,0.92919708666703,12_7.5_300
sCSF,18.9,0.92885758772971,12_7.5_300
sCSF,19,0.928526725995104,12_7.5_300
sCSF,19.1,0.928204278818609,12_7.5_300
sCSF,19.2,0.927890029234899,12_7.5_300
sCSF,19.3,0.927583765537416,12_7.5_300
sCSF,19.4,0.927285282088466,12_7.5_300
sCSF,19.5,0.926994377473856,12_7.5_300
sCSF,19.6,0.926710855273207,12_7.5_300
sCSF,19.7,0.926434523986337,12_7.5_300
sCSF,19.8,0.92616519702509,12_7.5_300
sCSF,19.9,0.925902693083804,12_7.5_300
sCSF,20,0.92564683430917,12_7.5_300
sCSF,20.1,0.925397447632048,12_7.5_300
sCSF,20.2,0.925154364251412,12_7.5_300
sCSF,20.3,0.924917420228943,12_7.5_300
sCSF,20.4,0.924686455384809,12_7.5_300
sCSF,20.5,0.924461313222476,12_7.5_300
sCSF,20.6,0.92424184133925,12_7.5_300
sCSF,20.7,0.92402789119509,12_7.5_300
sCSF,20.8,0.9238193189199,12_7.5_300
sCSF,20.9,0.923615983034498,12_7.5_300
sCSF,21,0.92341774603405,12_7.5_300
sCSF,21.1,0.923224473844838,12_7.5_300
sCSF,21.2,0.923036036259888,12_7.5_300
sCSF,21.3,0.922852306457477,12_7.5_300
sCSF,21.4,0.922673160171006,12_7.5_300
sCSF,21.5,0.922498476558633,12_7.5_300
sCSF,21.6,0.922328137807319,12_7.5_300
sCSF,21.7,0.922162030394553,12_7.5_300
sCSF,21.8,0.922000042100686,12_7.5_300
sCSF,21.9,0.921842064010043,12_7.5_300
sCSF,22,0.921687989992946,12_7.5_300
sCSF,22.1,0.921537716570642,12_7.5_300
sCSF,22.2,0.921391143892733,12_7.5_300
sCSF,22.3,0.921248174165162,12_7.5_300
sCSF,22.4,0.921108711450929,12_7.5_300
sCSF,22.5,0.920972662620157,12_7.5_300
sCSF,22.6,0.920839936870378,12_7.5_300
sCSF,22.7,0.920710446197061,12_7.5_300
sCSF,22.8,0.920584105688556,12_7.5_300
sCSF,22.9,0.920460830859371,12_7.5_300
sCSF,23,0.920340540074013,12_7.5_300
sCSF,23.1,0.920223153750655,12_7.5_300
sCSF,23.2,0.920108594330997,12_7.5_300
sCSF,23.3,0.919996788082825,12_7.5_300
sCSF,23.4,0.919887660759573,12_7.5_300
sCSF,23.5,0.919781140881681,12_7.5_300
sCSF,23.6,0.919677158787088,12_7.5_300
sCSF,23.7,0.919575646570743,12_7.5_300
sCSF,23.8,0.919476539095196,12_7.5_300
sCSF,23.9,0.919379772171197,12_7.5_300
sCSF,24,0.919285282969494,12_7.5_300
sCSF,24.1,0.919193010547408,12_7.5_300
sCSF,24.2,0.919102895512142,12_7.5_300
sCSF,24.3,0.919014880406632,12_7.5_300
sCSF,24.4,0.918928909597461,12_7.5_300
sCSF,24.5,0.918844927942708,12_7.5_300
sCSF,24.6,0.918762882124989,12_7.5_300
sCSF,24.7,0.918682720184622,12_7.5_300
sCSF,24.8,0.918604391493031,12_7.5_300
sCSF,24.9,0.918527847108297,12_7.5_300
sCSF,25,0.918453039287372,12_7.5_300
brain ECF,0,0,15_1.5_250
brain ECF,0.1,0.713180114279691,15_1.5_250
brain ECF,0.2,1.23426499821312,15_1.5_250
brain ECF,0.3,1.54191086182422,15_1.5_250
brain ECF,0.4,1.70846662144007,15_1.5_250
brain ECF,0.5,1.78316345128149,15_1.5_250
brain ECF,0.6,1.79931664462555,15_1.5_250
brain ECF,0.7,1.77932108549726,15_1.5_250
brain ECF,0.8,1.73809830449099,15_1.5_250
brain ECF,0.9,1.68547268922314,15_1.5_250
brain ECF,1,1.62780704334877,15_1.5_250
brain ECF,1.1,1.56912649673025,15_1.5_250
brain ECF,1.2,1.51188897556078,15_1.5_250
brain ECF,1.3,1.45751189747939,15_1.5_250
brain ECF,1.4,1.40673094437838,15_1.5_250
brain ECF,1.5,1.35984324383412,15_1.5_250
brain ECF,1.6,1.31687121213107,15_1.5_250
brain ECF,1.7,1.27767212322755,15_1.5_250
brain ECF,1.8,1.24201044072614,15_1.5_250
brain ECF,1.9,1.20960508607584,15_1.5_250
brain ECF,2,1.18015950003895,15_1.5_250
brain ECF,2.1,1.15338024181327,15_1.5_250
brain ECF,2.2,1.1289880618763,15_1.5_250
brain ECF,2.3,1.10672381592776,15_1.5_250
brain ECF,2.4,1.08635114859424,15_1.5_250
brain ECF,2.5,1.06765717686213,15_1.5_250
brain ECF,2.6,1.05045187957872,15_1.5_250
brain ECF,2.7,1.03456673766781,15_1.5_250
brain ECF,2.8,1.01985304024692,15_1.5_250
brain ECF,2.9,1.00618002843487,15_1.5_250
brain ECF,3,0.993433028160598,15_1.5_250
brain ECF,3.1,0.981511634986933,15_1.5_250
brain ECF,3.2,0.97032804905841,15_1.5_250
brain ECF,3.3,0.959805548789502,15_1.5_250
brain ECF,3.4,0.949877095026106,15_1.5_250
brain ECF,3.5,0.940484109558465,15_1.5_250
brain ECF,3.6,0.931575379897868,15_1.5_250
brain ECF,3.7,0.923106082711444,15_1.5_250
brain ECF,3.8,0.915036954841842,15_1.5_250
brain ECF,3.9,0.907333562102604,15_1.5_250
brain ECF,4,0.899965656186888,15_1.5_250
brain ECF,4.1,0.892906617861115,15_1.5_250
brain ECF,4.2,0.886132971875465,15_1.5_250
brain ECF,4.3,0.879623965882665,15_1.5_250
brain ECF,4.4,0.8733612104895,15_1.5_250
brain ECF,4.5,0.867328370183754,15_1.5_250
brain ECF,4.6,0.861510897477003,15_1.5_250
brain ECF,4.7,0.855895793040724,15_1.5_250
brain ECF,4.8,0.850471401747583,15_1.5_250
brain ECF,4.9,0.845227239689333,15_1.5_250
brain ECF,5,0.840153841075302,15_1.5_250
brain ECF,5.1,0.835242632461895,15_1.5_250
brain ECF,5.2,0.830485821639325,15_1.5_250
brain ECF,5.3,0.825876300721893,15_1.5_250
brain ECF,5.4,0.821407559565688,15_1.5_250
brain ECF,5.5,0.81707361129851,15_1.5_250
brain ECF,5.6,0.812868933333671,15_1.5_250
brain ECF,5.7,0.808788407703693,15_1.5_250
brain ECF,5.8,0.804827278358505,15_1.5_250
brain ECF,5.9,0.800981110329293,15_1.5_250
brain ECF,6,0.797245757030234,15_1.5_250
brain ECF,6.1,0.793617325066388,15_1.5_250
brain ECF,6.2,0.790092150314681,15_1.5_250
brain ECF,6.3,0.786666771316482,15_1.5_250
brain ECF,6.4,0.783337913250661,15_1.5_250
brain ECF,6.5,0.780102465633592,15_1.5_250
brain ECF,6.6,0.776957468766294,15_1.5_250
brain ECF,6.7,0.773900102156331,15_1.5_250
brain ECF,6.8,0.77092767275407,15_1.5_250
brain ECF,6.9,0.768037601423634,15_1.5_250
brain ECF,7,0.765227420070611,15_1.5_250
brain ECF,7.1,0.762494757841108,15_1.5_250
brain ECF,7.2,0.759837334861172,15_1.5_250
brain ECF,7.3,0.757252957532705,15_1.5_250
brain ECF,7.4,0.754739510438916,15_1.5_250
brain ECF,7.5,0.752294955823035,15_1.5_250
brain ECF,7.6,0.749917323939632,15_1.5_250
brain ECF,7.7,0.747604710621187,15_1.5_250
brain ECF,7.8,0.745355276881722,15_1.5_250
brain ECF,7.9,0.743167242460726,15_1.5_250
brain ECF,8,0.74103888387962,15_1.5_250
brain ECF,8.1,0.738968531667782,15_1.5_250
brain ECF,8.2,0.736954569775276,15_1.5_250
brain ECF,8.3,0.734995429041315,15_1.5_250
brain ECF,8.4,0.73308958956073,15_1.5_250
brain ECF,8.5,0.731235574283288,15_1.5_250
brain ECF,8.6,0.729431951905947,15_1.5_250
brain ECF,8.7,0.727677330177827,15_1.5_250
brain ECF,8.8,0.725970361119593,15_1.5_250
brain ECF,8.9,0.724309732716913,15_1.5_250
brain ECF,9,0.722694171115181,15_1.5_250
brain ECF,9.1,0.721122437802913,15_1.5_250
brain ECF,9.2,0.719593331040115,15_1.5_250
brain ECF,9.3,0.718105682441531,15_1.5_250
brain ECF,9.4,0.716658356468467,15_1.5_250
brain ECF,9.5,0.715250249355959,15_1.5_250
brain ECF,9.6,0.713880287441643,15_1.5_250
brain ECF,9.7,0.71254742922159,15_1.5_250
brain ECF,9.8,0.711250660790529,15_1.5_250
brain ECF,9.9,0.70998899565079,15_1.5_250
brain ECF,10,0.708761475353432,15_1.5_250
brain ECF,10.1,0.707567166587635,15_1.5_250
brain ECF,10.2,0.706405161331573,15_1.5_250
brain ECF,10.3,0.705274580618221,15_1.5_250
brain ECF,10.4,0.704174565434812,15_1.5_250
brain ECF,10.5,0.703104281478098,15_1.5_250
brain ECF,10.6,0.702062918452755,15_1.5_250
brain ECF,10.7,0.701049686831661,15_1.5_250
brain ECF,10.8,0.700063819416306,15_1.5_250
brain ECF,10.9,0.699104571550119,15_1.5_250
brain ECF,11,0.698171217350967,15_1.5_250
brain ECF,11.1,0.69726305112011,15_1.5_250
brain ECF,11.2,0.696379386024013,15_1.5_250
brain ECF,11.3,0.695519553995757,15_1.5_250
brain ECF,11.4,0.694682906104335,15_1.5_250
brain ECF,11.5,0.693868811193883,15_1.5_250
brain ECF,11.6,0.693076653794826,15_1.5_250
brain ECF,11.7,0.692305835719168,15_1.5_250
brain ECF,11.8,0.691555776546373,15_1.5_250
brain ECF,11.9,0.690825909427405,15_1.5_250
brain ECF,12,0.690115683223652,15_1.5_250
brain ECF,12.1,0.689424564420707,15_1.5_250
brain ECF,12.2,0.688752032056016,15_1.5_250
brain ECF,12.3,0.688097579235955,15_1.5_250
brain ECF,12.4,0.687460713443359,15_1.5_250
brain ECF,12.5,0.686840955861692,15_1.5_250
brain ECF,12.6,0.686237839970171,15_1.5_250
brain ECF,12.7,0.685650912159526,15_1.5_250
brain ECF,12.8,0.685079732768814,15_1.5_250
brain ECF,12.9,0.684523872368837,15_1.5_250
brain ECF,13,0.683982913707532,15_1.5_250
brain ECF,13.1,0.683456450830985,15_1.5_250
brain ECF,13.2,0.682944088640287,15_1.5_250
brain ECF,13.3,0.682445442518916,15_1.5_250
brain ECF,13.4,0.681960138754647,15_1.5_250
brain ECF,13.5,0.681487815135994,15_1.5_250
brain ECF,13.6,0.681028117313275,15_1.5_250
brain ECF,13.7,0.680580701150119,15_1.5_250
brain ECF,13.8,0.680145232686104,15_1.5_250
brain ECF,13.9,0.679721386017628,15_1.5_250
brain ECF,14,0.679308844268578,15_1.5_250
brain ECF,14.1,0.678907299311251,15_1.5_250
brain ECF,14.2,0.678516452337285,15_1.5_250
brain ECF,14.3,0.678136011188275,15_1.5_250
brain ECF,14.4,0.677765691962064,15_1.5_250
brain ECF,14.5,0.677405219253925,15_1.5_250
brain ECF,14.6,0.677054325453947,15_1.5_250
brain ECF,14.7,0.67671274904661,15_1.5_250
brain ECF,14.8,0.676380236014873,15_1.5_250
brain ECF,14.9,0.676056540028064,15_1.5_250
brain ECF,15,0.675741420866174,15_1.5_250
brain ECF,15.1,0.675434644702443,15_1.5_250
brain ECF,15.2,0.675135984140791,15_1.5_250
brain ECF,15.3,0.674845218690747,15_1.5_250
brain ECF,15.4,0.674562132908696,15_1.5_250
brain ECF,15.5,0.674286517384805,15_1.5_250
brain ECF,15.6,0.674018168618365,15_1.5_250
brain ECF,15.7,0.673756889251107,15_1.5_250
brain ECF,15.8,0.673502486209222,15_1.5_250
brain ECF,15.9,0.673254771926718,15_1.5_250
brain ECF,16,0.673013564395113,15_1.5_250
brain ECF,16.1,0.672778686463653,15_1.5_250
brain ECF,16.2,0.672549965293478,15_1.5_250
brain ECF,16.3,0.672327232835243,15_1.5_250
brain ECF,16.4,0.672110327298212,15_1.5_250
brain ECF,16.5,0.671899089641493,15_1.5_250
brain ECF,16.6,0.67169336542975,15_1.5_250
brain ECF,16.7,0.67149300452193,15_1.5_250
brain ECF,16.8,0.671297860919639,15_1.5_250
brain ECF,16.9,0.671107792477362,15_1.5_250
brain ECF,17,0.670922660776079,15_1.5_250
brain ECF,17.1,0.670742331058563,15_1.5_250
brain ECF,17.2,0.670566672698172,15_1.5_250
brain ECF,17.3,0.67039555874752,15_1.5_250
brain ECF,17.4,0.670228864788807,15_1.5_250
brain ECF,17.5,0.6700664700046,15_1.5_250
brain ECF,17.6,0.66990825727541,15_1.5_250
brain ECF,17.7,0.669754113822958,15_1.5_250
brain ECF,17.8,0.669603928045562,15_1.5_250
brain ECF,17.9,0.66945759205345,15_1.5_250
brain ECF,18,0.669315000928025,15_1.5_250
brain ECF,18.1,0.669176053227659,15_1.5_250
brain ECF,18.2,0.6690406494922,15_1.5_250
brain ECF,18.3,0.668908693224702,15_1.5_250
brain ECF,18.4,0.668780090527469,15_1.5_250
brain ECF,18.5,0.668654750187778,15_1.5_250
brain ECF,18.6,0.66853258325809,15_1.5_250
brain ECF,18.7,0.668413503187439,15_1.5_250
brain ECF,18.8,0.668297425697854,15_1.5_250
brain ECF,18.9,0.668184269391313,15_1.5_250
brain ECF,19,0.668073954638573,15_1.5_250
brain ECF,19.1,0.667966403746174,15_1.5_250
brain ECF,19.2,0.667861541193538,15_1.5_250
brain ECF,19.3,0.6677592941428,15_1.5_250
brain ECF,19.4,0.667659591697032,15_1.5_250
brain ECF,19.5,0.667562364101993,15_1.5_250
brain ECF,19.6,0.667467543813785,15_1.5_250
brain ECF,19.7,0.66737506506039,15_1.5_250
brain ECF,19.8,0.66728486447854,15_1.5_250
brain ECF,19.9,0.667196879826639,15_1.5_250
brain ECF,20,0.667111050464866,15_1.5_250
brain ECF,20.1,0.667027317447482,15_1.5_250
brain ECF,20.2,0.666945623407605,15_1.5_250
brain ECF,20.3,0.666865914430267,15_1.5_250
brain ECF,20.4,0.666788135711468,15_1.5_250
brain ECF,20.5,0.666712234784931,15_1.5_250
brain ECF,20.6,0.6666381606236,15_1.5_250
brain ECF,20.7,0.666565863457564,15_1.5_250
brain ECF,20.8,0.666495294492946,15_1.5_250
brain ECF,20.9,0.666426406767207,15_1.5_250
brain ECF,21,0.666359154309546,15_1.5_250
brain ECF,21.1,0.666293492310182,15_1.5_250
brain ECF,21.2,0.666229378062284,15_1.5_250
brain ECF,21.3,0.666166770182727,15_1.5_250
brain ECF,21.4,0.666105627203444,15_1.5_250
brain ECF,21.5,0.666045909361163,15_1.5_250
brain ECF,21.6,0.665987577981612,15_1.5_250
brain ECF,21.7,0.665930594479653,15_1.5_250
brain ECF,21.8,0.665874921918597,15_1.5_250
brain ECF,21.9,0.665820524403166,15_1.5_250
brain ECF,22,0.66576736669237,15_1.5_250
brain ECF,22.1,0.665715414369343,15_1.5_250
brain ECF,22.2,0.665664637933063,15_1.5_250
brain ECF,22.3,0.665615003905568,15_1.5_250
brain ECF,22.4,0.665566481494743,15_1.5_250
brain ECF,22.5,0.665519040848265,15_1.5_250
brain ECF,22.6,0.665472652454565,15_1.5_250
brain ECF,22.7,0.665427285820854,15_1.5_250
brain ECF,22.8,0.665382914159781,15_1.5_250
brain ECF,22.9,0.665339510227478,15_1.5_250
brain ECF,23,0.665297047449718,15_1.5_250
brain ECF,23.1,0.665255499953745,15_1.5_250
brain ECF,23.2,0.66521484369946,15_1.5_250
brain ECF,23.3,0.665175053693222,15_1.5_250
brain ECF,23.4,0.665136106138614,15_1.5_250
brain ECF,23.5,0.665097977830592,15_1.5_250
brain ECF,23.6,0.665060646130257,15_1.5_250
brain ECF,23.7,0.665024090791589,15_1.5_250
brain ECF,23.8,0.66498829023241,15_1.5_250
brain ECF,23.9,0.664953223843058,15_1.5_250
brain ECF,24,0.664918871771453,15_1.5_250
brain ECF,24.1,0.664885214742945,15_1.5_250
brain ECF,24.2,0.664852233542849,15_1.5_250
brain ECF,24.3,0.664819909787255,15_1.5_250
brain ECF,24.4,0.664788225760392,15_1.5_250
brain ECF,24.5,0.664757164074543,15_1.5_250
brain ECF,24.6,0.66472670779564,15_1.5_250
brain ECF,24.7,0.664696840355875,15_1.5_250
brain ECF,24.8,0.664667545547879,15_1.5_250
brain ECF,24.9,0.664638807626969,15_1.5_250
brain ECF,25,0.664610611164831,15_1.5_250
brain ICF,0,0,15_1.5_250
brain ICF,0.1,14.2426679803344,15_1.5_250
brain ICF,0.2,24.6726034865744,15_1.5_250
brain ICF,0.3,30.8310017277653,15_1.5_250
brain ICF,0.4,34.1657134986213,15_1.5_250
brain ICF,0.5,35.6619681576166,15_1.5_250
brain ICF,0.6,35.9864876913664,15_1.5_250
brain ICF,0.7,35.587454940092,15_1.5_250
brain ICF,0.8,34.7634953427472,15_1.5_250
brain ICF,0.9,33.7112292530656,15_1.5_250
brain ICF,1,32.5580025515972,15_1.5_250
brain ICF,1.1,31.3843782693076,15_1.5_250
brain ICF,1.2,30.2395552555858,15_1.5_250
brain ICF,1.3,29.1519084670661,15_1.5_250
brain ICF,1.4,28.1361688206013,15_1.5_250
brain ICF,1.5,27.19828984436,15_1.5_250
brain ICF,1.6,26.3387266114645,15_1.5_250
brain ICF,1.7,25.5546285346245,15_1.5_250
brain ICF,1.8,24.8412869742969,15_1.5_250
brain ICF,1.9,24.1930812559788,15_1.5_250
brain ICF,2,23.60408034245,15_1.5_250
brain ICF,2.1,23.0684151109996,15_1.5_250
brain ICF,2.2,22.5805000072528,15_1.5_250
brain ICF,2.3,22.1351514507134,15_1.5_250
brain ICF,2.4,21.7276415919549,15_1.5_250
brain ICF,2.5,21.3537120308869,15_1.5_250
brain ICF,2.6,21.0095616381611,15_1.5_250
brain ICF,2.7,20.6918193754493,15_1.5_250
brain ICF,2.8,20.3975104258629,15_1.5_250
brain ICF,2.9,20.1240190721189,15_1.5_250
brain ICF,3,19.8690513516713,15_1.5_250
brain ICF,3.1,19.6305987504369,15_1.5_250
brain ICF,3.2,19.4069048961079,15_1.5_250
brain ICF,3.3,19.196435028745,15_1.5_250
brain ICF,3.4,18.9978480780791,15_1.5_250
brain ICF,3.5,18.8099722294346,15_1.5_250
brain ICF,3.6,18.6317830156026,15_1.5_250
brain ICF,3.7,18.4623837812079,15_1.5_250
brain ICF,3.8,18.3009890983924,15_1.5_250
brain ICF,3.9,18.1469101413864,15_1.5_250
brain ICF,4,17.9995418199538,15_1.5_250
brain ICF,4.1,17.858351642747,15_1.5_250
brain ICF,4.2,17.7228700116948,15_1.5_250
brain ICF,4.3,17.5926817998875,15_1.5_250
brain ICF,4.4,17.4674191493034,15_1.5_250
brain ICF,4.5,17.3467552890254,15_1.5_250
brain ICF,4.6,17.230399216415,15_1.5_250
brain ICF,4.7,17.1180908994886,15_1.5_250
brain ICF,4.8,17.009597195649,15_1.5_250
brain ICF,4.9,16.9047083922496,15_1.5_250
brain ICF,5,16.8032351433003,15_1.5_250
brain ICF,5.1,16.7050059534553,15_1.5_250
brain ICF,5.2,16.6098649551998,15_1.5_250
brain ICF,5.3,16.5176699705839,15_1.5_250
brain ICF,5.4,16.4282907792028,15_1.5_250
brain ICF,5.5,16.3416076278482,15_1.5_250
brain ICF,5.6,16.2575100508502,15_1.5_250
brain ICF,5.7,16.1758956772414,15_1.5_250
brain ICF,5.8,16.0966693747658,15_1.5_250
brain ICF,5.9,16.0197424346145,15_1.5_250
brain ICF,6,15.9450319163835,15_1.5_250
brain ICF,6.1,15.8724599445259,15_1.5_250
brain ICF,6.2,15.8019532299291,15_1.5_250
brain ICF,6.3,15.7334425371813,15_1.5_250
brain ICF,6.4,15.6668623641908,15_1.5_250
brain ICF,6.5,15.602150496288,15_1.5_250
brain ICF,6.6,15.5392477352523,15_1.5_250
brain ICF,6.7,15.4780976665974,15_1.5_250
brain ICF,6.8,15.4186464257379,15_1.5_250
brain ICF,6.9,15.3608424262687,15_1.5_250
brain ICF,7,15.3046363030443,15_1.5_250
brain ICF,7.1,15.2499806359968,15_1.5_250
brain ICF,7.2,15.1968298249414,15_1.5_250
brain ICF,7.3,15.1451399952315,15_1.5_250
brain ICF,7.4,15.0948688360527,15_1.5_250
brain ICF,7.5,15.0459755898772,15_1.5_250
brain ICF,7.6,14.9984208597951,15_1.5_250
brain ICF,7.7,14.9521665605465,15_1.5_250
brain ICF,7.8,14.9071759101595,15_1.5_250
brain ICF,7.9,14.8634133016664,15_1.5_250
brain ICF,8,14.8208442638076,15_1.5_250
brain ICF,8.1,14.7794354054,15_1.5_250
brain ICF,8.2,14.7391544038925,15_1.5_250
brain ICF,8.3,14.6999698745174,15_1.5_250
brain ICF,8.4,14.6618514177515,15_1.5_250
brain ICF,8.5,14.6247694912153,15_1.5_250
brain ICF,8.6,14.5886954674388,15_1.5_250
brain ICF,8.7,14.5536015000911,15_1.5_250
brain ICF,8.8,14.5194606283306,15_1.5_250
brain ICF,8.9,14.4862466106082,15_1.5_250
brain ICF,9,14.4539339687685,15_1.5_250
brain ICF,9.1,14.4224979315229,15_1.5_250
brain ICF,9.2,14.3919144628753,15_1.5_250
brain ICF,9.3,14.3621601939392,15_1.5_250
brain ICF,9.4,14.3332124130234,15_1.5_250
brain ICF,9.5,14.3050490438971,15_1.5_250
brain ICF,9.6,14.2776486122604,15_1.5_250
brain ICF,9.7,14.2509902871233,15_1.5_250
brain ICF,9.8,14.2250537894648,15_1.5_250
brain ICF,9.9,14.199819388432,15_1.5_250
brain ICF,10,14.1752679142656,15_1.5_250
brain ICF,10.1,14.151380699948,15_1.5_250
brain ICF,10.2,14.1281395842879,15_1.5_250
brain ICF,10.3,14.105526987008,15_1.5_250
brain ICF,10.4,14.0835257270927,15_1.5_250
brain ICF,10.5,14.0621191176908,15_1.5_250
brain ICF,10.6,14.0412909523595,15_1.5_250
brain ICF,10.7,14.021025439842,15_1.5_250
brain ICF,10.8,14.00130723551,15_1.5_250
brain ICF,10.9,13.9821214454303,15_1.5_250
brain ICF,11,13.9634535513276,15_1.5_250
brain ICF,11.1,13.9452894386155,15_1.5_250
brain ICF,11.2,13.9276153701398,15_1.5_250
brain ICF,11.3,13.9104179839828,15_1.5_250
brain ICF,11.4,13.8936843009042,15_1.5_250
brain ICF,11.5,13.8774016971563,15_1.5_250
brain ICF,11.6,13.8615578628397,15_1.5_250
brain ICF,11.7,13.8461408336615,15_1.5_250
brain ICF,11.8,13.8311390007673,15_1.5_250
brain ICF,11.9,13.8165410266672,15_1.5_250
brain ICF,12,13.8023358881285,15_1.5_250
brain ICF,12.1,13.7885129143362,15_1.5_250
brain ICF,12.2,13.7750616855741,15_1.5_250
brain ICF,12.3,13.7619720635094,15_1.5_250
brain ICF,12.4,13.7492341973805,15_1.5_250
brain ICF,12.5,13.7368385104941,15_1.5_250
brain ICF,12.6,13.7247756720177,15_1.5_250
brain ICF,12.7,13.7130366093879,15_1.5_250
brain ICF,12.8,13.7016125289147,15_1.5_250
brain ICF,12.9,13.6904948416559,15_1.5_250
brain ICF,13,13.6796752021785,15_1.5_250
brain ICF,13.1,13.6691454911011,15_1.5_250
brain ICF,13.2,13.6588978061287,15_1.5_250
brain ICF,13.3,13.6489244546045,15_1.5_250
brain ICF,13.4,13.6392179619534,15_1.5_250
brain ICF,13.5,13.629771083542,15_1.5_250
brain ICF,13.6,13.6205767320778,15_1.5_250
brain ICF,13.7,13.6116280244933,15_1.5_250
brain ICF,13.8,13.6029182814165,15_1.5_250
brain ICF,13.9,13.5944409844419,15_1.5_250
brain ICF,14,13.5861897957857,15_1.5_250
brain ICF,14.1,13.5781585526291,15_1.5_250
brain ICF,14.2,13.5703412784906,15_1.5_250
brain ICF,14.3,13.5627321299667,15_1.5_250
brain ICF,14.4,13.5553254287562,15_1.5_250
brain ICF,14.5,13.5481156665287,15_1.5_250
brain ICF,14.6,13.5410974908624,15_1.5_250
brain ICF,14.7,13.5342656712077,15_1.5_250
brain ICF,14.8,13.5276151270002,15_1.5_250
brain ICF,14.9,13.5211409314149,15_1.5_250
brain ICF,15,13.5148382798437,15_1.5_250
brain ICF,15.1,13.50870249555,15_1.5_250
brain ICF,15.2,13.5027290304175,15_1.5_250
brain ICF,15.3,13.4969134744285,15_1.5_250
brain ICF,15.4,13.4912515185286,15_1.5_250
brain ICF,15.5,13.485738974336,15_1.5_250
brain ICF,15.6,13.480371771658,15_1.5_250
brain ICF,15.7,13.4751459631592,15_1.5_250
brain ICF,15.8,13.4700576871912,15_1.5_250
brain ICF,15.9,13.4651031922686,15_1.5_250
brain ICF,16,13.4602788380661,15_1.5_250
brain ICF,16.1,13.4555810814173,15_1.5_250
brain ICF,16.2,13.4510064653948,15_1.5_250
brain ICF,16.3,13.4465516288683,15_1.5_250
brain ICF,16.4,13.4422133358583,15_1.5_250
brain ICF,16.5,13.4379884054089,15_1.5_250
brain ICF,16.6,13.4338737486733,15_1.5_250
brain ICF,16.7,13.4298663626901,15_1.5_250
brain ICF,16.8,13.4259633273912,15_1.5_250
brain ICF,16.9,13.4221617997541,15_1.5_250
brain ICF,17,13.4184590112779,15_1.5_250
brain ICF,17.1,13.4148522667143,15_1.5_250
brain ICF,17.2,13.4113389533996,15_1.5_250
brain ICF,17.3,13.4079165322451,15_1.5_250
brain ICF,17.4,13.4045825147995,15_1.5_250
brain ICF,17.5,13.4013344845988,15_1.5_250
brain ICF,17.6,13.3981700991501,15_1.5_250
brain ICF,17.7,13.3950871028133,15_1.5_250
brain ICF,17.8,13.3920832634406,15_1.5_250
brain ICF,17.9,13.389156423141,15_1.5_250
brain ICF,18,13.3863044834508,15_1.5_250
brain ICF,18.1,13.3835254154537,15_1.5_250
brain ICF,18.2,13.3808172298603,15_1.5_250
brain ICF,18.3,13.3781779966513,15_1.5_250
brain ICF,18.4,13.3756058377957,15_1.5_250
brain ICF,18.5,13.3730989289437,15_1.5_250
brain ICF,18.6,13.3706554910729,15_1.5_250
brain ICF,18.7,13.3682737930887,15_1.5_250
brain ICF,18.8,13.3659521493567,15_1.5_250
brain ICF,18.9,13.3636889318466,15_1.5_250
brain ICF,19,13.3614825479027,15_1.5_250
brain ICF,19.1,13.359331443586,15_1.5_250
brain ICF,19.2,13.3572341084169,15_1.5_250
brain ICF,19.3,13.3551890855765,15_1.5_250
brain ICF,19.4,13.3531949570661,15_1.5_250
brain ICF,19.5,13.3512503277372,15_1.5_250
brain ICF,19.6,13.3493538466524,15_1.5_250
brain ICF,19.7,13.3475041983134,15_1.5_250
brain ICF,19.8,13.3457001154046,15_1.5_250
brain ICF,19.9,13.343940353041,15_1.5_250
brain ICF,20,13.3422236983746,15_1.5_250
brain ICF,20.1,13.3405489724423,15_1.5_250
brain ICF,20.2,13.3389150278589,15_1.5_250
brain ICF,20.3,13.3373207862467,15_1.5_250
brain ICF,20.4,13.3357651514873,15_1.5_250
brain ICF,20.5,13.3342470742025,15_1.5_250
brain ICF,20.6,13.3327655337977,15_1.5_250
brain ICF,20.7,13.331319534837,15_1.5_250
brain ICF,20.8,13.3299081014483,15_1.5_250
brain ICF,20.9,13.328530294322,15_1.5_250
brain ICF,21,13.3271851940135,15_1.5_250
brain ICF,21.1,13.3258719043027,15_1.5_250
brain ICF,21.2,13.3245895709821,15_1.5_250
brain ICF,21.3,13.32333736631,15_1.5_250
brain ICF,21.4,13.3221144609068,15_1.5_250
brain ICF,21.5,13.3209200594561,15_1.5_250
brain ICF,21.6,13.3197533884182,15_1.5_250
brain ICF,21.7,13.3186136761431,15_1.5_250
brain ICF,21.8,13.3175001838728,15_1.5_250
brain ICF,21.9,13.3164121936661,15_1.5_250
brain ICF,22,13.3153490006958,15_1.5_250
brain ICF,22.1,13.314309916623,15_1.5_250
brain ICF,22.2,13.3132943512193,15_1.5_250
brain ICF,22.3,13.3123016349668,15_1.5_250
brain ICF,22.4,13.3113311519689,15_1.5_250
brain ICF,22.5,13.3103823051183,15_1.5_250
brain ICF,22.6,13.3094545041715,15_1.5_250
brain ICF,22.7,13.3085471394372,15_1.5_250
brain ICF,22.8,13.3076596750466,15_1.5_250
brain ICF,22.9,13.3067915661207,15_1.5_250
brain ICF,23,13.3059422811801,15_1.5_250
brain ICF,23.1,13.3051113027707,15_1.5_250
brain ICF,23.2,13.3042981498782,15_1.5_250
brain ICF,23.3,13.3035023227021,15_1.5_250
brain ICF,23.4,13.3027233452775,15_1.5_250
brain ICF,23.5,13.3019607534622,15_1.5_250
brain ICF,23.6,13.3012140944317,15_1.5_250
brain ICF,23.7,13.3004829633606,15_1.5_250
brain ICF,23.8,13.2997669285469,15_1.5_250
brain ICF,23.9,13.2990655777701,15_1.5_250
brain ICF,24,13.2983785139774,15_1.5_250
brain ICF,24.1,13.2977053516674,15_1.5_250
brain ICF,24.2,13.2970457065103,15_1.5_250
brain ICF,24.3,13.2963992108127,15_1.5_250
brain ICF,24.4,13.2957655102558,15_1.5_250
brain ICF,24.5,13.2951442570744,15_1.5_250
brain ICF,24.6,13.2945351125772,15_1.5_250
brain ICF,24.7,13.2939377453878,15_1.5_250
brain ICF,24.8,13.2933518313308,15_1.5_250
brain ICF,24.9,13.2927770554962,15_1.5_250
brain ICF,25,13.2922131092924,15_1.5_250
sCSF,0,0,15_1.5_250
sCSF,0.1,0.0228488581281109,15_1.5_250
sCSF,0.2,0.086436723089208,15_1.5_250
sCSF,0.3,0.172929856409687,15_1.5_250
sCSF,0.4,0.270118919696135,15_1.5_250
sCSF,0.5,0.370191726510685,15_1.5_250
sCSF,0.6,0.468297962518449,15_1.5_250
sCSF,0.7,0.561565859028994,15_1.5_250
sCSF,0.8,0.648430730060233,15_1.5_250
sCSF,0.9,0.728178252581206,15_1.5_250
sCSF,1,0.800635442070392,15_1.5_250
sCSF,1.1,0.865962938283712,15_1.5_250
sCSF,1.2,0.92451663456037,15_1.5_250
sCSF,1.3,0.976756621538688,15_1.5_250
sCSF,1.4,1.02318822413444,15_1.5_250
sCSF,1.5,1.06432476039765,15_1.5_250
sCSF,1.6,1.10066482192206,15_1.5_250
sCSF,1.7,1.13267921675039,15_1.5_250
sCSF,1.8,1.16080424736467,15_1.5_250
sCSF,1.9,1.18543903281508,15_1.5_250
sCSF,2,1.20694540756922,15_1.5_250
sCSF,2.1,1.22564933403904,15_1.5_250
sCSF,2.2,1.24184316957521,15_1.5_250
sCSF,2.3,1.25578837018355,15_1.5_250
sCSF,2.4,1.26771832331708,15_1.5_250
sCSF,2.5,1.27784114788369,15_1.5_250
sCSF,2.6,1.28634236692244,15_1.5_250
sCSF,2.7,1.29338738380215,15_1.5_250
sCSF,2.8,1.29912374570913,15_1.5_250
sCSF,2.9,1.30368318427969,15_1.5_250
sCSF,3,1.30718344707033,15_1.5_250
sCSF,3.1,1.30972991754669,15_1.5_250
sCSF,3.2,1.31141705050397,15_1.5_250
sCSF,3.3,1.3123296396129,15_1.5_250
sCSF,3.4,1.31254393305033,15_1.5_250
sCSF,3.5,1.31212861125482,15_1.5_250
sCSF,3.6,1.31114564565921,15_1.5_250
sCSF,3.7,1.30965104841598,15_1.5_250
sCSF,3.8,1.30769553378055,15_1.5_250
sCSF,3.9,1.30532509781402,15_1.5_250
sCSF,4,1.30258152726764,15_1.5_250
sCSF,4.1,1.29950284278495,15_1.5_250
sCSF,4.2,1.2961236915493,15_1.5_250
sCSF,4.3,1.29247569252405,15_1.5_250
sCSF,4.4,1.28858773917791,15_1.5_250
sCSF,4.5,1.28448626899517,15_1.5_250
sCSF,4.6,1.2801955010799,15_1.5_250
sCSF,4.7,1.2757376446801,15_1.5_250
sCSF,4.8,1.27113308497607,15_1.5_250
sCSF,4.9,1.26640054901869,15_1.5_250
sCSF,5,1.26155725308659,15_1.5_250
sCSF,5.1,1.25661903342206,15_1.5_250
sCSF,5.2,1.25160046583058,15_1.5_250
sCSF,5.3,1.24651497103326,15_1.5_250
sCSF,5.4,1.24137490784853,15_1.5_250
sCSF,5.5,1.23619165865414,15_1.5_250
sCSF,5.6,1.23097570687525,15_1.5_250
sCSF,5.7,1.22573670690535,15_1.5_250
sCSF,5.8,1.22048354683067,15_1.5_250
sCSF,5.9,1.2152244062787,15_1.5_250
sCSF,6,1.20996680848496,15_1.5_250
sCSF,6.1,1.20471767122545,15_1.5_250
sCSF,6.2,1.19948334596091,15_1.5_250
sCSF,6.3,1.19426965955631,15_1.5_250
sCSF,6.4,1.18908195120382,15_1.5_250
sCSF,6.5,1.18392510752794,15_1.5_250
sCSF,6.6,1.17880359246046,15_1.5_250
sCSF,6.7,1.17372147641015,15_1.5_250
sCSF,6.8,1.16868246187432,15_1.5_250
sCSF,6.9,1.16368991353986,15_1.5_250
sCSF,7,1.15874687478333,15_1.5_250
sCSF,7.1,1.15385609281551,15_1.5_250
sCSF,7.2,1.14902003926114,15_1.5_250
sCSF,7.3,1.14424092364615,15_1.5_250
sCSF,7.4,1.13952071749086,15_1.5_250
sCSF,7.5,1.13486116514363,15_1.5_250
sCSF,7.6,1.13026380072294,15_1.5_250
sCSF,7.7,1.12572996499033,15_1.5_250
sCSF,7.8,1.12126081359321,15_1.5_250
sCSF,7.9,1.11685733246491,15_1.5_250
sCSF,8,1.11252035005782,15_1.5_250
sCSF,8.1,1.10825054849775,15_1.5_250
sCSF,8.2,1.1040484695727,15_1.5_250
sCSF,8.3,1.09991453363403,15_1.5_250
sCSF,8.4,1.09584903421408,15_1.5_250
sCSF,8.5,1.09185216392558,15_1.5_250
sCSF,8.6,1.08792400369763,15_1.5_250
sCSF,8.7,1.08406454850997,15_1.5_250
sCSF,8.8,1.08027369776029,15_1.5_250
sCSF,8.9,1.07655127712593,15_1.5_250
sCSF,9,1.07289703089096,15_1.5_250
sCSF,9.1,1.06931064052416,15_1.5_250
sCSF,9.2,1.065791719773,15_1.5_250
sCSF,9.3,1.06233982676561,15_1.5_250
sCSF,9.4,1.05895446294097,15_1.5_250
sCSF,9.5,1.05563508263731,15_1.5_250
sCSF,9.6,1.05238110217259,15_1.5_250
sCSF,9.7,1.0491918850452,15_1.5_250
sCSF,9.8,1.04606676693174,15_1.5_250
sCSF,9.9,1.0430050557605,15_1.5_250
sCSF,10,1.04000601111896,15_1.5_250
sCSF,10.1,1.03706888291186,15_1.5_250
sCSF,10.2,1.03419289577252,15_1.5_250
sCSF,10.3,1.0313772388681,15_1.5_250
sCSF,10.4,1.02862109821155,15_1.5_250
sCSF,10.5,1.02592363979324,15_1.5_250
sCSF,10.6,1.02328400739022,15_1.5_250
sCSF,10.7,1.02070134356152,15_1.5_250
sCSF,10.8,1.01817477759512,15_1.5_250
sCSF,10.9,1.01570342562274,15_1.5_250
sCSF,11,1.0132864057844,15_1.5_250
sCSF,11.1,1.01092282766273,15_1.5_250
sCSF,11.2,1.00861179440993,15_1.5_250
sCSF,11.3,1.0063524143523,15_1.5_250
sCSF,11.4,1.00414378917342,15_1.5_250
sCSF,11.5,1.00198502111295,15_1.5_250
sCSF,11.6,0.999875220702344,15_1.5_250
sCSF,11.7,0.997813498696481,15_1.5_250
sCSF,11.8,0.995798959891142,15_1.5_250
sCSF,11.9,0.993830727140319,15_1.5_250
sCSF,12,0.991907926055137,15_1.5_250
sCSF,12.1,0.990029678735003,15_1.5_250
sCSF,12.2,0.988195122079135,15_1.5_250
sCSF,12.3,0.986403401378972,15_1.5_250
sCSF,12.4,0.984653666095944,15_1.5_250
sCSF,12.5,0.982945071332068,15_1.5_250
sCSF,12.6,0.981276787649105,15_1.5_250
sCSF,12.7,0.979647992970844,15_1.5_250
sCSF,12.8,0.978057869119784,15_1.5_250
sCSF,12.9,0.976505615012477,15_1.5_250
sCSF,13,0.974990438424633,15_1.5_250
sCSF,13.1,0.973511554311565,15_1.5_250
sCSF,13.2,0.972068190295558,15_1.5_250
sCSF,13.3,0.970659586940088,15_1.5_250
sCSF,13.4,0.969284994283784,15_1.5_250
sCSF,13.5,0.967943671002674,15_1.5_250
sCSF,13.6,0.966634891735077,15_1.5_250
sCSF,13.7,0.965357941707868,15_1.5_250
sCSF,13.8,0.964112112687431,15_1.5_250
sCSF,13.9,0.962896714118651,15_1.5_250
sCSF,14,0.961711065696473,15_1.5_250
sCSF,14.1,0.960554498296432,15_1.5_250
sCSF,14.2,0.959426351229123,15_1.5_250
sCSF,14.3,0.958325980440104,15_1.5_250
sCSF,14.4,0.957252752264403,15_1.5_250
sCSF,14.5,0.956206043045281,15_1.5_250
sCSF,14.6,0.955185240142889,15_1.5_250
sCSF,14.7,0.954189745057473,15_1.5_250
sCSF,14.8,0.953218969973491,15_1.5_250
sCSF,14.9,0.952272336243969,15_1.5_250
sCSF,15,0.951349278197363,15_1.5_250
sCSF,15.1,0.950449241694286,15_1.5_250
sCSF,15.2,0.949571683391878,15_1.5_250
sCSF,15.3,0.948716068998313,15_1.5_250
sCSF,15.4,0.947881877390053,15_1.5_250
sCSF,15.5,0.94706859753605,15_1.5_250
sCSF,15.6,0.946275728686916,15_1.5_250
sCSF,15.7,0.945502779738714,15_1.5_250
sCSF,15.8,0.944749271300948,15_1.5_250
sCSF,15.9,0.944014733780157,15_1.5_250
sCSF,16,0.94329870700588,15_1.5_250
sCSF,16.1,0.942600740779499,15_1.5_250
sCSF,16.2,0.94192039523034,15_1.5_250
sCSF,16.3,0.94125723989058,15_1.5_250
sCSF,16.4,0.940610852955199,15_1.5_250
sCSF,16.5,0.939980822742759,15_1.5_250
sCSF,16.6,0.939366746612921,15_1.5_250
sCSF,16.7,0.938768230911302,15_1.5_250
sCSF,16.8,0.938184890356783,15_1.5_250
sCSF,16.9,0.937616348621005,15_1.5_250
sCSF,17,0.937062238134617,15_1.5_250
sCSF,17.1,0.936522199601628,15_1.5_250
sCSF,17.2,0.935995881741625,15_1.5_250
sCSF,17.3,0.935482941266847,15_1.5_250
sCSF,17.4,0.934983043131971,15_1.5_250
sCSF,17.5,0.934495859916773,15_1.5_250
sCSF,17.6,0.934021071807783,15_1.5_250
sCSF,17.7,0.933558366437226,15_1.5_250
sCSF,17.8,0.933107438767456,15_1.5_250
sCSF,17.9,0.932667990907294,15_1.5_250
sCSF,18,0.932239732010955,15_1.5_250
sCSF,18.1,0.931822378479508,15_1.5_250
sCSF,18.2,0.931415652987007,15_1.5_250
sCSF,18.3,0.931019284961464,15_1.5_250
sCSF,18.4,0.93063301027551,15_1.5_250
sCSF,18.5,0.930256571637305,15_1.5_250
sCSF,18.6,0.929889717417113,15_1.5_250
sCSF,18.7,0.929532202179507,15_1.5_250
sCSF,18.8,0.929183786426568,15_1.5_250
sCSF,18.9,0.92884423679572,15_1.5_250
sCSF,19,0.928513325391214,15_1.5_250
sCSF,19.1,0.928190829772981,15_1.5_250
sCSF,19.2,0.927876532981536,15_1.5_250
sCSF,19.3,0.927570223703535,15_1.5_250
sCSF,19.4,0.927271695792887,15_1.5_250
sCSF,19.5,0.926980747762777,15_1.5_250
sCSF,19.6,0.92669718323835,15_1.5_250
sCSF,19.7,0.926420810633967,15_1.5_250
sCSF,19.8,0.926151443996106,15_1.5_250
sCSF,19.9,0.925888901179574,15_1.5_250
sCSF,20,0.925633004473121,15_1.5_250
sCSF,20.1,0.925383580687537,15_1.5_250
sCSF,20.2,0.925140460921202,15_1.5_250
sCSF,20.3,0.924903481980129,15_1.5_250
sCSF,20.4,0.924672482838742,15_1.5_250
sCSF,20.5,0.924447307140282,15_1.5_250
sCSF,20.6,0.924227802404926,15_1.5_250
sCSF,20.7,0.924013820238578,15_1.5_250
sCSF,20.8,0.923805216774415,15_1.5_250
sCSF,20.9,0.923601850443785,15_1.5_250
sCSF,21,0.923403583730224,15_1.5_250
sCSF,21.1,0.923210282552531,15_1.5_250
sCSF,21.2,0.923021816743421,15_1.5_250
sCSF,21.3,0.922838059521298,15_1.5_250
sCSF,21.4,0.922658886593823,15_1.5_250
sCSF,21.5,0.922484177132535,15_1.5_250
sCSF,21.6,0.922313813340241,15_1.5_250
sCSF,21.7,0.922147681136554,15_1.5_250
sCSF,21.8,0.921985668778069,15_1.5_250
sCSF,21.9,0.921827667226878,15_1.5_250
sCSF,22,0.921673570341604,15_1.5_250
sCSF,22.1,0.921523274642615,15_1.5_250
sCSF,22.2,0.921376680573204,15_1.5_250
sCSF,22.3,0.921233689532052,15_1.5_250
sCSF,22.4,0.921094205971733,15_1.5_250
sCSF,22.5,0.920958136758688,15_1.5_250
sCSF,22.6,0.920825391371385,15_1.5_250
sCSF,22.7,0.920695882440121,15_1.5_250
sCSF,22.8,0.920569523447252,15_1.5_250
sCSF,22.9,0.920446230609124,15_1.5_250
sCSF,23,0.920325922258941,15_1.5_250
sCSF,23.1,0.920208518848845,15_1.5_250
sCSF,23.2,0.920093944199681,15_1.5_250
sCSF,23.3,0.919982122304857,15_1.5_250
sCSF,23.4,0.919872979737244,15_1.5_250
sCSF,23.5,0.919766444927544,15_1.5_250
sCSF,23.6,0.919662448101622,15_1.5_250
sCSF,23.7,0.919560922592749,15_1.5_250
sCSF,23.8,0.919461802029196,15_1.5_250
sCSF,23.9,0.919365022004271,15_1.5_250
sCSF,24,0.919270519872813,15_1.5_250
sCSF,24.1,0.919178234573505,15_1.5_250
sCSF,24.2,0.919088107494764,15_1.5_250
sCSF,24.3,0.919000080980328,15_1.5_250
sCSF,24.4,0.918914098545054,15_1.5_250
sCSF,24.5,0.918830105415817,15_1.5_250
sCSF,24.6,0.91874804821923,15_1.5_250
sCSF,24.7,0.918667875193691,15_1.5_250
sCSF,24.8,0.918589536092872,15_1.5_250
sCSF,24.9,0.918512981680329,15_1.5_250
sCSF,25,0.918438164164502,15_1.5_250
brain ECF,0,0,15_1.5_300
brain ECF,0.1,0.713188759748076,15_1.5_300
brain ECF,0.2,1.23427121025883,15_1.5_300
brain ECF,0.3,1.54191497438826,15_1.5_300
brain ECF,0.4,1.70846930464247,15_1.5_300
brain ECF,0.5,1.78316516427248,15_1.5_300
brain ECF,0.6,1.79931770594238,15_1.5_300
brain ECF,0.7,1.77932171229518,15_1.5_300
brain ECF,0.8,1.73809864430162,15_1.5_300
brain ECF,0.9,1.68547284286791,15_1.5_300
brain ECF,1,1.62780707910913,15_1.5_300
brain ECF,1.1,1.56912646116957,15_1.5_300
brain ECF,1.2,1.5118888970238,15_1.5_300
brain ECF,1.3,1.45751179807302,15_1.5_300
brain ECF,1.4,1.40673083523383,15_1.5_300
brain ECF,1.5,1.35984313412199,15_1.5_300
brain ECF,1.6,1.31687110574035,15_1.5_300
brain ECF,1.7,1.27767202246084,15_1.5_300
brain ECF,1.8,1.24201034902368,15_1.5_300
brain ECF,1.9,1.2096050020208,15_1.5_300
brain ECF,2,1.18015942393098,15_1.5_300
brain ECF,2.1,1.15338017340432,15_1.5_300
brain ECF,2.2,1.12898800095524,15_1.5_300
brain ECF,2.3,1.1067237616628,15_1.5_300
brain ECF,2.4,1.0863511009481,15_1.5_300
brain ECF,2.5,1.06765713485007,15_1.5_300
brain ECF,2.6,1.05045184209438,15_1.5_300
brain ECF,2.7,1.0345667044163,15_1.5_300
brain ECF,2.8,1.01985301082708,15_1.5_300
brain ECF,2.9,1.00618000222374,15_1.5_300
brain ECF,3,0.993433004528785,15_1.5_300
brain ECF,3.1,0.981511614155215,15_1.5_300
brain ECF,3.2,0.970328030413414,15_1.5_300
brain ECF,3.3,0.959805532207923,15_1.5_300
brain ECF,3.4,0.949877080121234,15_1.5_300
brain ECF,3.5,0.940484095921666,15_1.5_300
brain ECF,3.6,0.931575367316546,15_1.5_300
brain ECF,3.7,0.923106071233286,15_1.5_300
brain ECF,3.8,0.9150369445699,15_1.5_300
brain ECF,3.9,0.907333552923482,15_1.5_300
brain ECF,4,0.899965647891782,15_1.5_300
brain ECF,4.1,0.892906609859623,15_1.5_300
brain ECF,4.2,0.886132964189925,15_1.5_300
brain ECF,4.3,0.879623958731436,15_1.5_300
brain ECF,4.4,0.873361204062577,15_1.5_300
brain ECF,4.5,0.867328364439301,15_1.5_300
brain ECF,4.6,0.861510892088549,15_1.5_300
brain ECF,4.7,0.855895787937829,15_1.5_300
brain ECF,4.8,0.850471396671187,15_1.5_300
brain ECF,4.9,0.845227234846762,15_1.5_300
brain ECF,5,0.840153836416825,15_1.5_300
brain ECF,5.1,0.835242628568235,15_1.5_300
brain ECF,5.2,0.830485817919912,15_1.5_300
brain ECF,5.3,0.825876297040557,15_1.5_300
brain ECF,5.4,0.821407555917016,15_1.5_300
brain ECF,5.5,0.817073607573047,15_1.5_300
brain ECF,5.6,0.812868929582153,15_1.5_300
brain ECF,5.7,0.808788404122698,15_1.5_300
brain ECF,5.8,0.804827275019816,15_1.5_300
brain ECF,5.9,0.800981107558034,15_1.5_300
brain ECF,6,0.797245754385492,15_1.5_300
brain ECF,6.1,0.793617322387771,15_1.5_300
brain ECF,6.2,0.790092147595693,15_1.5_300
brain ECF,6.3,0.786666768619224,15_1.5_300
brain ECF,6.4,0.783337910510123,15_1.5_300
brain ECF,6.5,0.780102462842802,15_1.5_300
brain ECF,6.6,0.776957466096795,15_1.5_300
brain ECF,6.7,0.773900099665298,15_1.5_300
brain ECF,6.8,0.770927670598338,15_1.5_300
brain ECF,6.9,0.768037599390968,15_1.5_300
brain ECF,7,0.765227418315258,15_1.5_300
brain ECF,7.1,0.762494755918481,15_1.5_300
brain ECF,7.2,0.759837332888067,15_1.5_300
brain ECF,7.3,0.757252955676463,15_1.5_300
brain ECF,7.4,0.754739508429764,15_1.5_300
brain ECF,7.5,0.75229495379658,15_1.5_300
brain ECF,7.6,0.749917321891253,15_1.5_300
brain ECF,7.7,0.747604708674279,15_1.5_300
brain ECF,7.8,0.745355275159526,15_1.5_300
brain ECF,7.9,0.743167240776954,15_1.5_300
brain ECF,8,0.741038882510486,15_1.5_300
brain ECF,8.1,0.738968530273386,15_1.5_300
brain ECF,8.2,0.736954568496242,15_1.5_300
brain ECF,8.3,0.734995427692243,15_1.5_300
brain ECF,8.4,0.733089588227167,15_1.5_300
brain ECF,8.5,0.73123557288818,15_1.5_300
brain ECF,8.6,0.729431950564927,15_1.5_300
brain ECF,8.7,0.727677328892107,15_1.5_300
brain ECF,8.8,0.725970359726253,15_1.5_300
brain ECF,8.9,0.724309731296757,15_1.5_300
brain ECF,9,0.72269416970339,15_1.5_300
brain ECF,9.1,0.721122436672352,15_1.5_300
brain ECF,9.2,0.719593329820596,15_1.5_300
brain ECF,9.3,0.71810568133646,15_1.5_300
brain ECF,9.4,0.716658355365502,15_1.5_300
brain ECF,9.5,0.715250248360764,15_1.5_300
brain ECF,9.6,0.7138802867093,15_1.5_300
brain ECF,9.7,0.712547428165805,15_1.5_300
brain ECF,9.8,0.71125065962466,15_1.5_300
brain ECF,9.9,0.709988994420716,15_1.5_300
brain ECF,10,0.708761473937515,15_1.5_300
brain ECF,10.1,0.707567165302552,15_1.5_300
brain ECF,10.2,0.706405160341296,15_1.5_300
brain ECF,10.3,0.705274579354437,15_1.5_300
brain ECF,10.4,0.704174564313162,15_1.5_300
brain ECF,10.5,0.703104280447264,15_1.5_300
brain ECF,10.6,0.702062917596801,15_1.5_300
brain ECF,10.7,0.701049686271284,15_1.5_300
brain ECF,10.8,0.70006381891989,15_1.5_300
brain ECF,10.9,0.69910457110321,15_1.5_300
brain ECF,11,0.698171216867595,15_1.5_300
brain ECF,11.1,0.697263050631567,15_1.5_300
brain ECF,11.2,0.696379385551043,15_1.5_300
brain ECF,11.3,0.695519553660788,15_1.5_300
brain ECF,11.4,0.694682905447965,15_1.5_300
brain ECF,11.5,0.693868810441062,15_1.5_300
brain ECF,11.6,0.693076653063827,15_1.5_300
brain ECF,11.7,0.69230583487019,15_1.5_300
brain ECF,11.8,0.69155577566125,15_1.5_300
brain ECF,11.9,0.690825908691994,15_1.5_300
brain ECF,12,0.690115682903882,15_1.5_300
brain ECF,12.1,0.689424563739952,15_1.5_300
brain ECF,12.2,0.688752031442564,15_1.5_300
brain ECF,12.3,0.688097578767331,15_1.5_300
brain ECF,12.4,0.687460712997018,15_1.5_300
brain ECF,12.5,0.686840955511961,15_1.5_300
brain ECF,12.6,0.686237839775474,15_1.5_300
brain ECF,12.7,0.685650912081572,15_1.5_300
brain ECF,12.8,0.685079732497548,15_1.5_300
brain ECF,12.9,0.68452387203185,15_1.5_300
brain ECF,13,0.683982913306319,15_1.5_300
brain ECF,13.1,0.683456450375254,15_1.5_300
brain ECF,13.2,0.682944088200268,15_1.5_300
brain ECF,13.3,0.68244544223159,15_1.5_300
brain ECF,13.4,0.681960138269383,15_1.5_300
brain ECF,13.5,0.681487814586845,15_1.5_300
brain ECF,13.6,0.681028116734057,15_1.5_300
brain ECF,13.7,0.680580700622021,15_1.5_300
brain ECF,13.8,0.68014523197346,15_1.5_300
brain ECF,13.9,0.679721385293702,15_1.5_300
brain ECF,14,0.679308843629046,15_1.5_300
brain ECF,14.1,0.678907298590304,15_1.5_300
brain ECF,14.2,0.678516451645771,15_1.5_300
brain ECF,14.3,0.678136010608954,15_1.5_300
brain ECF,14.4,0.677765691623345,15_1.5_300
brain ECF,14.5,0.677405218776935,15_1.5_300
brain ECF,14.6,0.677054325025717,15_1.5_300
brain ECF,14.7,0.676712748701024,15_1.5_300
brain ECF,14.8,0.676380235818683,15_1.5_300
brain ECF,14.9,0.676056539699207,15_1.5_300
brain ECF,15,0.675741420543468,15_1.5_300
brain ECF,15.1,0.67543464441622,15_1.5_300
brain ECF,15.2,0.675135983907921,15_1.5_300
brain ECF,15.3,0.674845218340959,15_1.5_300
brain ECF,15.4,0.674562132578553,15_1.5_300
brain ECF,15.5,0.674286517148582,15_1.5_300
brain ECF,15.6,0.674018168289631,15_1.5_300
brain ECF,15.7,0.673756888928575,15_1.5_300
brain ECF,15.8,0.673502485940665,15_1.5_300
brain ECF,15.9,0.673254771795362,15_1.5_300
brain ECF,16,0.67301356420485,15_1.5_300
brain ECF,16.1,0.672778686360985,15_1.5_300
brain ECF,16.2,0.672549965351337,15_1.5_300
brain ECF,16.3,0.672327233165755,15_1.5_300
brain ECF,16.4,0.672110327294692,15_1.5_300
brain ECF,16.5,0.671899089581581,15_1.5_300
brain ECF,16.6,0.671693365291263,15_1.5_300
brain ECF,16.7,0.671493004297069,15_1.5_300
brain ECF,16.8,0.671297860564562,15_1.5_300
brain ECF,16.9,0.671107792034814,15_1.5_300
brain ECF,17,0.670922660303395,15_1.5_300
brain ECF,17.1,0.670742330658164,15_1.5_300
brain ECF,17.2,0.670566672113221,15_1.5_300
brain ECF,17.3,0.670395558178412,15_1.5_300
brain ECF,17.4,0.670228864334194,15_1.5_300
brain ECF,17.5,0.670066469808616,15_1.5_300
brain ECF,17.6,0.669908256973153,15_1.5_300
brain ECF,17.7,0.669754113586918,15_1.5_300
brain ECF,17.8,0.66960392789346,15_1.5_300
brain ECF,17.9,0.669457592012708,15_1.5_300
brain ECF,18,0.669315000968345,15_1.5_300
brain ECF,18.1,0.669176053190911,15_1.5_300
brain ECF,18.2,0.669040649447007,15_1.5_300
brain ECF,18.3,0.668908693159988,15_1.5_300
brain ECF,18.4,0.66878009044411,15_1.5_300
brain ECF,18.5,0.668654750027568,15_1.5_300
brain ECF,18.6,0.668532583069095,15_1.5_300
brain ECF,18.7,0.668413503011948,15_1.5_300
brain ECF,18.8,0.668297425610331,15_1.5_300
brain ECF,18.9,0.668184269140387,15_1.5_300
brain ECF,19,0.668073954395949,15_1.5_300
brain ECF,19.1,0.667966403569449,15_1.5_300
brain ECF,19.2,0.667861541169776,15_1.5_300
brain ECF,19.3,0.667759293915032,15_1.5_300
brain ECF,19.4,0.66765959146844,15_1.5_300
brain ECF,19.5,0.667562363903343,15_1.5_300
brain ECF,19.6,0.667467543695197,15_1.5_300
brain ECF,19.7,0.667375065096762,15_1.5_300
brain ECF,19.8,0.667284864419126,15_1.5_300
brain ECF,19.9,0.667196879866079,15_1.5_300
brain ECF,20,0.667111050665878,15_1.5_300
brain ECF,20.1,0.667027317898159,15_1.5_300
brain ECF,20.2,0.666945624167771,15_1.5_300
brain ECF,20.3,0.666865914828257,15_1.5_300
brain ECF,20.4,0.666788136088217,15_1.5_300
brain ECF,20.5,0.666712235099344,15_1.5_300
brain ECF,20.6,0.666638160832701,15_1.5_300
brain ECF,20.7,0.666565863655371,15_1.5_300
brain ECF,20.8,0.666495294707828,15_1.5_300
brain ECF,20.9,0.666426407011464,15_1.5_300
brain ECF,21,0.66635915465502,15_1.5_300
brain ECF,21.1,0.666293492862536,15_1.5_300
brain ECF,21.2,0.666229378231706,15_1.5_300
brain ECF,21.3,0.666166770208586,15_1.5_300
brain ECF,21.4,0.666105627040338,15_1.5_300
brain ECF,21.5,0.666045908961809,15_1.5_300
brain ECF,21.6,0.665987577298918,15_1.5_300
brain ECF,21.7,0.665930594006911,15_1.5_300
brain ECF,21.8,0.665874921534192,15_1.5_300
brain ECF,21.9,0.665820524259188,15_1.5_300
brain ECF,22,0.665767366990823,15_1.5_300
brain ECF,22.1,0.665715415348455,15_1.5_300
brain ECF,22.2,0.665664637993415,15_1.5_300
brain ECF,22.3,0.665615003830304,15_1.5_300
brain ECF,22.4,0.665566481153071,15_1.5_300
brain ECF,22.5,0.665519040074059,15_1.5_300
brain ECF,22.6,0.665472651626275,15_1.5_300
brain ECF,22.7,0.665427285200531,15_1.5_300
brain ECF,22.8,0.665382913508659,15_1.5_300
brain ECF,22.9,0.665339509608955,15_1.5_300
brain ECF,23,0.665297046954296,15_1.5_300
brain ECF,23.1,0.66525549964003,15_1.5_300
brain ECF,23.2,0.665214843188968,15_1.5_300
brain ECF,23.3,0.665175053313817,15_1.5_300
brain ECF,23.4,0.665136105970231,15_1.5_300
brain ECF,23.5,0.665097977974752,15_1.5_300
brain ECF,23.6,0.665060646713539,15_1.5_300
brain ECF,23.7,0.665024090998501,15_1.5_300
brain ECF,23.8,0.664988290481007,15_1.5_300
brain ECF,23.9,0.664953224084935,15_1.5_300
brain ECF,24,0.664918871946875,15_1.5_300
brain ECF,24.1,0.664885214781194,15_1.5_300
brain ECF,24.2,0.664852233677219,15_1.5_300
brain ECF,24.3,0.664819909850871,15_1.5_300
brain ECF,24.4,0.664788225737765,15_1.5_300
brain ECF,24.5,0.664757163957152,15_1.5_300
brain ECF,24.6,0.664726707584138,15_1.5_300
brain ECF,24.7,0.664696840118571,15_1.5_300
brain ECF,24.8,0.664667545303736,15_1.5_300
brain ECF,24.9,0.664638807402141,15_1.5_300
brain ECF,25,0.66461061096995,15_1.5_300
brain ICF,0,0,15_1.5_300
brain ICF,0.1,14.2463320992871,15_1.5_300
brain ICF,0.2,24.6748453473949,15_1.5_300
brain ICF,0.3,30.8322875829081,15_1.5_300
brain ICF,0.4,34.1663709824359,15_1.5_300
brain ICF,0.5,35.6622196530915,15_1.5_300
brain ICF,0.6,35.9864833805607,15_1.5_300
brain ICF,0.7,35.5872954259614,15_1.5_300
brain ICF,0.8,34.7632473474098,15_1.5_300
brain ICF,0.9,33.7109364523846,15_1.5_300
brain ICF,1,32.5576929947251,15_1.5_300
brain ICF,1.1,31.3840694931126,15_1.5_300
brain ICF,1.2,30.2392577078963,15_1.5_300
brain ICF,1.3,29.1516280343666,15_1.5_300
brain ICF,1.4,28.1359082883099,15_1.5_300
brain ICF,1.5,27.1980501280164,15_1.5_300
brain ICF,1.6,26.33850739563,15_1.5_300
brain ICF,1.7,25.5544288159984,15_1.5_300
brain ICF,1.8,24.8411054239544,15_1.5_300
brain ICF,1.9,24.1929162982389,15_1.5_300
brain ICF,2,23.6039304111668,15_1.5_300
brain ICF,2.1,23.0682786801121,15_1.5_300
brain ICF,2.2,22.5803756455037,15_1.5_300
brain ICF,2.3,22.1350378300026,15_1.5_300
brain ICF,2.4,21.7275375238198,15_1.5_300
brain ICF,2.5,21.3536164311773,15_1.5_300
brain ICF,2.6,21.0094735380438,15_1.5_300
brain ICF,2.7,20.6917379317863,15_1.5_300
brain ICF,2.8,20.3974348932859,15_1.5_300
brain ICF,2.9,20.1239487908019,15_1.5_300
brain ICF,3,19.868985741787,15_1.5_300
brain ICF,3.1,19.6305373201421,15_1.5_300
brain ICF,3.2,19.4068471993836,15_1.5_300
brain ICF,3.3,19.1963806840799,15_1.5_300
brain ICF,3.4,18.9977967466138,15_1.5_300
brain ICF,3.5,18.8099236135862,15_1.5_300
brain ICF,3.6,18.6317368579233,15_1.5_300
brain ICF,3.7,18.4623398609895,15_1.5_300
brain ICF,3.8,18.3009472234448,15_1.5_300
brain ICF,3.9,18.1468701388825,15_1.5_300
brain ICF,4,17.9995035358452,15_1.5_300
brain ICF,4.1,17.8583149331222,15_1.5_300
brain ICF,4.2,17.722834760434,15_1.5_300
brain ICF,4.3,17.5926479080844,15_1.5_300
brain ICF,4.4,17.467386529217,15_1.5_300
brain ICF,4.5,17.3467238583997,15_1.5_300
brain ICF,4.6,17.2303688960797,15_1.5_300
brain ICF,4.7,17.1180616229761,15_1.5_300
brain ICF,4.8,17.0095688994318,15_1.5_300
brain ICF,4.9,16.9046810277629,15_1.5_300
brain ICF,5,16.8032086620205,15_1.5_300
brain ICF,5.1,16.7049803237887,15_1.5_300
brain ICF,5.2,16.6098401260493,15_1.5_300
brain ICF,5.3,16.51764590328,15_1.5_300
brain ICF,5.4,16.4282674406342,15_1.5_300
brain ICF,5.5,16.3415849854616,15_1.5_300
brain ICF,5.6,16.2574880775915,15_1.5_300
brain ICF,5.7,16.1758743509132,15_1.5_300
brain ICF,5.8,16.0966486725757,15_1.5_300
brain ICF,5.9,16.0197223404027,15_1.5_300
brain ICF,6,15.9450124001141,15_1.5_300
brain ICF,6.1,15.872440983035,15_1.5_300
brain ICF,6.2,15.8019348042436,15_1.5_300
brain ICF,6.3,15.7334246307504,15_1.5_300
brain ICF,6.4,15.6668449588801,15_1.5_300
brain ICF,6.5,15.6021335759021,15_1.5_300
brain ICF,6.6,15.5392312879165,15_1.5_300
brain ICF,6.7,15.4780816789271,15_1.5_300
brain ICF,6.8,15.4186308869299,15_1.5_300
brain ICF,6.9,15.3608273187537,15_1.5_300
brain ICF,7,15.3046216171292,15_1.5_300
brain ICF,7.1,15.2499663504922,15_1.5_300
brain ICF,7.2,15.1968159303476,15_1.5_300
brain ICF,7.3,15.1451264835125,15_1.5_300
brain ICF,7.4,15.0948556908442,15_1.5_300
brain ICF,7.5,15.0459628033321,15_1.5_300
brain ICF,7.6,14.9984084215361,15_1.5_300
brain ICF,7.7,14.9521544631338,15_1.5_300
brain ICF,7.8,14.9071641465398,15_1.5_300
brain ICF,7.9,14.8634018588216,15_1.5_300
brain ICF,8,14.820833138314,15_1.5_300
brain ICF,8.1,14.7794245817747,15_1.5_300
brain ICF,8.2,14.7391438765332,15_1.5_300
brain ICF,8.3,14.6999596315523,15_1.5_300
brain ICF,8.4,14.6618414529623,15_1.5_300
brain ICF,8.5,14.6247597953672,15_1.5_300
brain ICF,8.6,14.5886860353867,15_1.5_300
brain ICF,8.7,14.5535923246205,15_1.5_300
brain ICF,8.8,14.5194516991541,15_1.5_300
brain ICF,8.9,14.4862379225281,15_1.5_300
brain ICF,9,14.4539255158166,15_1.5_300
brain ICF,9.1,14.4224897126801,15_1.5_300
brain ICF,9.2,14.3919064645078,15_1.5_300
brain ICF,9.3,14.3621524140521,15_1.5_300
brain ICF,9.4,14.3332048434077,15_1.5_300
brain ICF,9.5,14.3050416809251,15_1.5_300
brain ICF,9.6,14.2776414534519,15_1.5_300
brain ICF,9.7,14.2509833153075,15_1.5_300
brain ICF,9.8,14.225047003633,15_1.5_300
brain ICF,9.9,14.1998127843716,15_1.5_300
brain ICF,10,14.1752614845216,15_1.5_300
brain ICF,10.1,14.1513744459817,15_1.5_300
brain ICF,10.2,14.1281335046305,15_1.5_300
brain ICF,10.3,14.1055210657352,15_1.5_300
brain ICF,10.4,14.0835199680575,15_1.5_300
brain ICF,10.5,14.0621135155234,15_1.5_300
brain ICF,10.6,14.0412855044957,15_1.5_300
brain ICF,10.7,14.0210201445628,15_1.5_300
brain ICF,10.8,14.001302084189,15_1.5_300
brain ICF,10.9,13.9821164339028,15_1.5_300
brain ICF,11,13.9634486741132,15_1.5_300
brain ICF,11.1,13.9452846926466,15_1.5_300
brain ICF,11.2,13.9276107522398,15_1.5_300
brain ICF,11.3,13.9104134930935,15_1.5_300
brain ICF,11.4,13.8936799244803,15_1.5_300
brain ICF,11.5,13.8773974364003,15_1.5_300
brain ICF,11.6,13.8615537169199,15_1.5_300
brain ICF,11.7,13.8461367966618,15_1.5_300
brain ICF,11.8,13.8311350712849,15_1.5_300
brain ICF,11.9,13.8165372054639,15_1.5_300
brain ICF,12,13.8023321776419,15_1.5_300
brain ICF,12.1,13.7885092962662,15_1.5_300
brain ICF,12.2,13.7750581657697,15_1.5_300
brain ICF,12.3,13.7619686408919,15_1.5_300
brain ICF,12.4,13.749230866918,15_1.5_300
brain ICF,12.5,13.7368352711727,15_1.5_300
brain ICF,12.6,13.7247725225673,15_1.5_300
brain ICF,12.7,13.7130335466733,15_1.5_300
brain ICF,12.8,13.701609544458,15_1.5_300
brain ICF,12.9,13.6904919357711,15_1.5_300
brain ICF,13,13.6796723727324,15_1.5_300
brain ICF,13.1,13.6691427361459,15_1.5_300
brain ICF,13.2,13.6588951250109,15_1.5_300
brain ICF,13.3,13.6489218480477,15_1.5_300
brain ICF,13.4,13.6392154210084,15_1.5_300
brain ICF,13.5,13.6297686089991,15_1.5_300
brain ICF,13.6,13.620574322781,15_1.5_300
brain ICF,13.7,13.6116256802927,15_1.5_300
brain ICF,13.8,13.6029159958034,15_1.5_300
brain ICF,13.9,13.5944387592025,15_1.5_300
brain ICF,14,13.5861876311751,15_1.5_300
brain ICF,14.1,13.5781564437308,15_1.5_300
brain ICF,14.2,13.5703392259597,15_1.5_300
brain ICF,14.3,13.5627301339407,15_1.5_300
brain ICF,14.4,13.5553234903289,15_1.5_300
brain ICF,14.5,13.5481137766791,15_1.5_300
brain ICF,14.6,13.5410956519351,15_1.5_300
brain ICF,14.7,13.5342638825207,15_1.5_300
brain ICF,14.8,13.5276133885663,15_1.5_300
brain ICF,14.9,13.5211392363037,15_1.5_300
brain ICF,15,13.5148366295787,15_1.5_300
brain ICF,15.1,13.5087008895178,15_1.5_300
brain ICF,15.2,13.5027274677686,15_1.5_300
brain ICF,15.3,13.4969119506093,15_1.5_300
brain ICF,15.4,13.4912500351469,15_1.5_300
brain ICF,15.5,13.4857375317871,15_1.5_300
brain ICF,15.6,13.4803703651512,15_1.5_300
brain ICF,15.7,13.4751445936369,15_1.5_300
brain ICF,15.8,13.4700563546052,15_1.5_300
brain ICF,15.9,13.4651018973075,15_1.5_300
brain ICF,16,13.4602775758551,15_1.5_300
brain ICF,16.1,13.4555798539616,15_1.5_300
brain ICF,16.2,13.4510052732521,15_1.5_300
brain ICF,16.3,13.4465504734039,15_1.5_300
brain ICF,16.4,13.4422122040976,15_1.5_300
brain ICF,16.5,13.4379873020768,15_1.5_300
brain ICF,16.6,13.4338726725256,15_1.5_300
brain ICF,16.7,13.4298653127943,15_1.5_300
brain ICF,16.8,13.425962302095,15_1.5_300
brain ICF,16.9,13.4221607991726,15_1.5_300
brain ICF,17,13.4184580358312,15_1.5_300
brain ICF,17.1,13.4148513177406,15_1.5_300
brain ICF,17.2,13.4113380250912,15_1.5_300
brain ICF,17.3,13.4079156279441,15_1.5_300
brain ICF,17.4,13.4045816358359,15_1.5_300
brain ICF,17.5,13.4013336332323,15_1.5_300
brain ICF,17.6,13.3981692674674,15_1.5_300
brain ICF,17.7,13.3950862936714,15_1.5_300
brain ICF,17.8,13.392082476617,15_1.5_300
brain ICF,17.9,13.3891556586231,15_1.5_300
brain ICF,18,13.3863037400863,15_1.5_300
brain ICF,18.1,13.3835246895467,15_1.5_300
brain ICF,18.2,13.3808165222653,15_1.5_300
brain ICF,18.3,13.3781773066413,15_1.5_300
brain ICF,18.4,13.3756051648953,15_1.5_300
brain ICF,18.5,13.3730982715193,15_1.5_300
brain ICF,18.6,13.3706548496191,15_1.5_300
brain ICF,18.7,13.3682731680005,15_1.5_300
brain ICF,18.8,13.3659515416852,15_1.5_300
brain ICF,18.9,13.3636883361366,15_1.5_300
brain ICF,19,13.3614819671742,15_1.5_300
brain ICF,19.1,13.359330878588,15_1.5_300
brain ICF,19.2,13.3572335604992,15_1.5_300
brain ICF,19.3,13.3551885472158,15_1.5_300
brain ICF,19.4,13.3531944319556,15_1.5_300
brain ICF,19.5,13.3512498161311,15_1.5_300
brain ICF,19.6,13.349353349202,15_1.5_300
brain ICF,19.7,13.3475037161751,15_1.5_300
brain ICF,19.8,13.3456996432279,15_1.5_300
brain ICF,19.9,13.3439398943948,15_1.5_300
brain ICF,20,13.3422232541967,15_1.5_300
brain ICF,20.1,13.3405485441858,15_1.5_300
brain ICF,20.2,13.3389146164202,15_1.5_300
brain ICF,20.3,13.3373203779159,15_1.5_300
brain ICF,20.4,13.3357647527992,15_1.5_300
brain ICF,20.5,13.3342466840657,15_1.5_300
brain ICF,20.6,13.3327651510929,15_1.5_300
brain ICF,20.7,13.3313191611779,15_1.5_300
brain ICF,20.8,13.3299077371423,15_1.5_300
brain ICF,20.9,13.3285299393679,15_1.5_300
brain ICF,21,13.3271848496016,15_1.5_300
brain ICF,21.1,13.3258715723028,15_1.5_300
brain ICF,21.2,13.3245892393967,15_1.5_300
brain ICF,21.3,13.3233370397037,15_1.5_300
brain ICF,21.4,13.3221141381651,15_1.5_300
brain ICF,21.5,13.3209197394366,15_1.5_300
brain ICF,21.6,13.3197530699929,15_1.5_300
brain ICF,21.7,13.3186133689325,15_1.5_300
brain ICF,21.8,13.3174998852643,15_1.5_300
brain ICF,21.9,13.3164119065035,15_1.5_300
brain ICF,22,13.3153487288207,15_1.5_300
brain ICF,22.1,13.3143096646008,15_1.5_300
brain ICF,22.2,13.3132940869763,15_1.5_300
brain ICF,22.3,13.3123013739725,15_1.5_300
brain ICF,22.4,13.3113308914632,15_1.5_300
brain ICF,22.5,13.3103820416471,15_1.5_300
brain ICF,22.6,13.3094542451297,15_1.5_300
brain ICF,22.7,13.3085468898728,15_1.5_300
brain ICF,22.8,13.3076594300528,15_1.5_300
brain ICF,22.9,13.3067913268098,15_1.5_300
brain ICF,23,13.3059420492032,15_1.5_300
brain ICF,23.1,13.3051110791485,15_1.5_300
brain ICF,23.2,13.3042979269939,15_1.5_300
brain ICF,23.3,13.3035021069511,15_1.5_300
brain ICF,23.4,13.3027231381443,15_1.5_300
brain ICF,23.5,13.3019605568716,15_1.5_300
brain ICF,23.6,13.3012139108194,15_1.5_300
brain ICF,23.7,13.300482776243,15_1.5_300
brain ICF,23.8,13.2997667462033,15_1.5_300
brain ICF,23.9,13.2990653991241,15_1.5_300
brain ICF,24,13.2983783377272,15_1.5_300
brain ICF,24.1,13.2977051762921,15_1.5_300
brain ICF,24.2,13.2970455365905,15_1.5_300
brain ICF,24.3,13.2963990429078,15_1.5_300
brain ICF,24.4,13.2957653439604,15_1.5_300
brain ICF,24.5,13.295144092124,15_1.5_300
brain ICF,24.6,13.2945349488922,15_1.5_300
brain ICF,24.7,13.2939375842531,15_1.5_300
brain ICF,24.8,13.2933516730437,15_1.5_300
brain ICF,24.9,13.2927769005007,15_1.5_300
brain ICF,25,13.2922129577244,15_1.5_300
sCSF,0,0,15_1.5_300
sCSF,0.1,0.0228478402301085,15_1.5_300
sCSF,0.2,0.0864361537809132,15_1.5_300
sCSF,0.3,0.172929583402714,15_1.5_300
sCSF,0.4,0.270118837191938,15_1.5_300
sCSF,0.5,0.370191762765014,15_1.5_300
sCSF,0.6,0.468298069382874,15_1.5_300
sCSF,0.7,0.561566004810503,15_1.5_300
sCSF,0.8,0.648430894257757,15_1.5_300
sCSF,0.9,0.728178421893855,15_1.5_300
sCSF,1,0.800635608319279,15_1.5_300
sCSF,1.1,0.865963096461887,15_1.5_300
sCSF,1.2,0.9245167824394,15_1.5_300
sCSF,1.3,0.97675675753994,15_1.5_300
sCSF,1.4,1.02318834831938,15_1.5_300
sCSF,1.5,1.06432487283566,15_1.5_300
sCSF,1.6,1.10066492347513,15_1.5_300
sCSF,1.7,1.13267930818368,15_1.5_300
sCSF,1.8,1.16080432926415,15_1.5_300
sCSF,1.9,1.1854391063421,15_1.5_300
sCSF,2,1.20694547345502,15_1.5_300
sCSF,2.1,1.22564939306661,15_1.5_300
sCSF,2.2,1.24184322244857,15_1.5_300
sCSF,2.3,1.25578841753634,15_1.5_300
sCSF,2.4,1.26771836577567,15_1.5_300
sCSF,2.5,1.27784118604397,15_1.5_300
sCSF,2.6,1.28634240117881,15_1.5_300
sCSF,2.7,1.29338741453674,15_1.5_300
sCSF,2.8,1.2991237734461,15_1.5_300
sCSF,2.9,1.30368320914551,15_1.5_300
sCSF,3,1.30718346955867,15_1.5_300
sCSF,3.1,1.30972993764954,15_1.5_300
sCSF,3.2,1.31141706873651,15_1.5_300
sCSF,3.3,1.31232965603311,15_1.5_300
sCSF,3.4,1.31254394801433,15_1.5_300
sCSF,3.5,1.31212862471362,15_1.5_300
sCSF,3.6,1.31114565765343,15_1.5_300
sCSF,3.7,1.30965105931635,15_1.5_300
sCSF,3.8,1.3076955436614,15_1.5_300
sCSF,3.9,1.30532510670109,15_1.5_300
sCSF,4,1.30258153511406,15_1.5_300
sCSF,4.1,1.29950284996864,15_1.5_300
sCSF,4.2,1.29612369797485,15_1.5_300
sCSF,4.3,1.29247569823146,15_1.5_300
sCSF,4.4,1.28858774431149,15_1.5_300
sCSF,4.5,1.2844862735731,15_1.5_300
sCSF,4.6,1.28019550509162,15_1.5_300
sCSF,4.7,1.27573764815477,15_1.5_300
sCSF,4.8,1.27113308795951,15_1.5_300
sCSF,4.9,1.2664005515431,15_1.5_300
sCSF,5,1.26155725539072,15_1.5_300
sCSF,5.1,1.25661903527003,15_1.5_300
sCSF,5.2,1.25160046747007,15_1.5_300
sCSF,5.3,1.24651497243518,15_1.5_300
sCSF,5.4,1.24137490898347,15_1.5_300
sCSF,5.5,1.23619165953068,15_1.5_300
sCSF,5.6,1.23097570751509,15_1.5_300
sCSF,5.7,1.22573670731925,15_1.5_300
sCSF,5.8,1.22048354714686,15_1.5_300
sCSF,5.9,1.21522440632164,15_1.5_300
sCSF,6,1.20996680842532,15_1.5_300
sCSF,6.1,1.20471767111314,15_1.5_300
sCSF,6.2,1.19948334567564,15_1.5_300
sCSF,6.3,1.19426965908129,15_1.5_300
sCSF,6.4,1.18908195048528,15_1.5_300
sCSF,6.5,1.18392510676314,15_1.5_300
sCSF,6.6,1.17880359160024,15_1.5_300
sCSF,6.7,1.17372147555702,15_1.5_300
sCSF,6.8,1.16868246094093,15_1.5_300
sCSF,6.9,1.16368991273405,15_1.5_300
sCSF,7,1.15874687353899,15_1.5_300
sCSF,7.1,1.15385609181784,15_1.5_300
sCSF,7.2,1.14902003814915,15_1.5_300
sCSF,7.3,1.14424092230201,15_1.5_300
sCSF,7.4,1.13952071616209,15_1.5_300
sCSF,7.5,1.13486116346017,15_1.5_300
sCSF,7.6,1.13026379923335,15_1.5_300
sCSF,7.7,1.12572996348664,15_1.5_300
sCSF,7.8,1.12126081191316,15_1.5_300
sCSF,7.9,1.11685733123544,15_1.5_300
sCSF,8,1.11252034860779,15_1.5_300
sCSF,8.1,1.10825054754069,15_1.5_300
sCSF,8.2,1.10404846832863,15_1.5_300
sCSF,8.3,1.09991453262306,15_1.5_300
sCSF,8.4,1.09584903291572,15_1.5_300
sCSF,8.5,1.09185216261279,15_1.5_300
sCSF,8.6,1.08792400218018,15_1.5_300
sCSF,8.7,1.0840645468229,15_1.5_300
sCSF,8.8,1.08027369608592,15_1.5_300
sCSF,8.9,1.07655127487632,15_1.5_300
sCSF,9,1.07289702918585,15_1.5_300
sCSF,9.1,1.06931063838809,15_1.5_300
sCSF,9.2,1.06579171807055,15_1.5_300
sCSF,9.3,1.06233982473551,15_1.5_300
sCSF,9.4,1.05895446194078,15_1.5_300
sCSF,9.5,1.05563508169964,15_1.5_300
sCSF,9.6,1.05238110021941,15_1.5_300
sCSF,9.7,1.0491918848146,15_1.5_300
sCSF,9.8,1.04606676636377,15_1.5_300
sCSF,9.9,1.04300505335363,15_1.5_300
sCSF,10,1.04000601067243,15_1.5_300
sCSF,10.1,1.0370688818018,15_1.5_300
sCSF,10.2,1.0341928935817,15_1.5_300
sCSF,10.3,1.03137723758808,15_1.5_300
sCSF,10.4,1.02862109631022,15_1.5_300
sCSF,10.5,1.02592363803448,15_1.5_300
sCSF,10.6,1.02328400557649,15_1.5_300
sCSF,10.7,1.0207013412982,15_1.5_300
sCSF,10.8,1.01817477574147,15_1.5_300
sCSF,10.9,1.01570342381336,15_1.5_300
sCSF,11,1.01328640352332,15_1.5_300
sCSF,11.1,1.01092282597768,15_1.5_300
sCSF,11.2,1.00861179272465,15_1.5_300
sCSF,11.3,1.00635241209692,15_1.5_300
sCSF,11.4,1.00414378813153,15_1.5_300
sCSF,11.5,1.00198502025733,15_1.5_300
sCSF,11.6,0.999875219365681,15_1.5_300
sCSF,11.7,0.997813497963215,15_1.5_300
sCSF,11.8,0.995798959522811,15_1.5_300
sCSF,11.9,0.993830726447566,15_1.5_300
sCSF,12,0.991907924033292,15_1.5_300
sCSF,12.1,0.990029678252994,15_1.5_300
sCSF,12.2,0.988195121423865,15_1.5_300
sCSF,12.3,0.986403399970329,15_1.5_300
sCSF,12.4,0.984653665276378,15_1.5_300
sCSF,12.5,0.982945070470893,15_1.5_300
sCSF,12.6,0.981276786455136,15_1.5_300
sCSF,12.7,0.979647991409056,15_1.5_300
sCSF,12.8,0.978057868204829,15_1.5_300
sCSF,12.9,0.976505613993429,15_1.5_300
sCSF,13,0.974990436897524,15_1.5_300
sCSF,13.1,0.973511553489278,15_1.5_300
sCSF,13.2,0.97206818948279,15_1.5_300
sCSF,13.3,0.970659585822129,15_1.5_300
sCSF,13.4,0.969284993517127,15_1.5_300
sCSF,13.5,0.967943670276483,15_1.5_300
sCSF,13.6,0.966634890839693,15_1.5_300
sCSF,13.7,0.965357940250449,15_1.5_300
sCSF,13.8,0.964112112137081,15_1.5_300
sCSF,13.9,0.962896713558672,15_1.5_300
sCSF,14,0.961711064848688,15_1.5_300
sCSF,14.1,0.960554497774013,15_1.5_300
sCSF,14.2,0.959426350768681,15_1.5_300
sCSF,14.3,0.958325979882862,15_1.5_300
sCSF,14.4,0.957252751327589,15_1.5_300
sCSF,14.5,0.956206042497683,15_1.5_300
sCSF,14.6,0.955185239590581,15_1.5_300
sCSF,14.7,0.954189744374534,15_1.5_300
sCSF,14.8,0.953218968933519,15_1.5_300
sCSF,14.9,0.952272335607836,15_1.5_300
sCSF,15,0.951349277547213,15_1.5_300
sCSF,15.1,0.95044924093097,15_1.5_300
sCSF,15.2,0.949571682463358,15_1.5_300
sCSF,15.3,0.948716068354425,15_1.5_300
sCSF,15.4,0.947881876737317,15_1.5_300
sCSF,15.5,0.947068596779468,15_1.5_300
sCSF,15.6,0.946275728063038,15_1.5_300
sCSF,15.7,0.945502779145358,15_1.5_300
sCSF,15.8,0.944749270690347,15_1.5_300
sCSF,15.9,0.94401473306042,15_1.5_300
sCSF,16,0.943298706442974,15_1.5_300
sCSF,16.1,0.942600740239616,15_1.5_300
sCSF,16.2,0.941920394676905,15_1.5_300
sCSF,16.3,0.941257239256645,15_1.5_300
sCSF,16.4,0.940610852511603,15_1.5_300
sCSF,16.5,0.939980822333844,15_1.5_300
sCSF,16.6,0.939366746203355,15_1.5_300
sCSF,16.7,0.938768230438854,15_1.5_300
sCSF,16.8,0.938184890006102,15_1.5_300
sCSF,16.9,0.93761634828475,15_1.5_300
sCSF,17,0.937062237783482,15_1.5_300
sCSF,17.1,0.93652219918968,15_1.5_300
sCSF,17.2,0.935995881369028,15_1.5_300
sCSF,17.3,0.93548294088533,15_1.5_300
sCSF,17.4,0.934983042735765,15_1.5_300
sCSF,17.5,0.93449585949904,15_1.5_300
sCSF,17.6,0.934021071366967,15_1.5_300
sCSF,17.7,0.933558365989042,15_1.5_300
sCSF,17.8,0.933107438327293,15_1.5_300
sCSF,17.9,0.932667990499199,15_1.5_300
sCSF,18,0.932239731626889,15_1.5_300
sCSF,18.1,0.931822378051824,15_1.5_300
sCSF,18.2,0.931415652585344,15_1.5_300
sCSF,18.3,0.931019284611609,15_1.5_300
sCSF,18.4,0.930633010015017,15_1.5_300
sCSF,18.5,0.930256571291538,15_1.5_300
sCSF,18.6,0.929889717093544,15_1.5_300
sCSF,18.7,0.929532201894704,15_1.5_300
sCSF,18.8,0.929183786208586,15_1.5_300
sCSF,18.9,0.928844236503975,15_1.5_300
sCSF,19,0.9285133251068,15_1.5_300
sCSF,19.1,0.928190829513836,15_1.5_300
sCSF,19.2,0.927876532781154,15_1.5_300
sCSF,19.3,0.927570223370798,15_1.5_300
sCSF,19.4,0.927271695440288,15_1.5_300
sCSF,19.5,0.926980747418191,15_1.5_300
sCSF,19.6,0.926697182951807,15_1.5_300
sCSF,19.7,0.926420810483661,15_1.5_300
sCSF,19.8,0.926151443607965,15_1.5_300
sCSF,19.9,0.925888900798947,15_1.5_300
sCSF,20,0.925633004151116,15_1.5_300
sCSF,20.1,0.925383580503398,15_1.5_300
sCSF,20.2,0.925140460941704,15_1.5_300
sCSF,20.3,0.924903481710473,15_1.5_300
sCSF,20.4,0.924672482612949,15_1.5_300
sCSF,20.5,0.924447307007966,15_1.5_300
sCSF,20.6,0.924227802441771,15_1.5_300
sCSF,20.7,0.92401382023282,15_1.5_300
sCSF,20.8,0.923805216720429,15_1.5_300
sCSF,20.9,0.923601850439074,15_1.5_300
sCSF,21,0.923403583816683,15_1.5_300
sCSF,21.1,0.923210282797015,15_1.5_300
sCSF,21.2,0.923021816814578,15_1.5_300
sCSF,21.3,0.922838059588775,15_1.5_300
sCSF,21.4,0.922658886675382,15_1.5_300
sCSF,21.5,0.922484177265948,15_1.5_300
sCSF,21.6,0.922313813589423,15_1.5_300
sCSF,21.7,0.922147681163658,15_1.5_300
sCSF,21.8,0.921985668784686,15_1.5_300
sCSF,21.9,0.921827667249216,15_1.5_300
sCSF,22,0.921673570441867,15_1.5_300
sCSF,22.1,0.921523274908832,15_1.5_300
sCSF,22.2,0.921376680514459,15_1.5_300
sCSF,22.3,0.921233689458071,15_1.5_300
sCSF,22.4,0.921094205924751,15_1.5_300
sCSF,22.5,0.920958136806305,15_1.5_300
sCSF,22.6,0.920825391337773,15_1.5_300
sCSF,22.7,0.920695882218835,15_1.5_300
sCSF,22.8,0.920569523194967,15_1.5_300
sCSF,22.9,0.920446230372511,15_1.5_300
sCSF,23,0.920325922111895,15_1.5_300
sCSF,23.1,0.920208518826857,15_1.5_300
sCSF,23.2,0.920093943834122,15_1.5_300
sCSF,23.3,0.919982121926207,15_1.5_300
sCSF,23.4,0.919872979397122,15_1.5_300
sCSF,23.5,0.919766444703991,15_1.5_300
sCSF,23.6,0.919662448105132,15_1.5_300
sCSF,23.7,0.919560922250198,15_1.5_300
sCSF,23.8,0.919461801702518,15_1.5_300
sCSF,23.9,0.919365021735475,15_1.5_300
sCSF,24,0.919270519725154,15_1.5_300
sCSF,24.1,0.919178234636683,15_1.5_300
sCSF,24.2,0.919088107306842,15_1.5_300
sCSF,24.3,0.919000080808245,15_1.5_300
sCSF,24.4,0.9189140984109,15_1.5_300
sCSF,24.5,0.918830105357186,15_1.5_300
sCSF,24.6,0.918748048293648,15_1.5_300
sCSF,24.7,0.918667875260393,15_1.5_300
sCSF,24.8,0.918589536119578,15_1.5_300
sCSF,24.9,0.91851298164755,15_1.5_300
sCSF,25,0.918438164092751,15_1.5_300
brain ECF,0,0,15_7.5_250
brain ECF,0.1,0.713352782729353,15_7.5_250
brain ECF,0.2,1.23437133595866,15_7.5_250
brain ECF,0.3,1.54197263236452,15_7.5_250
brain ECF,0.4,1.70849905789308,15_7.5_250
brain ECF,0.5,1.78317689723158,15_7.5_250
brain ECF,0.6,1.79931808361343,15_7.5_250
brain ECF,0.7,1.77931520145734,15_7.5_250
brain ECF,0.8,1.73808820911585,15_7.5_250
brain ECF,0.9,1.68546042132413,15_7.5_250
brain ECF,1,1.62779391460769,15_7.5_250
brain ECF,1.1,1.56911332871464,15_7.5_250
brain ECF,1.2,1.51187626486425,15_7.5_250
brain ECF,1.3,1.45749992157486,15_7.5_250
brain ECF,1.4,1.40671984171833,15_7.5_250
brain ECF,1.5,1.35983306035337,15_7.5_250
brain ECF,1.6,1.31686194001492,15_7.5_250
brain ECF,1.7,1.27766372131199,15_7.5_250
brain ECF,1.8,1.24200284684043,15_7.5_250
brain ECF,1.9,1.20959823435839,15_7.5_250
brain ECF,2,1.1801533192707,15_7.5_250
brain ECF,2.1,1.1533746637088,15_7.5_250
brain ECF,2.2,1.12898302295099,15_7.5_250
brain ECF,2.3,1.10671925628806,15_7.5_250
brain ECF,2.4,1.08634701337166,15_7.5_250
brain ECF,2.5,1.06765341787225,15_7.5_250
brain ECF,2.6,1.05044845425859,15_7.5_250
brain ECF,2.7,1.03456360763624,15_7.5_250
brain ECF,2.8,1.01985017173842,15_7.5_250
brain ECF,2.9,1.00617739216505,15_7.5_250
brain ECF,3,0.993430598476112,15_7.5_250
brain ECF,3.1,0.981509388685036,15_7.5_250
brain ECF,3.2,0.970325966816111,15_7.5_250
brain ECF,3.3,0.959803613113062,15_7.5_250
brain ECF,3.4,0.94987529117798,15_7.5_250
brain ECF,3.5,0.940482424570169,15_7.5_250
brain ECF,3.6,0.93157380224669,15_7.5_250
brain ECF,3.7,0.923104602318149,15_7.5_250
brain ECF,3.8,0.915035562645068,15_7.5_250
brain ECF,3.9,0.907332250410665,15_7.5_250
brain ECF,4,0.899964418438123,15_7.5_250
brain ECF,4.1,0.892905448665425,15_7.5_250
brain ECF,4.2,0.886131865865522,15_7.5_250
brain ECF,4.3,0.879622918150604,15_7.5_250
brain ECF,4.4,0.873360216722639,15_7.5_250
brain ECF,4.5,0.867327426823555,15_7.5_250
brain ECF,4.6,0.861510001607158,15_7.5_250
brain ECF,4.7,0.855894941779796,15_7.5_250
brain ECF,4.8,0.85047059285841,15_7.5_250
brain ECF,4.9,0.845226470808447,15_7.5_250
brain ECF,5,0.840153109762254,15_7.5_250
brain ECF,5.1,0.835241936410123,15_7.5_250
brain ECF,5.2,0.830485159552258,15_7.5_250
brain ECF,5.3,0.825875671362746,15_7.5_250
brain ECF,5.4,0.821406961461718,15_7.5_250
brain ECF,5.5,0.817073043287423,15_7.5_250
brain ECF,5.6,0.812868394105835,15_7.5_250
brain ECF,5.7,0.808787895939439,15_7.5_250
brain ECF,5.8,0.80482679295613,15_7.5_250
brain ECF,5.9,0.800980650193133,15_7.5_250
brain ECF,6,0.797245321267196,15_7.5_250
brain ECF,6.1,0.793616913259666,15_7.5_250
brain ECF,6.2,0.790091761636498,15_7.5_250
brain ECF,6.3,0.786666404954297,15_7.5_250
brain ECF,6.4,0.783337568507854,15_7.5_250
brain ECF,6.5,0.780102141860867,15_7.5_250
brain ECF,6.6,0.776957165157387,15_7.5_250
brain ECF,6.7,0.773899818040051,15_7.5_250
brain ECF,6.8,0.770927407325176,15_7.5_250
brain ECF,6.9,0.768037354439054,15_7.5_250
brain ECF,7,0.765227190737707,15_7.5_250
brain ECF,7.1,0.762494546182375,15_7.5_250
brain ECF,7.2,0.759837140222016,15_7.5_250
brain ECF,7.3,0.757252779189969,15_7.5_250
brain ECF,7.4,0.75473934832326,15_7.5_250
brain ECF,7.5,0.752294809339199,15_7.5_250
brain ECF,7.6,0.749917192509546,15_7.5_250
brain ECF,7.7,0.747604593812651,15_7.5_250
brain ECF,7.8,0.745355174115891,15_7.5_250
brain ECF,7.9,0.743167153591116,15_7.5_250
brain ECF,8,0.741038808174427,15_7.5_250
brain ECF,8.1,0.738968469213697,15_7.5_250
brain ECF,8.2,0.736954519984718,15_7.5_250
brain ECF,8.3,0.734995391814196,15_7.5_250
brain ECF,8.4,0.733089564408395,15_7.5_250
brain ECF,8.5,0.73123556100714,15_7.5_250
brain ECF,8.6,0.729431950008866,15_7.5_250
brain ECF,8.7,0.727677339478285,15_7.5_250
brain ECF,8.8,0.72597038133956,15_7.5_250
brain ECF,8.9,0.724309763551339,15_7.5_250
brain ECF,9,0.722694212172874,15_7.5_250
brain ECF,9.1,0.721122488552015,15_7.5_250
brain ECF,9.2,0.719593391657341,15_7.5_250
brain ECF,9.3,0.718105752405833,15_7.5_250
brain ECF,9.4,0.716658435666885,15_7.5_250
brain ECF,9.5,0.715250337398773,15_7.5_250
brain ECF,9.6,0.713880383943923,15_7.5_250
brain ECF,9.7,0.712547534611309,15_7.5_250
brain ECF,9.8,0.711250774562576,15_7.5_250
brain ECF,9.9,0.709989117619632,15_7.5_250
brain ECF,10,0.708761605236605,15_7.5_250
brain ECF,10.1,0.707567303893942,15_7.5_250
brain ECF,10.2,0.706405306139409,15_7.5_250
brain ECF,10.3,0.705274732589068,15_7.5_250
brain ECF,10.4,0.704174724253967,15_7.5_250
brain ECF,10.5,0.703104447060882,15_7.5_250
brain ECF,10.6,0.702063090487342,15_7.5_250
brain ECF,10.7,0.701049865004068,15_7.5_250
brain ECF,10.8,0.70006400389278,15_7.5_250
brain ECF,10.9,0.699104762123819,15_7.5_250
brain ECF,11,0.698171413948078,15_7.5_250
brain ECF,11.1,0.69726325350501,15_7.5_250
brain ECF,11.2,0.696379594021821,15_7.5_250
brain ECF,11.3,0.695519767306383,15_7.5_250
brain ECF,11.4,0.69468312517874,15_7.5_250
brain ECF,11.5,0.693869035549402,15_7.5_250
brain ECF,11.6,0.693076883145326,15_7.5_250
brain ECF,11.7,0.692306070193355,15_7.5_250
brain ECF,11.8,0.691556015797088,15_7.5_250
brain ECF,11.9,0.690826153141615,15_7.5_250
brain ECF,12,0.690115931228939,15_7.5_250
brain ECF,12.1,0.689424817098937,15_7.5_250
brain ECF,12.2,0.688752288946705,15_7.5_250
brain ECF,12.3,0.688097840128856,15_7.5_250
brain ECF,12.4,0.687460978420752,15_7.5_250
brain ECF,12.5,0.686841224689977,15_7.5_250
brain ECF,12.6,0.686238112476066,15_7.5_250
brain ECF,12.7,0.685651188509219,15_7.5_250
brain ECF,12.8,0.685080012810463,15_7.5_250
brain ECF,12.9,0.684524156024437,15_7.5_250
brain ECF,13,0.683983200867767,15_7.5_250
brain ECF,13.1,0.683456741404359,15_7.5_250
brain ECF,13.2,0.682944382441107,15_7.5_250
brain ECF,13.3,0.682445739304055,15_7.5_250
brain ECF,13.4,0.681960438920161,15_7.5_250
brain ECF,13.5,0.681488118369227,15_7.5_250
brain ECF,13.6,0.681028423484768,15_7.5_250
brain ECF,13.7,0.680581010267343,15_7.5_250
brain ECF,13.8,0.680145544627503,15_7.5_250
brain ECF,13.9,0.679721700646297,15_7.5_250
brain ECF,14,0.679309161400555,15_7.5_250
brain ECF,14.1,0.678907619124246,15_7.5_250
brain ECF,14.2,0.678516774585704,15_7.5_250
brain ECF,14.3,0.678136335713175,15_7.5_250
brain ECF,14.4,0.677766018555277,15_7.5_250
brain ECF,14.5,0.67740554835608,15_7.5_250
brain ECF,14.6,0.67705465672612,15_7.5_250
brain ECF,14.7,0.676713082385889,15_7.5_250
brain ECF,14.8,0.676380571356541,15_7.5_250
brain ECF,14.9,0.67605687753932,15_7.5_250
brain ECF,15,0.675741760358422,15_7.5_250
brain ECF,15.1,0.675434986081171,15_7.5_250
brain ECF,15.2,0.675136327480018,15_7.5_250
brain ECF,15.3,0.674845563874953,15_7.5_250
brain ECF,15.4,0.674562479841663,15_7.5_250
brain ECF,15.5,0.674286865931248,15_7.5_250
brain ECF,15.6,0.674018518995722,15_7.5_250
brain ECF,15.7,0.673757241255591,15_7.5_250
brain ECF,15.8,0.6735028397393,15_7.5_250
brain ECF,15.9,0.673255126843445,15_7.5_250
brain ECF,16,0.673013920926315,15_7.5_250
brain ECF,16.1,0.672779044361231,15_7.5_250
brain ECF,16.2,0.672550324433233,15_7.5_250
brain ECF,16.3,0.672327593349209,15_7.5_250
brain ECF,16.4,0.672110689330058,15_7.5_250
brain ECF,16.5,0.671899453055945,15_7.5_250
brain ECF,16.6,0.671693730209469,15_7.5_250
brain ECF,16.7,0.67149337063546,15_7.5_250
brain ECF,16.8,0.671298228382032,15_7.5_250
brain ECF,16.9,0.671108161194589,15_7.5_250
brain ECF,17,0.670923030645726,15_7.5_250
brain ECF,17.1,0.67074270193035,15_7.5_250
brain ECF,17.2,0.670567044896005,15_7.5_250
brain ECF,17.3,0.670395931959989,15_7.5_250
brain ECF,17.4,0.670229238874973,15_7.5_250
brain ECF,17.5,0.670066844775572,15_7.5_250
brain ECF,17.6,0.66990863322609,15_7.5_250
brain ECF,17.7,0.669754490648722,15_7.5_250
brain ECF,17.8,0.669604305700212,15_7.5_250
brain ECF,17.9,0.669457970480229,15_7.5_250
brain ECF,18,0.669315380270027,15_7.5_250
brain ECF,18.1,0.66917643341359,15_7.5_250
brain ECF,18.2,0.669041030515037,15_7.5_250
brain ECF,18.3,0.668909075069571,15_7.5_250
brain ECF,18.4,0.668780473203291,15_7.5_250
brain ECF,18.5,0.668655133671307,15_7.5_250
brain ECF,18.6,0.668532967496979,15_7.5_250
brain ECF,18.7,0.668413888109322,15_7.5_250
brain ECF,18.8,0.668297811252992,15_7.5_250
brain ECF,18.9,0.668184655785944,15_7.5_250
brain ECF,19,0.668074341668474,15_7.5_250
brain ECF,19.1,0.667966791326397,15_7.5_250
brain ECF,19.2,0.66786192920784,15_7.5_250
brain ECF,19.3,0.667759683048505,15_7.5_250
brain ECF,19.4,0.667659981185509,15_7.5_250
brain ECF,19.5,0.667562754120126,15_7.5_250
brain ECF,19.6,0.667467934287653,15_7.5_250
brain ECF,19.7,0.667375455987445,15_7.5_250
brain ECF,19.8,0.667285255979992,15_7.5_250
brain ECF,19.9,0.66719727172369,15_7.5_250
brain ECF,20,0.667111442672202,15_7.5_250
brain ECF,20.1,0.667027709852703,15_7.5_250
brain ECF,20.2,0.666946016458396,15_7.5_250
brain ECF,20.3,0.666866307937215,15_7.5_250
brain ECF,20.4,0.666788529700697,15_7.5_250
brain ECF,20.5,0.666712629286284,15_7.5_250
brain ECF,20.6,0.666638555668279,15_7.5_250
brain ECF,20.7,0.666566258854323,15_7.5_250
brain ECF,20.8,0.666495690291296,15_7.5_250
brain ECF,20.9,0.666426802902646,15_7.5_250
brain ECF,21,0.666359550687733,15_7.5_250
brain ECF,21.1,0.66629388880076,15_7.5_250
brain ECF,21.2,0.666229775449494,15_7.5_250
brain ECF,21.3,0.66616716807722,15_7.5_250
brain ECF,21.4,0.66610602564188,15_7.5_250
brain ECF,21.5,0.666046308381624,15_7.5_250
brain ECF,21.6,0.665987977486751,15_7.5_250
brain ECF,21.7,0.665930994087467,15_7.5_250
brain ECF,21.8,0.665875321689168,15_7.5_250
brain ECF,21.9,0.665820924157958,15_7.5_250
brain ECF,22,0.665767766200282,15_7.5_250
brain ECF,22.1,0.665715814589993,15_7.5_250
brain ECF,22.2,0.665665038494351,15_7.5_250
brain ECF,22.3,0.665615404909876,15_7.5_250
brain ECF,22.4,0.665566883078572,15_7.5_250
brain ECF,22.5,0.665519443184576,15_7.5_250
brain ECF,22.6,0.665473054621887,15_7.5_250
brain ECF,22.7,0.665427688281039,15_7.5_250
brain ECF,22.8,0.665383316857669,15_7.5_250
brain ECF,22.9,0.665339913083585,15_7.5_250
brain ECF,23,0.665297450355844,15_7.5_250
brain ECF,23.1,0.665255903211468,15_7.5_250
brain ECF,23.2,0.665215247069832,15_7.5_250
brain ECF,23.3,0.665175457102188,15_7.5_250
brain ECF,23.4,0.665136509492616,15_7.5_250
brain ECF,23.5,0.665098381013246,15_7.5_250
brain ECF,23.6,0.665061049467709,15_7.5_250
brain ECF,23.7,0.665024494405768,15_7.5_250
brain ECF,23.8,0.664988693994106,15_7.5_250
brain ECF,23.9,0.664953627799785,15_7.5_250
brain ECF,24,0.664919275981918,15_7.5_250
brain ECF,24.1,0.664885619218969,15_7.5_250
brain ECF,24.2,0.664852638086411,15_7.5_250
brain ECF,24.3,0.664820314556842,15_7.5_250
brain ECF,24.4,0.664788630764583,15_7.5_250
brain ECF,24.5,0.664757569314112,15_7.5_250
brain ECF,24.6,0.664727113261242,15_7.5_250
brain ECF,24.7,0.6646972459641,15_7.5_250
brain ECF,24.8,0.664667951299135,15_7.5_250
brain ECF,24.9,0.664639213495879,15_7.5_250
brain ECF,25,0.664611017135204,15_7.5_250
brain ICF,0,0,15_7.5_250
brain ICF,0.1,14.2461237951242,15_7.5_250
brain ICF,0.2,24.6747319668528,15_7.5_250
brain ICF,0.3,30.8322382805743,15_7.5_250
brain ICF,0.4,34.1663629731894,15_7.5_250
brain ICF,0.5,35.6622375540392,15_7.5_250
brain ICF,0.6,35.9865167679945,15_7.5_250
brain ICF,0.7,35.5873374355984,15_7.5_250
brain ICF,0.8,34.763293531989,15_7.5_250
brain ICF,0.9,33.7109839401865,15_7.5_250
brain ICF,1,32.557739988987,15_7.5_250
brain ICF,1.1,31.3841149010042,15_7.5_250
brain ICF,1.2,30.2393010218458,15_7.5_250
brain ICF,1.3,29.151668922905,15_7.5_250
brain ICF,1.4,28.1359467385945,15_7.5_250
brain ICF,1.5,27.1980861454719,15_7.5_250
brain ICF,1.6,26.3385411407587,15_7.5_250
brain ICF,1.7,25.5544604696287,15_7.5_250
brain ICF,1.8,24.8411350719769,15_7.5_250
brain ICF,1.9,24.1929441992131,15_7.5_250
brain ICF,2,23.6039567068907,15_7.5_250
brain ICF,2.1,23.068303530847,15_7.5_250
brain ICF,2.2,22.5803992126256,15_7.5_250
brain ICF,2.3,22.1350602436223,15_7.5_250
brain ICF,2.4,21.7275588748117,15_7.5_250
brain ICF,2.5,21.3536368398553,15_7.5_250
brain ICF,2.6,21.0094931218074,15_7.5_250
brain ICF,2.7,20.691756766009,15_7.5_250
brain ICF,2.8,20.3974530478834,15_7.5_250
brain ICF,2.9,20.1239663397562,15_7.5_250
brain ICF,3,19.8690027518163,15_7.5_250
brain ICF,3.1,19.6305538188925,15_7.5_250
brain ICF,3.2,19.4068632463432,15_7.5_250
brain ICF,3.3,19.1963963108263,15_7.5_250
brain ICF,3.4,18.9978119971472,15_7.5_250
brain ICF,3.5,18.8099385260746,15_7.5_250
brain ICF,3.6,18.6317514593652,15_7.5_250
brain ICF,3.7,18.4623541704074,15_7.5_250
brain ICF,3.8,18.3009612517865,15_7.5_250
brain ICF,3.9,18.1468839050951,15_7.5_250
brain ICF,4,17.9995170627211,15_7.5_250
brain ICF,4.1,17.8583282567549,15_7.5_250
brain ICF,4.2,17.7228478895649,15_7.5_250
brain ICF,4.3,17.5926608434698,15_7.5_250
brain ICF,4.4,17.4673992723181,15_7.5_250
brain ICF,4.5,17.3467364202606,15_7.5_250
brain ICF,4.6,17.230381297559,15_7.5_250
brain ICF,4.7,17.1180738729002,15_7.5_250
brain ICF,4.8,17.0095810165347,15_7.5_250
brain ICF,4.9,16.9046930134147,15_7.5_250
brain ICF,5,16.8032205158881,15_7.5_250
brain ICF,5.1,16.7049920313202,15_7.5_250
brain ICF,5.2,16.6098517123905,15_7.5_250
brain ICF,5.3,16.5176573823917,15_7.5_250
brain ICF,5.4,16.4282788161589,15_7.5_250
brain ICF,5.5,16.3415962666852,15_7.5_250
brain ICF,5.6,16.2574992654008,15_7.5_250
brain ICF,5.7,16.1758854411109,15_7.5_250
brain ICF,5.8,16.0966596659067,15_7.5_250
brain ICF,5.9,16.0197332311038,15_7.5_250
brain ICF,6,15.9450232003471,15_7.5_250
brain ICF,6.1,15.872451707645,15_7.5_250
brain ICF,6.2,15.8019454556492,15_7.5_250
brain ICF,6.3,15.7334352092437,15_7.5_250
brain ICF,6.4,15.6668554686366,15_7.5_250
brain ICF,6.5,15.6021440201873,15_7.5_250
brain ICF,6.6,15.5392416624547,15_7.5_250
brain ICF,6.7,15.478091983671,15_7.5_250
brain ICF,6.8,15.4186411165727,15_7.5_250
brain ICF,6.9,15.3608374860023,15_7.5_250
brain ICF,7,15.3046317158157,15_7.5_250
brain ICF,7.1,15.2499764022743,15_7.5_250
brain ICF,7.2,15.1968259316308,15_7.5_250
brain ICF,7.3,15.145136427864,15_7.5_250
brain ICF,7.4,15.0948655932353,15_7.5_250
brain ICF,7.5,15.0459726597005,15_7.5_250
brain ICF,7.6,14.9984182307291,15_7.5_250
brain ICF,7.7,14.9521642239305,15_7.5_250
brain ICF,7.8,14.9071738543789,15_7.5_250
brain ICF,7.9,14.8634115238513,15_7.5_250
brain ICF,8,14.8208427492813,15_7.5_250
brain ICF,8.1,14.7794341559089,15_7.5_250
brain ICF,8.2,14.7391534076771,15_7.5_250
brain ICF,8.3,14.6999691295807,15_7.5_250
brain ICF,8.4,14.6618509143268,15_7.5_250
brain ICF,8.5,14.6247692253265,15_7.5_250
brain ICF,8.6,14.588695429141,15_7.5_250
brain ICF,8.7,14.553601685752,15_7.5_250
brain ICF,8.8,14.5194610323836,15_7.5_250
brain ICF,8.9,14.4862472269563,15_7.5_250
brain ICF,9,14.4539347896023,15_7.5_250
brain ICF,9.1,14.4224989462246,15_7.5_250
brain ICF,9.2,14.3919156749232,15_7.5_250
brain ICF,9.3,14.3621615929027,15_7.5_250
brain ICF,9.4,14.3332139967114,15_7.5_250
brain ICF,9.5,14.3050508044779,15_7.5_250
brain ICF,9.6,14.2776505420282,15_7.5_250
brain ICF,9.7,14.2509923946497,15_7.5_250
brain ICF,9.8,14.2250560646371,15_7.5_250
brain ICF,9.9,14.1998218275439,15_7.5_250
brain ICF,10,14.1752705116787,15_7.5_250
brain ICF,10.1,14.1513834458485,15_7.5_250
brain ICF,10.2,14.1281424802271,15_7.5_250
brain ICF,10.3,14.1055300262088,15_7.5_250
brain ICF,10.4,14.0835289032433,15_7.5_250
brain ICF,10.5,14.0621224291253,15_7.5_250
brain ICF,10.6,14.0412943928423,15_7.5_250
brain ICF,10.7,14.0210290031093,15_7.5_250
brain ICF,10.8,14.0013109248533,15_7.5_250
brain ICF,10.9,13.9821252567139,15_7.5_250
brain ICF,11,13.9634574830588,15_7.5_250
brain ICF,11.1,13.9452934861219,15_7.5_250
brain ICF,11.2,13.9276195299198,15_7.5_250
brain ICF,11.3,13.9104222500523,15_7.5_250
brain ICF,11.4,13.8936886822276,15_7.5_250
brain ICF,11.5,13.8774061841024,15_7.5_250
brain ICF,11.6,13.8615624496809,15_7.5_250
brain ICF,11.7,13.8461455229872,15_7.5_250
brain ICF,11.8,13.8311437856314,15_7.5_250
brain ICF,11.9,13.8165459008134,15_7.5_250
brain ICF,12,13.802340848107,15_7.5_250
brain ICF,12.1,13.7885179677672,15_7.5_250
brain ICF,12.2,13.7750668232514,15_7.5_250
brain ICF,12.3,13.7619772812215,15_7.5_250
brain ICF,12.4,13.7492394967985,15_7.5_250
brain ICF,12.5,13.7368438869381,15_7.5_250
brain ICF,12.6,13.7247811220268,15_7.5_250
brain ICF,12.7,13.7130421362689,15_7.5_250
brain ICF,12.8,13.7016181296334,15_7.5_250
brain ICF,12.9,13.6905005146474,15_7.5_250
brain ICF,13,13.6796809452506,15_7.5_250
brain ICF,13.1,13.6691513024591,15_7.5_250
brain ICF,13.2,13.6589036820469,15_7.5_250
brain ICF,13.3,13.6489303902272,15_7.5_250
brain ICF,13.4,13.6392239651726,15_7.5_250
brain ICF,13.5,13.6297771481116,15_7.5_250
brain ICF,13.6,13.6205828554014,15_7.5_250
brain ICF,13.7,13.6116342067432,15_7.5_250
brain ICF,13.8,13.6029245201546,15_7.5_250
brain ICF,13.9,13.594447276933,15_7.5_250
brain ICF,14,13.5861961383545,15_7.5_250
brain ICF,14.1,13.5781649488136,15_7.5_250
brain ICF,14.2,13.5703477233851,15_7.5_250
brain ICF,14.3,13.5627386203905,15_7.5_250
brain ICF,14.4,13.5553319605436,15_7.5_250
brain ICF,14.5,13.5481222485014,15_7.5_250
brain ICF,14.6,13.5411041162364,15_7.5_250
brain ICF,14.7,13.5342723379244,15_7.5_250
brain ICF,14.8,13.5276218337652,15_7.5_250
brain ICF,14.9,13.5211476815744,15_7.5_250
brain ICF,15,13.5148450696258,15_7.5_250
brain ICF,15.1,13.5087093230657,15_7.5_250
brain ICF,15.2,13.5027358971438,15_7.5_250
brain ICF,15.3,13.4969203780562,15_7.5_250
brain ICF,15.4,13.491258457133,15_7.5_250
brain ICF,15.5,13.4857459452107,15_7.5_250
brain ICF,15.6,13.4803787791533,15_7.5_250
brain ICF,15.7,13.4751530031982,15_7.5_250
brain ICF,15.8,13.4700647577429,15_7.5_250
brain ICF,15.9,13.4651102905536,15_7.5_250
brain ICF,16,13.4602859686441,15_7.5_250
brain ICF,16.1,13.4555882393257,15_7.5_250
brain ICF,16.2,13.4510136481506,15_7.5_250
brain ICF,16.3,13.4465588391092,15_7.5_250
brain ICF,16.4,13.442220576454,15_7.5_250
brain ICF,16.5,13.4379956736539,15_7.5_250
brain ICF,16.6,13.4338810442181,15_7.5_250
brain ICF,16.7,13.429873684903,15_7.5_250
brain ICF,16.8,13.4259706765929,15_7.5_250
brain ICF,16.9,13.422169174057,15_7.5_250
brain ICF,17,13.4184664086378,15_7.5_250
brain ICF,17.1,13.4148596841309,15_7.5_250
brain ICF,17.2,13.4113463973285,15_7.5_250
brain ICF,17.3,13.4079239964678,15_7.5_250
brain ICF,17.4,13.4045899964944,15_7.5_250
brain ICF,17.5,13.4013419799842,15_7.5_250
brain ICF,17.6,13.3981776181355,15_7.5_250
brain ICF,17.7,13.3950946392998,15_7.5_250
brain ICF,17.8,13.3920908165039,15_7.5_250
brain ICF,17.9,13.3891639916457,15_7.5_250
brain ICF,18,13.3863120702604,15_7.5_250
brain ICF,18.1,13.3835330191425,15_7.5_250
brain ICF,18.2,13.380824850289,15_7.5_250
brain ICF,18.3,13.378185633524,15_7.5_250
brain ICF,18.4,13.3756134912882,15_7.5_250
brain ICF,18.5,13.3731065985907,15_7.5_250
brain ICF,18.6,13.3706631758284,15_7.5_250
brain ICF,18.7,13.3682814915049,15_7.5_250
brain ICF,18.8,13.3659598604386,15_7.5_250
brain ICF,18.9,13.3636966597199,15_7.5_250
brain ICF,19,13.3614902884818,15_7.5_250
brain ICF,19.1,13.3593391951712,15_7.5_250
brain ICF,19.2,13.3572418686826,15_7.5_250
brain ICF,19.3,13.3551968636724,15_7.5_250
brain ICF,19.4,13.3532027468176,15_7.5_250
brain ICF,19.5,13.3512581280818,15_7.5_250
brain ICF,19.6,13.3493616561114,15_7.5_250
brain ICF,19.7,13.3475120168367,15_7.5_250
brain ICF,19.8,13.3457079454184,15_7.5_250
brain ICF,19.9,13.343948190969,15_7.5_250
brain ICF,20,13.3422315425116,15_7.5_250
brain ICF,20.1,13.3405568205415,15_7.5_250
brain ICF,20.2,13.3389228888656,15_7.5_250
brain ICF,20.3,13.3373286563744,15_7.5_250
brain ICF,20.4,13.3357730312564,15_7.5_250
brain ICF,20.5,13.3342549642068,15_7.5_250
brain ICF,20.6,13.3327734346578,15_7.5_250
brain ICF,20.7,13.33132744275,15_7.5_250
brain ICF,20.8,13.3299160173966,15_7.5_250
brain ICF,20.9,13.3285382170194,15_7.5_250
brain ICF,21,13.3271931215782,15_7.5_250
brain ICF,21.1,13.3258798341337,15_7.5_250
brain ICF,21.2,13.3245975187229,15_7.5_250
brain ICF,21.3,13.3233453241912,15_7.5_250
brain ICF,21.4,13.3221224296561,15_7.5_250
brain ICF,21.5,13.3209280398281,15_7.5_250
brain ICF,21.6,13.3197613784726,15_7.5_250
brain ICF,21.7,13.3186216682777,15_7.5_250
brain ICF,21.8,13.317508179273,15_7.5_250
brain ICF,21.9,13.3164201887693,15_7.5_250
brain ICF,22,13.3153569908903,15_7.5_250
brain ICF,22.1,13.3143179210496,15_7.5_250
brain ICF,22.2,13.313302362452,15_7.5_250
brain ICF,22.3,13.3123096550438,15_7.5_250
brain ICF,22.4,13.311339183608,15_7.5_250
brain ICF,22.5,13.310390351763,15_7.5_250
brain ICF,22.6,13.309462547485,15_7.5_250
brain ICF,22.7,13.3085551886136,15_7.5_250
brain ICF,22.8,13.3076677289906,15_7.5_250
brain ICF,22.9,13.3067996232526,15_7.5_250
brain ICF,23,13.3059503393485,15_7.5_250
brain ICF,23.1,13.3051193679424,15_7.5_250
brain ICF,23.2,13.304306217303,15_7.5_250
brain ICF,23.3,13.3035103908932,15_7.5_250
brain ICF,23.4,13.3027314123562,15_7.5_250
brain ICF,23.5,13.301968817091,15_7.5_250
brain ICF,23.6,13.3012221611587,15_7.5_250
brain ICF,23.7,13.3004910356325,15_7.5_250
brain ICF,23.8,13.2997750037677,15_7.5_250
brain ICF,23.9,13.2990736568924,15_7.5_250
brain ICF,24,13.2983865981784,15_7.5_250
brain ICF,24.1,13.2977134411839,15_7.5_250
brain ICF,24.2,13.2970537973696,15_7.5_250
brain ICF,24.3,13.2964073061946,15_7.5_250
brain ICF,24.4,13.2957736103335,15_7.5_250
brain ICF,24.5,13.2951523618652,15_7.5_250
brain ICF,24.6,13.2945432218964,15_7.5_250
brain ICF,24.7,13.2939458575545,15_7.5_250
brain ICF,24.8,13.2933599463561,15_7.5_250
brain ICF,24.9,13.2927851728722,15_7.5_250
brain ICF,25,13.2922212286967,15_7.5_250
sCSF,0,0,15_7.5_250
sCSF,0.1,0.0231526878089814,15_7.5_250
sCSF,0.2,0.0869496156554562,15_7.5_250
sCSF,0.3,0.173551843260705,15_7.5_250
sCSF,0.4,0.270785202360987,15_7.5_250
sCSF,0.5,0.370861299295552,15_7.5_250
sCSF,0.6,0.46894579454796,15_7.5_250
sCSF,0.7,0.562177545546313,15_7.5_250
sCSF,0.8,0.648998845783577,15_7.5_250
sCSF,0.9,0.728699876986864,15_7.5_250
sCSF,1,0.801110488392444,15_7.5_250
sCSF,1.1,0.866393034633346,15_7.5_250
sCSF,1.2,0.92490438131318,15_7.5_250
sCSF,1.3,0.977105106926613,15_7.5_250
sCSF,1.4,1.02350071204123,15_7.5_250
sCSF,1.5,1.06460449697282,15_7.5_250
sCSF,1.6,1.10091491868512,15_7.5_250
sCSF,1.7,1.13290258701101,15_7.5_250
sCSF,1.8,1.16100357564816,15_7.5_250
sCSF,1.9,1.18561676464494,15_7.5_250
sCSF,2,1.20710375459553,15_7.5_250
sCSF,2.1,1.22579028495883,15_7.5_250
sCSF,2.2,1.24196850624761,15_7.5_250
sCSF,2.3,1.25589968553232,15_7.5_250
sCSF,2.4,1.26781703906765,15_7.5_250
sCSF,2.5,1.27792853219269,15_7.5_250
sCSF,2.6,1.28641955109458,15_7.5_250
sCSF,2.7,1.29345537733815,15_7.5_250
sCSF,2.8,1.29918344985987,15_7.5_250
sCSF,2.9,1.30373540520355,15_7.5_250
sCSF,3,1.30722890584677,15_7.5_250
sCSF,3.1,1.30976926122542,15_7.5_250
sCSF,3.2,1.31145085939576,15_7.5_250
sCSF,3.3,1.31235843624681,15_7.5_250
sCSF,3.4,1.31256818778421,15_7.5_250
sCSF,3.5,1.31214874920861,15_7.5_250
sCSF,3.6,1.31116205117064,15_7.5_250
sCSF,3.7,1.30966406927829,15_7.5_250
sCSF,3.8,1.30770548608003,15_7.5_250
sCSF,3.9,1.30533226897966,15_7.5_250
sCSF,4,1.3025861791334,15_7.5_250
sCSF,4.1,1.2995052138486,15_7.5_250
sCSF,4.2,1.29612400027172,15_7.5_250
sCSF,4.3,1.29247413870144,15_7.5_250
sCSF,4.4,1.28858450582905,15_7.5_250
sCSF,4.5,1.28448152421429,15_7.5_250
sCSF,4.6,1.28018939935668,15_7.5_250
sCSF,4.7,1.27573032811009,15_7.5_250
sCSF,4.8,1.27112468438119,15_7.5_250
sCSF,4.9,1.26639118487731,15_7.5_250
sCSF,5,1.26154703675361,15_7.5_250
sCSF,5.1,1.25660806779152,15_7.5_250
sCSF,5.2,1.25158884574606,15_7.5_250
sCSF,5.3,1.24650278409532,15_7.5_250
sCSF,5.4,1.24136223520324,15_7.5_250
sCSF,5.5,1.23617857531315,15_7.5_250
sCSF,5.6,1.23096228220237,15_7.5_250
sCSF,5.7,1.2257230050632,15_7.5_250
sCSF,5.8,1.2204696270304,15_7.5_250
sCSF,5.9,1.21521032342332,15_7.5_250
sCSF,6,1.20995261352773,15_7.5_250
sCSF,6.1,1.20470341072195,15_7.5_250
sCSF,6.2,1.19946906333146,15_7.5_250
sCSF,6.3,1.19425539477038,15_7.5_250
sCSF,6.4,1.18906774119932,15_7.5_250
sCSF,6.5,1.18391098596047,15_7.5_250
sCSF,6.6,1.17878959060278,15_7.5_250
sCSF,6.7,1.17370762283356,15_7.5_250
sCSF,6.8,1.16866878306555,15_7.5_250
sCSF,6.9,1.16367643329616,15_7.5_250
sCSF,7,1.15873361587169,15_7.5_250
sCSF,7.1,1.15384307445436,15_7.5_250
sCSF,7.2,1.14900728016193,15_7.5_250
sCSF,7.3,1.14422844062163,15_7.5_250
sCSF,7.4,1.13950852521045,15_7.5_250
sCSF,7.5,1.13484927732297,15_7.5_250
sCSF,7.6,1.13025222948049,15_7.5_250
sCSF,7.7,1.1257187210996,15_7.5_250
sCSF,7.8,1.12124990695454,15_7.5_250
sCSF,7.9,1.11684677083079,15_7.5_250
sCSF,8,1.1125101417476,15_7.5_250
sCSF,8.1,1.10824069902456,15_7.5_250
sCSF,8.2,1.10403898551203,15_7.5_250
sCSF,8.3,1.09990541887411,15_7.5_250
sCSF,8.4,1.09584029338031,15_7.5_250
sCSF,8.5,1.09184379965241,15_7.5_250
sCSF,8.6,1.08791601876393,15_7.5_250
sCSF,8.7,1.08405694440942,15_7.5_250
sCSF,8.8,1.08026647578981,15_7.5_250
sCSF,8.9,1.07654443776586,15_7.5_250
sCSF,9,1.07289057420713,15_7.5_250
sCSF,9.1,1.06930456659454,15_7.5_250
sCSF,9.2,1.0657860267495,15_7.5_250
sCSF,9.3,1.06233451432194,15_7.5_250
sCSF,9.4,1.05894952775716,15_7.5_250
sCSF,9.5,1.05563052399381,15_7.5_250
sCSF,9.6,1.05237691877503,15_7.5_250
sCSF,9.7,1.04918807123099,15_7.5_250
sCSF,9.8,1.04606332225525,15_7.5_250
sCSF,9.9,1.04300197664215,15_7.5_250
sCSF,10,1.04000329363112,15_7.5_250
sCSF,10.1,1.03706652472455,15_7.5_250
sCSF,10.2,1.03419089197685,15_7.5_250
sCSF,10.3,1.03137558599584,15_7.5_250
sCSF,10.4,1.02861979269235,15_7.5_250
sCSF,10.5,1.02592267622074,15_7.5_250
sCSF,10.6,1.02328338189358,15_7.5_250
sCSF,10.7,1.02070105214542,15_7.5_250
sCSF,10.8,1.01817481445412,15_7.5_250
sCSF,10.9,1.0157037867737,15_7.5_250
sCSF,11,1.01328708710901,15_7.5_250
sCSF,11.1,1.01092382291186,15_7.5_250
sCSF,11.2,1.00861309968163,15_7.5_250
sCSF,11.3,1.00635402545542,15_7.5_250
sCSF,11.4,1.00414569885385,15_7.5_250
sCSF,11.5,1.00198722595482,15_7.5_250
sCSF,11.6,0.999877716567366,15_7.5_250
sCSF,11.7,0.997816278775137,15_7.5_250
sCSF,11.8,0.995802020260604,15_7.5_250
sCSF,11.9,0.99383406349938,15_7.5_250
sCSF,12,0.991911533681136,15_7.5_250
sCSF,12.1,0.990033550822669,15_7.5_250
sCSF,12.2,0.988199255184845,15_7.5_250
sCSF,12.3,0.986407791316987,15_7.5_250
sCSF,12.4,0.984658306129539,15_7.5_250
sCSF,12.5,0.982949957687501,15_7.5_250
sCSF,12.6,0.981281915918159,15_7.5_250
sCSF,12.7,0.979653357581493,15_7.5_250
sCSF,12.8,0.978063465743507,15_7.5_250
sCSF,12.9,0.976511439248487,15_7.5_250
sCSF,13,0.974996486162125,15_7.5_250
sCSF,13.1,0.973517819398676,15_7.5_250
sCSF,13.2,0.972074669266955,15_7.5_250
sCSF,13.3,0.970666275749513,15_7.5_250
sCSF,13.4,0.969291887588175,15_7.5_250
sCSF,13.5,0.967950765035738,15_7.5_250
sCSF,13.6,0.966642182500985,15_7.5_250
sCSF,13.7,0.96536542439521,15_7.5_250
sCSF,13.8,0.964119783425102,15_7.5_250
sCSF,13.9,0.9629045690118,15_7.5_250
sCSF,14,0.961719101068846,15_7.5_250
sCSF,14.1,0.960562709292435,15_7.5_250
sCSF,14.2,0.959434734456428,15_7.5_250
sCSF,14.3,0.958334532268258,15_7.5_250
sCSF,14.4,0.957261469270102,15_7.5_250
sCSF,14.5,0.956214920468279,15_7.5_250
sCSF,14.6,0.955194274969342,15_7.5_250
sCSF,14.7,0.954198933878665,15_7.5_250
sCSF,14.8,0.95322830934716,15_7.5_250
sCSF,14.9,0.952281822131136,15_7.5_250
sCSF,15,0.951358907626863,15_7.5_250
sCSF,15.1,0.950459011479174,15_7.5_250
sCSF,15.2,0.94958158996793,15_7.5_250
sCSF,15.3,0.948726109315837,15_7.5_250
sCSF,15.4,0.947892048384128,15_7.5_250
sCSF,15.5,0.947078896260635,15_7.5_250
sCSF,15.6,0.946286151789114,15_7.5_250
sCSF,15.7,0.94551332446263,15_7.5_250
sCSF,15.8,0.94475993482515,15_7.5_250
sCSF,15.9,0.944025513390922,15_7.5_250
sCSF,16,0.943309599559468,15_7.5_250
sCSF,16.1,0.942611743781247,15_7.5_250
sCSF,16.2,0.941931506074076,15_7.5_250
sCSF,16.3,0.941268455914991,15_7.5_250
sCSF,16.4,0.940622171544898,15_7.5_250
sCSF,16.5,0.939992241492142,15_7.5_250
sCSF,16.6,0.939378263132515,15_7.5_250
sCSF,16.7,0.938779842886251,15_7.5_250
sCSF,16.8,0.938196595210292,15_7.5_250
sCSF,16.9,0.937628144231174,15_7.5_250
sCSF,17,0.937074122308432,15_7.5_250
sCSF,17.1,0.936534170213998,15_7.5_250
sCSF,17.2,0.936007936506147,15_7.5_250
sCSF,17.3,0.935495078184677,15_7.5_250
sCSF,17.4,0.934995260173793,15_7.5_250
sCSF,17.5,0.934508155100908,15_7.5_250
sCSF,17.6,0.934033443177827,15_7.5_250
sCSF,17.7,0.933570812080889,15_7.5_250
sCSF,17.8,0.93311995681021,15_7.5_250
sCSF,17.9,0.932680579508523,15_7.5_250
sCSF,18,0.932252389480993,15_7.5_250
sCSF,18.1,0.931835103030721,15_7.5_250
sCSF,18.2,0.931428442909601,15_7.5_250
sCSF,18.3,0.931032138575623,15_7.5_250
sCSF,18.4,0.930645926038497,15_7.5_250
sCSF,18.5,0.930269547971134,15_7.5_250
sCSF,18.6,0.929902752753433,15_7.5_250
sCSF,18.7,0.92954529499816,15_7.5_250
sCSF,18.8,0.929196935259317,15_7.5_250
sCSF,18.9,0.928857440333675,15_7.5_250
sCSF,19,0.928526582154692,15_7.5_250
sCSF,19.1,0.928204138377486,15_7.5_250
sCSF,19.2,0.927889892058468,15_7.5_250
sCSF,19.3,0.927583632197688,15_7.5_250
sCSF,19.4,0.927285152281814,15_7.5_250
sCSF,19.5,0.926994250976991,15_7.5_250
sCSF,19.6,0.926710731914533,15_7.5_250
sCSF,19.7,0.926434403641814,15_7.5_250
sCSF,19.8,0.926165080396914,15_7.5_250
sCSF,19.9,0.925902579659234,15_7.5_250
sCSF,20,0.925646723880689,15_7.5_250
sCSF,20.1,0.925397339868698,15_7.5_250
sCSF,20.2,0.925154259179168,15_7.5_250
sCSF,20.3,0.924917318111178,15_7.5_250
sCSF,20.4,0.924686355820153,15_7.5_250
sCSF,20.5,0.924461215951933,15_7.5_250
sCSF,20.6,0.924241746022554,15_7.5_250
sCSF,20.7,0.924027798142878,15_7.5_250
sCSF,20.8,0.923819227847518,15_7.5_250
sCSF,20.9,0.923615893786976,15_7.5_250
sCSF,21,0.923417658445559,15_7.5_250
sCSF,21.1,0.92322438773609,15_7.5_250
sCSF,21.2,0.923035952033658,15_7.5_250
sCSF,21.3,0.922852223877471,15_7.5_250
sCSF,21.4,0.922673079226317,15_7.5_250
sCSF,21.5,0.922498397249047,15_7.5_250
sCSF,21.6,0.922328060247675,15_7.5_250
sCSF,21.7,0.922161954352483,15_7.5_250
sCSF,21.8,0.921999967432962,15_7.5_250
sCSF,21.9,0.92184199060231,15_7.5_250
sCSF,22,0.921687917707731,15_7.5_250
sCSF,22.1,0.921537645658074,15_7.5_250
sCSF,22.2,0.921391074458076,15_7.5_250
sCSF,22.3,0.921248105650335,15_7.5_250
sCSF,22.4,0.921108643681365,15_7.5_250
sCSF,22.5,0.92097259540531,15_7.5_250
sCSF,22.6,0.920839870819301,15_7.5_250
sCSF,22.7,0.920710381893947,15_7.5_250
sCSF,22.8,0.920584042341395,15_7.5_250
sCSF,22.9,0.920460768368056,15_7.5_250
sCSF,23,0.920340478290753,15_7.5_250
sCSF,23.1,0.920223093045393,15_7.5_250
sCSF,23.2,0.920108535858371,15_7.5_250
sCSF,23.3,0.919996730920002,15_7.5_250
sCSF,23.4,0.919887604792127,15_7.5_250
sCSF,23.5,0.919781085888387,15_7.5_250
sCSF,23.6,0.919677104760296,15_7.5_250
sCSF,23.7,0.919575594585286,15_7.5_250
sCSF,23.8,0.919476488791769,15_7.5_250
sCSF,23.9,0.919379723088102,15_7.5_250
sCSF,24,0.919285234816298,15_7.5_250
sCSF,24.1,0.919192963004445,15_7.5_250
sCSF,24.2,0.919102849448358,15_7.5_250
sCSF,24.3,0.919014835818822,15_7.5_250
sCSF,24.4,0.91892886589123,15_7.5_250
sCSF,24.5,0.918844884884319,15_7.5_250
sCSF,24.6,0.918762839411694,15_7.5_250
sCSF,24.7,0.918682678092442,15_7.5_250
sCSF,24.8,0.918604350314005,15_7.5_250
sCSF,24.9,0.918527806924881,15_7.5_250
sCSF,25,0.918453000099699,15_7.5_250
brain ECF,0,0,15_7.5_300
brain ECF,0.1,0.713361482532317,15_7.5_300
brain ECF,0.2,1.23437753320638,15_7.5_300
brain ECF,0.3,1.54197673685142,15_7.5_300
brain ECF,0.4,1.70850173578668,15_7.5_300
brain ECF,0.5,1.7831786064971,15_7.5_300
brain ECF,0.6,1.79931914262387,15_7.5_300
brain ECF,0.7,1.77931582703049,15_7.5_300
brain ECF,0.8,1.73808854801295,15_7.5_300
brain ECF,0.9,1.68546057418385,15_7.5_300
brain ECF,1,1.6277939499591,15_7.5_300
brain ECF,1.1,1.56911329322908,15_7.5_300
brain ECF,1.2,1.51187618702142,15_7.5_300
brain ECF,1.3,1.4574998224568,15_7.5_300
brain ECF,1.4,1.40671973274004,15_7.5_300
brain ECF,1.5,1.35983295093878,15_7.5_300
brain ECF,1.6,1.31686183387262,15_7.5_300
brain ECF,1.7,1.27766362044909,15_7.5_300
brain ECF,1.8,1.242002755419,15_7.5_300
brain ECF,1.9,1.20959815033138,15_7.5_300
brain ECF,2,1.18015324390501,15_7.5_300
brain ECF,2.1,1.15337459632597,15_7.5_300
brain ECF,2.2,1.1289829621956,15_7.5_300
brain ECF,2.3,1.10671920191576,15_7.5_300
brain ECF,2.4,1.08634696572262,15_7.5_300
brain ECF,2.5,1.06765337598351,15_7.5_300
brain ECF,2.6,1.05044841685847,15_7.5_300
brain ECF,2.7,1.03456357443744,15_7.5_300
brain ECF,2.8,1.01985014241297,15_7.5_300
brain ECF,2.9,1.00617736600587,15_7.5_300
brain ECF,3,0.993430574859352,15_7.5_300
brain ECF,3.1,0.981509367973874,15_7.5_300
brain ECF,3.2,0.970325948231097,15_7.5_300
brain ECF,3.3,0.959803596691473,15_7.5_300
brain ECF,3.4,0.949875276352342,15_7.5_300
brain ECF,3.5,0.940482410956414,15_7.5_300
brain ECF,3.6,0.931573789735738,15_7.5_300
brain ECF,3.7,0.92310459084859,15_7.5_300
brain ECF,3.8,0.915035552436754,15_7.5_300
brain ECF,3.9,0.907332241369601,15_7.5_300
brain ECF,4,0.899964410274824,15_7.5_300
brain ECF,4.1,0.892905440669751,15_7.5_300
brain ECF,4.2,0.886131858147424,15_7.5_300
brain ECF,4.3,0.879622911011961,15_7.5_300
brain ECF,4.4,0.873360210397637,15_7.5_300
brain ECF,4.5,0.867327421213897,15_7.5_300
brain ECF,4.6,0.861509996328404,15_7.5_300
brain ECF,4.7,0.855894936813133,15_7.5_300
brain ECF,4.8,0.850470587801442,15_7.5_300
brain ECF,4.9,0.845226465746515,15_7.5_300
brain ECF,5,0.840153105009992,15_7.5_300
brain ECF,5.1,0.83524193253288,15_7.5_300
brain ECF,5.2,0.830485155992959,15_7.5_300
brain ECF,5.3,0.825875667772655,15_7.5_300
brain ECF,5.4,0.82140695788538,15_7.5_300
brain ECF,5.5,0.817073039549978,15_7.5_300
brain ECF,5.6,0.812868390321566,15_7.5_300
brain ECF,5.7,0.808787892345129,15_7.5_300
brain ECF,5.8,0.804826789624935,15_7.5_300
brain ECF,5.9,0.800980647277593,15_7.5_300
brain ECF,6,0.797245318747434,15_7.5_300
brain ECF,6.1,0.79361691063361,15_7.5_300
brain ECF,6.2,0.790091758933417,15_7.5_300
brain ECF,6.3,0.786666402242706,15_7.5_300
brain ECF,6.4,0.783337565761525,15_7.5_300
brain ECF,6.5,0.780102139049173,15_7.5_300
brain ECF,6.6,0.776957162471523,15_7.5_300
brain ECF,6.7,0.773899815545262,15_7.5_300
brain ECF,6.8,0.770927405271861,15_7.5_300
brain ECF,6.9,0.768037352461185,15_7.5_300
brain ECF,7,0.765227189123795,15_7.5_300
brain ECF,7.1,0.762494544301865,15_7.5_300
brain ECF,7.2,0.759837138254422,15_7.5_300
brain ECF,7.3,0.757252777413617,15_7.5_300
brain ECF,7.4,0.754739346284648,15_7.5_300
brain ECF,7.5,0.752294807218396,15_7.5_300
brain ECF,7.6,0.749917190449909,15_7.5_300
brain ECF,7.7,0.747604591847862,15_7.5_300
brain ECF,7.8,0.745355172445686,15_7.5_300
brain ECF,7.9,0.74316715193033,15_7.5_300
brain ECF,8,0.741038806931305,15_7.5_300
brain ECF,8.1,0.738968467862059,15_7.5_300
brain ECF,8.2,0.736954518786531,15_7.5_300
brain ECF,8.3,0.734995390483589,15_7.5_300
brain ECF,8.4,0.733089563117174,15_7.5_300
brain ECF,8.5,0.731235559607975,15_7.5_300
brain ECF,8.6,0.729431948706427,15_7.5_300
brain ECF,8.7,0.72767733813033,15_7.5_300
brain ECF,8.8,0.725970379914414,15_7.5_300
brain ECF,8.9,0.724309762069252,15_7.5_300
brain ECF,9,0.72269421074756,15_7.5_300
brain ECF,9.1,0.721122487492387,15_7.5_300
brain ECF,9.2,0.719593390439024,15_7.5_300
brain ECF,9.3,0.718105751332528,15_7.5_300
brain ECF,9.4,0.716658434574159,15_7.5_300
brain ECF,9.5,0.715250336450909,15_7.5_300
brain ECF,9.6,0.71388038331616,15_7.5_300
brain ECF,9.7,0.712547533522074,15_7.5_300
brain ECF,9.8,0.711250773335614,15_7.5_300
brain ECF,9.9,0.709989116228384,15_7.5_300
brain ECF,10,0.708761603724138,15_7.5_300
brain ECF,10.1,0.707567302604297,15_7.5_300
brain ECF,10.2,0.706405304752276,15_7.5_300
brain ECF,10.3,0.705274731259831,15_7.5_300
brain ECF,10.4,0.704174723124377,15_7.5_300
brain ECF,10.5,0.703104446014214,15_7.5_300
brain ECF,10.6,0.702063089670459,15_7.5_300
brain ECF,10.7,0.701049864575575,15_7.5_300
brain ECF,10.8,0.700064003461795,15_7.5_300
brain ECF,10.9,0.699104761728966,15_7.5_300
brain ECF,11,0.698171413482171,15_7.5_300
brain ECF,11.1,0.697263253052205,15_7.5_300
brain ECF,11.2,0.696379593604659,15_7.5_300
brain ECF,11.3,0.695519767097529,15_7.5_300
brain ECF,11.4,0.69468312448416,15_7.5_300
brain ECF,11.5,0.693869034757697,15_7.5_300
brain ECF,11.6,0.693076882426562,15_7.5_300
brain ECF,11.7,0.692306069245001,15_7.5_300
brain ECF,11.8,0.691556014863778,15_7.5_300
brain ECF,11.9,0.690826152438636,15_7.5_300
brain ECF,12,0.690115930854498,15_7.5_300
brain ECF,12.1,0.689424816388422,15_7.5_300
brain ECF,12.2,0.688752288332629,15_7.5_300
brain ECF,12.3,0.688097839721275,15_7.5_300
brain ECF,12.4,0.687460977996985,15_7.5_300
brain ECF,12.5,0.686841224390916,15_7.5_300
brain ECF,12.6,0.686238112379532,15_7.5_300
brain ECF,12.7,0.68565118830353,15_7.5_300
brain ECF,12.8,0.685080012549989,15_7.5_300
brain ECF,12.9,0.684524155684161,15_7.5_300
brain ECF,13,0.683983200462456,15_7.5_300
brain ECF,13.1,0.683456740933355,15_7.5_300
brain ECF,13.2,0.68294438201394,15_7.5_300
brain ECF,13.3,0.682445739102086,15_7.5_300
brain ECF,13.4,0.681960438386715,15_7.5_300
brain ECF,13.5,0.681488117765024,15_7.5_300
brain ECF,13.6,0.681028422865239,15_7.5_300
brain ECF,13.7,0.680581009562587,15_7.5_300
brain ECF,13.8,0.680145543831382,15_7.5_300
brain ECF,13.9,0.679721699858148,15_7.5_300
brain ECF,14,0.679309160750151,15_7.5_300
brain ECF,14.1,0.678907618325949,15_7.5_300
brain ECF,14.2,0.678516773841555,15_7.5_300
brain ECF,14.3,0.678136335130565,15_7.5_300
brain ECF,14.4,0.677766018301686,15_7.5_300
brain ECF,14.5,0.677405547847851,15_7.5_300
brain ECF,14.6,0.677054656281307,15_7.5_300
brain ECF,14.7,0.676713082054071,15_7.5_300
brain ECF,14.8,0.676380571157198,15_7.5_300
brain ECF,14.9,0.676056877189495,15_7.5_300
brain ECF,15,0.675741760021583,15_7.5_300
brain ECF,15.1,0.675434985804059,15_7.5_300
brain ECF,15.2,0.675136327117506,15_7.5_300
brain ECF,15.3,0.674845563499201,15_7.5_300
brain ECF,15.4,0.674562479506593,15_7.5_300
brain ECF,15.5,0.674286865738329,15_7.5_300
brain ECF,15.6,0.674018518640204,15_7.5_300
brain ECF,15.7,0.673757240917819,15_7.5_300
brain ECF,15.8,0.673502839485685,15_7.5_300
brain ECF,15.9,0.673255126785856,15_7.5_300
brain ECF,16,0.67301392075301,15_7.5_300
brain ECF,16.1,0.672779044310548,15_7.5_300
brain ECF,16.2,0.672550324603635,15_7.5_300
brain ECF,16.3,0.672327593591511,15_7.5_300
brain ECF,16.4,0.672110689338056,15_7.5_300
brain ECF,16.5,0.671899452987995,15_7.5_300
brain ECF,16.6,0.671693730043267,15_7.5_300
brain ECF,16.7,0.671493370366685,15_7.5_300
brain ECF,16.8,0.671298227952946,15_7.5_300
brain ECF,16.9,0.671108160675433,15_7.5_300
brain ECF,17,0.670923030118261,15_7.5_300
brain ECF,17.1,0.670742701533626,15_7.5_300
brain ECF,17.2,0.670567044221033,15_7.5_300
brain ECF,17.3,0.670395931331536,15_7.5_300
brain ECF,17.4,0.670229238424417,15_7.5_300
brain ECF,17.5,0.670066844691731,15_7.5_300
brain ECF,17.6,0.669908632907992,15_7.5_300
brain ECF,17.7,0.669754490413814,15_7.5_300
brain ECF,17.8,0.669604305572408,15_7.5_300
brain ECF,17.9,0.669457970496666,15_7.5_300
brain ECF,18,0.669315380238081,15_7.5_300
brain ECF,18.1,0.669176433385699,15_7.5_300
brain ECF,18.2,0.66904103047189,15_7.5_300
brain ECF,18.3,0.668909075001673,15_7.5_300
brain ECF,18.4,0.668780473080253,15_7.5_300
brain ECF,18.5,0.668655133483344,15_7.5_300
brain ECF,18.6,0.668532967286083,15_7.5_300
brain ECF,18.7,0.668413887936233,15_7.5_300
brain ECF,18.8,0.668297811162543,15_7.5_300
brain ECF,18.9,0.668184655499944,15_7.5_300
brain ECF,19,0.668074341409419,15_7.5_300
brain ECF,19.1,0.667966791172548,15_7.5_300
brain ECF,19.2,0.667861929274913,15_7.5_300
brain ECF,19.3,0.667759682787509,15_7.5_300
brain ECF,19.4,0.667659980932369,15_7.5_300
brain ECF,19.5,0.667562753917939,15_7.5_300
brain ECF,19.6,0.667467934204494,15_7.5_300
brain ECF,19.7,0.6673754560252,15_7.5_300
brain ECF,19.8,0.667285255950245,15_7.5_300
brain ECF,19.9,0.667197271831591,15_7.5_300
brain ECF,20,0.667111443001165,15_7.5_300
brain ECF,20.1,0.667027710518448,15_7.5_300
brain ECF,20.2,0.666946016963458,15_7.5_300
brain ECF,20.3,0.666866308414626,15_7.5_300
brain ECF,20.4,0.666788530137528,15_7.5_300
brain ECF,20.5,0.666712629632792,15_7.5_300
brain ECF,20.6,0.66663855587347,15_7.5_300
brain ECF,20.7,0.666566259125102,15_7.5_300
brain ECF,20.8,0.666495690558352,15_7.5_300
brain ECF,20.9,0.666426803228261,15_7.5_300
brain ECF,21,0.666359551169594,15_7.5_300
brain ECF,21.1,0.666293889579232,15_7.5_300
brain ECF,21.2,0.666229775606219,15_7.5_300
brain ECF,21.3,0.666167168046134,15_7.5_300
brain ECF,21.4,0.666106025368329,15_7.5_300
brain ECF,21.5,0.666046307809581,15_7.5_300
brain ECF,21.6,0.665987976696081,15_7.5_300
brain ECF,21.7,0.66593099355337,15_7.5_300
brain ECF,21.8,0.665875321314459,15_7.5_300
brain ECF,21.9,0.665820924142184,15_7.5_300
brain ECF,22,0.665767766805136,15_7.5_300
brain ECF,22.1,0.665715814876452,15_7.5_300
brain ECF,22.2,0.665665038529281,15_7.5_300
brain ECF,22.3,0.665615404735552,15_7.5_300
brain ECF,22.4,0.665566882526238,15_7.5_300
brain ECF,22.5,0.665519442042771,15_7.5_300
brain ECF,22.6,0.665473053945904,15_7.5_300
brain ECF,22.7,0.665427687534602,15_7.5_300
brain ECF,22.8,0.665383316097451,15_7.5_300
brain ECF,22.9,0.665339912395019,15_7.5_300
brain ECF,23,0.665297449858275,15_7.5_300
brain ECF,23.1,0.665255902556971,15_7.5_300
brain ECF,23.2,0.665215246514614,15_7.5_300
brain ECF,23.3,0.665175456732231,15_7.5_300
brain ECF,23.4,0.665136509411381,15_7.5_300
brain ECF,23.5,0.665098381351343,15_7.5_300
brain ECF,23.6,0.665061049918216,15_7.5_300
brain ECF,23.7,0.66502449467253,15_7.5_300
brain ECF,23.8,0.66498869429132,15_7.5_300
brain ECF,23.9,0.664953628065952,15_7.5_300
brain ECF,24,0.664919276142434,15_7.5_300
brain ECF,24.1,0.664885619244277,15_7.5_300
brain ECF,24.2,0.664852638218822,15_7.5_300
brain ECF,24.3,0.664820314598662,15_7.5_300
brain ECF,24.4,0.664788630700285,15_7.5_300
brain ECF,24.5,0.664757569137369,15_7.5_300
brain ECF,24.6,0.66472711297763,15_7.5_300
brain ECF,24.7,0.664697245666938,15_7.5_300
brain ECF,24.8,0.664667950985856,15_7.5_300
brain ECF,24.9,0.664639213192744,15_7.5_300
brain ECF,25,0.664611016857241,15_7.5_300
brain ICF,0,0,15_7.5_300
brain ICF,0.1,14.2497886089825,15_7.5_300
brain ICF,0.2,24.676973243366,15_7.5_300
brain ICF,0.3,30.8335237836287,15_7.5_300
brain ICF,0.4,34.1670202264777,15_7.5_300
brain ICF,0.5,35.6624888953408,15_7.5_300
brain ICF,0.6,35.9865123615181,15_7.5_300
brain ICF,0.7,35.5871778675481,15_7.5_300
brain ICF,0.8,34.7630455022296,15_7.5_300
brain ICF,0.9,33.7106911162548,15_7.5_300
brain ICF,1,32.5574304218847,15_7.5_300
brain ICF,1.1,31.383806127634,15_7.5_300
brain ICF,1.2,30.2390034913447,15_7.5_300
brain ICF,1.3,29.151388500312,15_7.5_300
brain ICF,1.4,28.1356862144284,15_7.5_300
brain ICF,1.5,27.1978464399571,15_7.5_300
brain ICF,1.6,26.3383219346273,15_7.5_300
brain ICF,1.7,25.5542607535265,15_7.5_300
brain ICF,1.8,24.8409535313542,15_7.5_300
brain ICF,1.9,24.1927792457695,15_7.5_300
brain ICF,2,23.6038067938202,15_7.5_300
brain ICF,2.1,23.0681671235141,15_7.5_300
brain ICF,2.2,22.580274856881,15_7.5_300
brain ICF,2.3,22.1349466231445,15_7.5_300
brain ICF,2.4,21.7274548087354,15_7.5_300
brain ICF,2.5,21.3535412444845,15_7.5_300
brain ICF,2.6,21.0094050250345,15_7.5_300
brain ICF,2.7,20.6916753248676,15_7.5_300
brain ICF,2.8,20.3973775184954,15_7.5_300
brain ICF,2.9,20.1238960606471,15_7.5_300
brain ICF,3,19.8689371432594,15_7.5_300
brain ICF,3.1,19.6304923919294,15_7.5_300
brain ICF,3.2,19.4068055516383,15_7.5_300
brain ICF,3.3,19.1963419700889,15_7.5_300
brain ICF,3.4,18.99776066793,15_7.5_300
brain ICF,3.5,18.8098899112902,15_7.5_300
brain ICF,3.6,18.6317053036211,15_7.5_300
brain ICF,3.7,18.4623102508501,15_7.5_300
brain ICF,3.8,18.3009193785535,15_7.5_300
brain ICF,3.9,18.1468439057644,15_7.5_300
brain ICF,4,17.9994787816258,15_7.5_300
brain ICF,4.1,17.8582915475939,15_7.5_300
brain ICF,4.2,17.722812637975,15_7.5_300
brain ICF,4.3,17.5926269522145,15_7.5_300
brain ICF,4.4,17.4673666545427,15_7.5_300
brain ICF,4.5,17.3467049925941,15_7.5_300
brain ICF,4.6,17.2303509796594,15_7.5_300
brain ICF,4.7,17.1180445993399,15_7.5_300
brain ICF,4.8,17.0095527209357,15_7.5_300
brain ICF,4.9,16.9046656447558,15_7.5_300
brain ICF,5,16.8031940329173,15_7.5_300
brain ICF,5.1,16.7049664021639,15_7.5_300
brain ICF,5.2,16.6098268866242,15_7.5_300
brain ICF,5.3,16.5176333170792,15_7.5_300
brain ICF,5.4,16.4282554791973,15_7.5_300
brain ICF,5.5,16.3415736242207,15_7.5_300
brain ICF,5.6,16.2574772916333,15_7.5_300
brain ICF,5.7,16.1758641146565,15_7.5_300
brain ICF,5.8,16.0966389639997,15_7.5_300
brain ICF,5.9,16.0197131341349,15_7.5_300
brain ICF,6,15.9450036867094,15_7.5_300
brain ICF,6.1,15.8724327473296,15_7.5_300
brain ICF,6.2,15.8019270304008,15_7.5_300
brain ICF,6.3,15.7334173026424,15_7.5_300
brain ICF,6.4,15.666838063334,15_7.5_300
brain ICF,6.5,15.6021270994866,15_7.5_300
brain ICF,6.6,15.5392252148939,15_7.5_300
brain ICF,6.7,15.4780759960237,15_7.5_300
brain ICF,6.8,15.4186255799109,15_7.5_300
brain ICF,6.9,15.3608223796796,15_7.5_300
brain ICF,7,15.3046170328276,15_7.5_300
brain ICF,7.1,15.2499621177032,15_7.5_300
brain ICF,7.2,15.1968120372346,15_7.5_300
brain ICF,7.3,15.1451229178286,15_7.5_300
brain ICF,7.4,15.0948524475237,15_7.5_300
brain ICF,7.5,15.0459598713462,15_7.5_300
brain ICF,7.6,14.9984057923176,15_7.5_300
brain ICF,7.7,14.9521521262327,15_7.5_300
brain ICF,7.8,14.9071620918849,15_7.5_300
brain ICF,7.9,14.8634000815352,15_7.5_300
brain ICF,8,14.8208316263805,15_7.5_300
brain ICF,8.1,14.7794233332074,15_7.5_300
brain ICF,8.2,14.7391428820036,15_7.5_300
brain ICF,8.3,14.6999588870515,15_7.5_300
brain ICF,8.4,14.6618409504463,15_7.5_300
brain ICF,8.5,14.6247595294577,15_7.5_300
brain ICF,8.6,14.58868599792,15_7.5_300
brain ICF,8.7,14.5535925090947,15_7.5_300
brain ICF,8.8,14.5194521026312,15_7.5_300
brain ICF,8.9,14.4862385376896,15_7.5_300
brain ICF,9,14.453926336431,15_7.5_300
brain ICF,9.1,14.4224907288383,15_7.5_300
brain ICF,9.2,14.3919076766299,15_7.5_300
brain ICF,9.3,14.3621538137155,15_7.5_300
brain ICF,9.4,14.3332064273459,15_7.5_300
brain ICF,9.5,14.3050434424984,15_7.5_300
brain ICF,9.6,14.2776433853599,15_7.5_300
brain ICF,9.7,14.2509854222109,15_7.5_300
brain ICF,9.8,14.2250492776314,15_7.5_300
brain ICF,9.9,14.1998152203026,15_7.5_300
brain ICF,10,14.175264080045,15_7.5_300
brain ICF,10.1,14.1513771918229,15_7.5_300
brain ICF,10.2,14.1281363926776,15_7.5_300
brain ICF,10.3,14.105524103663,15_7.5_300
brain ICF,10.4,14.0835231440951,15_7.5_300
brain ICF,10.5,14.0621168266792,15_7.5_300
brain ICF,10.6,14.0412889457932,15_7.5_300
brain ICF,10.7,14.0210237104895,15_7.5_300
brain ICF,10.8,14.0013057748707,15_7.5_300
brain ICF,10.9,13.9821202462616,15_7.5_300
brain ICF,11,13.9634526062387,15_7.5_300
brain ICF,11.1,13.9452887409009,15_7.5_300
brain ICF,11.2,13.9276149131626,15_7.5_300
brain ICF,11.3,13.9104177616981,15_7.5_300
brain ICF,11.4,13.8936843050671,15_7.5_300
brain ICF,11.5,13.8774019225974,15_7.5_300
brain ICF,11.6,13.8615583040376,15_7.5_300
brain ICF,11.7,13.8461414840257,15_7.5_300
brain ICF,11.8,13.8311398552095,15_7.5_300
brain ICF,11.9,13.8165420802788,15_7.5_300
brain ICF,12,13.802337136548,15_7.5_300
brain ICF,12.1,13.7885143491244,15_7.5_300
brain ICF,12.2,13.7750633034592,15_7.5_300
brain ICF,12.3,13.7619738598542,15_7.5_300
brain ICF,12.4,13.749236166809,15_7.5_300
brain ICF,12.5,13.7368406486488,15_7.5_300
brain ICF,12.6,13.724777974554,15_7.5_300
brain ICF,12.7,13.7130390710267,15_7.5_300
brain ICF,12.8,13.701615145413,15_7.5_300
brain ICF,12.9,13.6904976087205,15_7.5_300
brain ICF,13,13.6796781157512,15_7.5_300
brain ICF,13.1,13.6691485472163,15_7.5_300
brain ICF,13.2,13.6589010011998,15_7.5_300
brain ICF,13.3,13.6489277853848,15_7.5_300
brain ICF,13.4,13.6392214232791,15_7.5_300
brain ICF,13.5,13.6297746724855,15_7.5_300
brain ICF,13.6,13.6205804453215,15_7.5_300
brain ICF,13.7,13.6116318590084,15_7.5_300
brain ICF,13.8,13.6029222328867,15_7.5_300
brain ICF,13.9,13.5944450504212,15_7.5_300
brain ICF,14,13.5861939735347,15_7.5_300
brain ICF,14.1,13.5781628383804,15_7.5_300
brain ICF,14.2,13.5703456698138,15_7.5_300
brain ICF,14.3,13.5627366243116,15_7.5_300
brain ICF,14.4,13.5553300238332,15_7.5_300
brain ICF,14.5,13.5481203580388,15_7.5_300
brain ICF,14.6,13.5411022769892,15_7.5_300
brain ICF,14.7,13.5342705495247,15_7.5_300
brain ICF,14.8,13.5276200952801,15_7.5_300
brain ICF,14.9,13.5211459860549,15_7.5_300
brain ICF,15,13.5148434190884,15_7.5_300
brain ICF,15.1,13.5087077172247,15_7.5_300
brain ICF,15.2,13.5027343319137,15_7.5_300
brain ICF,15.3,13.496918853727,15_7.5_300
brain ICF,15.4,13.4912569736619,15_7.5_300
brain ICF,15.5,13.4857445035371,15_7.5_300
brain ICF,15.6,13.4803773721194,15_7.5_300
brain ICF,15.7,13.4751516333796,15_7.5_300
brain ICF,15.8,13.4700634254642,15_7.5_300
brain ICF,15.9,13.4651089970765,15_7.5_300
brain ICF,16,13.4602847067796,15_7.5_300
brain ICF,16.1,13.4555870129161,15_7.5_300
brain ICF,16.2,13.4510124582638,15_7.5_300
brain ICF,16.3,13.4465576818881,15_7.5_300
brain ICF,16.4,13.442219444931,15_7.5_300
brain ICF,16.5,13.4379945701699,15_7.5_300
brain ICF,16.6,13.4338799675276,15_7.5_300
brain ICF,16.7,13.4298726341436,15_7.5_300
brain ICF,16.8,13.4259696498251,15_7.5_300
brain ICF,16.9,13.4221681719499,15_7.5_300
brain ICF,17,13.4184654320985,15_7.5_300
brain ICF,17.1,13.414858735228,15_7.5_300
brain ICF,17.2,13.4113454672231,15_7.5_300
brain ICF,17.3,13.4079230909836,15_7.5_300
brain ICF,17.4,13.404589117617,15_7.5_300
brain ICF,17.5,13.4013411308685,15_7.5_300
brain ICF,17.6,13.3981767861406,15_7.5_300
brain ICF,17.7,13.3950938301856,15_7.5_300
brain ICF,17.8,13.3920900301718,15_7.5_300
brain ICF,17.9,13.3891632282775,15_7.5_300
brain ICF,18,13.3863113254558,15_7.5_300
brain ICF,18.1,13.3835322934181,15_7.5_300
brain ICF,18.2,13.3808241427396,15_7.5_300
brain ICF,18.3,13.3781849434536,15_7.5_300
brain ICF,18.4,13.3756128176,15_7.5_300
brain ICF,18.5,13.373105940615,15_7.5_300
brain ICF,18.6,13.37066253394,15_7.5_300
brain ICF,18.7,13.3682808664681,15_7.5_300
brain ICF,18.8,13.3659592527119,15_7.5_300
brain ICF,18.9,13.3636960633113,15_7.5_300
brain ICF,19,13.3614897074277,15_7.5_300
brain ICF,19.1,13.3593386306341,15_7.5_300
brain ICF,19.2,13.3572413225856,15_7.5_300
brain ICF,19.3,13.3551963246502,15_7.5_300
brain ICF,19.4,13.3532022212192,15_7.5_300
brain ICF,19.5,13.3512576164081,15_7.5_300
brain ICF,19.6,13.349361159373,15_7.5_300
brain ICF,19.7,13.3475115347288,15_7.5_300
brain ICF,19.8,13.345707473837,15_7.5_300
brain ICF,19.9,13.3439477336931,15_7.5_300
brain ICF,20,13.3422311008926,15_7.5_300
brain ICF,20.1,13.3405563965845,15_7.5_300
brain ICF,20.2,13.3389224723306,15_7.5_300
brain ICF,20.3,13.3373282496342,15_7.5_300
brain ICF,20.4,13.3357726337741,15_7.5_300
brain ICF,20.5,13.3342545747194,15_7.5_300
brain ICF,20.6,13.3327730518868,15_7.5_300
brain ICF,20.7,13.3313270705521,15_7.5_300
brain ICF,20.8,13.3299156541371,15_7.5_300
brain ICF,20.9,13.328537863692,15_7.5_300
brain ICF,21,13.3271927798882,15_7.5_300
brain ICF,21.1,13.3258795066427,15_7.5_300
brain ICF,21.2,13.3245971868837,15_7.5_300
brain ICF,21.3,13.3233449964491,15_7.5_300
brain ICF,21.4,13.3221221047137,15_7.5_300
brain ICF,21.5,13.3209277163709,15_7.5_300
brain ICF,21.6,13.3197610578994,15_7.5_300
brain ICF,21.7,13.3186213598438,15_7.5_300
brain ICF,21.8,13.3175078808571,15_7.5_300
brain ICF,21.9,13.3164199041611,15_7.5_300
brain ICF,22,13.3153567251213,15_7.5_300
brain ICF,22.1,13.3143176551996,15_7.5_300
brain ICF,22.2,13.3133020976997,15_7.5_300
brain ICF,22.3,13.3123093920755,15_7.5_300
brain ICF,22.4,13.3113389189091,15_7.5_300
brain ICF,22.5,13.3103900809788,15_7.5_300
brain ICF,22.6,13.3094622914754,15_7.5_300
brain ICF,22.7,13.3085549365323,15_7.5_300
brain ICF,22.8,13.3076674818136,15_7.5_300
brain ICF,22.9,13.3067993825289,15_7.5_300
brain ICF,23,13.3059501073015,15_7.5_300
brain ICF,23.1,13.3051191375365,15_7.5_300
brain ICF,23.2,13.3043059935182,15_7.5_300
brain ICF,23.3,13.3035101753288,15_7.5_300
brain ICF,23.4,13.3027312069701,15_7.5_300
brain ICF,23.5,13.3019686243937,15_7.5_300
brain ICF,23.6,13.3012219748831,15_7.5_300
brain ICF,23.7,13.3004908497155,15_7.5_300
brain ICF,23.8,13.2997748224001,15_7.5_300
brain ICF,23.9,13.2990734787348,15_7.5_300
brain ICF,24,13.2983864216305,15_7.5_300
brain ICF,24.1,13.29771326555,15_7.5_300
brain ICF,24.2,13.2970536274134,15_7.5_300
brain ICF,24.3,13.2964071378555,15_7.5_300
brain ICF,24.4,13.2957734432047,15_7.5_300
brain ICF,24.5,13.2951521957255,15_7.5_300
brain ICF,24.6,13.2945430567638,15_7.5_300
brain ICF,24.7,13.2939456952222,15_7.5_300
brain ICF,24.8,13.2933597866867,15_7.5_300
brain ICF,24.9,13.2927850163114,15_7.5_300
brain ICF,25,13.2922210754676,15_7.5_300
sCSF,0,0,15_7.5_300
sCSF,0.1,0.0231517320083265,15_7.5_300
sCSF,0.2,0.0869490812800945,15_7.5_300
sCSF,0.3,0.173551586947278,15_7.5_300
sCSF,0.4,0.27078512497307,15_7.5_300
sCSF,0.5,0.370861333445079,15_7.5_300
sCSF,0.6,0.46894589496001,15_7.5_300
sCSF,0.7,0.562177682439599,15_7.5_300
sCSF,0.8,0.648999000029837,15_7.5_300
sCSF,0.9,0.728700036078315,15_7.5_300
sCSF,1,0.801110644578077,15_7.5_300
sCSF,1.1,0.86639318316701,15_7.5_300
sCSF,1.2,0.924904520080937,15_7.5_300
sCSF,1.3,0.977105234618523,15_7.5_300
sCSF,1.4,1.02350082866728,15_7.5_300
sCSF,1.5,1.0646046025377,15_7.5_300
sCSF,1.6,1.10091501405222,15_7.5_300
sCSF,1.7,1.13290267293032,15_7.5_300
sCSF,1.8,1.16100365254521,15_7.5_300
sCSF,1.9,1.18561683371752,15_7.5_300
sCSF,2,1.20710381640445,15_7.5_300
sCSF,2.1,1.22579034032705,15_7.5_300
sCSF,2.2,1.24196855591456,15_7.5_300
sCSF,2.3,1.25589973000604,15_7.5_300
sCSF,2.4,1.26781707893663,15_7.5_300
sCSF,2.5,1.27792856804471,15_7.5_300
sCSF,2.6,1.28641958328391,15_7.5_300
sCSF,2.7,1.29345540618101,15_7.5_300
sCSF,2.8,1.29918347593469,15_7.5_300
sCSF,2.9,1.30373542849829,15_7.5_300
sCSF,3,1.30722892698326,15_7.5_300
sCSF,3.1,1.30976928003757,15_7.5_300
sCSF,3.2,1.31145087652657,15_7.5_300
sCSF,3.3,1.31235845162547,15_7.5_300
sCSF,3.4,1.31256820188763,15_7.5_300
sCSF,3.5,1.31214876186571,15_7.5_300
sCSF,3.6,1.31116206237888,15_7.5_300
sCSF,3.7,1.30966407953572,15_7.5_300
sCSF,3.8,1.30770549538322,15_7.5_300
sCSF,3.9,1.30533227731468,15_7.5_300
sCSF,4,1.30258618646139,15_7.5_300
sCSF,4.1,1.29950522062761,15_7.5_300
sCSF,4.2,1.2961240063279,15_7.5_300
sCSF,4.3,1.29247414406064,15_7.5_300
sCSF,4.4,1.28858451064753,15_7.5_300
sCSF,4.5,1.28448152849785,15_7.5_300
sCSF,4.6,1.28018940309032,15_7.5_300
sCSF,4.7,1.27573033132479,15_7.5_300
sCSF,4.8,1.27112468715098,15_7.5_300
sCSF,4.9,1.26639118738304,15_7.5_300
sCSF,5,1.26154703900917,15_7.5_300
sCSF,5.1,1.25660806958797,15_7.5_300
sCSF,5.2,1.25158884722729,15_7.5_300
sCSF,5.3,1.24650278538596,15_7.5_300
sCSF,5.4,1.24136223626181,15_7.5_300
sCSF,5.5,1.2361785761375,15_7.5_300
sCSF,5.6,1.23096228280863,15_7.5_300
sCSF,5.7,1.22572300545802,15_7.5_300
sCSF,5.8,1.22046962737198,15_7.5_300
sCSF,5.9,1.21521032367855,15_7.5_300
sCSF,6,1.20995261343583,15_7.5_300
sCSF,6.1,1.20470341064126,15_7.5_300
sCSF,6.2,1.19946906309889,15_7.5_300
sCSF,6.3,1.19425539435229,15_7.5_300
sCSF,6.4,1.18906774047084,15_7.5_300
sCSF,6.5,1.18391098522982,15_7.5_300
sCSF,6.6,1.17878958979841,15_7.5_300
sCSF,6.7,1.17370762208356,15_7.5_300
sCSF,6.8,1.16866878217678,15_7.5_300
sCSF,6.9,1.1636764326208,15_7.5_300
sCSF,7,1.15873361456424,15_7.5_300
sCSF,7.1,1.1538430735438,15_7.5_300
sCSF,7.2,1.14900727916233,15_7.5_300
sCSF,7.3,1.14422843929766,15_7.5_300
sCSF,7.4,1.13950852396758,15_7.5_300
sCSF,7.5,1.13484927590884,15_7.5_300
sCSF,7.6,1.13025222804444,15_7.5_300
sCSF,7.7,1.12571871968506,15_7.5_300
sCSF,7.8,1.12124990527106,15_7.5_300
sCSF,7.9,1.11684676976466,15_7.5_300
sCSF,8,1.11251014029417,15_7.5_300
sCSF,8.1,1.10824069828247,15_7.5_300
sCSF,8.2,1.10403898428203,15_7.5_300
sCSF,8.3,1.09990541805763,15_7.5_300
sCSF,8.4,1.09584029210959,15_7.5_300
sCSF,8.5,1.0918437984762,15_7.5_300
sCSF,8.6,1.08791601727612,15_7.5_300
sCSF,8.7,1.08405694291715,15_7.5_300
sCSF,8.8,1.08026647414779,15_7.5_300
sCSF,8.9,1.07654443599394,15_7.5_300
sCSF,9,1.07289057254437,15_7.5_300
sCSF,9.1,1.06930456435129,15_7.5_300
sCSF,9.2,1.06578602509533,15_7.5_300
sCSF,9.3,1.06233451214934,15_7.5_300
sCSF,9.4,1.05894952700288,15_7.5_300
sCSF,9.5,1.05563052316424,15_7.5_300
sCSF,9.6,1.0523769166144,15_7.5_300
sCSF,9.7,1.04918807132426,15_7.5_300
sCSF,9.8,1.04606332171328,15_7.5_300
sCSF,9.9,1.04300197558898,15_7.5_300
sCSF,10,1.04000329337984,15_7.5_300
sCSF,10.1,1.03706652346577,15_7.5_300
sCSF,10.2,1.03419089098559,15_7.5_300
sCSF,10.3,1.03137558473076,15_7.5_300
sCSF,10.4,1.02861979052282,15_7.5_300
sCSF,10.5,1.02592267447464,15_7.5_300
sCSF,10.6,1.02328338001433,15_7.5_300
sCSF,10.7,1.02070104957221,15_7.5_300
sCSF,10.8,1.01817481260616,15_7.5_300
sCSF,10.9,1.01570378489344,15_7.5_300
sCSF,11,1.01328708449178,15_7.5_300
sCSF,11.1,1.01092382124608,15_7.5_300
sCSF,11.2,1.00861309790737,15_7.5_300
sCSF,11.3,1.00635402277903,15_7.5_300
sCSF,11.4,1.00414569800002,15_7.5_300
sCSF,11.5,1.00198722519302,15_7.5_300
sCSF,11.6,0.999877714964169,15_7.5_300
sCSF,11.7,0.997816278467773,15_7.5_300
sCSF,11.8,0.995802020092042,15_7.5_300
sCSF,11.9,0.99383406272348,15_7.5_300
sCSF,12,0.9919115318917,15_7.5_300
sCSF,12.1,0.990033550510686,15_7.5_300
sCSF,12.2,0.988199254536799,15_7.5_300
sCSF,12.3,0.986407789537469,15_7.5_300
sCSF,12.4,0.984658305407742,15_7.5_300
sCSF,12.5,0.982949956852198,15_7.5_300
sCSF,12.6,0.981281914554911,15_7.5_300
sCSF,12.7,0.97965335665986,15_7.5_300
sCSF,12.8,0.978063464875295,15_7.5_300
sCSF,12.9,0.976511438165002,15_7.5_300
sCSF,13,0.974996484309873,15_7.5_300
sCSF,13.1,0.973517818652091,15_7.5_300
sCSF,13.2,0.972074668460545,15_7.5_300
sCSF,13.3,0.970666274441532,15_7.5_300
sCSF,13.4,0.969291886896953,15_7.5_300
sCSF,13.5,0.967950764344297,15_7.5_300
sCSF,13.6,0.966642181511412,15_7.5_300
sCSF,13.7,0.965365423649393,15_7.5_300
sCSF,13.8,0.964119782967444,15_7.5_300
sCSF,13.9,0.962904568474912,15_7.5_300
sCSF,14,0.961719100066948,15_7.5_300
sCSF,14.1,0.960562708872506,15_7.5_300
sCSF,14.2,0.959434734065569,15_7.5_300
sCSF,14.3,0.958334531689367,15_7.5_300
sCSF,14.4,0.957261468117071,15_7.5_300
sCSF,14.5,0.956214919975892,15_7.5_300
sCSF,14.6,0.955194274438568,15_7.5_300
sCSF,14.7,0.954198933131307,15_7.5_300
sCSF,14.8,0.953228308282497,15_7.5_300
sCSF,14.9,0.952281821513537,15_7.5_300
sCSF,15,0.951358906965737,15_7.5_300
sCSF,15.1,0.950459010633038,15_7.5_300
sCSF,15.2,0.949581589299889,15_7.5_300
sCSF,15.3,0.948726108677149,15_7.5_300
sCSF,15.4,0.94789204770835,15_7.5_300
sCSF,15.5,0.947078895413215,15_7.5_300
sCSF,15.6,0.946286151173756,15_7.5_300
sCSF,15.7,0.945513323869919,15_7.5_300
sCSF,15.8,0.944759934184834,15_7.5_300
sCSF,15.9,0.944025512574829,15_7.5_300
sCSF,16,0.943309599002988,15_7.5_300
sCSF,16.1,0.942611743240536,15_7.5_300
sCSF,16.2,0.941931505495778,15_7.5_300
sCSF,16.3,0.94126845535046,15_7.5_300
sCSF,16.4,0.940622171125388,15_7.5_300
sCSF,16.5,0.939992241102555,15_7.5_300
sCSF,16.6,0.939378262721464,15_7.5_300
sCSF,16.7,0.938779842375016,15_7.5_300
sCSF,16.8,0.938196594886168,15_7.5_300
sCSF,16.9,0.937628143913935,15_7.5_300
sCSF,17,0.937074121956905,15_7.5_300
sCSF,17.1,0.936534169764985,15_7.5_300
sCSF,17.2,0.936007936137846,15_7.5_300
sCSF,17.3,0.935495077801876,15_7.5_300
sCSF,17.4,0.934995259768438,15_7.5_300
sCSF,17.5,0.934508154662879,15_7.5_300
sCSF,17.6,0.934033442718814,15_7.5_300
sCSF,17.7,0.933570811615641,15_7.5_300
sCSF,17.8,0.933119956359187,15_7.5_300
sCSF,17.9,0.932680579102618,15_7.5_300
sCSF,18,0.932252389024529,15_7.5_300
sCSF,18.1,0.931835102588688,15_7.5_300
sCSF,18.2,0.93142844250427,15_7.5_300
sCSF,18.3,0.931032138240605,15_7.5_300
sCSF,18.4,0.93064592571135,15_7.5_300
sCSF,18.5,0.930269547619902,15_7.5_300
sCSF,18.6,0.929902752431703,15_7.5_300
sCSF,18.7,0.929545294728644,15_7.5_300
sCSF,18.8,0.929196935050665,15_7.5_300
sCSF,18.9,0.928857440036001,15_7.5_300
sCSF,19,0.92852658186928,15_7.5_300
sCSF,19.1,0.928204138130206,15_7.5_300
sCSF,19.2,0.927889891895036,15_7.5_300
sCSF,19.3,0.927583631836901,15_7.5_300
sCSF,19.4,0.927285151904476,15_7.5_300
sCSF,19.5,0.926994250623177,15_7.5_300
sCSF,19.6,0.926710731652466,15_7.5_300
sCSF,19.7,0.926434403441486,15_7.5_300
sCSF,19.8,0.926165079973565,15_7.5_300
sCSF,19.9,0.925902579259853,15_7.5_300
sCSF,20,0.925646723575181,15_7.5_300
sCSF,20.1,0.925397339762591,15_7.5_300
sCSF,20.2,0.925154258905981,15_7.5_300
sCSF,20.3,0.924917317836957,15_7.5_300
sCSF,20.4,0.924686355612862,15_7.5_300
sCSF,20.5,0.924461215879237,15_7.5_300
sCSF,20.6,0.924241746185358,15_7.5_300
sCSF,20.7,0.924027798084891,15_7.5_300
sCSF,20.8,0.923819227826792,15_7.5_300
sCSF,20.9,0.923615893837278,15_7.5_300
sCSF,21,0.923417658625358,15_7.5_300
sCSF,21.1,0.923224388135905,15_7.5_300
sCSF,21.2,0.923035952139974,15_7.5_300
sCSF,21.3,0.922852223983594,15_7.5_300
sCSF,21.4,0.922673079360415,15_7.5_300
sCSF,21.5,0.92249839746532,15_7.5_300
sCSF,21.6,0.922328060525173,15_7.5_300
sCSF,21.7,0.922161954394704,15_7.5_300
sCSF,21.8,0.921999967462101,15_7.5_300
sCSF,21.9,0.921841990670969,15_7.5_300
sCSF,22,0.921687917901941,15_7.5_300
sCSF,22.1,0.921537645691384,15_7.5_300
sCSF,22.2,0.92139107439742,15_7.5_300
sCSF,22.3,0.921248105585522,15_7.5_300
sCSF,22.4,0.921108643672039,15_7.5_300
sCSF,22.5,0.920972595543704,15_7.5_300
sCSF,22.6,0.920839870615108,15_7.5_300
sCSF,22.7,0.920710381630683,15_7.5_300
sCSF,22.8,0.920584042057342,15_7.5_300
sCSF,22.9,0.920460768129286,15_7.5_300
sCSF,23,0.920340478198321,15_7.5_300
sCSF,23.1,0.920223092664004,15_7.5_300
sCSF,23.2,0.920108535428719,15_7.5_300
sCSF,23.3,0.919996730493218,15_7.5_300
sCSF,23.4,0.919887604439996,15_7.5_300
sCSF,23.5,0.919781085716603,15_7.5_300
sCSF,23.6,0.919677104566589,15_7.5_300
sCSF,23.7,0.919575594193952,15_7.5_300
sCSF,23.8,0.91947648843427,15_7.5_300
sCSF,23.9,0.919379722822788,15_7.5_300
sCSF,24,0.919285234728957,15_7.5_300
sCSF,24.1,0.919192963106822,15_7.5_300
sCSF,24.2,0.91910284924001,15_7.5_300
sCSF,24.3,0.91901483563666,15_7.5_300
sCSF,24.4,0.918928865767788,15_7.5_300
sCSF,24.5,0.918844884872477,15_7.5_300
sCSF,24.6,0.918762839590152,15_7.5_300
sCSF,24.7,0.91868267811939,15_7.5_300
sCSF,24.8,0.918604350259673,15_7.5_300
sCSF,24.9,0.918527806779731,15_7.5_300
sCSF,25,0.918452999903479,15_7.5_300
brain ECF,0,0,20_1.5_250
brain ECF,0.1,0.717602077053769,20_1.5_250
brain ECF,0.2,1.23696665035516,20_1.5_250
brain ECF,0.3,1.54345977872176,20_1.5_250
brain ECF,0.4,1.70925816055938,20_1.5_250
brain ECF,0.5,1.78346567066491,20_1.5_250
brain ECF,0.6,1.79931057601073,20_1.5_250
brain ECF,0.7,1.77912801514432,20_1.5_250
brain ECF,0.8,1.73779869720292,20_1.5_250
brain ECF,0.9,1.68511916975635,20_1.5_250
brain ECF,1,1.62743341921595,20_1.5_250
brain ECF,1.1,1.56875387407637,20_1.5_250
brain ECF,1.2,1.51152998860329,20_1.5_250
brain ECF,1.3,1.4571735806997,20_1.5_250
brain ECF,1.4,1.40641669242284,20_1.5_250
brain ECF,1.5,1.35955411519163,20_1.5_250
brain ECF,1.6,1.3166068642087,20_1.5_250
brain ECF,1.7,1.27743132448826,20_1.5_250
brain ECF,1.8,1.24179155491313,20_1.5_250
brain ECF,1.9,1.20940625708862,20_1.5_250
brain ECF,2,1.1799788027222,20_1.5_250
brain ECF,2.1,1.15321585271156,20_1.5_250
brain ECF,2.2,1.12883824964699,20_1.5_250
brain ECF,2.3,1.10658695779397,20_1.5_250
brain ECF,2.4,1.08622579879882,20_1.5_250
brain ECF,2.5,1.06754205059935,20_1.5_250
brain ECF,2.6,1.05034581322863,20_1.5_250
brain ECF,2.7,1.0344687008374,20_1.5_250
brain ECF,2.8,1.01976213701797,20_1.5_250
brain ECF,2.9,1.00609546920615,20_1.5_250
brain ECF,3,0.993354110371716,20_1.5_250
brain ECF,3.1,0.981437749037666,20_1.5_250
brain ECF,3.2,0.97025866922803,20_1.5_250
brain ECF,3.3,0.959740216514563,20_1.5_250
brain ECF,3.4,0.949815404842432,20_1.5_250
brain ECF,3.5,0.940425703621599,20_1.5_250
brain ECF,3.6,0.931519940611655,20_1.5_250
brain ECF,3.7,0.92305333489091,20_1.5_250
brain ECF,3.8,0.914986663950224,20_1.5_250
brain ECF,3.9,0.907285525810042,20_1.5_250
brain ECF,4,0.89991969732187,20_1.5_250
brain ECF,4.1,0.892862573832047,20_1.5_250
brain ECF,4.2,0.886090691227569,20_1.5_250
brain ECF,4.3,0.879583316848437,20_1.5_250
brain ECF,4.4,0.873322084618985,20_1.5_250
brain ECF,4.5,0.867290675211429,20_1.5_250
brain ECF,4.6,0.861474549438387,20_1.5_250
brain ECF,4.7,0.855860710406353,20_1.5_250
brain ECF,4.8,0.850437507595409,20_1.5_250
brain ECF,4.9,0.845194464043157,20_1.5_250
brain ECF,5,0.840122126348088,20_1.5_250
brain ECF,5.1,0.835211930255969,20_1.5_250
brain ECF,5.2,0.830456089294419,20_1.5_250
brain ECF,5.3,0.825847497315084,20_1.5_250
brain ECF,5.4,0.821379642934103,20_1.5_250
brain ECF,5.5,0.817046541328774,20_1.5_250
brain ECF,5.6,0.812842669637913,20_1.5_250
brain ECF,5.7,0.808762917288663,20_1.5_250
brain ECF,5.8,0.804802534206458,20_1.5_250
brain ECF,5.9,0.800957088639493,20_1.5_250
brain ECF,6,0.797222435517228,20_1.5_250
brain ECF,6.1,0.793594681746835,20_1.5_250
brain ECF,6.2,0.790070160925097,20_1.5_250
brain ECF,6.3,0.78664541226551,20_1.5_250
brain ECF,6.4,0.783317159796229,20_1.5_250
brain ECF,6.5,0.780082295709531,20_1.5_250
brain ECF,6.6,0.776937863563871,20_1.5_250
brain ECF,6.7,0.773881046096985,20_1.5_250
brain ECF,6.8,0.770909151067874,20_1.5_250
brain ECF,6.9,0.768019600427054,20_1.5_250
brain ECF,7,0.765209926437394,20_1.5_250
brain ECF,7.1,0.762477757207996,20_1.5_250
brain ECF,7.2,0.759820811590556,20_1.5_250
brain ECF,7.3,0.757236895820107,20_1.5_250
brain ECF,7.4,0.75472389666688,20_1.5_250
brain ECF,7.5,0.752279773143156,20_1.5_250
brain ECF,7.6,0.749902559590715,20_1.5_250
brain ECF,7.7,0.747590352893578,20_1.5_250
brain ECF,7.8,0.745341315710262,20_1.5_250
brain ECF,7.9,0.743153667426466,20_1.5_250
brain ECF,8,0.741025685937865,20_1.5_250
brain ECF,8.1,0.738955701046442,20_1.5_250
brain ECF,8.2,0.736942097301209,20_1.5_250
brain ECF,8.3,0.734983305683558,20_1.5_250
brain ECF,8.4,0.733077804402963,20_1.5_250
brain ECF,8.5,0.731224117440258,20_1.5_250
brain ECF,8.6,0.729420813105504,20_1.5_250
brain ECF,8.7,0.727666501252603,20_1.5_250
brain ECF,8.8,0.725959831753565,20_1.5_250
brain ECF,8.9,0.724299493035733,20_1.5_250
brain ECF,9,0.722684213653011,20_1.5_250
brain ECF,9.1,0.721112755309809,20_1.5_250
brain ECF,9.2,0.719583916578309,20_1.5_250
brain ECF,9.3,0.718096529464798,20_1.5_250
brain ECF,9.4,0.716649457564419,20_1.5_250
brain ECF,9.5,0.715241598598399,20_1.5_250
brain ECF,9.6,0.713871878358068,20_1.5_250
brain ECF,9.7,0.712539254119837,20_1.5_250
brain ECF,9.8,0.711242712485808,20_1.5_250
brain ECF,9.9,0.709981266725879,20_1.5_250
brain ECF,10,0.708753959297945,20_1.5_250
brain ECF,10.1,0.707559857728126,20_1.5_250
brain ECF,10.2,0.706398055641577,20_1.5_250
brain ECF,10.3,0.705267671567566,20_1.5_250
brain ECF,10.4,0.704167847721736,20_1.5_250
brain ECF,10.5,0.703097751816587,20_1.5_250
brain ECF,10.6,0.702056572039827,20_1.5_250
brain ECF,10.7,0.7010435190034,20_1.5_250
brain ECF,10.8,0.700057827042413,20_1.5_250
brain ECF,10.9,0.69909875002319,20_1.5_250
brain ECF,11,0.698165561454363,20_1.5_250
brain ECF,11.1,0.697257555841549,20_1.5_250
brain ECF,11.2,0.696374047180192,20_1.5_250
brain ECF,11.3,0.695514366776386,20_1.5_250
brain ECF,11.4,0.694677865065887,20_1.5_250
brain ECF,11.5,0.693863911786203,20_1.5_250
brain ECF,11.6,0.693071891679632,20_1.5_250
brain ECF,11.7,0.692301206937615,20_1.5_250
brain ECF,11.8,0.691551276836809,20_1.5_250
brain ECF,11.9,0.690821535443306,20_1.5_250
brain ECF,12,0.69011143231912,20_1.5_250
brain ECF,12.1,0.689420433452557,20_1.5_250
brain ECF,12.2,0.68874801806357,20_1.5_250
brain ECF,12.3,0.688093679588201,20_1.5_250
brain ECF,12.4,0.687456925706397,20_1.5_250
brain ECF,12.5,0.686837277257762,20_1.5_250
brain ECF,12.6,0.686234267611545,20_1.5_250
brain ECF,12.7,0.685647443717044,20_1.5_250
brain ECF,12.8,0.685076365631173,20_1.5_250
brain ECF,12.9,0.68452060360709,20_1.5_250
brain ECF,13,0.683979740064997,20_1.5_250
brain ECF,13.1,0.683453369498382,20_1.5_250
brain ECF,13.2,0.682941096517245,20_1.5_250
brain ECF,13.3,0.682442536371857,20_1.5_250
brain ECF,13.4,0.681957315490047,20_1.5_250
brain ECF,13.5,0.68148507241446,20_1.5_250
brain ECF,13.6,0.681025452839292,20_1.5_250
brain ECF,13.7,0.680578113095235,20_1.5_250
brain ECF,13.8,0.680142718328671,20_1.5_250
brain ECF,13.9,0.679718942933411,20_1.5_250
brain ECF,14,0.679306470045647,20_1.5_250
brain ECF,14.1,0.678904991566176,20_1.5_250
brain ECF,14.2,0.678514209988676,20_1.5_250
brain ECF,14.3,0.678133833224224,20_1.5_250
brain ECF,14.4,0.677763578031235,20_1.5_250
brain ECF,14.5,0.67740316823778,20_1.5_250
brain ECF,14.6,0.677052335059717,20_1.5_250
brain ECF,14.7,0.676710817084837,20_1.5_250
brain ECF,14.8,0.67637835977594,20_1.5_250
brain ECF,14.9,0.676054719254711,20_1.5_250
brain ECF,15,0.675739654279793,20_1.5_250
brain ECF,15.1,0.675432931607157,20_1.5_250
brain ECF,15.2,0.675134323749386,20_1.5_250
brain ECF,15.3,0.674843609172258,20_1.5_250
brain ECF,15.4,0.674560573076229,20_1.5_250
brain ECF,15.5,0.674285006024415,20_1.5_250
brain ECF,15.6,0.674016704703632,20_1.5_250
brain ECF,15.7,0.673755471356264,20_1.5_250
brain ECF,15.8,0.673501112784973,20_1.5_250
brain ECF,15.9,0.673253441150587,20_1.5_250
brain ECF,16,0.673012274856378,20_1.5_250
brain ECF,16.1,0.672777437482193,20_1.5_250
brain ECF,16.2,0.672548755951214,20_1.5_250
brain ECF,16.3,0.672326062494173,20_1.5_250
brain ECF,16.4,0.672109194223197,20_1.5_250
brain ECF,16.5,0.671897992726031,20_1.5_250
brain ECF,16.6,0.671692303501637,20_1.5_250
brain ECF,16.7,0.671491976369758,20_1.5_250
brain ECF,16.8,0.671296865388126,20_1.5_250
brain ECF,16.9,0.671106828545458,20_1.5_250
brain ECF,17,0.670921727386833,20_1.5_250
brain ECF,17.1,0.67074142720169,20_1.5_250
brain ECF,17.2,0.670565797500314,20_1.5_250
brain ECF,17.3,0.670394711329581,20_1.5_250
brain ECF,17.4,0.670228044467105,20_1.5_250
brain ECF,17.5,0.67006567627007,20_1.5_250
brain ECF,17.6,0.669907489952508,20_1.5_250
brain ECF,17.7,0.669753371901445,20_1.5_250
brain ECF,17.8,0.669603210959176,20_1.5_250
brain ECF,17.9,0.669456899229122,20_1.5_250
brain ECF,18,0.669314332132574,20_1.5_250
brain ECF,18.1,0.669175407852522,20_1.5_250
brain ECF,18.2,0.669040026947321,20_1.5_250
brain ECF,18.3,0.668908092810518,20_1.5_250
brain ECF,18.4,0.668779511453099,20_1.5_250
brain ECF,18.5,0.66865419216132,20_1.5_250
brain ECF,18.6,0.668532045672595,20_1.5_250
brain ECF,18.7,0.668412985422607,20_1.5_250
brain ECF,18.8,0.668296927113113,20_1.5_250
brain ECF,18.9,0.668183789331101,20_1.5_250
brain ECF,19,0.668073492754899,20_1.5_250
brain ECF,19.1,0.667965959578099,20_1.5_250
brain ECF,19.2,0.667861114339295,20_1.5_250
brain ECF,19.3,0.667758883631306,20_1.5_250
brain ECF,19.4,0.667659197165213,20_1.5_250
brain ECF,19.5,0.66756198508881,20_1.5_250
brain ECF,19.6,0.667467179925146,20_1.5_250
brain ECF,19.7,0.667374715988763,20_1.5_250
brain ECF,19.8,0.66728452975605,20_1.5_250
brain ECF,19.9,0.667196559376261,20_1.5_250
brain ECF,20,0.667110744284009,20_1.5_250
brain ECF,20.1,0.667027025715766,20_1.5_250
brain ECF,20.2,0.666945346498504,20_1.5_250
brain ECF,20.3,0.666865651503971,20_1.5_250
brain ECF,20.4,0.666787886430507,20_1.5_250
brain ECF,20.5,0.666711998641335,20_1.5_250
brain ECF,20.6,0.666637936881855,20_1.5_250
brain ECF,20.7,0.666565651611107,20_1.5_250
brain ECF,20.8,0.666495094583705,20_1.5_250
brain ECF,20.9,0.666426218492057,20_1.5_250
brain ECF,21,0.666358977441781,20_1.5_250
brain ECF,21.1,0.666293326793016,20_1.5_250
brain ECF,21.2,0.666229223963528,20_1.5_250
brain ECF,21.3,0.666166626334609,20_1.5_250
brain ECF,21.4,0.666105492838117,20_1.5_250
brain ECF,21.5,0.666045783480473,20_1.5_250
brain ECF,21.6,0.665987459302101,20_1.5_250
brain ECF,21.7,0.665930483320567,20_1.5_250
brain ECF,21.8,0.665874818469257,20_1.5_250
brain ECF,21.9,0.665820428917497,20_1.5_250
brain ECF,22,0.665767279833846,20_1.5_250
brain ECF,22.1,0.665715337288593,20_1.5_250
brain ECF,22.2,0.665664568880444,20_1.5_250
brain ECF,22.3,0.665614942581312,20_1.5_250
brain ECF,22.4,0.665566427086466,20_1.5_250
brain ECF,22.5,0.665518992058518,20_1.5_250
brain ECF,22.6,0.665472607946488,20_1.5_250
brain ECF,22.7,0.665427246389665,20_1.5_250
brain ECF,22.8,0.665382879697685,20_1.5_250
brain ECF,22.9,0.665339480530947,20_1.5_250
brain ECF,23,0.665297022472824,20_1.5_250
brain ECF,23.1,0.665255479794126,20_1.5_250
brain ECF,23.2,0.665214827680751,20_1.5_250
brain ECF,23.3,0.665175042178486,20_1.5_250
brain ECF,23.4,0.66513609943128,20_1.5_250
brain ECF,23.5,0.665097976445065,20_1.5_250
brain ECF,23.6,0.665060650827624,20_1.5_250
brain ECF,23.7,0.665024100844421,20_1.5_250
brain ECF,23.8,0.664988305572119,20_1.5_250
brain ECF,23.9,0.664953244241556,20_1.5_250
brain ECF,24,0.66491889677349,20_1.5_250
brain ECF,24.1,0.664885243601932,20_1.5_250
brain ECF,24.2,0.664852265723601,20_1.5_250
brain ECF,24.3,0.664819945663296,20_1.5_250
brain ECF,24.4,0.664788265068403,20_1.5_250
brain ECF,24.5,0.664757206589592,20_1.5_250
brain ECF,24.6,0.66472675335852,20_1.5_250
brain ECF,24.7,0.664696888972826,20_1.5_250
brain ECF,24.8,0.664667597364346,20_1.5_250
brain ECF,24.9,0.664638862946849,20_1.5_250
brain ECF,25,0.664610670513448,20_1.5_250
brain ICF,0,0,20_1.5_250
brain ICF,0.1,14.3311710357261,20_1.5_250
brain ICF,0.2,24.7266811574251,20_1.5_250
brain ICF,0.3,30.8620095587568,20_1.5_250
brain ICF,0.4,34.1815635271955,20_1.5_250
brain ICF,0.5,35.668024828335,20_1.5_250
brain ICF,0.6,35.9863739213993,20_1.5_250
brain ICF,0.7,35.5835980161982,20_1.5_250
brain ICF,0.8,34.7575056243392,20_1.5_250
brain ICF,0.9,33.7041599585547,20_1.5_250
brain ICF,1,32.5505303186153,20_1.5_250
brain ICF,1.1,31.3769255485683,20_1.5_250
brain ICF,1.2,30.232374949011,20_1.5_250
brain ICF,1.3,29.1451414069227,20_1.5_250
brain ICF,1.4,28.1298829916183,20_1.5_250
brain ICF,1.5,27.1925064745803,20_1.5_250
brain ICF,1.6,26.3334388830934,20_1.5_250
brain ICF,1.7,25.5498118371169,20_1.5_250
brain ICF,1.8,24.8369085918605,20_1.5_250
brain ICF,1.9,24.1891040704163,20_1.5_250
brain ICF,2,23.6004658502113,20_1.5_250
brain ICF,2.1,23.065126839961,20_1.5_250
brain ICF,2.2,22.5775033267137,20_1.5_250
brain ICF,2.3,22.1324139004824,20_1.5_250
brain ICF,2.4,21.7251342520447,20_1.5_250
brain ICF,2.5,21.3514092005484,20_1.5_250
brain ICF,2.6,21.0074400407442,20_1.5_250
brain ICF,2.7,20.6898583989052,20_1.5_250
brain ICF,2.8,20.3956921480237,20_1.5_250
brain ICF,2.9,20.1223276978988,20_1.5_250
brain ICF,3,19.8674728270139,20_1.5_250
brain ICF,3.1,19.6291208805952,20_1.5_250
brain ICF,3.2,19.4055171640968,20_1.5_250
brain ICF,3.3,19.1951282615503,20_1.5_250
brain ICF,3.4,18.9966141647204,20_1.5_250
brain ICF,3.5,18.8088040116817,20_1.5_250
brain ICF,3.6,18.6306741404591,20_1.5_250
brain ICF,3.7,18.4613287433341,20_1.5_250
brain ICF,3.8,18.2999832060163,20_1.5_250
brain ICF,3.9,18.1459493468665,20_1.5_250
brain ICF,4,17.9986225793881,20_1.5_250
brain ICF,4.1,17.8574707038799,20_1.5_250
brain ICF,4.2,17.7220243451692,20_1.5_250
brain ICF,4.3,17.5918687691926,20_1.5_250
brain ICF,4.4,17.4666365850465,20_1.5_250
brain ICF,4.5,17.3460013455222,20_1.5_250
brain ICF,4.6,17.2296722142099,20_1.5_250
brain ICF,4.7,17.11738920788,20_1.5_250
brain ICF,4.8,17.0089192761436,20_1.5_250
brain ICF,4.9,16.9040528448607,20_1.5_250
brain ICF,5,16.8026008158772,20_1.5_250
brain ICF,5.1,16.7043918778837,20_1.5_250
brain ICF,5.2,16.6092702781415,20_1.5_250
brain ICF,5.3,16.5170938736289,20_1.5_250
brain ICF,5.4,16.4277324191074,20_1.5_250
brain ICF,5.5,16.3410662022571,20_1.5_250
brain ICF,5.6,16.2569847520682,20_1.5_250
brain ICF,5.7,16.1753858448005,20_1.5_250
brain ICF,5.8,16.0961744684081,20_1.5_250
brain ICF,5.9,16.0192619782453,20_1.5_250
brain ICF,6,15.9445654642357,20_1.5_250
brain ICF,6.1,15.8720070569425,20_1.5_250
brain ICF,6.2,15.801513421828,20_1.5_250
brain ICF,6.3,15.7330153365345,20_1.5_250
brain ICF,6.4,15.6664472762866,20_1.5_250
brain ICF,6.5,15.6017470797534,20_1.5_250
brain ICF,6.6,15.5388556134891,20_1.5_250
brain ICF,6.7,15.4777165282104,20_1.5_250
brain ICF,6.8,15.4182759752489,20_1.5_250
brain ICF,6.9,15.3604823900371,20_1.5_250
brain ICF,7,15.3042864144616,20_1.5_250
brain ICF,7.1,15.2496406078826,20_1.5_250
brain ICF,7.2,15.1964993446799,20_1.5_250
brain ICF,7.3,15.1448187465268,20_1.5_250
brain ICF,7.4,15.0945565466695,20_1.5_250
brain ICF,7.5,15.0456719228812,20_1.5_250
brain ICF,7.6,14.9981255598673,20_1.5_250
brain ICF,7.7,14.9518793932234,20_1.5_250
brain ICF,7.8,14.9068966742459,20_1.5_250
brain ICF,7.9,14.8631417888532,20_1.5_250
brain ICF,8,14.8205802931427,20_1.5_250
brain ICF,8.1,14.7791787814688,20_1.5_250
brain ICF,8.2,14.7389049431841,20_1.5_250
brain ICF,8.3,14.6997273963923,20_1.5_250
brain ICF,8.4,14.661615703995,20_1.5_250
brain ICF,8.5,14.6245403441508,20_1.5_250
brain ICF,8.6,14.5884726814747,20_1.5_250
brain ICF,8.7,14.5533849119187,20_1.5_250
brain ICF,8.8,14.5192500316692,20_1.5_250
brain ICF,8.9,14.4860418079699,20_1.5_250
brain ICF,9,14.453734810801,20_1.5_250
brain ICF,9.1,14.4223042730824,20_1.5_250
brain ICF,9.2,14.391726165178,20_1.5_250
brain ICF,9.3,14.3619771261793,20_1.5_250
brain ICF,9.4,14.3330344269853,20_1.5_250
brain ICF,9.5,14.3048760209847,20_1.5_250
brain ICF,9.6,14.2774804230426,20_1.5_250
brain ICF,9.7,14.2508267777555,20_1.5_250
brain ICF,9.8,14.2248948162688,20_1.5_250
brain ICF,9.9,14.1996648030877,20_1.5_250
brain ICF,10,14.1751175865299,20_1.5_250
brain ICF,10.1,14.1512345162912,20_1.5_250
brain ICF,10.2,14.1279974640767,20_1.5_250
brain ICF,10.3,14.1053887996966,20_1.5_250
brain ICF,10.4,14.0833913667172,20_1.5_250
brain ICF,10.5,14.0619885186243,20_1.5_250
brain ICF,10.6,14.04116401846,20_1.5_250
brain ICF,10.7,14.0209020777553,20_1.5_250
brain ICF,10.8,14.0011873825536,20_1.5_250
brain ICF,10.9,13.9820050095256,20_1.5_250
brain ICF,11,13.9633404282014,20_1.5_250
brain ICF,11.1,13.9451795280774,20_1.5_250
brain ICF,11.2,13.9275085884672,20_1.5_250
brain ICF,11.3,13.9103142349133,20_1.5_250
brain ICF,11.4,13.8935834755583,20_1.5_250
brain ICF,11.5,13.8773037045637,20_1.5_250
brain ICF,11.6,13.8614626162318,20_1.5_250
brain ICF,11.7,13.8460482538512,20_1.5_250
brain ICF,11.8,13.8310490025087,20_1.5_250
brain ICF,11.9,13.8164535430194,20_1.5_250
brain ICF,12,13.8022508661641,20_1.5_250
brain ICF,12.1,13.788430291183,20_1.5_250
brain ICF,12.2,13.7749814020209,20_1.5_250
brain ICF,12.3,13.7618940669396,20_1.5_250
brain ICF,12.4,13.7491584391365,20_1.5_250
brain ICF,12.5,13.7367649350099,20_1.5_250
brain ICF,12.6,13.7247042215412,20_1.5_250
brain ICF,12.7,13.7129672373062,20_1.5_250
brain ICF,12.8,13.7015451830103,20_1.5_250
brain ICF,12.9,13.6904294633519,20_1.5_250
brain ICF,13,13.6796117263514,20_1.5_250
brain ICF,13.1,13.6690838615857,20_1.5_250
brain ICF,13.2,13.6588379609067,20_1.5_250
brain ICF,13.3,13.6488663289994,20_1.5_250
brain ICF,13.4,13.6391614940857,20_1.5_250
brain ICF,13.5,13.6297162266158,20_1.5_250
brain ICF,13.6,13.6205234401717,20_1.5_250
brain ICF,13.7,13.611576261026,20_1.5_250
brain ICF,13.8,13.6028679919138,20_1.5_250
brain ICF,13.9,13.5943921204571,20_1.5_250
brain ICF,14,13.5861423091211,20_1.5_250
brain ICF,14.1,13.5781123956704,20_1.5_250
brain ICF,14.2,13.5702964295443,20_1.5_250
brain ICF,14.3,13.5626885687469,20_1.5_250
brain ICF,14.4,13.5552831481423,20_1.5_250
brain ICF,14.5,13.5480746441488,20_1.5_250
brain ICF,14.6,13.5410576809342,20_1.5_250
brain ICF,14.7,13.5342270300273,20_1.5_250
brain ICF,14.8,13.5275776005122,20_1.5_250
brain ICF,14.9,13.5211045143617,20_1.5_250
brain ICF,15,13.5148029465941,20_1.5_250
brain ICF,15.1,13.5086682320532,20_1.5_250
brain ICF,15.2,13.5026958208795,20_1.5_250
brain ICF,15.3,13.4968812823369,20_1.5_250
brain ICF,15.4,13.4912203201818,20_1.5_250
brain ICF,15.5,13.485708745535,20_1.5_250
brain ICF,15.6,13.4803424919043,20_1.5_250
brain ICF,15.7,13.4751176038865,20_1.5_250
brain ICF,15.8,13.4700302173994,20_1.5_250
brain ICF,15.9,13.4650765754684,20_1.5_250
brain ICF,16,13.4602530460255,20_1.5_250
brain ICF,16.1,13.4555561005497,20_1.5_250
brain ICF,16.2,13.4509822773257,20_1.5_250
brain ICF,16.3,13.4465282208251,20_1.5_250
brain ICF,16.4,13.4421906731467,20_1.5_250
brain ICF,16.5,13.4379664659061,20_1.5_250
brain ICF,16.6,13.4338525089569,20_1.5_250
brain ICF,16.7,13.4298457985707,20_1.5_250
brain ICF,16.8,13.4259434157651,20_1.5_250
brain ICF,16.9,13.4221425201782,20_1.5_250
brain ICF,17,13.4184403425961,20_1.5_250
brain ICF,17.1,13.414834188685,20_1.5_250
brain ICF,17.2,13.4113214485406,20_1.5_250
brain ICF,17.3,13.4078995829939,20_1.5_250
brain ICF,17.4,13.4045661074825,20_1.5_250
brain ICF,17.5,13.4013186090429,20_1.5_250
brain ICF,17.6,13.3981547518549,20_1.5_250
brain ICF,17.7,13.3950722635612,20_1.5_250
brain ICF,17.8,13.39206892091,20_1.5_250
brain ICF,17.9,13.3891425658765,20_1.5_250
brain ICF,18,13.386291106793,20_1.5_250
brain ICF,18.1,13.3835125072291,20_1.5_250
brain ICF,18.2,13.380804778267,20_1.5_250
brain ICF,18.3,13.378165987694,20_1.5_250
brain ICF,18.4,13.3755942556483,20_1.5_250
brain ICF,18.5,13.3730877677722,20_1.5_250
brain ICF,18.6,13.3706447387378,20_1.5_250
brain ICF,18.7,13.3682634371828,20_1.5_250
brain ICF,18.8,13.3659421770684,20_1.5_250
brain ICF,18.9,13.3636793300631,20_1.5_250
brain ICF,19,13.3614733096635,20_1.5_250
brain ICF,19.1,13.3593225596729,20_1.5_250
brain ICF,19.2,13.3572255707964,20_1.5_250
brain ICF,19.3,13.3551808748255,20_1.5_250
brain ICF,19.4,13.3531870659223,20_1.5_250
brain ICF,19.5,13.35124274698,20_1.5_250
brain ICF,19.6,13.3493465684003,20_1.5_250
brain ICF,19.7,13.3474972164166,20_1.5_250
brain ICF,19.8,13.3456934205011,20_1.5_250
brain ICF,19.9,13.3439339435853,20_1.5_250
brain ICF,20,13.3422175743085,20_1.5_250
brain ICF,20.1,13.3405431373492,20_1.5_250
brain ICF,20.2,13.3389094891972,20_1.5_250
brain ICF,20.3,13.3373155272374,20_1.5_250
brain ICF,20.4,13.3357601653902,20_1.5_250
brain ICF,20.5,13.334242350874,20_1.5_250
brain ICF,20.6,13.3327610585521,20_1.5_250
brain ICF,20.7,13.3313152975616,20_1.5_250
brain ICF,20.8,13.3299041029521,20_1.5_250
brain ICF,20.9,13.3285265285303,20_1.5_250
brain ICF,21,13.327181656368,20_1.5_250
brain ICF,21.1,13.3258685936284,20_1.5_250
brain ICF,21.2,13.3245864886312,20_1.5_250
brain ICF,21.3,13.3233344889637,20_1.5_250
brain ICF,21.4,13.3221117732268,20_1.5_250
brain ICF,21.5,13.3209175415138,20_1.5_250
brain ICF,21.6,13.3197510145987,20_1.5_250
brain ICF,21.7,13.3186114528019,20_1.5_250
brain ICF,21.8,13.3174981147582,20_1.5_250
brain ICF,21.9,13.3164102838229,20_1.5_250
brain ICF,22,13.3153472633368,20_1.5_250
brain ICF,22.1,13.3143083746765,20_1.5_250
brain ICF,22.2,13.3132929697866,20_1.5_250
brain ICF,22.3,13.3123004080775,20_1.5_250
brain ICF,22.4,13.3113300634276,20_1.5_250
brain ICF,22.5,13.3103813290625,20_1.5_250
brain ICF,22.6,13.3094536139369,20_1.5_250
brain ICF,22.7,13.3085463508114,20_1.5_250
brain ICF,22.8,13.3076589858543,20_1.5_250
brain ICF,22.9,13.3067909722497,20_1.5_250
brain ICF,23,13.3059417816416,20_1.5_250
brain ICF,23.1,13.3051108994236,20_1.5_250
brain ICF,23.2,13.304297829292,20_1.5_250
brain ICF,23.3,13.303502092142,20_1.5_250
brain ICF,23.4,13.3027232108312,20_1.5_250
brain ICF,23.5,13.3019607254581,20_1.5_250
brain ICF,23.6,13.3012141881587,20_1.5_250
brain ICF,23.7,13.3004831642238,20_1.5_250
brain ICF,23.8,13.2997672351705,20_1.5_250
brain ICF,23.9,13.2990659855972,20_1.5_250
brain ICF,24,13.2983790139023,20_1.5_250
brain ICF,24.1,13.2977059287501,20_1.5_250
brain ICF,24.2,13.2970463500586,20_1.5_250
brain ICF,24.3,13.2963999282944,20_1.5_250
brain ICF,24.4,13.2957662963939,20_1.5_250
brain ICF,24.5,13.295145107352,20_1.5_250
brain ICF,24.6,13.2945360237834,20_1.5_250
brain ICF,24.7,13.293938717622,20_1.5_250
brain ICF,24.8,13.2933528675115,20_1.5_250
brain ICF,24.9,13.2927781617237,20_1.5_250
brain ICF,25,13.2922142961259,20_1.5_250
sCSF,0,0,20_1.5_250
sCSF,0.1,0.0229058658544139,20_1.5_250
sCSF,0.2,0.08656035407063,20_1.5_250
sCSF,0.3,0.173089396365221,20_1.5_250
sCSF,0.4,0.270294334053816,20_1.5_250
sCSF,0.5,0.370370268620984,20_1.5_250
sCSF,0.6,0.468471778534568,20_1.5_250
sCSF,0.7,0.5617303569006,20_1.5_250
sCSF,0.8,0.648583460406588,20_1.5_250
sCSF,0.9,0.728318166563902,20_1.5_250
sCSF,1,0.800762370137614,20_1.5_250
sCSF,1.1,0.866077248733222,20_1.5_250
sCSF,1.2,0.924619011117707,20_1.5_250
sCSF,1.3,0.976847904594799,20_1.5_250
sCSF,1.4,1.0232693240393,20_1.5_250
sCSF,1.5,1.06439658980879,20_1.5_250
sCSF,1.6,1.10072826015981,20_1.5_250
sCSF,1.7,1.13273509674649,20_1.5_250
sCSF,1.8,1.16085332987063,20_1.5_250
sCSF,1.9,1.18548201905776,20_1.5_250
sCSF,2,1.20698293227119,20_1.5_250
sCSF,2.1,1.22568196311851,20_1.5_250
sCSF,2.2,1.24187141488541,20_1.5_250
sCSF,2.3,1.25581268917555,20_1.5_250
sCSF,2.4,1.26773912143897,20_1.5_250
sCSF,2.5,1.27785878881883,20_1.5_250
sCSF,2.6,1.28635717503087,20_1.5_250
sCSF,2.7,1.2933996462319,20_1.5_250
sCSF,2.8,1.29913371974273,20_1.5_250
sCSF,2.9,1.30369110181234,20_1.5_250
sCSF,3,1.30718951379788,20_1.5_250
sCSF,3.1,1.30973431594408,20_1.5_250
sCSF,3.2,1.3114199438032,20_1.5_250
sCSF,3.3,1.31233117763995,20_1.5_250
sCSF,3.4,1.31254425117667,20_1.5_250
sCSF,3.5,1.31212782963036,20_1.5_250
sCSF,3.6,1.31114387104514,20_1.5_250
sCSF,3.7,1.3096483770441,20_1.5_250
sCSF,3.8,1.30769205487814,20_1.5_250
sCSF,3.9,1.30532089353193,20_1.5_250
sCSF,4,1.3025766711911,20_1.5_250
sCSF,4.1,1.2994974008611,20_1.5_250
sCSF,4.2,1.29611772331111,20_1.5_250
sCSF,4.3,1.2924692526424,20_1.5_250
sCSF,4.4,1.28858087918291,20_1.5_250
sCSF,4.5,1.28447903657411,20_1.5_250
sCSF,4.6,1.2801879391612,20_1.5_250
sCSF,4.7,1.27572979201322,20_1.5_250
sCSF,4.8,1.27112497588312,20_1.5_250
sCSF,4.9,1.26639221525283,20_1.5_250
sCSF,5,1.26154872472501,20_1.5_250
sCSF,5.1,1.25661033974251,20_1.5_250
sCSF,5.2,1.2515916337746,20_1.5_250
sCSF,5.3,1.24650602431943,20_1.5_250
sCSF,5.4,1.24136586790852,20_1.5_250
sCSF,5.5,1.23618254402283,20_1.5_250
sCSF,5.6,1.23096653517166,20_1.5_250
sCSF,5.7,1.22572749475251,20_1.5_250
sCSF,5.8,1.22047431025407,20_1.5_250
sCSF,5.9,1.21521516067261,20_1.5_250
sCSF,6,1.20995756854401,20_1.5_250
sCSF,6.1,1.20470844905296,20_1.5_250
sCSF,6.2,1.19947415246867,20_1.5_250
sCSF,6.3,1.194260504377,20_1.5_250
sCSF,6.4,1.18907284283497,20_1.5_250
sCSF,6.5,1.18391605291241,20_1.5_250
sCSF,6.6,1.1787945997323,20_1.5_250
sCSF,6.7,1.17371255266339,20_1.5_250
sCSF,6.8,1.16867361540485,20_1.5_250
sCSF,6.9,1.16368115113224,20_1.5_250
sCSF,7,1.15873820268178,20_1.5_250
sCSF,7.1,1.15384751593521,20_1.5_250
sCSF,7.2,1.14901156131027,20_1.5_250
sCSF,7.3,1.14423254908236,20_1.5_250
sCSF,7.4,1.13951244630336,20_1.5_250
sCSF,7.5,1.13485300088528,20_1.5_250
sCSF,7.6,1.13025574386717,20_1.5_250
sCSF,7.7,1.12572201894235,20_1.5_250
sCSF,7.8,1.12125297904485,20_1.5_250
sCSF,7.9,1.11684961464874,20_1.5_250
sCSF,8,1.112512750935,20_1.5_250
sCSF,8.1,1.10824307093812,20_1.5_250
sCSF,8.2,1.10404111616847,20_1.5_250
sCSF,8.3,1.09990730380342,20_1.5_250
sCSF,8.4,1.09584193016323,20_1.5_250
sCSF,8.5,1.09184518322809,20_1.5_250
sCSF,8.6,1.0879171480009,20_1.5_250
sCSF,8.7,1.08405781262837,20_1.5_250
sCSF,8.8,1.08026708112498,20_1.5_250
sCSF,8.9,1.07654477921729,20_1.5_250
sCSF,9,1.07289064758121,20_1.5_250
sCSF,9.1,1.06930437269537,20_1.5_250
sCSF,9.2,1.06578556703719,20_1.5_250
sCSF,9.3,1.06233378683308,20_1.5_250
sCSF,9.4,1.05894854168922,20_1.5_250
sCSF,9.5,1.05562927937064,20_1.5_250
sCSF,9.6,1.05237541568485,20_1.5_250
sCSF,9.7,1.04918631940139,20_1.5_250
sCSF,9.8,1.04606132174243,20_1.5_250
sCSF,9.9,1.04299972647144,20_1.5_250
sCSF,10,1.04000079907554,20_1.5_250
sCSF,10.1,1.03706378659024,20_1.5_250
sCSF,10.2,1.03418790856397,20_1.5_250
sCSF,10.3,1.03137236160031,20_1.5_250
sCSF,10.4,1.02861632971942,20_1.5_250
sCSF,10.5,1.0259189691143,20_1.5_250
sCSF,10.6,1.0232794350939,20_1.5_250
sCSF,10.7,1.02069687020532,20_1.5_250
sCSF,10.8,1.01817039619555,20_1.5_250
sCSF,10.9,1.01569913502615,20_1.5_250
sCSF,11,1.01328220706183,20_1.5_250
sCSF,11.1,1.01091871947824,20_1.5_250
sCSF,11.2,1.00860777417102,20_1.5_250
sCSF,11.3,1.00634848196119,20_1.5_250
sCSF,11.4,1.0041399474947,20_1.5_250
sCSF,11.5,1.00198126855747,20_1.5_250
sCSF,11.6,0.999871556296313,20_1.5_250
sCSF,11.7,0.997809921365228,20_1.5_250
sCSF,11.8,0.995795470004824,20_1.5_250
sCSF,11.9,0.993827322932522,20_1.5_250
sCSF,12,0.991904604426514,20_1.5_250
sCSF,12.1,0.990026438126881,20_1.5_250
sCSF,12.2,0.988191961101294,20_1.5_250
sCSF,12.3,0.986400317880384,20_1.5_250
sCSF,12.4,0.984650656553839,20_1.5_250
sCSF,12.5,0.982942134976715,20_1.5_250
sCSF,12.6,0.981273923239863,20_1.5_250
sCSF,12.7,0.979645197277325,20_1.5_250
sCSF,12.8,0.978055140546334,20_1.5_250
sCSF,12.9,0.976502952423402,20_1.5_250
sCSF,13,0.974987841499076,20_1.5_250
sCSF,13.1,0.97350901988853,20_1.5_250
sCSF,13.2,0.972065717603658,20_1.5_250
sCSF,13.3,0.97065717514737,20_1.5_250
sCSF,13.4,0.969282642579994,20_1.5_250
sCSF,13.5,0.96794137761629,20_1.5_250
sCSF,13.6,0.966632655444318,20_1.5_250
sCSF,13.7,0.965355761258147,20_1.5_250
sCSF,13.8,0.964109988370294,20_1.5_250
sCSF,13.9,0.962894644155963,20_1.5_250
sCSF,14,0.961709048690915,20_1.5_250
sCSF,14.1,0.960552532908241,20_1.5_250
sCSF,14.2,0.959424436749413,20_1.5_250
sCSF,14.3,0.958324115604519,20_1.5_250
sCSF,14.4,0.957250935648906,20_1.5_250
sCSF,14.5,0.95620427305755,20_1.5_250
sCSF,14.6,0.955183516034045,20_1.5_250
sCSF,14.7,0.954188065693516,20_1.5_250
sCSF,14.8,0.953217334099969,20_1.5_250
sCSF,14.9,0.952270742387755,20_1.5_250
sCSF,15,0.95134772574369,20_1.5_250
sCSF,15.1,0.950447729818715,20_1.5_250
sCSF,15.2,0.949570210435114,20_1.5_250
sCSF,15.3,0.948714634165188,20_1.5_250
sCSF,15.4,0.947880479855139,20_1.5_250
sCSF,15.5,0.947067236668894,20_1.5_250
sCSF,15.6,0.94627440340686,20_1.5_250
sCSF,15.7,0.945501489140407,20_1.5_250
sCSF,15.8,0.944748014670878,20_1.5_250
sCSF,15.9,0.944013510527208,20_1.5_250
sCSF,16,0.943297516490525,20_1.5_250
sCSF,16.1,0.942599582103879,20_1.5_250
sCSF,16.2,0.941919267715197,20_1.5_250
sCSF,16.3,0.941256142881512,20_1.5_250
sCSF,16.4,0.940609786158622,20_1.5_250
sCSF,16.5,0.939979785341118,20_1.5_250
sCSF,16.6,0.939365737930077,20_1.5_250
sCSF,16.7,0.938767250202878,20_1.5_250
sCSF,16.8,0.938183937062925,20_1.5_250
sCSF,16.9,0.937615422084488,20_1.5_250
sCSF,17,0.93706133763283,20_1.5_250
sCSF,17.1,0.93652132435772,20_1.5_250
sCSF,17.2,0.935995031017705,20_1.5_250
sCSF,17.3,0.935482114441959,20_1.5_250
sCSF,17.4,0.934982239516183,20_1.5_250
sCSF,17.5,0.934495078841114,20_1.5_250
sCSF,17.6,0.934020312611175,20_1.5_250
sCSF,17.7,0.933557628489242,20_1.5_250
sCSF,17.8,0.933106721482912,20_1.5_250
sCSF,17.9,0.932667293753124,20_1.5_250
sCSF,18,0.932239054623922,20_1.5_250
sCSF,18.1,0.931821720278734,20_1.5_250
sCSF,18.2,0.931415013513403,20_1.5_250
sCSF,18.3,0.931018663771953,20_1.5_250
sCSF,18.4,0.930632406979047,20_1.5_250
sCSF,18.5,0.930255985922792,20_1.5_250
sCSF,18.6,0.929889148879458,20_1.5_250
sCSF,18.7,0.929531650413698,20_1.5_250
sCSF,18.8,0.929183250989236,20_1.5_250
sCSF,18.9,0.928843717269673,20_1.5_250
sCSF,19,0.928512821527869,20_1.5_250
sCSF,19.1,0.928190341192719,20_1.5_250
sCSF,19.2,0.927876059282817,20_1.5_250
sCSF,19.3,0.927569764142621,20_1.5_250
sCSF,19.4,0.927271250146826,20_1.5_250
sCSF,19.5,0.926980315637398,20_1.5_250
sCSF,19.6,0.926696764274062,20_1.5_250
sCSF,19.7,0.926420404521247,20_1.5_250
sCSF,19.8,0.926151050072731,20_1.5_250
sCSF,19.9,0.925888519180208,20_1.5_250
sCSF,20,0.92563263411128,20_1.5_250
sCSF,20.1,0.925383221760521,20_1.5_250
sCSF,20.2,0.925140113351887,20_1.5_250
sCSF,20.3,0.924903145249315,20_1.5_250
sCSF,20.4,0.924672156720859,20_1.5_250
sCSF,20.5,0.924446991448808,20_1.5_250
sCSF,20.6,0.924227496997834,20_1.5_250
sCSF,20.7,0.924013525237901,20_1.5_250
sCSF,20.8,0.923804931722697,20_1.5_250
sCSF,20.9,0.923601575152081,20_1.5_250
sCSF,21,0.923403317995578,20_1.5_250
sCSF,21.1,0.92321002622718,20_1.5_250
sCSF,21.2,0.923021570332786,20_1.5_250
sCSF,21.3,0.922837822528579,20_1.5_250
sCSF,21.4,0.922658658793721,20_1.5_250
sCSF,21.5,0.922483958204928,20_1.5_250
sCSF,21.6,0.922313602840542,20_1.5_250
sCSF,21.7,0.922147479368304,20_1.5_250
sCSF,21.8,0.921985475490661,20_1.5_250
sCSF,21.9,0.921827482177787,20_1.5_250
sCSF,22,0.921673393235919,20_1.5_250
sCSF,22.1,0.921523105113965,20_1.5_250
sCSF,22.2,0.92137651821574,20_1.5_250
sCSF,22.3,0.921233534445931,20_1.5_250
sCSF,22.4,0.92109405793784,20_1.5_250
sCSF,22.5,0.920957995556739,20_1.5_250
sCSF,22.6,0.92082525650509,20_1.5_250
sCSF,22.7,0.920695753139853,20_1.5_250
sCSF,22.8,0.920569399888213,20_1.5_250
sCSF,22.9,0.92044611257568,20_1.5_250
sCSF,23,0.920325809589952,20_1.5_250
sCSF,23.1,0.920208411382024,20_1.5_250
sCSF,23.2,0.920093840902116,20_1.5_250
sCSF,23.3,0.919982023474125,20_1.5_250
sCSF,23.4,0.919872885267611,20_1.5_250
sCSF,23.5,0.919766354798029,20_1.5_250
sCSF,23.6,0.919662362394386,20_1.5_250
sCSF,23.7,0.919560840394237,20_1.5_250
sCSF,23.8,0.919461723657052,20_1.5_250
sCSF,23.9,0.919364947435911,20_1.5_250
sCSF,24,0.919270449136597,20_1.5_250
sCSF,24.1,0.919178167754867,20_1.5_250
sCSF,24.2,0.919088043902148,20_1.5_250
sCSF,24.3,0.919000020879052,20_1.5_250
sCSF,24.4,0.918914041892607,20_1.5_250
sCSF,24.5,0.918830052176912,20_1.5_250
sCSF,24.6,0.918747998364743,20_1.5_250
sCSF,24.7,0.918667828439516,20_1.5_250
sCSF,24.8,0.918589492226244,20_1.5_250
sCSF,24.9,0.918512940592491,20_1.5_250
sCSF,25,0.918438125804536,20_1.5_250
brain ECF,0,0,20_1.5_300
brain ECF,0.1,0.717610410051631,20_1.5_300
brain ECF,0.2,1.23697246000412,20_1.5_300
brain ECF,0.3,1.54346362702941,20_1.5_300
brain ECF,0.4,1.70926066817943,20_1.5_300
brain ECF,0.5,1.78346727143994,20_1.5_300
brain ECF,0.6,1.79931156712483,20_1.5_300
brain ECF,0.7,1.77912859955067,20_1.5_300
brain ECF,0.8,1.73779901394907,20_1.5_300
brain ECF,0.9,1.68511931257404,20_1.5_300
brain ECF,1,1.62743345211992,20_1.5_300
brain ECF,1.1,1.56875383939237,20_1.5_300
brain ECF,1.2,1.51152991468178,20_1.5_300
brain ECF,1.3,1.45717348639469,20_1.5_300
brain ECF,1.4,1.40641658952506,20_1.5_300
brain ECF,1.5,1.35955401137034,20_1.5_300
brain ECF,1.6,1.31660676388916,20_1.5_300
brain ECF,1.7,1.27743123046566,20_1.5_300
brain ECF,1.8,1.24179146818619,20_1.5_300
brain ECF,1.9,1.20940617826499,20_1.5_300
brain ECF,2,1.17997873152948,20_1.5_300
brain ECF,2.1,1.15321578904424,20_1.5_300
brain ECF,2.2,1.12883819279979,20_1.5_300
brain ECF,2.3,1.10658690745158,20_1.5_300
brain ECF,2.4,1.08622575401591,20_1.5_300
brain ECF,2.5,1.06754201090142,20_1.5_300
brain ECF,2.6,1.05034577798238,20_1.5_300
brain ECF,2.7,1.034468669572,20_1.5_300
brain ECF,2.8,1.01976210928029,20_1.5_300
brain ECF,2.9,1.00609544448898,20_1.5_300
brain ECF,3,0.993354088327287,20_1.5_300
brain ECF,3.1,0.981437729271202,20_1.5_300
brain ECF,3.2,0.9702586516275,20_1.5_300
brain ECF,3.3,0.959740200694573,20_1.5_300
brain ECF,3.4,0.949815390555609,20_1.5_300
brain ECF,3.5,0.94042569068077,20_1.5_300
brain ECF,3.6,0.93151992878197,20_1.5_300
brain ECF,3.7,0.923053324161818,20_1.5_300
brain ECF,3.8,0.914986654153963,20_1.5_300
brain ECF,3.9,0.907285516867429,20_1.5_300
brain ECF,4,0.899919689159217,20_1.5_300
brain ECF,4.1,0.892862566273089,20_1.5_300
brain ECF,4.2,0.886090684144561,20_1.5_300
brain ECF,4.3,0.879583310238202,20_1.5_300
brain ECF,4.4,0.873322078468517,20_1.5_300
brain ECF,4.5,0.867290669495254,20_1.5_300
brain ECF,4.6,0.861474544074907,20_1.5_300
brain ECF,4.7,0.855860705379852,20_1.5_300
brain ECF,4.8,0.85043750278247,20_1.5_300
brain ECF,4.9,0.845194459408293,20_1.5_300
brain ECF,5,0.840122121948719,20_1.5_300
brain ECF,5.1,0.835211926073942,20_1.5_300
brain ECF,5.2,0.830456085390866,20_1.5_300
brain ECF,5.3,0.825847493601723,20_1.5_300
brain ECF,5.4,0.821379639351835,20_1.5_300
brain ECF,5.5,0.817046537862308,20_1.5_300
brain ECF,5.6,0.812842666288392,20_1.5_300
brain ECF,5.7,0.808762914070534,20_1.5_300
brain ECF,5.8,0.804802531135125,20_1.5_300
brain ECF,5.9,0.80095708569685,20_1.5_300
brain ECF,6,0.797222432705003,20_1.5_300
brain ECF,6.1,0.793594679061046,20_1.5_300
brain ECF,6.2,0.790070158321553,20_1.5_300
brain ECF,6.3,0.786645409725886,20_1.5_300
brain ECF,6.4,0.783317157211262,20_1.5_300
brain ECF,6.5,0.780082293247988,20_1.5_300
brain ECF,6.6,0.776937861191979,20_1.5_300
brain ECF,6.7,0.773881043769807,20_1.5_300
brain ECF,6.8,0.770909148861546,20_1.5_300
brain ECF,6.9,0.768019598326117,20_1.5_300
brain ECF,7,0.765209924421688,20_1.5_300
brain ECF,7.1,0.762477755260952,20_1.5_300
brain ECF,7.2,0.759820809695197,20_1.5_300
brain ECF,7.3,0.757236893959988,20_1.5_300
brain ECF,7.4,0.75472389482208,20_1.5_300
brain ECF,7.5,0.752279771326256,20_1.5_300
brain ECF,7.6,0.74990255780829,20_1.5_300
brain ECF,7.7,0.74759035117505,20_1.5_300
brain ECF,7.8,0.745341314045229,20_1.5_300
brain ECF,7.9,0.743153665836817,20_1.5_300
brain ECF,8,0.741025684372836,20_1.5_300
brain ECF,8.1,0.73895569956405,20_1.5_300
brain ECF,8.2,0.736942095884541,20_1.5_300
brain ECF,8.3,0.734983304323886,20_1.5_300
brain ECF,8.4,0.733077803035762,20_1.5_300
brain ECF,8.5,0.73122411612587,20_1.5_300
brain ECF,8.6,0.729420811791899,20_1.5_300
brain ECF,8.7,0.727666499983994,20_1.5_300
brain ECF,8.8,0.725959830478597,20_1.5_300
brain ECF,8.9,0.724299491805637,20_1.5_300
brain ECF,9,0.722684212454095,20_1.5_300
brain ECF,9.1,0.721112754111522,20_1.5_300
brain ECF,9.2,0.719583915467054,20_1.5_300
brain ECF,9.3,0.718096528378037,20_1.5_300
brain ECF,9.4,0.716649456529638,20_1.5_300
brain ECF,9.5,0.715241597590059,20_1.5_300
brain ECF,9.6,0.713871877325762,20_1.5_300
brain ECF,9.7,0.712539253148576,20_1.5_300
brain ECF,9.8,0.711242711521092,20_1.5_300
brain ECF,9.9,0.709981265786038,20_1.5_300
brain ECF,10,0.708753958386438,20_1.5_300
brain ECF,10.1,0.707559856844014,20_1.5_300
brain ECF,10.2,0.706398054797819,20_1.5_300
brain ECF,10.3,0.705267670744502,20_1.5_300
brain ECF,10.4,0.70416784695115,20_1.5_300
brain ECF,10.5,0.703097751084352,20_1.5_300
brain ECF,10.6,0.702056571317848,20_1.5_300
brain ECF,10.7,0.701043518234899,20_1.5_300
brain ECF,10.8,0.700057826386084,20_1.5_300
brain ECF,10.9,0.699098749383425,20_1.5_300
brain ECF,11,0.698165560798297,20_1.5_300
brain ECF,11.1,0.69725755524968,20_1.5_300
brain ECF,11.2,0.696374046590408,20_1.5_300
brain ECF,11.3,0.695514366148561,20_1.5_300
brain ECF,11.4,0.694677864476622,20_1.5_300
brain ECF,11.5,0.693863911205818,20_1.5_300
brain ECF,11.6,0.693071891101611,20_1.5_300
brain ECF,11.7,0.692301206385405,20_1.5_300
brain ECF,11.8,0.691551276298407,20_1.5_300
brain ECF,11.9,0.690821534903851,20_1.5_300
brain ECF,12,0.690111431747851,20_1.5_300
brain ECF,12.1,0.689420432956581,20_1.5_300
brain ECF,12.2,0.688748017587754,20_1.5_300
brain ECF,12.3,0.688093679122445,20_1.5_300
brain ECF,12.4,0.68745692528515,20_1.5_300
brain ECF,12.5,0.686837276841102,20_1.5_300
brain ECF,12.6,0.686234267163202,20_1.5_300
brain ECF,12.7,0.685647443335481,20_1.5_300
brain ECF,12.8,0.685076365268575,20_1.5_300
brain ECF,12.9,0.684520603250612,20_1.5_300
brain ECF,13,0.683979739690215,20_1.5_300
brain ECF,13.1,0.683453369150128,20_1.5_300
brain ECF,13.2,0.682941096136835,20_1.5_300
brain ECF,13.3,0.682442535917271,20_1.5_300
brain ECF,13.4,0.681957315086692,20_1.5_300
brain ECF,13.5,0.681485072022213,20_1.5_300
brain ECF,13.6,0.681025452469976,20_1.5_300
brain ECF,13.7,0.680578112760015,20_1.5_300
brain ECF,13.8,0.680142717983586,20_1.5_300
brain ECF,13.9,0.679718942581759,20_1.5_300
brain ECF,14,0.679306469656597,20_1.5_300
brain ECF,14.1,0.678904991236912,20_1.5_300
brain ECF,14.2,0.678514209696293,20_1.5_300
brain ECF,14.3,0.67813383297945,20_1.5_300
brain ECF,14.4,0.67776357784258,20_1.5_300
brain ECF,14.5,0.67740316803884,20_1.5_300
brain ECF,14.6,0.677052334843269,20_1.5_300
brain ECF,14.7,0.676710816800666,20_1.5_300
brain ECF,14.8,0.676378359533575,20_1.5_300
brain ECF,14.9,0.676054719030589,20_1.5_300
brain ECF,15,0.67573965409152,20_1.5_300
brain ECF,15.1,0.675432931477308,20_1.5_300
brain ECF,15.2,0.675134323608396,20_1.5_300
brain ECF,15.3,0.674843609051715,20_1.5_300
brain ECF,15.4,0.674560572964686,20_1.5_300
brain ECF,15.5,0.674285005900667,20_1.5_300
brain ECF,15.6,0.674016704620321,20_1.5_300
brain ECF,15.7,0.673755471264831,20_1.5_300
brain ECF,15.8,0.673501112657763,20_1.5_300
brain ECF,15.9,0.673253440946753,20_1.5_300
brain ECF,16,0.673012274714993,20_1.5_300
brain ECF,16.1,0.672777437331668,20_1.5_300
brain ECF,16.2,0.672548755788132,20_1.5_300
brain ECF,16.3,0.672326062311785,20_1.5_300
brain ECF,16.4,0.672109194063945,20_1.5_300
brain ECF,16.5,0.6718979925738,20_1.5_300
brain ECF,16.6,0.671692303356577,20_1.5_300
brain ECF,16.7,0.671491976227697,20_1.5_300
brain ECF,16.8,0.671296865271872,20_1.5_300
brain ECF,16.9,0.671106828437476,20_1.5_300
brain ECF,17,0.670921727274633,20_1.5_300
brain ECF,17.1,0.670741427063948,20_1.5_300
brain ECF,17.2,0.670565797407555,20_1.5_300
brain ECF,17.3,0.670394711236492,20_1.5_300
brain ECF,17.4,0.670228044360436,20_1.5_300
brain ECF,17.5,0.670065676129308,20_1.5_300
brain ECF,17.6,0.66990748984986,20_1.5_300
brain ECF,17.7,0.669753371797314,20_1.5_300
brain ECF,17.8,0.66960321084839,20_1.5_300
brain ECF,17.9,0.669456899102677,20_1.5_300
brain ECF,18,0.669314332040234,20_1.5_300
brain ECF,18.1,0.66917540776784,20_1.5_300
brain ECF,18.2,0.669040026866414,20_1.5_300
brain ECF,18.3,0.668908092725028,20_1.5_300
brain ECF,18.4,0.668779511394887,20_1.5_300
brain ECF,18.5,0.668654192113477,20_1.5_300
brain ECF,18.6,0.668532045628105,20_1.5_300
brain ECF,18.7,0.668412985369005,20_1.5_300
brain ECF,18.8,0.668296927031001,20_1.5_300
brain ECF,18.9,0.66818378929787,20_1.5_300
brain ECF,19,0.668073492721174,20_1.5_300
brain ECF,19.1,0.66796595953351,20_1.5_300
brain ECF,19.2,0.667861114268066,20_1.5_300
brain ECF,19.3,0.667758883582277,20_1.5_300
brain ECF,19.4,0.667659197114589,20_1.5_300
brain ECF,19.5,0.667561985032671,20_1.5_300
brain ECF,19.6,0.667467179856667,20_1.5_300
brain ECF,19.7,0.667374715897231,20_1.5_300
brain ECF,19.8,0.667284529694095,20_1.5_300
brain ECF,19.9,0.667196559315634,20_1.5_300
brain ECF,20,0.667110744222022,20_1.5_300
brain ECF,20.1,0.667027025646781,20_1.5_300
brain ECF,20.2,0.666945346445668,20_1.5_300
brain ECF,20.3,0.666865651456382,20_1.5_300
brain ECF,20.4,0.666787886384664,20_1.5_300
brain ECF,20.5,0.666711998590435,20_1.5_300
brain ECF,20.6,0.666637936814842,20_1.5_300
brain ECF,20.7,0.666565651574424,20_1.5_300
brain ECF,20.8,0.666495094548241,20_1.5_300
brain ECF,20.9,0.666426218451492,20_1.5_300
brain ECF,21,0.666358977386166,20_1.5_300
brain ECF,21.1,0.666293326766538,20_1.5_300
brain ECF,21.2,0.666229223942788,20_1.5_300
brain ECF,21.3,0.666166626315703,20_1.5_300
brain ECF,21.4,0.666105492814147,20_1.5_300
brain ECF,21.5,0.666045783440733,20_1.5_300
brain ECF,21.6,0.66598745923118,20_1.5_300
brain ECF,21.7,0.66593048331157,20_1.5_300
brain ECF,21.8,0.665874818462204,20_1.5_300
brain ECF,21.9,0.665820428906447,20_1.5_300
brain ECF,22,0.665767279809569,20_1.5_300
brain ECF,22.1,0.665715337237783,20_1.5_300
brain ECF,22.2,0.665664568876923,20_1.5_300
brain ECF,22.3,0.665614942578239,20_1.5_300
brain ECF,22.4,0.665566427078653,20_1.5_300
brain ECF,22.5,0.665518992037963,20_1.5_300
brain ECF,22.6,0.665472607901695,20_1.5_300
brain ECF,22.7,0.665427246380622,20_1.5_300
brain ECF,22.8,0.665382879687592,20_1.5_300
brain ECF,22.9,0.665339480515755,20_1.5_300
brain ECF,23,0.665297022446175,20_1.5_300
brain ECF,23.1,0.665255479746764,20_1.5_300
brain ECF,23.2,0.665214827660211,20_1.5_300
brain ECF,23.3,0.665175042157659,20_1.5_300
brain ECF,23.4,0.665136099407703,20_1.5_300
brain ECF,23.5,0.665097976414457,20_1.5_300
brain ECF,23.6,0.665060650783382,20_1.5_300
brain ECF,23.7,0.665024100807261,20_1.5_300
brain ECF,23.8,0.664988305525839,20_1.5_300
brain ECF,23.9,0.664953244179949,20_1.5_300
brain ECF,24,0.664918896687803,20_1.5_300
brain ECF,24.1,0.664885243480331,20_1.5_300
brain ECF,24.2,0.664852265628532,20_1.5_300
brain ECF,24.3,0.664819945570371,20_1.5_300
brain ECF,24.4,0.664788264982989,20_1.5_300
brain ECF,24.5,0.664757206517731,20_1.5_300
brain ECF,24.6,0.66472675330676,20_1.5_300
brain ECF,24.7,0.664696888947726,20_1.5_300
brain ECF,24.8,0.664667597349009,20_1.5_300
brain ECF,24.9,0.664638862941156,20_1.5_300
brain ECF,25,0.664610670509124,20_1.5_300
brain ICF,0,0,20_1.5_300
brain ICF,0.1,14.3348183194549,20_1.5_300
brain ICF,0.2,24.7289075235805,20_1.5_300
brain ICF,0.3,30.8632852084443,20_1.5_300
brain ICF,0.4,34.1822142877029,20_1.5_300
brain ICF,0.5,35.6682720296324,20_1.5_300
brain ICF,0.6,35.9863669377473,20_1.5_300
brain ICF,0.7,35.5834369058831,20_1.5_300
brain ICF,0.8,34.7572567623851,20_1.5_300
brain ICF,0.9,33.7038667583943,20_1.5_300
brain ICF,1,32.5502206627084,20_1.5_300
brain ICF,1.1,31.3766168343462,20_1.5_300
brain ICF,1.2,30.2320775881099,20_1.5_300
brain ICF,1.3,29.1448611969697,20_1.5_300
brain ICF,1.4,28.1296227158822,20_1.5_300
brain ICF,1.5,27.1922670088636,20_1.5_300
brain ICF,1.6,26.3332199170035,20_1.5_300
brain ICF,1.7,25.5496123738554,20_1.5_300
brain ICF,1.8,24.8367272520967,20_1.5_300
brain ICF,1.9,24.1889393182873,20_1.5_300
brain ICF,2,23.6003161082466,20_1.5_300
brain ICF,2.1,23.0649905854749,20_1.5_300
brain ICF,2.2,22.5773791191167,20_1.5_300
brain ICF,2.3,22.1323004228537,20_1.5_300
brain ICF,2.4,21.7250302985211,20_1.5_300
brain ICF,2.5,21.3513136979858,20_1.5_300
brain ICF,2.6,21.0073520304706,20_1.5_300
brain ICF,2.7,20.689777034966,20_1.5_300
brain ICF,2.8,20.395616684648,20_1.5_300
brain ICF,2.9,20.1222574780578,20_1.5_300
brain ICF,3,19.8674072770368,20_1.5_300
brain ICF,3.1,19.6290594967579,20_1.5_300
brain ICF,3.2,19.40545951083,20_1.5_300
brain ICF,3.3,19.1950739524205,20_1.5_300
brain ICF,3.4,18.9965628638971,20_1.5_300
brain ICF,3.5,18.8087554262445,20_1.5_300
brain ICF,3.6,18.6306280127359,20_1.5_300
brain ICF,3.7,18.4612848516796,20_1.5_300
brain ICF,3.8,18.2999413530132,20_1.5_300
brain ICF,3.9,18.1459093605375,20_1.5_300
brain ICF,4,17.998584308471,20_1.5_300
brain ICF,4.1,17.8574340128227,20_1.5_300
brain ICF,4.2,17.7219891148797,20_1.5_300
brain ICF,4.3,17.591834896551,20_1.5_300
brain ICF,4.4,17.4666039783103,20_1.5_300
brain ICF,4.5,17.3459699227982,20_1.5_300
brain ICF,4.6,17.2296419012833,20_1.5_300
brain ICF,4.7,17.1173599393876,20_1.5_300
brain ICF,4.8,17.0088909912489,20_1.5_300
brain ICF,4.9,16.904025490296,20_1.5_300
brain ICF,5,16.8025743452668,20_1.5_300
brain ICF,5.1,16.7043662476993,20_1.5_300
brain ICF,5.2,16.6092454503216,20_1.5_300
brain ICF,5.3,16.5170698104913,20_1.5_300
brain ICF,5.4,16.4277090864443,20_1.5_300
brain ICF,5.5,16.3410435694095,20_1.5_300
brain ICF,5.6,16.2569627909888,20_1.5_300
brain ICF,5.7,16.1753645297613,20_1.5_300
brain ICF,5.8,16.0961537754622,20_1.5_300
brain ICF,5.9,16.0192418843731,20_1.5_300
brain ICF,6,15.9445459482548,20_1.5_300
brain ICF,6.1,15.8719880988365,20_1.5_300
brain ICF,6.2,15.8014950018386,20_1.5_300
brain ICF,6.3,15.7329974365304,20_1.5_300
brain ICF,6.4,15.666429877206,20_1.5_300
brain ICF,6.5,15.601730168961,20_1.5_300
brain ICF,6.6,15.5388391750671,20_1.5_300
brain ICF,6.7,15.4777005466947,20_1.5_300
brain ICF,6.8,15.4182604382303,20_1.5_300
brain ICF,6.9,15.3604672838752,20_1.5_300
brain ICF,7,15.3042717259807,20_1.5_300
brain ICF,7.1,15.2496263244625,20_1.5_300
brain ICF,7.2,15.1964854541185,20_1.5_300
brain ICF,7.3,15.144805237142,20_1.5_300
brain ICF,7.4,15.0945434070705,20_1.5_300
brain ICF,7.5,15.0456591427387,20_1.5_300
brain ICF,7.6,14.9981131290872,20_1.5_300
brain ICF,7.7,14.951867302517,20_1.5_300
brain ICF,7.8,14.9068849138414,20_1.5_300
brain ICF,7.9,14.8631303499218,20_1.5_300
brain ICF,8,14.820569165705,20_1.5_300
brain ICF,8.1,14.7791679580021,20_1.5_300
brain ICF,8.2,14.7388944149368,20_1.5_300
brain ICF,8.3,14.6997171550373,20_1.5_300
brain ICF,8.4,14.6616057403034,20_1.5_300
brain ICF,8.5,14.6245306516211,20_1.5_300
brain ICF,8.6,14.5884632516268,20_1.5_300
brain ICF,8.7,14.5533757384034,20_1.5_300
brain ICF,8.8,14.5192411064127,20_1.5_300
brain ICF,8.9,14.4860331251768,20_1.5_300
brain ICF,9,14.4537263635586,20_1.5_300
brain ICF,9.1,14.4222960543359,20_1.5_300
brain ICF,9.2,14.391718170393,20_1.5_300
brain ICF,9.3,14.3619693480144,20_1.5_300
brain ICF,9.4,14.3330268600658,20_1.5_300
brain ICF,9.5,14.3048686590484,20_1.5_300
brain ICF,9.6,14.2774732594894,20_1.5_300
brain ICF,9.7,14.2508198088511,20_1.5_300
brain ICF,9.8,14.2248880356363,20_1.5_300
brain ICF,9.9,14.1996582059563,20_1.5_300
brain ICF,10,14.1751111679714,20_1.5_300
brain ICF,10.1,14.1512282714274,20_1.5_300
brain ICF,10.2,14.1279913884401,20_1.5_300
brain ICF,10.3,14.1053828882972,20_1.5_300
brain ICF,10.4,14.0833856157173,20_1.5_300
brain ICF,10.5,14.0619829233955,20_1.5_300
brain ICF,10.6,14.0411585742131,20_1.5_300
brain ICF,10.7,14.0208967792449,20_1.5_300
brain ICF,10.8,14.0011822289563,20_1.5_300
brain ICF,10.9,13.9819999950384,20_1.5_300
brain ICF,11,13.963335548384,20_1.5_300
brain ICF,11.1,13.9451747808601,20_1.5_300
brain ICF,11.2,13.9275039690272,20_1.5_300
brain ICF,11.3,13.9103097389646,20_1.5_300
brain ICF,11.4,13.8935791012428,20_1.5_300
brain ICF,11.5,13.8772994479965,20_1.5_300
brain ICF,11.6,13.8614584740813,20_1.5_300
brain ICF,11.7,13.8460442234774,20_1.5_300
brain ICF,11.8,13.8310450806361,20_1.5_300
brain ICF,11.9,13.8164497264005,20_1.5_300
brain ICF,12,13.8022471513109,20_1.5_300
brain ICF,12.1,13.7884266774455,20_1.5_300
brain ICF,12.2,13.7749778855863,20_1.5_300
brain ICF,12.3,13.7618906449695,20_1.5_300
brain ICF,12.4,13.7491551097558,20_1.5_300
brain ICF,12.5,13.7367616949173,20_1.5_300
brain ICF,12.6,13.7247010675777,20_1.5_300
brain ICF,12.7,13.7129641690714,20_1.5_300
brain ICF,12.8,13.7015421972538,20_1.5_300
brain ICF,12.9,13.6904265575823,20_1.5_300
brain ICF,13,13.6796088979091,20_1.5_300
brain ICF,13.1,13.6690811092518,20_1.5_300
brain ICF,13.2,13.658835281443,20_1.5_300
brain ICF,13.3,13.6488637195572,20_1.5_300
brain ICF,13.4,13.6391589552154,20_1.5_300
brain ICF,13.5,13.6297137556287,20_1.5_300
brain ICF,13.6,13.6205210354662,20_1.5_300
brain ICF,13.7,13.6115739210437,20_1.5_300
brain ICF,13.8,13.6028657140385,20_1.5_300
brain ICF,13.9,13.5943899030467,20_1.5_300
brain ICF,14,13.5861401498996,20_1.5_300
brain ICF,14.1,13.5781102949547,20_1.5_300
brain ICF,14.2,13.5702943853297,20_1.5_300
brain ICF,14.3,13.5626865797344,20_1.5_300
brain ICF,14.4,13.5552812130381,20_1.5_300
brain ICF,14.5,13.5480727602013,20_1.5_300
brain ICF,14.6,13.5410558465832,20_1.5_300
brain ICF,14.7,13.5342252428975,20_1.5_300
brain ICF,14.8,13.5275758614413,20_1.5_300
brain ICF,14.9,13.5211028216102,20_1.5_300
brain ICF,15,13.5148012992684,20_1.5_300
brain ICF,15.1,13.5086666294037,20_1.5_300
brain ICF,15.2,13.5026942603528,20_1.5_300
brain ICF,15.3,13.4968797633884,20_1.5_300
brain ICF,15.4,13.4912188414567,20_1.5_300
brain ICF,15.5,13.4857073055077,20_1.5_300
brain ICF,15.6,13.4803410905524,20_1.5_300
brain ICF,15.7,13.4751162392183,20_1.5_300
brain ICF,15.8,13.4700288878592,20_1.5_300
brain ICF,15.9,13.4650752792678,20_1.5_300
brain ICF,16,13.4602517850038,20_1.5_300
brain ICF,16.1,13.4555548723448,20_1.5_300
brain ICF,16.2,13.4509810809713,20_1.5_300
brain ICF,16.3,13.4465270553125,20_1.5_300
brain ICF,16.4,13.442189538474,20_1.5_300
brain ICF,16.5,13.4379653609246,20_1.5_300
brain ICF,16.6,13.4338514328641,20_1.5_300
brain ICF,16.7,13.429844750498,20_1.5_300
brain ICF,16.8,13.4259423954043,20_1.5_300
brain ICF,16.9,13.4221415264395,20_1.5_300
brain ICF,17,13.4184393745088,20_1.5_300
brain ICF,17.1,13.414833245122,20_1.5_300
brain ICF,17.2,13.4113205302314,20_1.5_300
brain ICF,17.3,13.4078986883677,20_1.5_300
brain ICF,17.4,13.404565235629,20_1.5_300
brain ICF,17.5,13.4013177589246,20_1.5_300
brain ICF,17.6,13.3981539243059,20_1.5_300
brain ICF,17.7,13.3950714571954,20_1.5_300
brain ICF,17.8,13.3920681350461,20_1.5_300
brain ICF,17.9,13.3891417997723,20_1.5_300
brain ICF,18,13.3862903608969,20_1.5_300
brain ICF,18.1,13.3835117804806,20_1.5_300
brain ICF,18.2,13.3808040700712,20_1.5_300
brain ICF,18.3,13.3781652973801,20_1.5_300
brain ICF,18.4,13.3755935833634,20_1.5_300
brain ICF,18.5,13.3730871127021,20_1.5_300
brain ICF,18.6,13.3706441002788,20_1.5_300
brain ICF,18.7,13.3682628146347,20_1.5_300
brain ICF,18.8,13.3659415696048,20_1.5_300
brain ICF,18.9,13.3636787388052,20_1.5_300
brain ICF,19,13.3614727332089,20_1.5_300
brain ICF,19.1,13.3593219974106,20_1.5_300
brain ICF,19.2,13.3572250220185,20_1.5_300
brain ICF,19.3,13.3551803401273,20_1.5_300
brain ICF,19.4,13.3531865444562,20_1.5_300
brain ICF,19.5,13.3512422383064,20_1.5_300
brain ICF,19.6,13.3493460720314,20_1.5_300
brain ICF,19.7,13.3474967317963,20_1.5_300
brain ICF,19.8,13.3456929483497,20_1.5_300
brain ICF,19.9,13.3439334830142,20_1.5_300
brain ICF,20,13.3422171249493,20_1.5_300
brain ICF,20.1,13.3405426987829,20_1.5_300
brain ICF,20.2,13.3389090615887,20_1.5_300
brain ICF,20.3,13.3373151100791,20_1.5_300
brain ICF,20.4,13.3357597583302,20_1.5_300
brain ICF,20.5,13.3342419535021,20_1.5_300
brain ICF,20.6,13.3327606703803,20_1.5_300
brain ICF,20.7,13.3313149192593,20_1.5_300
brain ICF,20.8,13.3299037336848,20_1.5_300
brain ICF,20.9,13.3285261679261,20_1.5_300
brain ICF,21,13.3271813039891,20_1.5_300
brain ICF,21.1,13.3258682501267,20_1.5_300
brain ICF,21.2,13.3245861533125,20_1.5_300
brain ICF,21.3,13.3233341615301,20_1.5_300
brain ICF,21.4,13.3221114533267,20_1.5_300
brain ICF,21.5,13.3209172287251,20_1.5_300
brain ICF,21.6,13.3197507084112,20_1.5_300
brain ICF,21.7,13.318611154881,20_1.5_300
brain ICF,21.8,13.3174978237126,20_1.5_300
brain ICF,21.9,13.3164099993476,20_1.5_300
brain ICF,22,13.3153469850661,20_1.5_300
brain ICF,22.1,13.314308102168,20_1.5_300
brain ICF,22.2,13.3132927043452,20_1.5_300
brain ICF,22.3,13.3123001485997,20_1.5_300
brain ICF,22.4,13.3113298096474,20_1.5_300
brain ICF,22.5,13.3103810806621,20_1.5_300
brain ICF,22.6,13.3094533705327,20_1.5_300
brain ICF,22.7,13.3085461134539,20_1.5_300
brain ICF,22.8,13.3076587536623,20_1.5_300
brain ICF,22.9,13.3067907450009,20_1.5_300
brain ICF,23,13.3059415590714,20_1.5_300
brain ICF,23.1,13.3051106812133,20_1.5_300
brain ICF,23.2,13.3042976162623,20_1.5_300
brain ICF,23.3,13.3035018836242,20_1.5_300
brain ICF,23.4,13.302723006653,20_1.5_300
brain ICF,23.5,13.3019605254142,20_1.5_300
brain ICF,23.6,13.3012139920007,20_1.5_300
brain ICF,23.7,13.3004829722528,20_1.5_300
brain ICF,23.8,13.299767046952,20_1.5_300
brain ICF,23.9,13.2990658008995,20_1.5_300
brain ICF,24,13.2983788324456,20_1.5_300
brain ICF,24.1,13.2977057501958,20_1.5_300
brain ICF,24.2,13.2970461755554,20_1.5_300
brain ICF,24.3,13.2963997572604,20_1.5_300
brain ICF,24.4,13.2957661288435,20_1.5_300
brain ICF,24.5,13.2951449433164,20_1.5_300
brain ICF,24.6,13.2945358633068,20_1.5_300
brain ICF,24.7,13.2939385607519,20_1.5_300
brain ICF,24.8,13.2933527138286,20_1.5_300
brain ICF,24.9,13.292778011141,20_1.5_300
brain ICF,25,13.292214148393,20_1.5_300
sCSF,0,0,20_1.5_300
sCSF,0.1,0.0229048736127407,20_1.5_300
sCSF,0.2,0.0865598011876973,20_1.5_300
sCSF,0.3,0.173089132467843,20_1.5_300
sCSF,0.4,0.27029425545619,20_1.5_300
sCSF,0.5,0.370370305414131,20_1.5_300
sCSF,0.6,0.46847188404518,20_1.5_300
sCSF,0.7,0.561730500258535,20_1.5_300
sCSF,0.8,0.648583621402258,20_1.5_300
sCSF,0.9,0.728318332417648,20_1.5_300
sCSF,1,0.800762532839768,20_1.5_300
sCSF,1.1,0.866077403665847,20_1.5_300
sCSF,1.2,0.924619155761707,20_1.5_300
sCSF,1.3,0.976848037770243,20_1.5_300
sCSF,1.4,1.02326944554472,20_1.5_300
sCSF,1.5,1.06439669990426,20_1.5_300
sCSF,1.6,1.10072835949468,20_1.5_300
sCSF,1.7,1.13273518604185,20_1.5_300
sCSF,1.8,1.16085341002877,20_1.5_300
sCSF,1.9,1.18548209090431,20_1.5_300
sCSF,2,1.2069829966407,20_1.5_300
sCSF,2.1,1.22568202076289,20_1.5_300
sCSF,2.2,1.24187146652869,20_1.5_300
sCSF,2.3,1.25581273545243,20_1.5_300
sCSF,2.4,1.26773916293174,20_1.5_300
sCSF,2.5,1.27785882604985,20_1.5_300
sCSF,2.6,1.28635720845803,20_1.5_300
sCSF,2.7,1.29339967627817,20_1.5_300
sCSF,2.8,1.29913374675014,20_1.5_300
sCSF,2.9,1.30369112615578,20_1.5_300
sCSF,3,1.30718953569049,20_1.5_300
sCSF,3.1,1.30973433570117,20_1.5_300
sCSF,3.2,1.31141996155329,20_1.5_300
sCSF,3.3,1.31233119368032,20_1.5_300
sCSF,3.4,1.31254426562215,20_1.5_300
sCSF,3.5,1.31212784266191,20_1.5_300
sCSF,3.6,1.31114388281773,20_1.5_300
sCSF,3.7,1.30964838758808,20_1.5_300
sCSF,3.8,1.30769206437888,20_1.5_300
sCSF,3.9,1.30532090209616,20_1.5_300
sCSF,4,1.30257667886988,20_1.5_300
sCSF,4.1,1.29949740773138,20_1.5_300
sCSF,4.2,1.29611772944401,20_1.5_300
sCSF,4.3,1.29246925811964,20_1.5_300
sCSF,4.4,1.28858088407106,20_1.5_300
sCSF,4.5,1.28447904092437,20_1.5_300
sCSF,4.6,1.28018794302246,20_1.5_300
sCSF,4.7,1.2757297953648,20_1.5_300
sCSF,4.8,1.27112497878929,20_1.5_300
sCSF,4.9,1.26639221780096,20_1.5_300
sCSF,5,1.26154872693657,20_1.5_300
sCSF,5.1,1.25661034161548,20_1.5_300
sCSF,5.2,1.25159163533894,20_1.5_300
sCSF,5.3,1.24650602560125,20_1.5_300
sCSF,5.4,1.24136586893031,20_1.5_300
sCSF,5.5,1.23618254477003,20_1.5_300
sCSF,5.6,1.23096653566962,20_1.5_300
sCSF,5.7,1.22572749504305,20_1.5_300
sCSF,5.8,1.22047431036956,20_1.5_300
sCSF,5.9,1.21521516062945,20_1.5_300
sCSF,6,1.20995756837507,20_1.5_300
sCSF,6.1,1.20470844872686,20_1.5_300
sCSF,6.2,1.19947415200625,20_1.5_300
sCSF,6.3,1.19426050376254,20_1.5_300
sCSF,6.4,1.18907284216858,20_1.5_300
sCSF,6.5,1.18391605207036,20_1.5_300
sCSF,6.6,1.17879459878451,20_1.5_300
sCSF,6.7,1.17371255172704,20_1.5_300
sCSF,6.8,1.16867361433857,20_1.5_300
sCSF,6.9,1.16368114999469,20_1.5_300
sCSF,7,1.15873820152446,20_1.5_300
sCSF,7.1,1.15384751470448,20_1.5_300
sCSF,7.2,1.14901156001974,20_1.5_300
sCSF,7.3,1.14423254771754,20_1.5_300
sCSF,7.4,1.13951244487985,20_1.5_300
sCSF,7.5,1.1348529993877,20_1.5_300
sCSF,7.6,1.13025574235269,20_1.5_300
sCSF,7.7,1.12572201738319,20_1.5_300
sCSF,7.8,1.12125297751551,20_1.5_300
sCSF,7.9,1.11684961309341,20_1.5_300
sCSF,8,1.11251274942458,20_1.5_300
sCSF,8.1,1.10824306939584,20_1.5_300
sCSF,8.2,1.10404111467296,20_1.5_300
sCSF,8.3,1.09990730226143,20_1.5_300
sCSF,8.4,1.09584192868076,20_1.5_300
sCSF,8.5,1.09184518168898,20_1.5_300
sCSF,8.6,1.08791714653984,20_1.5_300
sCSF,8.7,1.08405781096469,20_1.5_300
sCSF,8.8,1.08026707951351,20_1.5_300
sCSF,8.9,1.07654477746503,20_1.5_300
sCSF,9,1.07289064583635,20_1.5_300
sCSF,9.1,1.0693043712226,20_1.5_300
sCSF,9.2,1.06578556531259,20_1.5_300
sCSF,9.3,1.06233378524931,20_1.5_300
sCSF,9.4,1.05894854009165,20_1.5_300
sCSF,9.5,1.05562927783552,20_1.5_300
sCSF,9.6,1.05237541435253,20_1.5_300
sCSF,9.7,1.04918631795212,20_1.5_300
sCSF,9.8,1.04606132037206,20_1.5_300
sCSF,9.9,1.04299972508377,20_1.5_300
sCSF,10,1.04000079770405,20_1.5_300
sCSF,10.1,1.03706378535025,20_1.5_300
sCSF,10.2,1.03418790721788,20_1.5_300
sCSF,10.3,1.03137236031358,20_1.5_300
sCSF,10.4,1.02861632829888,20_1.5_300
sCSF,10.5,1.02591896762345,20_1.5_300
sCSF,10.6,1.02327943365889,20_1.5_300
sCSF,10.7,1.02069686910378,20_1.5_300
sCSF,10.8,1.01817039460421,20_1.5_300
sCSF,10.9,1.0156991335042,20_1.5_300
sCSF,11,1.01328220588322,20_1.5_300
sCSF,11.1,1.01091871797581,20_1.5_300
sCSF,11.2,1.00860777274295,20_1.5_300
sCSF,11.3,1.00634848078843,20_1.5_300
sCSF,11.4,1.00413994619019,20_1.5_300
sCSF,11.5,1.00198126730939,20_1.5_300
sCSF,11.6,0.999871555202594,20_1.5_300
sCSF,11.7,0.997809920224806,20_1.5_300
sCSF,11.8,0.99579546888678,20_1.5_300
sCSF,11.9,0.993827321901562,20_1.5_300
sCSF,12,0.99190460362419,20_1.5_300
sCSF,12.1,0.990026437068943,20_1.5_300
sCSF,12.2,0.988191960097732,20_1.5_300
sCSF,12.3,0.986400317058257,20_1.5_300
sCSF,12.4,0.984650655549366,20_1.5_300
sCSF,12.5,0.982942134012602,20_1.5_300
sCSF,12.6,0.981273922416794,20_1.5_300
sCSF,12.7,0.979645196291057,20_1.5_300
sCSF,12.8,0.978055139566832,20_1.5_300
sCSF,12.9,0.976502951530524,20_1.5_300
sCSF,13,0.974987840839136,20_1.5_300
sCSF,13.1,0.973509018945778,20_1.5_300
sCSF,13.2,0.972065716704504,20_1.5_300
sCSF,13.3,0.970657174385133,20_1.5_300
sCSF,13.4,0.969282641721142,20_1.5_300
sCSF,13.5,0.967941376778717,20_1.5_300
sCSF,13.6,0.966632654675013,20_1.5_300
sCSF,13.7,0.965355760643101,20_1.5_300
sCSF,13.8,0.964109987612759,20_1.5_300
sCSF,13.9,0.96289464342782,20_1.5_300
sCSF,14,0.961709048036735,20_1.5_300
sCSF,14.1,0.960552532216235,20_1.5_300
sCSF,14.2,0.959424436069011,20_1.5_300
sCSF,14.3,0.958324114961965,20_1.5_300
sCSF,14.4,0.957250935095916,20_1.5_300
sCSF,14.5,0.956204272427427,20_1.5_300
sCSF,14.6,0.955183515422595,20_1.5_300
sCSF,14.7,0.954188065131709,20_1.5_300
sCSF,14.8,0.953217333524624,20_1.5_300
sCSF,14.9,0.952270741824388,20_1.5_300
sCSF,15,0.951347725208365,20_1.5_300
sCSF,15.1,0.950447729342392,20_1.5_300
sCSF,15.2,0.949570209905198,20_1.5_300
sCSF,15.3,0.948714633644472,20_1.5_300
sCSF,15.4,0.947880479363027,20_1.5_300
sCSF,15.5,0.947067236240427,20_1.5_300
sCSF,15.6,0.946274402924354,20_1.5_300
sCSF,15.7,0.945501488669904,20_1.5_300
sCSF,15.8,0.944748014229385,20_1.5_300
sCSF,15.9,0.944013510143859,20_1.5_300
sCSF,16,0.943297516069095,20_1.5_300
sCSF,16.1,0.942599581695494,20_1.5_300
sCSF,16.2,0.941919267329019,20_1.5_300
sCSF,16.3,0.94125614253364,20_1.5_300
sCSF,16.4,0.940609785793635,20_1.5_300
sCSF,16.5,0.939979784986343,20_1.5_300
sCSF,16.6,0.939365737589287,20_1.5_300
sCSF,16.7,0.938767249883664,20_1.5_300
sCSF,16.8,0.938183936738397,20_1.5_300
sCSF,16.9,0.937615421767461,20_1.5_300
sCSF,17,0.937061337325659,20_1.5_300
sCSF,17.1,0.936521324065222,20_1.5_300
sCSF,17.2,0.935995030724949,20_1.5_300
sCSF,17.3,0.935482114155856,20_1.5_300
sCSF,17.4,0.934982239237782,20_1.5_300
sCSF,17.5,0.934495078572428,20_1.5_300
sCSF,17.6,0.934020312348514,20_1.5_300
sCSF,17.7,0.933557628232704,20_1.5_300
sCSF,17.8,0.933106721231066,20_1.5_300
sCSF,17.9,0.93266729350369,20_1.5_300
sCSF,18,0.932239054392136,20_1.5_300
sCSF,18.1,0.931821720053293,20_1.5_300
sCSF,18.2,0.931415013290846,20_1.5_300
sCSF,18.3,0.931018663546667,20_1.5_300
sCSF,18.4,0.93063240677478,20_1.5_300
sCSF,18.5,0.930255985726033,20_1.5_300
sCSF,18.6,0.929889148686446,20_1.5_300
sCSF,18.7,0.929531650217888,20_1.5_300
sCSF,18.8,0.929183250780487,20_1.5_300
sCSF,18.9,0.928843717097378,20_1.5_300
sCSF,19,0.928512821360734,20_1.5_300
sCSF,19.1,0.928190341024482,20_1.5_300
sCSF,19.2,0.927876059103239,20_1.5_300
sCSF,19.3,0.927569763988754,20_1.5_300
sCSF,19.4,0.927271249998888,20_1.5_300
sCSF,19.5,0.926980315490118,20_1.5_300
sCSF,19.6,0.926696764118263,20_1.5_300
sCSF,19.7,0.92642040434269,20_1.5_300
sCSF,19.8,0.926151049936186,20_1.5_300
sCSF,19.9,0.925888519046146,20_1.5_300
sCSF,20,0.925632633972582,20_1.5_300
sCSF,20.1,0.925383221605477,20_1.5_300
sCSF,20.2,0.925140113222179,20_1.5_300
sCSF,20.3,0.924903145124047,20_1.5_300
sCSF,20.4,0.924672156595099,20_1.5_300
sCSF,20.5,0.924446991313603,20_1.5_300
sCSF,20.6,0.924227496838981,20_1.5_300
sCSF,20.7,0.924013525121191,20_1.5_300
sCSF,20.8,0.923804931608824,20_1.5_300
sCSF,20.9,0.923601575034163,20_1.5_300
sCSF,21,0.923403317861996,20_1.5_300
sCSF,21.1,0.923210026136789,20_1.5_300
sCSF,21.2,0.923021570254165,20_1.5_300
sCSF,21.3,0.922837822455611,20_1.5_300
sCSF,21.4,0.922658658715147,20_1.5_300
sCSF,21.5,0.922483958102961,20_1.5_300
sCSF,21.6,0.922313602689329,20_1.5_300
sCSF,21.7,0.922147479324944,20_1.5_300
sCSF,21.8,0.921985475450748,20_1.5_300
sCSF,21.9,0.921827482128595,20_1.5_300
sCSF,22,0.921673393158114,20_1.5_300
sCSF,22.1,0.921523104980105,20_1.5_300
sCSF,22.2,0.921376518181204,20_1.5_300
sCSF,22.3,0.921233534411703,20_1.5_300
sCSF,22.4,0.921094057893559,20_1.5_300
sCSF,22.5,0.92095799548651,20_1.5_300
sCSF,22.6,0.920825256386145,20_1.5_300
sCSF,22.7,0.920695753096167,20_1.5_300
sCSF,22.8,0.920569399844521,20_1.5_300
sCSF,22.9,0.920446112524524,20_1.5_300
sCSF,23,0.92032580951923,20_1.5_300
sCSF,23.1,0.920208411273774,20_1.5_300
sCSF,23.2,0.920093840850552,20_1.5_300
sCSF,23.3,0.91998202342456,20_1.5_300
sCSF,23.4,0.919872885213968,20_1.5_300
sCSF,23.5,0.919766354729921,20_1.5_300
sCSF,23.6,0.919662362295966,20_1.5_300
sCSF,23.7,0.919560840340926,20_1.5_300
sCSF,23.8,0.919461723606053,20_1.5_300
sCSF,23.9,0.919364947381039,20_1.5_300
sCSF,24,0.919270449067471,20_1.5_300
sCSF,24.1,0.919178167655832,20_1.5_300
sCSF,24.2,0.919088043840181,20_1.5_300
sCSF,24.3,0.919000020818432,20_1.5_300
sCSF,24.4,0.918914041828275,20_1.5_300
sCSF,24.5,0.918830052100253,20_1.5_300
sCSF,24.6,0.918747998262632,20_1.5_300
sCSF,24.7,0.918667828294596,20_1.5_300
sCSF,24.8,0.918589492111423,20_1.5_300
sCSF,24.9,0.91851294048985,20_1.5_300
sCSF,25,0.9184381257122,20_1.5_300
brain ECF,0,0,20_7.5_250
brain ECF,0.1,0.717706351687867,20_7.5_250
brain ECF,0.2,1.23703091015596,20_7.5_250
brain ECF,0.3,1.54349720049746,20_7.5_250
brain ECF,0.4,1.70927790334108,20_7.5_250
brain ECF,0.5,1.78347396468839,20_7.5_250
brain ECF,0.6,1.79931162875815,20_7.5_250
brain ECF,0.7,1.77912464784161,20_7.5_250
brain ECF,0.8,1.73779278456111,20_7.5_250
brain ECF,0.9,1.68511193988642,20_7.5_250
brain ECF,1,1.62742566368366,20_7.5_250
brain ECF,1.1,1.56874608846698,20_7.5_250
brain ECF,1.2,1.51152247172449,20_7.5_250
brain ECF,1.3,1.45716650120946,20_7.5_250
brain ECF,1.4,1.40641013329297,20_7.5_250
brain ECF,1.5,1.35954810547245,20_7.5_250
brain ECF,1.6,1.31660139890236,20_7.5_250
brain ECF,1.7,1.27742637911468,20_7.5_250
brain ECF,1.8,1.24178709344312,20_7.5_250
brain ECF,1.9,1.20940223907271,20_7.5_250
brain ECF,2,1.17997518593797,20_7.5_250
brain ECF,2.1,1.15321259656807,20_7.5_250
brain ECF,2.2,1.12883531528532,20_7.5_250
brain ECF,2.3,1.10658430997994,20_7.5_250
brain ECF,2.4,1.08622340476512,20_7.5_250
brain ECF,2.5,1.06753988150101,20_7.5_250
brain ECF,2.6,1.05034384315273,20_7.5_250
brain ECF,2.7,1.03446690700656,20_7.5_250
brain ECF,2.8,1.0197604993384,20_7.5_250
brain ECF,2.9,1.00609396990918,20_7.5_250
brain ECF,3,0.993352734034875,20_7.5_250
brain ECF,3.1,0.981436482062873,20_7.5_250
brain ECF,3.2,0.970257500058478,20_7.5_250
brain ECF,3.3,0.9597391346777,20_7.5_250
brain ECF,3.4,0.949814401327601,20_7.5_250
brain ECF,3.5,0.94042477060058,20_7.5_250
brain ECF,3.6,0.931519071155045,20_7.5_250
brain ECF,3.7,0.923052523207192,20_7.5_250
brain ECF,3.8,0.914985904759659,20_7.5_250
brain ECF,3.9,0.907284814579657,20_7.5_250
brain ECF,4,0.899919030070775,20_7.5_250
brain ECF,4.1,0.892861946912391,20_7.5_250
brain ECF,4.2,0.886090101465748,20_7.5_250
brain ECF,4.3,0.879582761590696,20_7.5_250
brain ECF,4.4,0.873321561501505,20_7.5_250
brain ECF,4.5,0.867290182121705,20_7.5_250
brain ECF,4.6,0.861474084418135,20_7.5_250
brain ECF,4.7,0.855860271784298,20_7.5_250
brain ECF,4.8,0.850437093730561,20_7.5_250
brain ECF,4.9,0.845194073576505,20_7.5_250
brain ECF,5,0.840121758132612,20_7.5_250
brain ECF,5.1,0.835211583199685,20_7.5_250
brain ECF,5.2,0.83045576249813,20_7.5_250
brain ECF,5.3,0.825847189765545,20_7.5_250
brain ECF,5.4,0.821379353733493,20_7.5_250
brain ECF,5.5,0.817046269705393,20_7.5_250
brain ECF,5.6,0.812842414900199,20_7.5_250
brain ECF,5.7,0.808762678814198,20_7.5_250
brain ECF,5.8,0.80480231141835,20_7.5_250
brain ECF,5.9,0.800956880957629,20_7.5_250
brain ECF,6,0.797222242423533,20_7.5_250
brain ECF,6.1,0.79359450274758,20_7.5_250
brain ECF,6.2,0.790069995499863,20_7.5_250
brain ECF,6.3,0.786645259956836,20_7.5_250
brain ECF,6.4,0.783317020046025,20_7.5_250
brain ECF,6.5,0.780082168351754,20_7.5_250
brain ECF,6.6,0.776937748181173,20_7.5_250
brain ECF,6.7,0.773880942273028,20_7.5_250
brain ECF,6.8,0.77090905856396,20_7.5_250
brain ECF,6.9,0.768019518897385,20_7.5_250
brain ECF,7,0.76520985554669,20_7.5_250
brain ECF,7.1,0.76247769662449,20_7.5_250
brain ECF,7.2,0.759820761005857,20_7.5_250
brain ECF,7.3,0.757236854934837,20_7.5_250
brain ECF,7.4,0.754723865184288,20_7.5_250
brain ECF,7.5,0.752279750820592,20_7.5_250
brain ECF,7.6,0.74990254618491,20_7.5_250
brain ECF,7.7,0.747590348200763,20_7.5_250
brain ECF,7.8,0.745341319480209,20_7.5_250
brain ECF,7.9,0.743153679459846,20_7.5_250
brain ECF,8,0.741025705945304,20_7.5_250
brain ECF,8.1,0.738955728891049,20_7.5_250
brain ECF,8.2,0.736942132751438,20_7.5_250
brain ECF,8.3,0.734983348525363,20_7.5_250
brain ECF,8.4,0.73307785435296,20_7.5_250
brain ECF,8.5,0.731224174387857,20_7.5_250
brain ECF,8.6,0.729420876796288,20_7.5_250
brain ECF,8.7,0.727666571564563,20_7.5_250
brain ECF,8.8,0.725959908442333,20_7.5_250
brain ECF,8.9,0.724299575999234,20_7.5_250
brain ECF,9,0.722684302706269,20_7.5_250
brain ECF,9.1,0.721112850250622,20_7.5_250
brain ECF,9.2,0.719584017364586,20_7.5_250
brain ECF,9.3,0.718096635859802,20_7.5_250
brain ECF,9.4,0.716649569456058,20_7.5_250
brain ECF,9.5,0.715241715807373,20_7.5_250
brain ECF,9.6,0.713872000676393,20_7.5_250
brain ECF,9.7,0.712539381523896,20_7.5_250
brain ECF,9.8,0.71124284476895,20_7.5_250
brain ECF,9.9,0.709981403782778,20_7.5_250
brain ECF,10,0.708754101006234,20_7.5_250
brain ECF,10.1,0.707560003963205,20_7.5_250
brain ECF,10.2,0.706398206300607,20_7.5_250
brain ECF,10.3,0.705267826507367,20_7.5_250
brain ECF,10.4,0.704168006871074,20_7.5_250
brain ECF,10.5,0.703097915045529,20_7.5_250
brain ECF,10.6,0.702056739203205,20_7.5_250
brain ECF,10.7,0.701043689920947,20_7.5_250
brain ECF,10.8,0.700058001823668,20_7.5_250
brain ECF,10.9,0.699098928440894,20_7.5_250
brain ECF,11,0.698165743368061,20_7.5_250
brain ECF,11.1,0.697257741264242,20_7.5_250
brain ECF,11.2,0.696374235937108,20_7.5_250
brain ECF,11.3,0.695514558724787,20_7.5_250
brain ECF,11.4,0.694678060221391,20_7.5_250
brain ECF,11.5,0.693864110024134,20_7.5_250
brain ECF,11.6,0.693072092909021,20_7.5_250
brain ECF,11.7,0.692301411109681,20_7.5_250
brain ECF,11.8,0.691551483857107,20_7.5_250
brain ECF,11.9,0.690821745215885,20_7.5_250
brain ECF,12,0.690111644728826,20_7.5_250
brain ECF,12.1,0.689420648570423,20_7.5_250
brain ECF,12.2,0.688748235745768,20_7.5_250
brain ECF,12.3,0.688093899753273,20_7.5_250
brain ECF,12.4,0.687457148333572,20_7.5_250
brain ECF,12.5,0.686837502229022,20_7.5_250
brain ECF,12.6,0.686234494815527,20_7.5_250
brain ECF,12.7,0.68564767322399,20_7.5_250
brain ECF,12.8,0.685076597317389,20_7.5_250
brain ECF,12.9,0.684520837397534,20_7.5_250
brain ECF,13,0.683979975870943,20_7.5_250
brain ECF,13.1,0.683453607324445,20_7.5_250
brain ECF,13.2,0.682941336231605,20_7.5_250
brain ECF,13.3,0.682442777866437,20_7.5_250
brain ECF,13.4,0.681957558881475,20_7.5_250
brain ECF,13.5,0.681485317599529,20_7.5_250
brain ECF,13.6,0.681025699785825,20_7.5_250
brain ECF,13.7,0.680578361771673,20_7.5_250
brain ECF,13.8,0.680142968630709,20_7.5_250
brain ECF,13.9,0.679719194820972,20_7.5_250
brain ECF,14,0.679306723434262,20_7.5_250
brain ECF,14.1,0.678905246543401,20_7.5_250
brain ECF,14.2,0.67851446648296,20_7.5_250
brain ECF,14.3,0.678134091210295,20_7.5_250
brain ECF,14.4,0.677763837482274,20_7.5_250
brain ECF,14.5,0.677403429027556,20_7.5_250
brain ECF,14.6,0.67705259714182,20_7.5_250
brain ECF,14.7,0.676711080356503,20_7.5_250
brain ECF,14.8,0.67637862434858,20_7.5_250
brain ECF,14.9,0.676054985062917,20_7.5_250
brain ECF,15,0.675739921314403,20_7.5_250
brain ECF,15.1,0.675433199866891,20_7.5_250
brain ECF,15.2,0.675134593110431,20_7.5_250
brain ECF,15.3,0.674843879645989,20_7.5_250
brain ECF,15.4,0.674560844617691,20_7.5_250
brain ECF,15.5,0.67428527857625,20_7.5_250
brain ECF,15.6,0.674016978308114,20_7.5_250
brain ECF,15.7,0.673755745921733,20_7.5_250
brain ECF,15.8,0.673501388248462,20_7.5_250
brain ECF,15.9,0.673253717432568,20_7.5_250
brain ECF,16,0.673012552117497,20_7.5_250
brain ECF,16.1,0.672777715602106,20_7.5_250
brain ECF,16.2,0.672549034901673,20_7.5_250
brain ECF,16.3,0.672326342243072,20_7.5_250
brain ECF,16.4,0.672109474804727,20_7.5_250
brain ECF,16.5,0.67189827409675,20_7.5_250
brain ECF,16.6,0.671692585640437,20_7.5_250
brain ECF,16.7,0.671492259250354,20_7.5_250
brain ECF,16.8,0.671297149020812,20_7.5_250
brain ECF,16.9,0.67110711288722,20_7.5_250
brain ECF,17,0.670922012402045,20_7.5_250
brain ECF,17.1,0.670741712843565,20_7.5_250
brain ECF,17.2,0.67056608384497,20_7.5_250
brain ECF,17.3,0.670394998298855,20_7.5_250
brain ECF,17.4,0.670228332026343,20_7.5_250
brain ECF,17.5,0.670065964375454,20_7.5_250
brain ECF,17.6,0.669907778684304,20_7.5_250
brain ECF,17.7,0.669753661190914,20_7.5_250
brain ECF,17.8,0.669603500784153,20_7.5_250
brain ECF,17.9,0.669457189562773,20_7.5_250
brain ECF,18,0.66931462302678,20_7.5_250
brain ECF,18.1,0.669175699257792,20_7.5_250
brain ECF,18.2,0.66904031884477,20_7.5_250
brain ECF,18.3,0.668908385175693,20_7.5_250
brain ECF,18.4,0.668779804315618,20_7.5_250
brain ECF,18.5,0.668654485485818,20_7.5_250
brain ECF,18.6,0.668532339437453,20_7.5_250
brain ECF,18.7,0.668413279599313,20_7.5_250
brain ECF,18.8,0.668297221664295,20_7.5_250
brain ECF,18.9,0.668184084348694,20_7.5_250
brain ECF,19,0.668073788161895,20_7.5_250
brain ECF,19.1,0.667966255350022,20_7.5_250
brain ECF,19.2,0.667861410444803,20_7.5_250
brain ECF,19.3,0.667759180125633,20_7.5_250
brain ECF,19.4,0.667659494006468,20_7.5_250
brain ECF,19.5,0.667562282262188,20_7.5_250
brain ECF,19.6,0.667467477412252,20_7.5_250
brain ECF,19.7,0.667375013766299,20_7.5_250
brain ECF,19.8,0.667284827885418,20_7.5_250
brain ECF,19.9,0.667196857811028,20_7.5_250
brain ECF,20,0.667111043012223,20_7.5_250
brain ECF,20.1,0.667027324721788,20_7.5_250
brain ECF,20.2,0.666945645805386,20_7.5_250
brain ECF,20.3,0.66686595108931,20_7.5_250
brain ECF,20.4,0.666788186282141,20_7.5_250
brain ECF,20.5,0.666712298742928,20_7.5_250
brain ECF,20.6,0.666638237211633,20_7.5_250
brain ECF,20.7,0.666565952224171,20_7.5_250
brain ECF,20.8,0.666495395434382,20_7.5_250
brain ECF,20.9,0.66642651956542,20_7.5_250
brain ECF,21,0.666359278718269,20_7.5_250
brain ECF,21.1,0.666293628325489,20_7.5_250
brain ECF,21.2,0.666229525714553,20_7.5_250
brain ECF,21.3,0.666166928293139,20_7.5_250
brain ECF,21.4,0.666105794989295,20_7.5_250
brain ECF,21.5,0.666046085804553,20_7.5_250
brain ECF,21.6,0.66598776178658,20_7.5_250
brain ECF,21.7,0.66593078605761,20_7.5_250
brain ECF,21.8,0.665875121387026,20_7.5_250
brain ECF,21.9,0.665820732003137,20_7.5_250
brain ECF,22,0.665767583070273,20_7.5_250
brain ECF,22.1,0.665715640653453,20_7.5_250
brain ECF,22.2,0.665664872467604,20_7.5_250
brain ECF,22.3,0.665615246323748,20_7.5_250
brain ECF,22.4,0.665566730972959,20_7.5_250
brain ECF,22.5,0.665519296074236,20_7.5_250
brain ECF,22.6,0.665472912072088,20_7.5_250
brain ECF,22.7,0.665427550701204,20_7.5_250
brain ECF,22.8,0.665383184142072,20_7.5_250
brain ECF,22.9,0.665339785099032,20_7.5_250
brain ECF,23,0.6652973271525,20_7.5_250
brain ECF,23.1,0.665255784569545,20_7.5_250
brain ECF,23.2,0.66521513261192,20_7.5_250
brain ECF,23.3,0.66517534722571,20_7.5_250
brain ECF,23.4,0.665136404587996,20_7.5_250
brain ECF,23.5,0.66509828170239,20_7.5_250
brain ECF,23.6,0.665060956173685,20_7.5_250
brain ECF,23.7,0.665024406303911,20_7.5_250
brain ECF,23.8,0.664988611120387,20_7.5_250
brain ECF,23.9,0.664953549867492,20_7.5_250
brain ECF,24,0.66491920246268,20_7.5_250
brain ECF,24.1,0.664885549335953,20_7.5_250
brain ECF,24.2,0.664852571583345,20_7.5_250
brain ECF,24.3,0.664820251613332,20_7.5_250
brain ECF,24.4,0.664788571113371,20_7.5_250
brain ECF,24.5,0.664757512735106,20_7.5_250
brain ECF,24.6,0.664727059610944,20_7.5_250
brain ECF,24.7,0.6646971953365,20_7.5_250
brain ECF,24.8,0.664667903818316,20_7.5_250
brain ECF,24.9,0.66463916948697,20_7.5_250
brain ECF,25,0.664610977126599,20_7.5_250
brain ICF,0,0,20_7.5_250
brain ICF,0.1,14.3332580083104,20_7.5_250
brain ICF,0.2,24.7279673903365,20_7.5_250
brain ICF,0.3,30.862758683043,20_7.5_250
brain ICF,0.4,34.1819588324165,20_7.5_250
brain ICF,0.5,35.6681909966324,20_7.5_250
brain ICF,0.6,35.986395155432,20_7.5_250
brain ICF,0.7,35.5835307766133,20_7.5_250
brain ICF,0.8,34.7573874300405,20_7.5_250
brain ICF,0.9,33.7040153885393,20_7.5_250
brain ICF,1,32.5503752155616,20_7.5_250
brain ICF,1.1,31.3767698317638,20_7.5_250
brain ICF,1.2,30.232224599696,20_7.5_250
brain ICF,1.3,29.1449998015743,20_7.5_250
brain ICF,1.4,28.1297517918312,20_7.5_250
brain ICF,1.5,27.1923862627077,20_7.5_250
brain ICF,1.6,26.3333295600083,20_7.5_250
brain ICF,1.7,25.5497129136868,20_7.5_250
brain ICF,1.8,24.8368193477338,20_7.5_250
brain ICF,1.9,24.1890236966925,20_7.5_250
brain ICF,2,23.6003935024513,20_7.5_250
brain ICF,2.1,23.0650617062793,20_7.5_250
brain ICF,2.2,22.5774446298492,20_7.5_250
brain ICF,2.3,22.1323609356641,20_7.5_250
brain ICF,2.4,21.7250863637905,20_7.5_250
brain ICF,2.5,21.3513658118729,20_7.5_250
brain ICF,2.6,21.0074006332885,20_7.5_250
brain ICF,2.7,20.6898225170271,20_7.5_250
brain ICF,2.8,20.3956593897736,20_7.5_250
brain ICF,2.9,20.1222977078236,20_7.5_250
brain ICF,3,19.8674452966,20_7.5_250
brain ICF,3.1,19.6290955378284,20_7.5_250
brain ICF,3.2,19.4054937777718,20_7.5_250
brain ICF,3.3,19.1951066221934,20_7.5_250
brain ICF,3.4,18.9965940920671,20_7.5_250
brain ICF,3.5,18.8087853491376,20_7.5_250
brain ICF,3.6,18.6306567494119,20_7.5_250
brain ICF,3.7,18.4613125079132,20_7.5_250
brain ICF,3.8,18.2999680206147,20_7.5_250
brain ICF,3.9,18.1459351207986,20_7.5_250
brain ICF,4,17.9986092330338,20_7.5_250
brain ICF,4.1,17.8574581642618,20_7.5_250
brain ICF,4.2,17.7220125487979,20_7.5_250
brain ICF,4.3,17.5918576629798,20_7.5_250
brain ICF,4.4,17.466626121714,20_7.5_250
brain ICF,4.5,17.3459914828007,20_7.5_250
brain ICF,4.6,17.2296629129505,20_7.5_250
brain ICF,4.7,17.1173804346315,20_7.5_250
brain ICF,4.8,17.0089109980842,20_7.5_250
brain ICF,4.9,16.9040450347995,20_7.5_250
brain ICF,5,16.8025934508819,20_7.5_250
brain ICF,5.1,16.7043849361041,20_7.5_250
brain ICF,5.2,16.6092637415814,20_7.5_250
brain ICF,5.3,16.5170877220501,20_7.5_250
brain ICF,5.4,16.4277266345221,20_7.5_250
brain ICF,5.5,16.3410607692452,20_7.5_250
brain ICF,5.6,16.256979656788,20_7.5_250
brain ICF,5.7,16.1753810748029,20_7.5_250
brain ICF,5.8,16.0961700121586,20_7.5_250
brain ICF,5.9,16.0192578241383,20_7.5_250
brain ICF,6,15.9445616019003,20_7.5_250
brain ICF,6.1,15.8720034765211,20_7.5_250
brain ICF,6.2,15.8015101129023,20_7.5_250
brain ICF,6.3,15.7330122899543,20_7.5_250
brain ICF,6.4,15.6664444808858,20_7.5_250
brain ICF,6.5,15.6017445322119,20_7.5_250
brain ICF,6.6,15.5388533054595,20_7.5_250
brain ICF,6.7,15.4777144513714,20_7.5_250
brain ICF,6.8,15.4182741248195,20_7.5_250
brain ICF,6.9,15.3604807591013,20_7.5_250
brain ICF,7,15.3042849963094,20_7.5_250
brain ICF,7.1,15.2496393958932,20_7.5_250
brain ICF,7.2,15.1964983326767,20_7.5_250
brain ICF,7.3,15.1448179285203,20_7.5_250
brain ICF,7.4,15.0945559167246,20_7.5_250
brain ICF,7.5,15.0456714761436,20_7.5_250
brain ICF,7.6,14.9981252914707,20_7.5_250
brain ICF,7.7,14.9518792990932,20_7.5_250
brain ICF,7.8,14.9068967493799,20_7.5_250
brain ICF,7.9,14.8631420292639,20_7.5_250
brain ICF,8,14.8205806930414,20_7.5_250
brain ICF,8.1,14.7791793381167,20_7.5_250
brain ICF,8.2,14.7389056519467,20_7.5_250
brain ICF,8.3,14.6997282529958,20_7.5_250
brain ICF,8.4,14.6616167027781,20_7.5_250
brain ICF,8.5,14.6245414828875,20_7.5_250
brain ICF,8.6,14.5884739550698,20_7.5_250
brain ICF,8.7,14.5533863179541,20_7.5_250
brain ICF,8.8,14.5192515652441,20_7.5_250
brain ICF,8.9,14.4860434670447,20_7.5_250
brain ICF,9,14.4537365916751,20_7.5_250
brain ICF,9.1,14.4223061717114,20_7.5_250
brain ICF,9.2,14.3917281807216,20_7.5_250
brain ICF,9.3,14.3619792539037,20_7.5_250
brain ICF,9.4,14.3330366646476,20_7.5_250
brain ICF,9.5,14.3048783649984,20_7.5_250
brain ICF,9.6,14.2774828692466,20_7.5_250
brain ICF,9.7,14.2508293256792,20_7.5_250
brain ICF,9.8,14.2248974617779,20_7.5_250
brain ICF,9.9,14.1996675440757,20_7.5_250
brain ICF,10,14.1751204205494,20_7.5_250
brain ICF,10.1,14.1512374408505,20_7.5_250
brain ICF,10.2,14.1280004771189,20_7.5_250
brain ICF,10.3,14.105391898359,20_7.5_250
brain ICF,10.4,14.0833945495743,20_7.5_250
brain ICF,10.5,14.0619917830771,20_7.5_250
brain ICF,10.6,14.0411673616045,20_7.5_250
brain ICF,10.7,14.0209054959848,20_7.5_250
brain ICF,10.8,14.0011908780616,20_7.5_250
brain ICF,10.9,13.9820085777654,20_7.5_250
brain ICF,11,13.9633440663635,20_7.5_250
brain ICF,11.1,13.9451832364225,20_7.5_250
brain ICF,11.2,13.9275123635004,20_7.5_250
brain ICF,11.3,13.910318073781,20_7.5_250
brain ICF,11.4,13.8935873785709,20_7.5_250
brain ICF,11.5,13.8773076692268,20_7.5_250
brain ICF,11.6,13.8614666407243,20_7.5_250
brain ICF,11.7,13.8460523371992,20_7.5_250
brain ICF,11.8,13.8310531428239,20_7.5_250
brain ICF,11.9,13.8164577383844,20_7.5_250
brain ICF,12,13.8022551142787,20_7.5_250
brain ICF,12.1,13.7884345934595,20_7.5_250
brain ICF,12.2,13.7749857555848,20_7.5_250
brain ICF,12.3,13.7618984701593,20_7.5_250
brain ICF,12.4,13.7491628916025,20_7.5_250
brain ICF,12.5,13.7367694343608,20_7.5_250
brain ICF,12.6,13.7247087655521,20_7.5_250
brain ICF,12.7,13.7129718273769,20_7.5_250
brain ICF,12.8,13.7015498166677,20_7.5_250
brain ICF,12.9,13.6904341390938,20_7.5_250
brain ICF,13,13.679616442401,20_7.5_250
brain ICF,13.1,13.6690886180439,20_7.5_250
brain ICF,13.2,13.6588427551345,20_7.5_250
brain ICF,13.3,13.6488711588372,20_7.5_250
brain ICF,13.4,13.6391663618596,20_7.5_250
brain ICF,13.5,13.6297211302621,20_7.5_250
brain ICF,13.6,13.6205283790443,20_7.5_250
brain ICF,13.7,13.6115812344901,20_7.5_250
brain ICF,13.8,13.6028729978996,20_7.5_250
brain ICF,13.9,13.5943971581581,20_7.5_250
brain ICF,14,13.5861473768519,20_7.5_250
brain ICF,14.1,13.5781174951711,20_7.5_250
brain ICF,14.2,13.5703015593854,20_7.5_250
brain ICF,14.3,13.5626937284193,20_7.5_250
brain ICF,14.4,13.5552883371046,20_7.5_250
brain ICF,14.5,13.5480798598975,20_7.5_250
brain ICF,14.6,13.5410629225347,20_7.5_250
brain ICF,14.7,13.5342322954292,20_7.5_250
brain ICF,14.8,13.5275828919317,20_7.5_250
brain ICF,14.9,13.5211098304912,20_7.5_250
brain ICF,15,13.5148082872457,20_7.5_250
brain ICF,15.1,13.5086735971947,20_7.5_250
brain ICF,15.2,13.5027012080606,20_7.5_250
brain ICF,15.3,13.4968866917744,20_7.5_250
brain ICF,15.4,13.4912257509795,20_7.5_250
brain ICF,15.5,13.4857141965496,20_7.5_250
brain ICF,15.6,13.4803479639663,20_7.5_250
brain ICF,15.7,13.4751230951686,20_7.5_250
brain ICF,15.8,13.4700357266406,20_7.5_250
brain ICF,15.9,13.4650821010754,20_7.5_250
brain ICF,16,13.4602585912198,20_7.5_250
brain ICF,16.1,13.4555616629201,20_7.5_250
brain ICF,16.2,13.4509878563074,20_7.5_250
brain ICF,16.3,13.4465338157765,20_7.5_250
brain ICF,16.4,13.4421962847507,20_7.5_250
brain ICF,16.5,13.4379720932949,20_7.5_250
brain ICF,16.6,13.4338581517089,20_7.5_250
brain ICF,16.7,13.4298514561609,20_7.5_250
brain ICF,16.8,13.4259490883966,20_7.5_250
brain ICF,16.9,13.422148206992,20_7.5_250
brain ICF,17,13.4184460428793,20_7.5_250
brain ICF,17.1,13.4148399015013,20_7.5_250
brain ICF,17.2,13.4113271754139,20_7.5_250
brain ICF,17.3,13.40790532236,20_7.5_250
brain ICF,17.4,13.4045718586482,20_7.5_250
brain ICF,17.5,13.4013243711317,20_7.5_250
brain ICF,17.6,13.3981605264725,20_7.5_250
brain ICF,17.7,13.3950780493328,20_7.5_250
brain ICF,17.8,13.3920747173923,20_7.5_250
brain ICF,17.9,13.3891483725328,20_7.5_250
brain ICF,18,13.3862969246606,20_7.5_250
brain ICF,18.1,13.3835183353184,20_7.5_250
brain ICF,18.2,13.3808106162004,20_7.5_250
brain ICF,18.3,13.3781718349825,20_7.5_250
brain ICF,18.4,13.3756001128841,20_7.5_250
brain ICF,18.5,13.3730936342481,20_7.5_250
brain ICF,18.6,13.3706506140213,20_7.5_250
brain ICF,18.7,13.3682693207037,20_7.5_250
brain ICF,18.8,13.3659480680793,20_7.5_250
brain ICF,18.9,13.3636852304026,20_7.5_250
brain ICF,19,13.3614792177914,20_7.5_250
brain ICF,19.1,13.3593284750996,20_7.5_250
brain ICF,19.2,13.357231492895,20_7.5_250
brain ICF,19.3,13.3551868047009,20_7.5_250
brain ICF,19.4,13.3531930027365,20_7.5_250
brain ICF,19.5,13.3512486904368,20_7.5_250
brain ICF,19.6,13.349352518132,20_7.5_250
brain ICF,19.7,13.347503171957,20_7.5_250
brain ICF,19.8,13.3456993830785,20_7.5_250
brain ICF,19.9,13.3439399122709,20_7.5_250
brain ICF,20,13.3422235488634,20_7.5_250
brain ICF,20.1,13.3405491174605,20_7.5_250
brain ICF,20.2,13.3389154753259,20_7.5_250
brain ICF,20.3,13.3373215189356,20_7.5_250
brain ICF,20.4,13.3357661624146,20_7.5_250
brain ICF,20.5,13.3342483528979,20_7.5_250
brain ICF,20.6,13.3327670651399,20_7.5_250
brain ICF,20.7,13.3313213098154,20_7.5_250
brain ICF,20.8,13.3299101199584,20_7.5_250
brain ICF,20.9,13.3285325499904,20_7.5_250
brain ICF,21,13.3271876818907,20_7.5_250
brain ICF,21.1,13.3258746242711,20_7.5_250
brain ICF,21.2,13.3245925236451,20_7.5_250
brain ICF,21.3,13.3233405281278,20_7.5_250
brain ICF,21.4,13.3221178162441,20_7.5_250
brain ICF,21.5,13.3209235879892,20_7.5_250
brain ICF,21.6,13.3197570642821,20_7.5_250
brain ICF,21.7,13.3186175075369,20_7.5_250
brain ICF,21.8,13.3175041731079,20_7.5_250
brain ICF,21.9,13.3164163455301,20_7.5_250
brain ICF,22,13.31535332806,20_7.5_250
brain ICF,22.1,13.3143144419685,20_7.5_250
brain ICF,22.2,13.3132990415248,20_7.5_250
brain ICF,22.3,13.3123064829214,20_7.5_250
brain ICF,22.4,13.3113361411528,20_7.5_250
brain ICF,22.5,13.3103874093724,20_7.5_250
brain ICF,22.6,13.3094596964445,20_7.5_250
brain ICF,22.7,13.3085524370379,20_7.5_250
brain ICF,22.8,13.3076650747379,20_7.5_250
brain ICF,22.9,13.3067970636074,20_7.5_250
brain ICF,23,13.3059478752312,20_7.5_250
brain ICF,23.1,13.3051169949281,20_7.5_250
brain ICF,23.2,13.3043039279117,20_7.5_250
brain ICF,23.3,13.3035081930828,20_7.5_250
brain ICF,23.4,13.302729313962,20_7.5_250
brain ICF,23.5,13.3019668306012,20_7.5_250
brain ICF,23.6,13.3012202950765,20_7.5_250
brain ICF,23.7,13.3004892734105,20_7.5_250
brain ICF,23.8,13.2997733461331,20_7.5_250
brain ICF,23.9,13.2990720981135,20_7.5_250
brain ICF,24,13.2983851276842,20_7.5_250
brain ICF,24.1,13.2977120434292,20_7.5_250
brain ICF,24.2,13.2970524672515,20_7.5_250
brain ICF,24.3,13.2964060472929,20_7.5_250
brain ICF,24.4,13.2957724172903,20_7.5_250
brain ICF,24.5,13.2951512302584,20_7.5_250
brain ICF,24.6,13.2945421488265,20_7.5_250
brain ICF,24.7,13.2939448448884,20_7.5_250
brain ICF,24.8,13.2933589965862,20_7.5_250
brain ICF,24.9,13.2927842925229,20_7.5_250
brain ICF,25,13.2922204283868,20_7.5_250
sCSF,0,0,20_7.5_250
sCSF,0.1,0.0231504719408269,20_7.5_250
sCSF,0.2,0.0869716702195333,20_7.5_250
sCSF,0.3,0.173587848917874,20_7.5_250
sCSF,0.4,0.270828334048752,20_7.5_250
sCSF,0.5,0.370907155813969,20_7.5_250
sCSF,0.6,0.468991603659315,20_7.5_250
sCSF,0.7,0.562221627185533,20_7.5_250
sCSF,0.8,0.649040238628696,20_7.5_250
sCSF,0.9,0.728738102141824,20_7.5_250
sCSF,1,0.801145369610481,20_7.5_250
sCSF,1.1,0.866424585678249,20_7.5_250
sCSF,1.2,0.924932735383265,20_7.5_250
sCSF,1.3,0.977130455968413,20_7.5_250
sCSF,1.4,1.02352328452163,20_7.5_250
sCSF,1.5,1.06462452865368,20_7.5_250
sCSF,1.6,1.10093264162733,20_7.5_250
sCSF,1.7,1.13291822853607,20_7.5_250
sCSF,1.8,1.16101733885473,20_7.5_250
sCSF,1.9,1.18562884350164,20_7.5_250
sCSF,2,1.20711432501128,20_7.5_250
sCSF,2.1,1.22579950067704,20_7.5_250
sCSF,2.2,1.24197651006477,20_7.5_250
sCSF,2.3,1.25590660496466,20_7.5_250
sCSF,2.4,1.26782298536457,20_7.5_250
sCSF,2.5,1.27793360681434,20_7.5_250
sCSF,2.6,1.28642384448804,20_7.5_250
sCSF,2.7,1.29345896808404,20_7.5_250
sCSF,2.8,1.29918640934015,20_7.5_250
sCSF,2.9,1.3037377988965,20_7.5_250
sCSF,3,1.30723079100345,20_7.5_250
sCSF,3.1,1.3097706869228,20_7.5_250
sCSF,3.2,1.31145186970057,20_7.5_250
sCSF,3.3,1.31235907361088,20_7.5_250
sCSF,3.4,1.31256849122347,20_7.5_250
sCSF,3.5,1.31214875159724,20_7.5_250
sCSF,3.6,1.31116178058048,20_7.5_250
sCSF,3.7,1.30966355104873,20_7.5_250
sCSF,3.8,1.30770474501854,20_7.5_250
sCSF,3.9,1.30533132868148,20_7.5_250
sCSF,4,1.30258505987528,20_7.5_250
sCSF,4.1,1.29950393348592,20_7.5_250
sCSF,4.2,1.29612257398366,20_7.5_250
sCSF,4.3,1.29247258083593,20_7.5_250
sCSF,4.4,1.28858283115031,20_7.5_250
sCSF,4.5,1.28447974662355,20_7.5_250
sCSF,4.6,1.28018753080257,20_7.5_250
sCSF,4.7,1.27572837886731,20_7.5_250
sCSF,4.8,1.27112266277684,20_7.5_250
sCSF,4.9,1.26638909891317,20_7.5_250
sCSF,5,1.26154489441935,20_7.5_250
sCSF,5.1,1.25660587788345,20_7.5_250
sCSF,5.2,1.25158661661112,20_7.5_250
sCSF,5.3,1.24650052238066,20_7.5_250
sCSF,5.4,1.24135994645798,20_7.5_250
sCSF,5.5,1.23617626342539,20_7.5_250
sCSF,5.6,1.23095995136555,20_7.5_250
sCSF,5.7,1.22572065955598,20_7.5_250
sCSF,5.8,1.22046727163621,20_7.5_250
sCSF,5.9,1.21520796302196,20_7.5_250
sCSF,6,1.20995025296637,20_7.5_250
sCSF,6.1,1.20470105349404,20_7.5_250
sCSF,6.2,1.1994667120824,20_7.5_250
sCSF,6.3,1.19425305160336,20_7.5_250
sCSF,6.4,1.18906540778286,20_7.5_250
sCSF,6.5,1.1839086630733,20_7.5_250
sCSF,6.6,1.17878728068909,20_7.5_250
sCSF,6.7,1.17370532803956,20_7.5_250
sCSF,6.8,1.16866650658727,20_7.5_250
sCSF,6.9,1.16367417800405,20_7.5_250
sCSF,7,1.15873138345112,20_7.5_250
sCSF,7.1,1.15384086715361,20_7.5_250
sCSF,7.2,1.14900509813388,20_7.5_250
sCSF,7.3,1.14422628528356,20_7.5_250
sCSF,7.4,1.13950639442451,20_7.5_250
sCSF,7.5,1.13484717223399,20_7.5_250
sCSF,7.6,1.13025014873641,20_7.5_250
sCSF,7.7,1.125716666465,20_7.5_250
sCSF,7.8,1.12124787751668,20_7.5_250
sCSF,7.9,1.11684477127483,20_7.5_250
sCSF,8,1.11250817223679,20_7.5_250
sCSF,8.1,1.10823876243821,20_7.5_250
sCSF,8.2,1.10403708285124,20_7.5_250
sCSF,8.3,1.09990354972386,20_7.5_250
sCSF,8.4,1.0958384589902,20_7.5_250
sCSF,8.5,1.09184199772417,20_7.5_250
sCSF,8.6,1.08791425069587,20_7.5_250
sCSF,8.7,1.08405520496993,20_7.5_250
sCSF,8.8,1.08026476478028,20_7.5_250
sCSF,8.9,1.07654275479546,20_7.5_250
sCSF,9,1.07288891572428,20_7.5_250
sCSF,9.1,1.06930293379924,20_7.5_250
sCSF,9.2,1.06578442008106,20_7.5_250
sCSF,9.3,1.06233293167844,20_7.5_250
sCSF,9.4,1.05894797714862,20_7.5_250
sCSF,9.5,1.05562900427905,20_7.5_250
sCSF,9.6,1.0523754286899,20_7.5_250
sCSF,9.7,1.04918661829055,20_7.5_250
sCSF,9.8,1.04606190476544,20_7.5_250
sCSF,9.9,1.04300059127674,20_7.5_250
sCSF,10,1.04000194329805,20_7.5_250
sCSF,10.1,1.03706520779713,20_7.5_250
sCSF,10.2,1.03418960369306,20_7.5_250
sCSF,10.3,1.03137432798585,20_7.5_250
sCSF,10.4,1.02861856408461,20_7.5_250
sCSF,10.5,1.02592146841336,20_7.5_250
sCSF,10.6,1.02328219625626,20_7.5_250
sCSF,10.7,1.02069989026693,20_7.5_250
sCSF,10.8,1.01817367064674,20_7.5_250
sCSF,10.9,1.01570266112834,20_7.5_250
sCSF,11,1.01328598162939,20_7.5_250
sCSF,11.1,1.01092273801826,20_7.5_250
sCSF,11.2,1.00861203356993,20_7.5_250
sCSF,11.3,1.00635297877339,20_7.5_250
sCSF,11.4,1.00414467748605,20_7.5_250
sCSF,11.5,1.00198622824317,20_7.5_250
sCSF,11.6,0.999876742049957,20_7.5_250
sCSF,11.7,0.997815329148818,20_7.5_250
sCSF,11.8,0.995801096139821,20_7.5_250
sCSF,11.9,0.993833163730643,20_7.5_250
sCSF,12,0.991910656304644,20_7.5_250
sCSF,12.1,0.990032696678439,20_7.5_250
sCSF,12.2,0.988198422990756,20_7.5_250
sCSF,12.3,0.986406979542542,20_7.5_250
sCSF,12.4,0.984657513789388,20_7.5_250
sCSF,12.5,0.982949184392757,20_7.5_250
sCSF,12.6,0.981281161304139,20_7.5_250
sCSF,12.7,0.979652619946431,20_7.5_250
sCSF,12.8,0.9780627444427,20_7.5_250
sCSF,12.9,0.976510734079936,20_7.5_250
sCSF,13,0.974995797571311,20_7.5_250
sCSF,13.1,0.97351714618893,20_7.5_250
sCSF,13.2,0.972074011105714,20_7.5_250
sCSF,13.3,0.970665632552328,20_7.5_250
sCSF,13.4,0.969291260194545,20_7.5_250
sCSF,13.5,0.96795015226215,20_7.5_250
sCSF,13.6,0.966641583890217,20_7.5_250
sCSF,13.7,0.965364840369119,20_7.5_250
sCSF,13.8,0.964119214547527,20_7.5_250
sCSF,13.9,0.962904014472502,20_7.5_250
sCSF,14,0.961718560095729,20_7.5_250
sCSF,14.1,0.960562182188695,20_7.5_250
sCSF,14.2,0.959434220958385,20_7.5_250
sCSF,14.3,0.958334031810595,20_7.5_250
sCSF,14.4,0.957260981002711,20_7.5_250
sCSF,14.5,0.956214444467049,20_7.5_250
sCSF,14.6,0.955193810806589,20_7.5_250
sCSF,14.7,0.954198481097516,20_7.5_250
sCSF,14.8,0.953227867326102,20_7.5_250
sCSF,14.9,0.952281390796113,20_7.5_250
sCSF,15,0.951358486728784,20_7.5_250
sCSF,15.1,0.950458600842962,20_7.5_250
sCSF,15.2,0.949581188817395,20_7.5_250
sCSF,15.3,0.948725717506446,20_7.5_250
sCSF,15.4,0.947891665745111,20_7.5_250
sCSF,15.5,0.947078522764731,20_7.5_250
sCSF,15.6,0.946285787208765,20_7.5_250
sCSF,15.7,0.945512968440491,20_7.5_250
sCSF,15.8,0.944759587240583,20_7.5_250
sCSF,15.9,0.944025174198915,20_7.5_250
sCSF,16,0.943309268974452,20_7.5_250
sCSF,16.1,0.942611421351817,20_7.5_250
sCSF,16.2,0.94193119166583,20_7.5_250
sCSF,16.3,0.941268149525709,20_7.5_250
sCSF,16.4,0.940621873434467,20_7.5_250
sCSF,16.5,0.939991951339556,20_7.5_250
sCSF,16.6,0.939377980751597,20_7.5_250
sCSF,16.7,0.938779567993742,20_7.5_250
sCSF,16.8,0.938196327963554,20_7.5_250
sCSF,16.9,0.937627884328115,20_7.5_250
sCSF,17,0.937073869477365,20_7.5_250
sCSF,17.1,0.936533924102523,20_7.5_250
sCSF,17.2,0.93600769697355,20_7.5_250
sCSF,17.3,0.935494844986077,20_7.5_250
sCSF,17.4,0.934995033054122,20_7.5_250
sCSF,17.5,0.93450793381539,20_7.5_250
sCSF,17.6,0.934033227491941,20_7.5_250
sCSF,17.7,0.933570601786479,20_7.5_250
sCSF,17.8,0.933119751738307,20_7.5_250
sCSF,17.9,0.932680379540501,20_7.5_250
sCSF,18,0.932252194573132,20_7.5_250
sCSF,18.1,0.931834913016485,20_7.5_250
sCSF,18.2,0.931428257708236,20_7.5_250
sCSF,18.3,0.931031958120392,20_7.5_250
sCSF,18.4,0.930645750246954,20_7.5_250
sCSF,18.5,0.930269376856083,20_7.5_250
sCSF,18.6,0.929902586266103,20_7.5_250
sCSF,18.7,0.929545133066427,20_7.5_250
sCSF,18.8,0.929196777743868,20_7.5_250
sCSF,18.9,0.928857287068711,20_7.5_250
sCSF,19,0.928526433233056,20_7.5_250
sCSF,19.1,0.928203993725381,20_7.5_250
sCSF,19.2,0.927889751584647,20_7.5_250
sCSF,19.3,0.927583495243512,20_7.5_250
sCSF,19.4,0.927285019025383,20_7.5_250
sCSF,19.5,0.926994121315743,20_7.5_250
sCSF,19.6,0.926710605792695,20_7.5_250
sCSF,19.7,0.926434280936999,20_7.5_250
sCSF,19.8,0.926164960570273,20_7.5_250
sCSF,19.9,0.925902462827057,20_7.5_250
sCSF,20,0.925646610039895,20_7.5_250
sCSF,20.1,0.925397229118368,20_7.5_250
sCSF,20.2,0.925154151378348,20_7.5_250
sCSF,20.3,0.924917213120046,20_7.5_250
sCSF,20.4,0.92468625365277,20_7.5_250
sCSF,20.5,0.924461116672727,20_7.5_250
sCSF,20.6,0.924241649756437,20_7.5_250
sCSF,20.7,0.924027704898891,20_7.5_250
sCSF,20.8,0.923819137531361,20_7.5_250
sCSF,20.9,0.92361580641468,20_7.5_250
sCSF,21,0.923417574029225,20_7.5_250
sCSF,21.1,0.92322430645973,20_7.5_250
sCSF,21.2,0.923035874087755,20_7.5_250
sCSF,21.3,0.922852149179434,20_7.5_250
sCSF,21.4,0.92267300772271,20_7.5_250
sCSF,21.5,0.922498328800876,20_7.5_250
sCSF,21.6,0.922327994519227,20_7.5_250
sCSF,21.7,0.922161891735241,20_7.5_250
sCSF,21.8,0.921999907885309,20_7.5_250
sCSF,21.9,0.921841934053061,20_7.5_250
sCSF,22,0.921687864049489,20_7.5_250
sCSF,22.1,0.921537594325952,20_7.5_250
sCSF,22.2,0.921391025542547,20_7.5_250
sCSF,22.3,0.921248059277199,20_7.5_250
sCSF,22.4,0.921108599793928,20_7.5_250
sCSF,22.5,0.920972553962624,20_7.5_250
sCSF,22.6,0.920839830988307,20_7.5_250
sCSF,22.7,0.920710343434832,20_7.5_250
sCSF,22.8,0.92058400547445,20_7.5_250
sCSF,22.9,0.920460733034233,20_7.5_250
sCSF,23,0.920340444506278,20_7.5_250
sCSF,23.1,0.92022306034411,20_7.5_250
sCSF,23.2,0.92010850365758,20_7.5_250
sCSF,23.3,0.919996699581325,20_7.5_250
sCSF,23.4,0.919887574359629,20_7.5_250
sCSF,23.5,0.919781056511545,20_7.5_250
sCSF,23.6,0.919677076367934,20_7.5_250
sCSF,23.7,0.919575566396995,20_7.5_250
sCSF,23.8,0.919476461308529,20_7.5_250
sCSF,23.9,0.919379696413255,20_7.5_250
sCSF,24,0.919285209119582,20_7.5_250
sCSF,24.1,0.91919293842426,20_7.5_250
sCSF,24.2,0.91910282505692,20_7.5_250
sCSF,24.3,0.919014812188198,20_7.5_250
sCSF,24.4,0.918928843073813,20_7.5_250
sCSF,24.5,0.918844862950404,20_7.5_250
sCSF,24.6,0.918762818451851,20_7.5_250
sCSF,24.7,0.918682657572417,20_7.5_250
sCSF,24.8,0.918604330236542,20_7.5_250
sCSF,24.9,0.918527787223353,20_7.5_250
sCSF,25,0.918452980818382,20_7.5_250
brain ECF,0,0,20_7.5_300
brain ECF,0.1,0.717714678850772,20_7.5_300
brain ECF,0.2,1.23703671289038,20_7.5_300
brain ECF,0.3,1.54350104381071,20_7.5_300
brain ECF,0.4,1.70928040773606,20_7.5_300
brain ECF,0.5,1.78347556342864,20_7.5_300
brain ECF,0.6,1.79931261860196,20_7.5_300
brain ECF,0.7,1.77912523149673,20_7.5_300
brain ECF,0.8,1.73779310088461,20_7.5_300
brain ECF,0.9,1.68511208250165,20_7.5_300
brain ECF,1,1.62742569652672,20_7.5_300
brain ECF,1.1,1.56874605380943,20_7.5_300
brain ECF,1.2,1.5115223978884,20_7.5_300
brain ECF,1.3,1.45716640701006,20_7.5_300
brain ECF,1.4,1.40641003052485,20_7.5_300
brain ECF,1.5,1.35954800177485,20_7.5_300
brain ECF,1.6,1.31660129870521,20_7.5_300
brain ECF,1.7,1.27742628520464,20_7.5_300
brain ECF,1.8,1.24178700681693,20_7.5_300
brain ECF,1.9,1.20940216034524,20_7.5_300
brain ECF,2,1.17997511483548,20_7.5_300
brain ECF,2.1,1.15321253297268,20_7.5_300
brain ECF,2.2,1.12883525850874,20_7.5_300
brain ECF,2.3,1.1065842594617,20_7.5_300
brain ECF,2.4,1.08622336003706,20_7.5_300
brain ECF,2.5,1.06753984184649,20_7.5_300
brain ECF,2.6,1.05034380794785,20_7.5_300
brain ECF,2.7,1.03446687578074,20_7.5_300
brain ECF,2.8,1.01976047162993,20_7.5_300
brain ECF,2.9,1.0060939452209,20_7.5_300
brain ECF,3,0.993352712018341,20_7.5_300
brain ECF,3.1,0.98143646232455,20_7.5_300
brain ECF,3.2,0.970257482476625,20_7.5_300
brain ECF,3.3,0.959739118870826,20_7.5_300
brain ECF,3.4,0.949814387058773,20_7.5_300
brain ECF,3.5,0.940424757678091,20_7.5_300
brain ECF,3.6,0.931519059344685,20_7.5_300
brain ECF,3.7,0.92305251249825,20_7.5_300
brain ECF,3.8,0.914985894980869,20_7.5_300
brain ECF,3.9,0.907284805647884,20_7.5_300
brain ECF,4,0.899919021912814,20_7.5_300
brain ECF,4.1,0.892861939358121,20_7.5_300
brain ECF,4.2,0.886090094394507,20_7.5_300
brain ECF,4.3,0.879582754994394,20_7.5_300
brain ECF,4.4,0.873321555360594,20_7.5_300
brain ECF,4.5,0.86729017641003,20_7.5_300
brain ECF,4.6,0.861474079055652,20_7.5_300
brain ECF,4.7,0.85586026675961,20_7.5_300
brain ECF,4.8,0.850437088925698,20_7.5_300
brain ECF,4.9,0.845194068994922,20_7.5_300
brain ECF,5,0.840121753757416,20_7.5_300
brain ECF,5.1,0.835211579025847,20_7.5_300
brain ECF,5.2,0.830455758596516,20_7.5_300
brain ECF,5.3,0.825847186050622,20_7.5_300
brain ECF,5.4,0.821379350151602,20_7.5_300
brain ECF,5.5,0.817046266242396,20_7.5_300
brain ECF,5.6,0.812842411558861,20_7.5_300
brain ECF,5.7,0.808762675605377,20_7.5_300
brain ECF,5.8,0.804802308353706,20_7.5_300
brain ECF,5.9,0.800956878020208,20_7.5_300
brain ECF,6,0.797222239611374,20_7.5_300
brain ECF,6.1,0.793594500057986,20_7.5_300
brain ECF,6.2,0.790069992893564,20_7.5_300
brain ECF,6.3,0.786645257417125,20_7.5_300
brain ECF,6.4,0.783317017468394,20_7.5_300
brain ECF,6.5,0.780082165898037,20_7.5_300
brain ECF,6.6,0.776937745817499,20_7.5_300
brain ECF,6.7,0.773880939953195,20_7.5_300
brain ECF,6.8,0.77090905636084,20_7.5_300
brain ECF,6.9,0.768019516798302,20_7.5_300
brain ECF,7,0.765209853541649,20_7.5_300
brain ECF,7.1,0.762477694672951,20_7.5_300
brain ECF,7.2,0.75982075910762,20_7.5_300
brain ECF,7.3,0.75723685307432,20_7.5_300
brain ECF,7.4,0.754723863341109,20_7.5_300
brain ECF,7.5,0.752279749009858,20_7.5_300
brain ECF,7.6,0.74990254440934,20_7.5_300
brain ECF,7.7,0.747590346489324,20_7.5_300
brain ECF,7.8,0.745341317820046,20_7.5_300
brain ECF,7.9,0.743153677873278,20_7.5_300
brain ECF,8,0.74102570438219,20_7.5_300
brain ECF,8.1,0.738955727410163,20_7.5_300
brain ECF,8.2,0.736942131333162,20_7.5_300
brain ECF,8.3,0.734983347161544,20_7.5_300
brain ECF,8.4,0.733077852982645,20_7.5_300
brain ECF,8.5,0.731224173071963,20_7.5_300
brain ECF,8.6,0.729420875483297,20_7.5_300
brain ECF,8.7,0.72766657029694,20_7.5_300
brain ECF,8.8,0.725959907170553,20_7.5_300
brain ECF,8.9,0.724299574774149,20_7.5_300
brain ECF,9,0.722684301511876,20_7.5_300
brain ECF,9.1,0.721112849057775,20_7.5_300
brain ECF,9.2,0.719584016256222,20_7.5_300
brain ECF,9.3,0.718096634774541,20_7.5_300
brain ECF,9.4,0.716649568422389,20_7.5_300
brain ECF,9.5,0.715241714798757,20_7.5_300
brain ECF,9.6,0.713871999645657,20_7.5_300
brain ECF,9.7,0.712539380554644,20_7.5_300
brain ECF,9.8,0.711242843807037,20_7.5_300
brain ECF,9.9,0.709981402847548,20_7.5_300
brain ECF,10,0.708754100099148,20_7.5_300
brain ECF,10.1,0.70756000308301,20_7.5_300
brain ECF,10.2,0.706398205459338,20_7.5_300
brain ECF,10.3,0.705267825685715,20_7.5_300
brain ECF,10.4,0.704168006100904,20_7.5_300
brain ECF,10.5,0.703097914311009,20_7.5_300
brain ECF,10.6,0.702056738477653,20_7.5_300
brain ECF,10.7,0.701043689151327,20_7.5_300
brain ECF,10.8,0.700058001163489,20_7.5_300
brain ECF,10.9,0.699098927796438,20_7.5_300
brain ECF,11,0.698165742708807,20_7.5_300
brain ECF,11.1,0.697257740667458,20_7.5_300
brain ECF,11.2,0.696374235342275,20_7.5_300
brain ECF,11.3,0.695514558094302,20_7.5_300
brain ECF,11.4,0.694678059631837,20_7.5_300
brain ECF,11.5,0.693864109444023,20_7.5_300
brain ECF,11.6,0.693072092332149,20_7.5_300
brain ECF,11.7,0.692301410558608,20_7.5_300
brain ECF,11.8,0.691551483319281,20_7.5_300
brain ECF,11.9,0.690821744677054,20_7.5_300
brain ECF,12,0.69011164419526,20_7.5_300
brain ECF,12.1,0.68942064807557,20_7.5_300
brain ECF,12.2,0.688748235270191,20_7.5_300
brain ECF,12.3,0.688093899287543,20_7.5_300
brain ECF,12.4,0.687457147909609,20_7.5_300
brain ECF,12.5,0.686837501808716,20_7.5_300
brain ECF,12.6,0.686234494364877,20_7.5_300
brain ECF,12.7,0.685647672839618,20_7.5_300
brain ECF,12.8,0.685076596950678,20_7.5_300
brain ECF,12.9,0.684520837036315,20_7.5_300
brain ECF,13,0.6839799755137,20_7.5_300
brain ECF,13.1,0.683453606972039,20_7.5_300
brain ECF,13.2,0.682941335849357,20_7.5_300
brain ECF,13.3,0.682442777415591,20_7.5_300
brain ECF,13.4,0.681957558484404,20_7.5_300
brain ECF,13.5,0.681485317214151,20_7.5_300
brain ECF,13.6,0.681025699422696,20_7.5_300
brain ECF,13.7,0.680578361440595,20_7.5_300
brain ECF,13.8,0.680142968289449,20_7.5_300
brain ECF,13.9,0.67971919447317,20_7.5_300
brain ECF,14,0.679306723051186,20_7.5_300
brain ECF,14.1,0.678905246220694,20_7.5_300
brain ECF,14.2,0.678514466194834,20_7.5_300
brain ECF,14.3,0.678134090966243,20_7.5_300
brain ECF,14.4,0.677763837289651,20_7.5_300
brain ECF,14.5,0.677403428822552,20_7.5_300
brain ECF,14.6,0.677052596919126,20_7.5_300
brain ECF,14.7,0.676711080069739,20_7.5_300
brain ECF,14.8,0.676378624107589,20_7.5_300
brain ECF,14.9,0.676054984839965,20_7.5_300
brain ECF,15,0.675739921125575,20_7.5_300
brain ECF,15.1,0.675433199732656,20_7.5_300
brain ECF,15.2,0.675134592963568,20_7.5_300
brain ECF,15.3,0.674843879517523,20_7.5_300
brain ECF,15.4,0.674560844496772,20_7.5_300
brain ECF,15.5,0.674285278443097,20_7.5_300
brain ECF,15.6,0.674016978213813,20_7.5_300
brain ECF,15.7,0.673755745819158,20_7.5_300
brain ECF,15.8,0.673501388111964,20_7.5_300
brain ECF,15.9,0.673253717224441,20_7.5_300
brain ECF,16,0.673012551972537,20_7.5_300
brain ECF,16.1,0.67277771544925,20_7.5_300
brain ECF,16.2,0.672549034737642,20_7.5_300
brain ECF,16.3,0.672326342061484,20_7.5_300
brain ECF,16.4,0.672109474646548,20_7.5_300
brain ECF,16.5,0.671898273945402,20_7.5_300
brain ECF,16.6,0.671692585495779,20_7.5_300
brain ECF,16.7,0.671492259108242,20_7.5_300
brain ECF,16.8,0.671297148903191,20_7.5_300
brain ECF,16.9,0.67110711277674,20_7.5_300
brain ECF,17,0.670922012286929,20_7.5_300
brain ECF,17.1,0.670741712703954,20_7.5_300
brain ECF,17.2,0.670566083749321,20_7.5_300
brain ECF,17.3,0.670394998202487,20_7.5_300
brain ECF,17.4,0.670228331916881,20_7.5_300
brain ECF,17.5,0.670065964233869,20_7.5_300
brain ECF,17.6,0.669907778580838,20_7.5_300
brain ECF,17.7,0.66975366108614,20_7.5_300
brain ECF,17.8,0.669603500673163,20_7.5_300
brain ECF,17.9,0.669457189437116,20_7.5_300
brain ECF,18,0.669314622934357,20_7.5_300
brain ECF,18.1,0.669175699172338,20_7.5_300
brain ECF,18.2,0.66904031876249,20_7.5_300
brain ECF,18.3,0.668908385088669,20_7.5_300
brain ECF,18.4,0.668779804255122,20_7.5_300
brain ECF,18.5,0.66865448543448,20_7.5_300
brain ECF,18.6,0.6685323393886,20_7.5_300
brain ECF,18.7,0.668413279541272,20_7.5_300
brain ECF,18.8,0.668297221579047,20_7.5_300
brain ECF,18.9,0.668184084311038,20_7.5_300
brain ECF,19,0.668073788123358,20_7.5_300
brain ECF,19.1,0.66796625530091,20_7.5_300
brain ECF,19.2,0.667861410370467,20_7.5_300
brain ECF,19.3,0.667759180074384,20_7.5_300
brain ECF,19.4,0.667659493953752,20_7.5_300
brain ECF,19.5,0.667562282204276,20_7.5_300
brain ECF,19.6,0.667467477342733,20_7.5_300
brain ECF,19.7,0.667375013675177,20_7.5_300
brain ECF,19.8,0.667284827823672,20_7.5_300
brain ECF,19.9,0.667196857750504,20_7.5_300
brain ECF,20,0.667111042950291,20_7.5_300
brain ECF,20.1,0.667027324653092,20_7.5_300
brain ECF,20.2,0.666945645752786,20_7.5_300
brain ECF,20.3,0.666865951041375,20_7.5_300
brain ECF,20.4,0.666788186235485,20_7.5_300
brain ECF,20.5,0.666712298691122,20_7.5_300
brain ECF,20.6,0.666638237144346,20_7.5_300
brain ECF,20.7,0.666565952186528,20_7.5_300
brain ECF,20.8,0.666495395397546,20_7.5_300
brain ECF,20.9,0.666426519523438,20_7.5_300
brain ECF,21,0.666359278661857,20_7.5_300
brain ECF,21.1,0.666293628297822,20_7.5_300
brain ECF,21.2,0.666229525691913,20_7.5_300
brain ECF,21.3,0.666166928271785,20_7.5_300
brain ECF,21.4,0.666105794962733,20_7.5_300
brain ECF,21.5,0.666046085762791,20_7.5_300
brain ECF,21.6,0.665987761770347,20_7.5_300
brain ECF,21.7,0.665930786046023,20_7.5_300
brain ECF,21.8,0.665875121376865,20_7.5_300
brain ECF,21.9,0.665820731988801,20_7.5_300
brain ECF,22,0.665767583043139,20_7.5_300
brain ECF,22.1,0.665715640601164,20_7.5_300
brain ECF,22.2,0.665664872461231,20_7.5_300
brain ECF,22.3,0.66561524631749,20_7.5_300
brain ECF,22.4,0.665566730961928,20_7.5_300
brain ECF,22.5,0.665519296050958,20_7.5_300
brain ECF,22.6,0.665472912025887,20_7.5_300
brain ECF,22.7,0.665427550690117,20_7.5_300
brain ECF,22.8,0.665383184129827,20_7.5_300
brain ECF,22.9,0.665339785081802,20_7.5_300
brain ECF,23,0.66529732712433,20_7.5_300
brain ECF,23.1,0.665255784521823,20_7.5_300
brain ECF,23.2,0.665215132590906,20_7.5_300
brain ECF,23.3,0.665175347204336,20_7.5_300
brain ECF,23.4,0.665136404563897,20_7.5_300
brain ECF,23.5,0.66509828167152,20_7.5_300
brain ECF,23.6,0.665060956129861,20_7.5_300
brain ECF,23.7,0.665024406267594,20_7.5_300
brain ECF,23.8,0.664988611075444,20_7.5_300
brain ECF,23.9,0.664953549808124,20_7.5_300
brain ECF,24,0.664919202380753,20_7.5_300
brain ECF,24.1,0.664885549220512,20_7.5_300
brain ECF,24.2,0.664852571496023,20_7.5_300
brain ECF,24.3,0.664820251528471,20_7.5_300
brain ECF,24.4,0.66478857103586,20_7.5_300
brain ECF,24.5,0.664757512670422,20_7.5_300
brain ECF,24.6,0.664727059564998,20_7.5_300
brain ECF,24.7,0.664697195308355,20_7.5_300
brain ECF,24.8,0.664667903803328,20_7.5_300
brain ECF,24.9,0.664639169480291,20_7.5_300
brain ECF,25,0.664610977121376,20_7.5_300
brain ICF,0,0,20_7.5_300
brain ICF,0.1,14.3369049295387,20_7.5_300
brain ICF,0.2,24.7301934453128,20_7.5_300
brain ICF,0.3,30.8640341178974,20_7.5_300
brain ICF,0.4,34.182609453399,20_7.5_300
brain ICF,0.5,35.6684381092113,20_7.5_300
brain ICF,0.6,35.9863881164925,20_7.5_300
brain ICF,0.7,35.5833696335052,20_7.5_300
brain ICF,0.8,34.757138549862,20_7.5_300
brain ICF,0.9,33.7037221797561,20_7.5_300
brain ICF,1,32.5500655571646,20_7.5_300
brain ICF,1.1,31.3764611188365,20_7.5_300
brain ICF,1.2,30.2319272424574,20_7.5_300
brain ICF,1.3,29.1447195963233,20_7.5_300
brain ICF,1.4,28.1294915215533,20_7.5_300
brain ICF,1.5,27.1921468023802,20_7.5_300
brain ICF,1.6,26.3331105991929,20_7.5_300
brain ICF,1.7,25.5495134553363,20_7.5_300
brain ICF,1.8,24.8366380124402,20_7.5_300
brain ICF,1.9,24.1888589487217,20_7.5_300
brain ICF,2,23.6002437643042,20_7.5_300
brain ICF,2.1,23.0649254550344,20_7.5_300
brain ICF,2.2,22.5773204252705,20_7.5_300
brain ICF,2.3,22.1322474559343,20_7.5_300
brain ICF,2.4,21.7249824126277,20_7.5_300
brain ICF,2.5,21.3512703112972,20_7.5_300
brain ICF,2.6,21.0073126248322,20_7.5_300
brain ICF,2.7,20.6897411547569,20_7.5_300
brain ICF,2.8,20.3955839277586,20_7.5_300
brain ICF,2.9,20.1222274892499,20_7.5_300
brain ICF,3,19.8673797477939,20_7.5_300
brain ICF,3.1,19.629034155099,20_7.5_300
brain ICF,3.2,19.4054361253683,20_7.5_300
brain ICF,3.3,19.1950523137625,20_7.5_300
brain ICF,3.4,18.9965427919967,20_7.5_300
brain ICF,3.5,18.8087367644213,20_7.5_300
brain ICF,3.6,18.6306106223941,20_7.5_300
brain ICF,3.7,18.461268616953,20_7.5_300
brain ICF,3.8,18.2999261682263,20_7.5_300
brain ICF,3.9,18.1458951349301,20_7.5_300
brain ICF,4,17.9985709624326,20_7.5_300
brain ICF,4.1,17.8574214735023,20_7.5_300
brain ICF,4.2,17.7219773189327,20_7.5_300
brain ICF,4.3,17.5918237907934,20_7.5_300
brain ICF,4.4,17.4665935153328,20_7.5_300
brain ICF,4.5,17.3459600603215,20_7.5_300
brain ICF,4.6,17.2296326001862,20_7.5_300
brain ICF,4.7,17.1173511663097,20_7.5_300
brain ICF,4.8,17.0088827134778,20_7.5_300
brain ICF,4.9,16.9040176814228,20_7.5_300
brain ICF,5,16.8025669808689,20_7.5_300
brain ICF,5.1,16.7043593061924,20_7.5_300
brain ICF,5.2,16.6092389139064,20_7.5_300
brain ICF,5.3,16.5170636589792,20_7.5_300
brain ICF,5.4,16.4277033019619,20_7.5_300
brain ICF,5.5,16.3410381365575,20_7.5_300
brain ICF,5.6,16.2569576959599,20_7.5_300
brain ICF,5.7,16.1753597600348,20_7.5_300
brain ICF,5.8,16.0961493194277,20_7.5_300
brain ICF,5.9,16.0192377304489,20_7.5_300
brain ICF,6,15.944542085998,20_7.5_300
brain ICF,6.1,15.871984518412,20_7.5_300
brain ICF,6.2,15.8014916929277,20_7.5_300
brain ICF,6.3,15.732994390016,20_7.5_300
brain ICF,6.4,15.666427082018,20_7.5_300
brain ICF,6.5,15.6017276216403,20_7.5_300
brain ICF,6.6,15.5388368672646,20_7.5_300
brain ICF,6.7,15.4776984700626,20_7.5_300
brain ICF,6.8,15.4182585879235,20_7.5_300
brain ICF,6.9,15.3604656530335,20_7.5_300
brain ICF,7,15.3042703081003,20_7.5_300
brain ICF,7.1,15.2496251124365,20_7.5_300
brain ICF,7.2,15.196484442109,20_7.5_300
brain ICF,7.3,15.1448044191775,20_7.5_300
brain ICF,7.4,15.0945427772066,20_7.5_300
brain ICF,7.5,15.0456586961721,20_7.5_300
brain ICF,7.6,14.9981128608745,20_7.5_300
brain ICF,7.7,14.9518672085743,20_7.5_300
brain ICF,7.8,14.906884989117,20_7.5_300
brain ICF,7.9,14.8631305904369,20_7.5_300
brain ICF,8,14.8205695656836,20_7.5_300
brain ICF,8.1,14.7791685147209,20_7.5_300
brain ICF,8.2,14.7388951237078,20_7.5_300
brain ICF,8.3,14.6997180115969,20_7.5_300
brain ICF,8.4,14.6616067390602,20_7.5_300
brain ICF,8.5,14.6245317903632,20_7.5_300
brain ICF,8.6,14.5884645252709,20_7.5_300
brain ICF,8.7,14.5533771444923,20_7.5_300
brain ICF,8.8,14.5192426400846,20_7.5_300
brain ICF,8.9,14.4860347843843,20_7.5_300
brain ICF,9,14.453728144555,20_7.5_300
brain ICF,9.1,14.422297953105,20_7.5_300
brain ICF,9.2,14.3917201860248,20_7.5_300
brain ICF,9.3,14.3619714757981,20_7.5_300
brain ICF,9.4,14.3330290977787,20_7.5_300
brain ICF,9.5,14.3048710030841,20_7.5_300
brain ICF,9.6,14.2774757057519,20_7.5_300
brain ICF,9.7,14.2508223568413,20_7.5_300
brain ICF,9.8,14.224890681227,20_7.5_300
brain ICF,9.9,14.1996609470615,20_7.5_300
brain ICF,10,14.1751140021037,20_7.5_300
brain ICF,10.1,14.1512311960887,20_7.5_300
brain ICF,10.2,14.1279944015552,20_7.5_300
brain ICF,10.3,14.1053859870101,20_7.5_300
brain ICF,10.4,14.0833887986043,20_7.5_300
brain ICF,10.5,14.0619861878236,20_7.5_300
brain ICF,10.6,14.0411619173065,20_7.5_300
brain ICF,10.7,14.0209001974723,20_7.5_300
brain ICF,10.8,14.0011857244068,20_7.5_300
brain ICF,10.9,13.9820035632034,20_7.5_300
brain ICF,11,13.963339186501,20_7.5_300
brain ICF,11.1,13.945178489125,20_7.5_300
brain ICF,11.2,13.9275077439771,20_7.5_300
brain ICF,11.3,13.9103135777958,20_7.5_300
brain ICF,11.4,13.8935830042658,20_7.5_300
brain ICF,11.5,13.877303412681,20_7.5_300
brain ICF,11.6,13.8614624986126,20_7.5_300
brain ICF,11.7,13.8460483068637,20_7.5_300
brain ICF,11.8,13.8310492209781,20_7.5_300
brain ICF,11.9,13.8164539217926,20_7.5_300
brain ICF,12,13.8022514001913,20_7.5_300
brain ICF,12.1,13.7884309797578,20_7.5_300
brain ICF,12.2,13.7749822391683,20_7.5_300
brain ICF,12.3,13.7618950482033,20_7.5_300
brain ICF,12.4,13.7491595621805,20_7.5_300
brain ICF,12.5,13.7367661942078,20_7.5_300
brain ICF,12.6,13.7247056115539,20_7.5_300
brain ICF,12.7,13.7129687590972,20_7.5_300
brain ICF,12.8,13.70154683084,20_7.5_300
brain ICF,12.9,13.6904312332405,20_7.5_300
brain ICF,13,13.6796136143228,20_7.5_300
brain ICF,13.1,13.6690858656375,20_7.5_300
brain ICF,13.2,13.6588400756439,20_7.5_300
brain ICF,13.3,13.6488685494787,20_7.5_300
brain ICF,13.4,13.6391638231239,20_7.5_300
brain ICF,13.5,13.6297186594214,20_7.5_300
brain ICF,13.6,13.6205259744722,20_7.5_300
brain ICF,13.7,13.6115788946018,20_7.5_300
brain ICF,13.8,13.6028707201103,20_7.5_300
brain ICF,13.9,13.5943949408333,20_7.5_300
brain ICF,14,13.5861452177566,20_7.5_300
brain ICF,14.1,13.5781153945936,20_7.5_300
brain ICF,14.2,13.5702995152631,20_7.5_300
brain ICF,14.3,13.5626917394293,20_7.5_300
brain ICF,14.4,13.5552864019312,20_7.5_300
brain ICF,14.5,13.5480779758369,20_7.5_300
brain ICF,14.6,13.541061088066,20_7.5_300
brain ICF,14.7,13.5342305082527,20_7.5_300
brain ICF,14.8,13.5275811528934,20_7.5_300
brain ICF,14.9,13.5211081377685,20_7.5_300
brain ICF,15,13.5148066399154,20_7.5_300
brain ICF,15.1,13.5086719944667,20_7.5_300
brain ICF,15.2,13.5026996474233,20_7.5_300
brain ICF,15.3,13.4968851726739,20_7.5_300
brain ICF,15.4,13.4912242720723,20_7.5_300
brain ICF,15.5,13.4857127563377,20_7.5_300
brain ICF,15.6,13.4803465623989,20_7.5_300
brain ICF,15.7,13.4751217302819,20_7.5_300
brain ICF,15.8,13.4700343969191,20_7.5_300
brain ICF,15.9,13.4650808047944,20_7.5_300
brain ICF,16,13.4602573301313,20_7.5_300
brain ICF,16.1,13.4555604346732,20_7.5_300
brain ICF,16.2,13.4509866599387,20_7.5_300
brain ICF,16.3,13.4465326502844,20_7.5_300
brain ICF,16.4,13.442195150104,20_7.5_300
brain ICF,16.5,13.4379709883355,20_7.5_300
brain ICF,16.6,13.4338570756282,20_7.5_300
brain ICF,16.7,13.4298504080908,20_7.5_300
brain ICF,16.8,13.4259480680122,20_7.5_300
brain ICF,16.9,13.4221472132069,20_7.5_300
brain ICF,17,13.4184450747371,20_7.5_300
brain ICF,17.1,13.4148389579044,20_7.5_300
brain ICF,17.2,13.4113262570502,20_7.5_300
brain ICF,17.3,13.4079044276714,20_7.5_300
brain ICF,17.4,13.404570986742,20_7.5_300
brain ICF,17.5,13.4013235210001,20_7.5_300
brain ICF,17.6,13.3981596989102,20_7.5_300
brain ICF,17.7,13.3950772429571,20_7.5_300
brain ICF,17.8,13.3920739315272,20_7.5_300
brain ICF,17.9,13.3891476064472,20_7.5_300
brain ICF,18,13.3862961787656,20_7.5_300
brain ICF,18.1,13.3835176085572,20_7.5_300
brain ICF,18.2,13.3808099079797,20_7.5_300
brain ICF,18.3,13.3781711446405,20_7.5_300
brain ICF,18.4,13.375599440556,20_7.5_300
brain ICF,18.5,13.3730929791105,20_7.5_300
brain ICF,18.6,13.3706499754773,20_7.5_300
brain ICF,18.7,13.368268698069,20_7.5_300
brain ICF,18.8,13.365947460555,20_7.5_300
brain ICF,18.9,13.3636846390583,20_7.5_300
brain ICF,19,13.3614786412425,20_7.5_300
brain ICF,19.1,13.3593279127488,20_7.5_300
brain ICF,19.2,13.3572309440569,20_7.5_300
brain ICF,19.3,13.3551862699602,20_7.5_300
brain ICF,19.4,13.3531924812304,20_7.5_300
brain ICF,19.5,13.3512481817296,20_7.5_300
brain ICF,19.6,13.349352021744,20_7.5_300
brain ICF,19.7,13.3475026873466,20_7.5_300
brain ICF,19.8,13.3456989109329,20_7.5_300
brain ICF,19.9,13.3439394517035,20_7.5_300
brain ICF,20,13.3422230995068,20_7.5_300
brain ICF,20.1,13.3405486789015,20_7.5_300
brain ICF,20.2,13.3389150477236,20_7.5_300
brain ICF,20.3,13.3373211017718,20_7.5_300
brain ICF,20.4,13.3357657553396,20_7.5_300
brain ICF,20.5,13.3342479555091,20_7.5_300
brain ICF,20.6,13.3327666769639,20_7.5_300
brain ICF,20.7,13.3313209314951,20_7.5_300
brain ICF,20.8,13.3299097506648,20_7.5_300
brain ICF,20.9,13.3285321893591,20_7.5_300
brain ICF,21,13.3271873294971,20_7.5_300
brain ICF,21.1,13.3258742807468,20_7.5_300
brain ICF,21.2,13.3245921882895,20_7.5_300
brain ICF,21.3,13.3233402006463,20_7.5_300
brain ICF,21.4,13.3221174962931,20_7.5_300
brain ICF,21.5,13.3209232751611,20_7.5_300
brain ICF,21.6,13.3197567591896,20_7.5_300
brain ICF,21.7,13.3186172095652,20_7.5_300
brain ICF,21.8,13.3175038820011,20_7.5_300
brain ICF,21.9,13.3164160609901,20_7.5_300
brain ICF,22,13.3153530497331,20_7.5_300
brain ICF,22.1,13.3143141694313,20_7.5_300
brain ICF,22.2,13.3132987760272,20_7.5_300
brain ICF,22.3,13.3123062233807,20_7.5_300
brain ICF,22.4,13.311335887309,20_7.5_300
brain ICF,22.5,13.3103871609182,20_7.5_300
brain ICF,22.6,13.3094594530129,20_7.5_300
brain ICF,22.7,13.3085521996403,20_7.5_300
brain ICF,22.8,13.3076648425036,20_7.5_300
brain ICF,22.9,13.3067968363184,20_7.5_300
brain ICF,23,13.3059476526312,20_7.5_300
brain ICF,23.1,13.3051167767112,20_7.5_300
brain ICF,23.2,13.3043037148731,20_7.5_300
brain ICF,23.3,13.3035079845547,20_7.5_300
brain ICF,23.4,13.3027291097739,20_7.5_300
brain ICF,23.5,13.3019666305526,20_7.5_300
brain ICF,23.6,13.3012200989274,20_7.5_300
brain ICF,23.7,13.3004890814569,20_7.5_300
brain ICF,23.8,13.2997731579418,20_7.5_300
brain ICF,23.9,13.2990719134609,20_7.5_300
brain ICF,24,13.298384946303,20_7.5_300
brain ICF,24.1,13.2977118649982,20_7.5_300
brain ICF,24.2,13.2970522929036,20_7.5_300
brain ICF,24.3,13.2964058764204,20_7.5_300
brain ICF,24.4,13.2957722498985,20_7.5_300
brain ICF,24.5,13.2951510663669,20_7.5_300
brain ICF,24.6,13.2945419884671,20_7.5_300
brain ICF,24.7,13.2939446879599,20_7.5_300
brain ICF,24.8,13.2933588429113,20_7.5_300
brain ICF,24.9,13.2927841419212,20_7.5_300
brain ICF,25,13.2922202806363,20_7.5_300
sCSF,0,0,20_7.5_300
sCSF,0.1,0.0231495266596489,20_7.5_300
sCSF,0.2,0.0869711435744435,20_7.5_300
sCSF,0.3,0.173587597596089,20_7.5_300
sCSF,0.4,0.270828259259346,20_7.5_300
sCSF,0.5,0.370907190953324,20_7.5_300
sCSF,0.6,0.468991704261104,20_7.5_300
sCSF,0.7,0.562221763837921,20_7.5_300
sCSF,0.8,0.649040392077217,20_7.5_300
sCSF,0.9,0.728738260214095,20_7.5_300
sCSF,1,0.801145524671543,20_7.5_300
sCSF,1.1,0.866424733332849,20_7.5_300
sCSF,1.2,0.924932873230105,20_7.5_300
sCSF,1.3,0.977130582885046,20_7.5_300
sCSF,1.4,1.02352340031411,20_7.5_300
sCSF,1.5,1.06462463357365,20_7.5_300
sCSF,1.6,1.1009327362917,20_7.5_300
sCSF,1.7,1.13291831363222,20_7.5_300
sCSF,1.8,1.16101741524431,20_7.5_300
sCSF,1.9,1.18562891196914,20_7.5_300
sCSF,2,1.20711438635419,20_7.5_300
sCSF,2.1,1.22579955561155,20_7.5_300
sCSF,2.2,1.2419765592799,20_7.5_300
sCSF,2.3,1.25590664906502,20_7.5_300
sCSF,2.4,1.26782302490702,20_7.5_300
sCSF,2.5,1.27793364229508,20_7.5_300
sCSF,2.6,1.28642387634329,20_7.5_300
sCSF,2.7,1.29345899671884,20_7.5_300
sCSF,2.8,1.29918643507809,20_7.5_300
sCSF,2.9,1.3037378220958,20_7.5_300
sCSF,3,1.30723081186672,20_7.5_300
sCSF,3.1,1.30977070575258,20_7.5_300
sCSF,3.2,1.31145188661753,20_7.5_300
sCSF,3.3,1.31235908889825,20_7.5_300
sCSF,3.4,1.31256850498935,20_7.5_300
sCSF,3.5,1.31214876401651,20_7.5_300
sCSF,3.6,1.31116179180153,20_7.5_300
sCSF,3.7,1.30966356109828,20_7.5_300
sCSF,3.8,1.30770475407408,20_7.5_300
sCSF,3.9,1.30533133684462,20_7.5_300
sCSF,4,1.30258506719312,20_7.5_300
sCSF,4.1,1.29950394003405,20_7.5_300
sCSF,4.2,1.29612257983038,20_7.5_300
sCSF,4.3,1.29247258605818,20_7.5_300
sCSF,4.4,1.28858283581072,20_7.5_300
sCSF,4.5,1.28447975077099,20_7.5_300
sCSF,4.6,1.28018753448374,20_7.5_300
sCSF,4.7,1.27572838206148,20_7.5_300
sCSF,4.8,1.27112266554743,20_7.5_300
sCSF,4.9,1.26638910130495,20_7.5_300
sCSF,5,1.26154489651676,20_7.5_300
sCSF,5.1,1.25660587967047,20_7.5_300
sCSF,5.2,1.25158661810356,20_7.5_300
sCSF,5.3,1.24650052360362,20_7.5_300
sCSF,5.4,1.24135994743276,20_7.5_300
sCSF,5.5,1.23617626413995,20_7.5_300
sCSF,5.6,1.23095995184335,20_7.5_300
sCSF,5.7,1.22572065983563,20_7.5_300
sCSF,5.8,1.22046727174796,20_7.5_300
sCSF,5.9,1.21520796298152,20_7.5_300
sCSF,6,1.209950252807,20_7.5_300
sCSF,6.1,1.20470105318445,20_7.5_300
sCSF,6.2,1.19946671164226,20_7.5_300
sCSF,6.3,1.19425305101877,20_7.5_300
sCSF,6.4,1.18906540715098,20_7.5_300
sCSF,6.5,1.18390866227521,20_7.5_300
sCSF,6.6,1.17878727978913,20_7.5_300
sCSF,6.7,1.17370532715104,20_7.5_300
sCSF,6.8,1.16866650557371,20_7.5_300
sCSF,6.9,1.16367417692094,20_7.5_300
sCSF,7,1.1587313823167,20_7.5_300
sCSF,7.1,1.15384086598176,20_7.5_300
sCSF,7.2,1.14900509690399,20_7.5_300
sCSF,7.3,1.14422628398263,20_7.5_300
sCSF,7.4,1.13950639307155,20_7.5_300
sCSF,7.5,1.13484717081,20_7.5_300
sCSF,7.6,1.1302501473004,20_7.5_300
sCSF,7.7,1.12571666498382,20_7.5_300
sCSF,7.8,1.12124787606585,20_7.5_300
sCSF,7.9,1.11684476979533,20_7.5_300
sCSF,8,1.11250817080073,20_7.5_300
sCSF,8.1,1.10823876096865,20_7.5_300
sCSF,8.2,1.10403708142729,20_7.5_300
sCSF,8.3,1.09990354825356,20_7.5_300
sCSF,8.4,1.09583845757822,20_7.5_300
sCSF,8.5,1.09184199625641,20_7.5_300
sCSF,8.6,1.087914249304,20_7.5_300
sCSF,8.7,1.08405520338854,20_7.5_300
sCSF,8.8,1.08026476325459,20_7.5_300
sCSF,8.9,1.07654275313384,20_7.5_300
sCSF,9,1.07288891407708,20_7.5_300
sCSF,9.1,1.06930293241317,20_7.5_300
sCSF,9.2,1.06578441845036,20_7.5_300
sCSF,9.3,1.06233293018438,20_7.5_300
sCSF,9.4,1.05894797563187,20_7.5_300
sCSF,9.5,1.05562900282305,20_7.5_300
sCSF,9.6,1.05237542742647,20_7.5_300
sCSF,9.7,1.04918661690926,20_7.5_300
sCSF,9.8,1.04606190346119,20_7.5_300
sCSF,9.9,1.04300058995026,20_7.5_300
sCSF,10,1.04000194199037,20_7.5_300
sCSF,10.1,1.03706520661758,20_7.5_300
sCSF,10.2,1.0341896024079,20_7.5_300
sCSF,10.3,1.03137432676104,20_7.5_300
sCSF,10.4,1.02861856272869,20_7.5_300
sCSF,10.5,1.02592146699921,20_7.5_300
sCSF,10.6,1.02328219490396,20_7.5_300
sCSF,10.7,1.02069988923574,20_7.5_300
sCSF,10.8,1.01817366914603,20_7.5_300
sCSF,10.9,1.0157026597021,20_7.5_300
sCSF,11,1.01328598053309,20_7.5_300
sCSF,11.1,1.01092273660253,20_7.5_300
sCSF,11.2,1.00861203222951,20_7.5_300
sCSF,11.3,1.00635297767737,20_7.5_300
sCSF,11.4,1.00414467625212,20_7.5_300
sCSF,11.5,1.00198622706482,20_7.5_300
sCSF,11.6,0.999876741019578,20_7.5_300
sCSF,11.7,0.997815328064539,20_7.5_300
sCSF,11.8,0.995801095078958,20_7.5_300
sCSF,11.9,0.993833162755013,20_7.5_300
sCSF,12,0.991910655379754,20_7.5_300
sCSF,12.1,0.990032695673247,20_7.5_300
sCSF,12.2,0.988198422040842,20_7.5_300
sCSF,12.3,0.986406978767048,20_7.5_300
sCSF,12.4,0.98465751283501,20_7.5_300
sCSF,12.5,0.982949183479995,20_7.5_300
sCSF,12.6,0.981281160527466,20_7.5_300
sCSF,12.7,0.979652619009844,20_7.5_300
sCSF,12.8,0.978062743516542,20_7.5_300
sCSF,12.9,0.976510733239488,20_7.5_300
sCSF,13,0.974995796765718,20_7.5_300
sCSF,13.1,0.973517145297199,20_7.5_300
sCSF,13.2,0.972074010258437,20_7.5_300
sCSF,13.3,0.970665631836797,20_7.5_300
sCSF,13.4,0.969291259380631,20_7.5_300
sCSF,13.5,0.967950151470346,20_7.5_300
sCSF,13.6,0.966641583164875,20_7.5_300
sCSF,13.7,0.965364839790492,20_7.5_300
sCSF,13.8,0.964119213828864,20_7.5_300
sCSF,13.9,0.962904013783157,20_7.5_300
sCSF,14,0.961718559477702,20_7.5_300
sCSF,14.1,0.960562181530759,20_7.5_300
sCSF,14.2,0.959434220312803,20_7.5_300
sCSF,14.3,0.958334031202373,20_7.5_300
sCSF,14.4,0.957260980480339,20_7.5_300
sCSF,14.5,0.95621444386823,20_7.5_300
sCSF,14.6,0.955193810226753,20_7.5_300
sCSF,14.7,0.954198480565877,20_7.5_300
sCSF,14.8,0.953227866778571,20_7.5_300
sCSF,14.9,0.952281390260762,20_7.5_300
sCSF,15,0.951358486220922,20_7.5_300
sCSF,15.1,0.950458600391653,20_7.5_300
sCSF,15.2,0.949581188313147,20_7.5_300
sCSF,15.3,0.948725717012031,20_7.5_300
sCSF,15.4,0.947891665278922,20_7.5_300
sCSF,15.5,0.947078522359564,20_7.5_300
sCSF,15.6,0.946285786749836,20_7.5_300
sCSF,15.7,0.945512967993805,20_7.5_300
sCSF,15.8,0.944759586822193,20_7.5_300
sCSF,15.9,0.944025173836046,20_7.5_300
sCSF,16,0.943309268572974,20_7.5_300
sCSF,16.1,0.942611420963091,20_7.5_300
sCSF,16.2,0.941931191298553,20_7.5_300
sCSF,16.3,0.941268149194991,20_7.5_300
sCSF,16.4,0.940621873085841,20_7.5_300
sCSF,16.5,0.939991951000806,20_7.5_300
sCSF,16.6,0.939377980426375,20_7.5_300
sCSF,16.7,0.938779567689253,20_7.5_300
sCSF,16.8,0.938196327653152,20_7.5_300
sCSF,16.9,0.937627884025034,20_7.5_300
sCSF,17,0.937073869183897,20_7.5_300
sCSF,17.1,0.936533923823253,20_7.5_300
sCSF,17.2,0.936007696693473,20_7.5_300
sCSF,17.3,0.935494844712457,20_7.5_300
sCSF,17.4,0.934995032787988,20_7.5_300
sCSF,17.5,0.934507933558684,20_7.5_300
sCSF,17.6,0.934033227240561,20_7.5_300
sCSF,17.7,0.933570601540911,20_7.5_300
sCSF,17.8,0.933119751497239,20_7.5_300
sCSF,17.9,0.932680379301863,20_7.5_300
sCSF,18,0.932252194351014,20_7.5_300
sCSF,18.1,0.931834912800212,20_7.5_300
sCSF,18.2,0.931428257494582,20_7.5_300
sCSF,18.3,0.931031957904182,20_7.5_300
sCSF,18.4,0.930645750050998,20_7.5_300
sCSF,18.5,0.930269376666971,20_7.5_300
sCSF,18.6,0.929902586080286,20_7.5_300
sCSF,18.7,0.929545132877816,20_7.5_300
sCSF,18.8,0.929196777543104,20_7.5_300
sCSF,18.9,0.928857286902907,20_7.5_300
sCSF,19,0.928526433071804,20_7.5_300
sCSF,19.1,0.928203993562799,20_7.5_300
sCSF,19.2,0.927889751411217,20_7.5_300
sCSF,19.3,0.927583495095438,20_7.5_300
sCSF,19.4,0.927285018882587,20_7.5_300
sCSF,19.5,0.926994121173226,20_7.5_300
sCSF,19.6,0.926710605641873,20_7.5_300
sCSF,19.7,0.926434280764656,20_7.5_300
sCSF,19.8,0.926164960438805,20_7.5_300
sCSF,19.9,0.925902462697611,20_7.5_300
sCSF,20,0.925646609905759,20_7.5_300
sCSF,20.1,0.925397228968613,20_7.5_300
sCSF,20.2,0.925154151254027,20_7.5_300
sCSF,20.3,0.924917212999627,20_7.5_300
sCSF,20.4,0.924686253531538,20_7.5_300
sCSF,20.5,0.924461116542267,20_7.5_300
sCSF,20.6,0.924241649603521,20_7.5_300
sCSF,20.7,0.92402770478716,20_7.5_300
sCSF,20.8,0.923819137421928,20_7.5_300
sCSF,20.9,0.923615806301017,20_7.5_300
sCSF,21,0.923417573900453,20_7.5_300
sCSF,21.1,0.923224306373032,20_7.5_300
sCSF,21.2,0.92303587401141,20_7.5_300
sCSF,21.3,0.92285214910756,20_7.5_300
sCSF,21.4,0.922673007644704,20_7.5_300
sCSF,21.5,0.922498328700152,20_7.5_300
sCSF,21.6,0.922327994465677,20_7.5_300
sCSF,21.7,0.922161891691145,20_7.5_300
sCSF,21.8,0.921999907843547,20_7.5_300
sCSF,21.9,0.921841934001694,20_7.5_300
sCSF,22,0.921687863970522,20_7.5_300
sCSF,22.1,0.921537594193981,20_7.5_300
sCSF,22.2,0.921391025506724,20_7.5_300
sCSF,22.3,0.921248059241036,20_7.5_300
sCSF,22.4,0.921108599747682,20_7.5_300
sCSF,22.5,0.920972553891471,20_7.5_300
sCSF,22.6,0.920839830871128,20_7.5_300
sCSF,22.7,0.920710343391315,20_7.5_300
sCSF,22.8,0.920584005430516,20_7.5_300
sCSF,22.9,0.920460732982805,20_7.5_300
sCSF,23,0.920340444436005,20_7.5_300
sCSF,23.1,0.920223060238266,20_7.5_300
sCSF,23.2,0.920108503607685,20_7.5_300
sCSF,23.3,0.919996699532901,20_7.5_300
sCSF,23.4,0.919887574306859,20_7.5_300
sCSF,23.5,0.919781056444641,20_7.5_300
sCSF,23.6,0.919677076272095,20_7.5_300
sCSF,23.7,0.919575566346036,20_7.5_300
sCSF,23.8,0.919476461259283,20_7.5_300
sCSF,23.9,0.919379696359809,20_7.5_300
sCSF,24,0.919285209052158,20_7.5_300
sCSF,24.1,0.919192938328237,20_7.5_300
sCSF,24.2,0.919102824998469,20_7.5_300
sCSF,24.3,0.919014812130665,20_7.5_300
sCSF,24.4,0.918928843012349,20_7.5_300
sCSF,24.5,0.918844862876878,20_7.5_300
sCSF,24.6,0.918762818353987,20_7.5_300
sCSF,24.7,0.918682657464259,20_7.5_300
sCSF,24.8,0.918604330134514,20_7.5_300
sCSF,24.9,0.918527787133476,20_7.5_300
sCSF,25,0.918452980737994,20_7.5_300
