site,time,conc,PS
brain ECF,0,0,12_1.5_250
brain ECF,0.1,0.0341153512792051,12_1.5_250
brain ECF,0.2,0.14821751925372,12_1.5_250
brain ECF,0.3,0.312711346847544,12_1.5_250
brain ECF,0.4,0.433001777805248,12_1.5_250
brain ECF,0.5,0.501244149863339,12_1.5_250
brain ECF,0.6,0.5448753408773,12_1.5_250
brain ECF,0.7,0.57574447513268,12_1.5_250
brain ECF,0.8,0.598284028829973,12_1.5_250
brain ECF,0.9,0.614429092163145,12_1.5_250
brain ECF,1,0.62528566666371,12_1.5_250
brain ECF,1.1,0.631645367918006,12_1.5_250
brain ECF,1.2,0.634145851713823,12_1.5_250
brain ECF,1.3,0.633325794813178,12_1.5_250
brain ECF,1.4,0.629648126891494,12_1.5_250
brain ECF,1.5,0.62351310943594,12_1.5_250
brain ECF,1.6,0.615267641505304,12_1.5_250
brain ECF,1.7,0.60521274504032,12_1.5_250
brain ECF,1.8,0.593609888696669,12_1.5_250
brain ECF,1.9,0.580686424109574,12_1.5_250
brain ECF,2,0.566640287238549,12_1.5_250
brain ECF,2.1,0.551644073331588,12_1.5_250
brain ECF,2.2,0.535848573132774,12_1.5_250
brain ECF,2.3,0.519385844669943,12_1.5_250
brain ECF,2.4,0.502371884732577,12_1.5_250
brain ECF,2.5,0.484908955614537,12_1.5_250
brain ECF,2.6,0.467087615357937,12_1.5_250
brain ECF,2.7,0.448988493378042,12_1.5_250
brain ECF,2.8,0.430683847801379,12_1.5_250
brain ECF,2.9,0.412238936003062,12_1.5_250
brain ECF,3,0.393713225542589,12_1.5_250
brain ECF,3.1,0.375161468862674,12_1.5_250
brain ECF,3.2,0.356634661603871,12_1.5_250
brain ECF,3.3,0.338180901065379,12_1.5_250
brain ECF,3.4,0.319846158070262,12_1.5_250
brain ECF,3.5,0.301674972090317,12_1.5_250
brain ECF,3.6,0.283711075779381,12_1.5_250
brain ECF,3.7,0.265997950821558,12_1.5_250
brain ECF,3.8,0.248579312003704,12_1.5_250
brain ECF,3.9,0.231499510439166,12_1.5_250
brain ECF,4,0.214803839761867,12_1.5_250
brain ECF,4.1,0.198538720869337,12_1.5_250
brain ECF,4.2,0.182751731774834,12_1.5_250
brain ECF,4.3,0.167491440245949,12_1.5_250
brain ECF,4.4,0.152806989872409,12_1.5_250
brain ECF,4.5,0.138747388304433,12_1.5_250
brain ECF,4.6,0.125360453235488,12_1.5_250
brain ECF,4.7,0.112691393324051,12_1.5_250
brain ECF,4.8,0.10078104170226,12_1.5_250
brain ECF,4.9,0.0896638211555826,12_1.5_250
brain ECF,5,0.0793655974175247,12_1.5_250
brain ECF,5.1,0.0699016553708748,12_1.5_250
brain ECF,5.2,0.0612750875563962,12_1.5_250
brain ECF,5.3,0.0534758852415167,12_1.5_250
brain ECF,5.4,0.0464809509672132,12_1.5_250
brain ECF,5.5,0.0402551095336049,12_1.5_250
brain ECF,5.6,0.0347530168579584,12_1.5_250
brain ECF,5.7,0.0299217060150685,12_1.5_250
brain ECF,5.8,0.0257034173952885,12_1.5_250
brain ECF,5.9,0.0220383579442375,12_1.5_250
brain ECF,6,0.0188671099346824,12_1.5_250
brain ECF,6.1,0.0161325257516077,12_1.5_250
brain ECF,6.2,0.0137810607790402,12_1.5_250
brain ECF,6.3,0.011763584147122,12_1.5_250
brain ECF,6.4,0.0100357573168258,12_1.5_250
brain ECF,6.5,0.00855808753420643,12_1.5_250
brain ECF,6.6,0.00729575783967957,12_1.5_250
brain ECF,6.7,0.00621831850105844,12_1.5_250
brain ECF,6.8,0.00529930448983177,12_1.5_250
brain ECF,6.9,0.00451582467602609,12_1.5_250
brain ECF,7,0.00384815287727602,12_1.5_250
brain ECF,7.1,0.00327933917336785,12_1.5_250
brain ECF,7.2,0.00279485157678988,12_1.5_250
brain ECF,7.3,0.00238225258654131,12_1.5_250
brain ECF,7.4,0.00203091153131996,12_1.5_250
brain ECF,7.5,0.00173175154112826,12_1.5_250
brain ECF,7.6,0.00147702872527578,12_1.5_250
brain ECF,7.7,0.00126014061089116,12_1.5_250
brain ECF,7.8,0.00107546070240131,12_1.5_250
brain ECF,7.9,0.000918196090611208,12_1.5_250
brain ECF,8,0.000784265208313849,12_1.5_250
brain ECF,8.1,0.000670193098937277,12_1.5_250
brain ECF,8.2,0.00057302182265304,12_1.5_250
brain ECF,8.3,0.000490233905888153,12_1.5_250
brain ECF,8.4,0.00041968699638217,12_1.5_250
brain ECF,8.5,0.000359558127898635,12_1.5_250
brain ECF,8.6,0.000308296200606349,12_1.5_250
brain ECF,8.7,0.00026458150145124,12_1.5_250
brain ECF,8.8,0.000227291213336625,12_1.5_250
brain ECF,8.9,0.000195470058421376,12_1.5_250
brain ECF,9,0.000168305293347565,12_1.5_250
brain ECF,9.1,0.000145105441391542,12_1.5_250
brain ECF,9.2,0.000125282183217707,12_1.5_250
brain ECF,9.3,0.000108334951892186,12_1.5_250
brain ECF,9.4,9.38378308294245e-05,12_1.5_250
brain ECF,9.5,8.14283951531554e-05,12_1.5_250
brain ECF,9.6,7.07982371539106e-05,12_1.5_250
brain ECF,9.7,6.1684891300145e-05,12_1.5_250
brain ECF,9.8,5.38649747692285e-05,12_1.5_250
brain ECF,9.9,4.71483467339397e-05,12_1.5_250
brain ECF,10,4.1373148799309e-05,12_1.5_250
brain ICF,0,0,12_1.5_250
brain ICF,0.1,0.0339013916564077,12_1.5_250
brain ICF,0.2,0.147811597170431,12_1.5_250
brain ICF,0.3,0.312275857532562,12_1.5_250
brain ICF,0.4,0.432756465299606,12_1.5_250
brain ICF,0.5,0.501097136164425,12_1.5_250
brain ICF,0.6,0.544774950813186,12_1.5_250
brain ICF,0.7,0.575671533294773,12_1.5_250
brain ICF,0.8,0.598230931176909,12_1.5_250
brain ICF,0.9,0.61439200159695,12_1.5_250
brain ICF,1,0.625262066984975,12_1.5_250
brain ICF,1.1,0.631633313611075,12_1.5_250
brain ICF,1.2,0.634143724691752,12_1.5_250
brain ICF,1.3,0.633332212189545,12_1.5_250
brain ICF,1.4,0.62966189537643,12_1.5_250
brain ICF,1.5,0.62353319570592,12_1.5_250
brain ICF,1.6,0.615293149359076,12_1.5_250
brain ICF,1.7,0.60524289640571,12_1.5_250
brain ICF,1.8,0.593644007393476,12_1.5_250
brain ICF,1.9,0.580723921834717,12_1.5_250
brain ICF,2,0.566680651428186,12_1.5_250
brain ICF,2.1,0.55168685663334,12_1.5_250
brain ICF,2.2,0.535893384265212,12_1.5_250
brain ICF,2.3,0.51943234047813,12_1.5_250
brain ICF,2.4,0.502419763274169,12_1.5_250
brain ICF,2.5,0.484957950132823,12_1.5_250
brain ICF,2.6,0.467137489017159,12_1.5_250
brain ICF,2.7,0.44903903465277,12_1.5_250
brain ICF,2.8,0.430734866426093,12_1.5_250
brain ICF,2.9,0.412290259400724,12_1.5_250
brain ICF,3,0.393764695662187,12_1.5_250
brain ICF,3.1,0.37521293936587,12_1.5_250
brain ICF,3.2,0.356685995350303,12_1.5_250
brain ICF,3.3,0.338231967855243,12_1.5_250
brain ICF,3.4,0.319896832611974,12_1.5_250
brain ICF,3.5,0.301725132170835,12_1.5_250
brain ICF,3.6,0.283760600625675,12_1.5_250
brain ICF,3.7,0.266046719654433,12_1.5_250
brain ICF,3.8,0.248627202800304,12_1.5_250
brain ICF,3.9,0.231546398938603,12_1.5_250
brain ICF,4,0.21484959876977,12_1.5_250
brain ICF,4.1,0.198583219941315,12_1.5_250
brain ICF,4.2,0.18279483738429,12_1.5_250
brain ICF,4.3,0.167533016564813,12_1.5_250
brain ICF,4.4,0.152846900307565,12_1.5_250
brain ICF,4.5,0.138785497928052,12_1.5_250
brain ICF,4.6,0.125396632210519,12_1.5_250
brain ICF,4.7,0.112725521342063,12_1.5_250
brain ICF,4.8,0.100813013309196,12_1.5_250
brain ICF,4.9,0.0896935516442021,12_1.5_250
brain ICF,5,0.0793930287397366,12_1.5_250
brain ICF,5.1,0.0699267613252119,12_1.5_250
brain ICF,5.2,0.0612978774156487,12_1.5_250
brain ICF,5.3,0.0534964050774657,12_1.5_250
brain ICF,5.4,0.046499282233899,12_1.5_250
brain ICF,5.5,0.0402713649351673,12_1.5_250
brain ICF,5.6,0.0347673340223607,12_1.5_250
brain ICF,5.7,0.029934239864484,12_1.5_250
brain ICF,5.8,0.0257143322375862,12_1.5_250
brain ICF,5.9,0.0220478201953088,12_1.5_250
brain ICF,6,0.0188752820958573,12_1.5_250
brain ICF,6.1,0.0161395619282774,12_1.5_250
brain ICF,6.2,0.0137871037357328,12_1.5_250
brain ICF,6.3,0.0117687637021043,12_1.5_250
brain ICF,6.4,0.0100401897899469,12_1.5_250
brain ICF,6.5,0.00856187595062439,12_1.5_250
brain ICF,6.6,0.00729899262744726,12_1.5_250
brain ICF,6.7,0.00622107847470121,12_1.5_250
brain ICF,6.8,0.00530165796808545,12_1.5_250
brain ICF,6.9,0.00451783063017334,12_1.5_250
brain ICF,7,0.00384986204434948,12_1.5_250
brain ICF,7.1,0.00328079509606042,12_1.5_250
brain ICF,7.2,0.00279609155078382,12_1.5_250
brain ICF,7.3,0.00238330850857177,12_1.5_250
brain ICF,7.4,0.00203181064873253,12_1.5_250
brain ICF,7.5,0.0017325171083375,12_1.5_250
brain ICF,7.6,0.00147768057474404,12_1.5_250
brain ICF,7.7,0.0012606956472242,12_1.5_250
brain ICF,7.8,0.00107593332826141,12_1.5_250
brain ICF,7.9,0.000918598572777658,12_1.5_250
brain ICF,8,0.000784607991590654,12_1.5_250
brain ICF,8.1,0.000670485074870781,12_1.5_250
brain ICF,8.2,0.000573270559253191,12_1.5_250
brain ICF,8.3,0.000490445843800299,12_1.5_250
brain ICF,8.4,0.000419867616296045,12_1.5_250
brain ICF,8.5,0.000359712093251136,12_1.5_250
brain ICF,8.6,0.000308427479256953,12_1.5_250
brain ICF,8.7,0.000264693469299329,12_1.5_250
brain ICF,8.8,0.000227386742576252,12_1.5_250
brain ICF,8.9,0.000195551592669883,12_1.5_250
brain ICF,9,0.000168374911632771,12_1.5_250
brain ICF,9.1,0.000145164912536098,12_1.5_250
brain ICF,9.2,0.000125333012205566,12_1.5_250
brain ICF,9.3,0.000108378419227344,12_1.5_250
brain ICF,9.4,9.387502610366e-05,12_1.5_250
brain ICF,9.5,8.14602455403889e-05,12_1.5_250
brain ICF,9.6,7.08255316731938e-05,12_1.5_250
brain ICF,9.7,6.17083014563266e-05,12_1.5_250
brain ICF,9.8,5.38850721098842e-05,12_1.5_250
brain ICF,9.9,4.71656177667315e-05,12_1.5_250
brain ICF,10,4.13880077020997e-05,12_1.5_250
sCSF,0,0,12_1.5_250
sCSF,0.1,0.000476974275770726,12_1.5_250
sCSF,0.2,0.00445864361688639,12_1.5_250
sCSF,0.3,0.0149574840165487,12_1.5_250
sCSF,0.4,0.0319213710240887,12_1.5_250
sCSF,0.5,0.0523381167211982,12_1.5_250
sCSF,0.6,0.0743320072415987,12_1.5_250
sCSF,0.7,0.0970071208640497,12_1.5_250
sCSF,0.8,0.119857472584085,12_1.5_250
sCSF,0.9,0.142537658148479,12_1.5_250
sCSF,1,0.164785645406186,12_1.5_250
sCSF,1.1,0.18639469426711,12_1.5_250
sCSF,1.2,0.207200603024536,12_1.5_250
sCSF,1.3,0.227074056076997,12_1.5_250
sCSF,1.4,0.245914999967949,12_1.5_250
sCSF,1.5,0.263648082789665,12_1.5_250
sCSF,1.6,0.280218813792879,12_1.5_250
sCSF,1.7,0.295590288368131,12_1.5_250
sCSF,1.8,0.309740385291649,12_1.5_250
sCSF,1.9,0.322659367361082,12_1.5_250
sCSF,2,0.334347829152763,12_1.5_250
sCSF,2.1,0.344814944171548,12_1.5_250
sCSF,2.2,0.354076970405684,12_1.5_250
sCSF,2.3,0.362155978956271,12_1.5_250
sCSF,2.4,0.369078775270527,12_1.5_250
sCSF,2.5,0.374875986705544,12_1.5_250
sCSF,2.6,0.379581293785362,12_1.5_250
sCSF,2.7,0.383230785659174,12_1.5_250
sCSF,2.8,0.385862422996012,12_1.5_250
sCSF,2.9,0.387515593904903,12_1.5_250
sCSF,3,0.388230750505521,12_1.5_250
sCSF,3.1,0.388049115524971,12_1.5_250
sCSF,3.2,0.387012449795328,12_1.5_250
sCSF,3.3,0.385162872798405,12_1.5_250
sCSF,3.4,0.382542729460946,12_1.5_250
sCSF,3.5,0.379194497260817,12_1.5_250
sCSF,3.6,0.375160728352322,12_1.5_250
sCSF,3.7,0.37048402185555,12_1.5_250
sCSF,3.8,0.365207021655,12_1.5_250
sCSF,3.9,0.359372434989966,12_1.5_250
sCSF,4,0.353023066752198,12_1.5_250
sCSF,4.1,0.34620186370128,12_1.5_250
sCSF,4.2,0.338951961729737,12_1.5_250
sCSF,4.3,0.331316727861482,12_1.5_250
sCSF,4.4,0.323339786900472,12_1.5_250
sCSF,4.5,0.315065020759679,12_1.5_250
sCSF,4.6,0.306536526769838,12_1.5_250
sCSF,4.7,0.297798520291044,12_1.5_250
sCSF,4.8,0.288895167436394,12_1.5_250
sCSF,4.9,0.27987033656834,12_1.5_250
sCSF,5,0.270767263216668,12_1.5_250
sCSF,5.1,0.261628132486274,12_1.5_250
sCSF,5.2,0.252493595179115,12_1.5_250
sCSF,5.3,0.243402246899392,12_1.5_250
sCSF,5.4,0.234390110131272,12_1.5_250
sCSF,5.5,0.225490164533814,12_1.5_250
sCSF,5.6,0.216731968031659,12_1.5_250
sCSF,5.7,0.208141400672662,12_1.5_250
sCSF,5.8,0.199740547092871,12_1.5_250
sCSF,5.9,0.191547715847145,12_1.5_250
sCSF,6,0.183577578965612,12_1.5_250
sCSF,6.1,0.175841405489822,12_1.5_250
sCSF,6.2,0.168347359142912,12_1.5_250
sCSF,6.3,0.161100831652097,12_1.5_250
sCSF,6.4,0.154104787738856,12_1.5_250
sCSF,6.5,0.147360103612033,12_1.5_250
sCSF,6.6,0.140865886566899,12_1.5_250
sCSF,6.7,0.134619768236888,12_1.5_250
sCSF,6.8,0.128618167869358,12_1.5_250
sCSF,6.9,0.122856524720205,12_1.5_250
sCSF,7,0.117329500447201,12_1.5_250
sCSF,7.1,0.1120311534589,12_1.5_250
sCSF,7.2,0.106955087735218,12_1.5_250
sCSF,7.3,0.102094578835422,12_1.5_250
sCSF,7.4,0.0974426798261895,12_1.5_250
sCSF,7.5,0.092992309698689,12_1.5_250
sCSF,7.6,0.088736326655885,12_1.5_250
sCSF,7.7,0.0846675884037254,12_1.5_250
sCSF,7.8,0.0807790013415946,12_1.5_250
sCSF,7.9,0.0770635603096794,12_1.5_250
sCSF,8,0.0735143803413488,12_1.5_250
sCSF,8.1,0.0701247216643572,12_1.5_250
sCSF,8.2,0.0668880090261523,12_1.5_250
sCSF,8.3,0.063797846261537,12_1.5_250
sCSF,8.4,0.060848026886729,12_1.5_250
sCSF,8.5,0.0580325413899254,12_1.5_250
sCSF,8.6,0.0553455817839748,12_1.5_250
sCSF,8.7,0.052781543905264,12_1.5_250
sCSF,8.8,0.0503350278636466,12_1.5_250
sCSF,8.9,0.0480008369908847,12_1.5_250
sCSF,9,0.0457739755743843,12_1.5_250
sCSF,9.1,0.0436496456233745,12_1.5_250
sCSF,9.2,0.0416232428710858,12_1.5_250
sCSF,9.3,0.0396903521851542,12_1.5_250
sCSF,9.4,0.0378467425301967,12_1.5_250
sCSF,9.5,0.0360883616013136,12_1.5_250
sCSF,9.6,0.0344113302291085,12_1.5_250
sCSF,9.7,0.0328119366373256,12_1.5_250
sCSF,9.8,0.0312866306215326,12_1.5_250
sCSF,9.9,0.0298320177039429,12_1.5_250
sCSF,10,0.0284448533097559,12_1.5_250
brain ECF,0,0,12_1.5_300
brain ECF,0.1,0.0341046728875377,12_1.5_300
brain ECF,0.2,0.148208360116734,12_1.5_300
brain ECF,0.3,0.312712888596822,12_1.5_300
brain ECF,0.4,0.43300991837345,12_1.5_300
brain ECF,0.5,0.501248783924078,12_1.5_300
brain ECF,0.6,0.544877671265174,12_1.5_300
brain ECF,0.7,0.575745859416021,12_1.5_300
brain ECF,0.8,0.598285024282353,12_1.5_300
brain ECF,0.9,0.614429891795046,12_1.5_300
brain ECF,1,0.625286339374122,12_1.5_300
brain ECF,1.1,0.631645943225435,12_1.5_300
brain ECF,1.2,0.634146346266573,12_1.5_300
brain ECF,1.3,0.633326220427432,12_1.5_300
brain ECF,1.4,0.629648493040359,12_1.5_300
brain ECF,1.5,0.623513424095612,12_1.5_300
brain ECF,1.6,0.615267911507878,12_1.5_300
brain ECF,1.7,0.605212976269953,12_1.5_300
brain ECF,1.8,0.593610086228122,12_1.5_300
brain ECF,1.9,0.580686592319265,12_1.5_300
brain ECF,2,0.566640429898149,12_1.5_300
brain ECF,2.1,0.551644193688239,12_1.5_300
brain ECF,2.2,0.53584867397818,12_1.5_300
brain ECF,2.3,0.519385928399938,12_1.5_300
brain ECF,2.4,0.502371953398441,12_1.5_300
brain ECF,2.5,0.484909010967145,12_1.5_300
brain ECF,2.6,0.467087658885729,12_1.5_300
brain ECF,2.7,0.448988526339562,12_1.5_300
brain ECF,2.8,0.430683871253167,12_1.5_300
brain ECF,2.9,0.412238950823493,12_1.5_300
brain ECF,3,0.393713232452225,12_1.5_300
brain ECF,3.1,0.375161468441646,12_1.5_300
brain ECF,3.2,0.356634654306738,12_1.5_300
brain ECF,3.3,0.338180887233974,12_1.5_300
brain ECF,3.4,0.319846137944917,12_1.5_300
brain ECF,3.5,0.301674945820022,12_1.5_300
brain ECF,3.6,0.283711043431407,12_1.5_300
brain ECF,3.7,0.26599791239119,12_1.5_300
brain ECF,3.8,0.248579267424875,12_1.5_300
brain ECF,3.9,0.231499459596908,12_1.5_300
brain ECF,4,0.214803782507653,12_1.5_300
brain ECF,4.1,0.198538657040477,12_1.5_300
brain ECF,4.2,0.182751661219448,12_1.5_300
brain ECF,4.3,0.167491362854255,12_1.5_300
brain ECF,4.4,0.152806905615248,12_1.5_300
brain ECF,4.5,0.138747297278736,12_1.5_300
brain ECF,4.6,0.125360355714361,12_1.5_300
brain ECF,4.7,0.112691289807188,12_1.5_300
brain ECF,4.8,0.100780932959419,12_1.5_300
brain ECF,4.9,0.0896637082528938,12_1.5_300
brain ECF,5,0.0793654817155338,12_1.5_300
brain ECF,5.1,0.0699015384846512,12_1.5_300
brain ECF,5.2,0.0612749712742272,12_1.5_300
brain ECF,5.3,0.0534757714072058,12_1.5_300
brain ECF,5.4,0.0464808413428927,12_1.5_300
brain ECF,5.5,0.0402550056647818,12_1.5_300
brain ECF,5.6,0.0347529199676633,12_1.5_300
brain ECF,5.7,0.0299216169423848,12_1.5_300
brain ECF,5.8,0.0257033365849381,12_1.5_300
brain ECF,5.9,0.022038285480588,12_1.5_300
brain ECF,6,0.0188670456056252,12_1.5_300
brain ECF,6.1,0.0161324691257137,12_1.5_300
brain ECF,6.2,0.0137810112817585,12_1.5_300
brain ECF,6.3,0.0117635411268499,12_1.5_300
brain ECF,6.4,0.0100357200966922,12_1.5_300
brain ECF,6.5,0.00855805544908604,12_1.5_300
brain ECF,6.6,0.0072957302602859,12_1.5_300
brain ECF,6.7,0.00621829484783719,12_1.5_300
brain ECF,6.8,0.00529928423937727,12_1.5_300
brain ECF,6.9,0.00451580736243347,12_1.5_300
brain ECF,7,0.00384813809026954,12_1.5_300
brain ECF,7.1,0.0032793265545817,12_1.5_300
brain ECF,7.2,0.00279484081511195,12_1.5_300
brain ECF,7.3,0.00238224341313471,12_1.5_300
brain ECF,7.4,0.00203090371467478,12_1.5_300
brain ECF,7.5,0.00173174488245771,12_1.5_300
brain ECF,7.6,0.00147702305421411,12_1.5_300
brain ECF,7.7,0.00126013578168096,12_1.5_300
brain ECF,7.8,0.00107545659049147,12_1.5_300
brain ECF,7.9,0.000918192589672395,12_1.5_300
brain ECF,8,0.000784262227646875,12_1.5_300
brain ECF,8.1,0.000670190561215569,12_1.5_300
brain ECF,8.2,0.000573019661988479,12_1.5_300
brain ECF,8.3,0.000490232066154954,12_1.5_300
brain ECF,8.4,0.000419685429786271,12_1.5_300
brain ECF,8.5,0.000359556793752053,12_1.5_300
brain ECF,8.6,0.000308295064274901,12_1.5_300
brain ECF,8.7,0.000264580533460242,12_1.5_300
brain ECF,8.8,0.000227290388603341,12_1.5_300
brain ECF,8.9,0.00019546935560325,12_1.5_300
brain ECF,9,0.00016830469428595,12_1.5_300
brain ECF,9.1,0.000145104930636374,12_1.5_300
brain ECF,9.2,0.000125281747625611,12_1.5_300
brain ECF,9.3,0.000108334580279805,12_1.5_300
brain ECF,9.4,9.3837513684469e-05,12_1.5_300
brain ECF,9.5,8.14281243812831e-05,12_1.5_300
brain ECF,9.6,7.07980058697179e-05,12_1.5_300
brain ECF,9.7,6.16846936449911e-05,12_1.5_300
brain ECF,9.8,5.38648057590899e-05,12_1.5_300
brain ECF,9.9,4.71482021272413e-05,12_1.5_300
brain ECF,10,4.13730249877769e-05,12_1.5_300
brain ICF,0,0,12_1.5_300
brain ICF,0.1,0.0339262892534192,12_1.5_300
brain ICF,0.2,0.147870024271681,12_1.5_300
brain ICF,0.3,0.312350011413071,12_1.5_300
brain ICF,0.4,0.432805551565225,12_1.5_300
brain ICF,0.5,0.50112630493621,12_1.5_300
brain ICF,0.6,0.544794029359828,12_1.5_300
brain ICF,0.7,0.575685084617066,12_1.5_300
brain ICF,0.8,0.598240783622131,12_1.5_300
brain ICF,0.9,0.614398988975498,12_1.5_300
brain ICF,1,0.625266678027698,12_1.5_300
brain ICF,1.1,0.63163590229537,12_1.5_300
brain ICF,1.2,0.634144577467758,12_1.5_300
brain ICF,1.3,0.633331571442118,12_1.5_300
brain ICF,1.4,0.629659969531249,12_1.5_300
brain ICF,1.5,0.623530165019695,12_1.5_300
brain ICF,1.6,0.615289170082172,12_1.5_300
brain ICF,1.7,0.605238104145257,12_1.5_300
brain ICF,1.8,0.593638519959125,12_1.5_300
brain ICF,1.9,0.58071784168633,12_1.5_300
brain ICF,2,0.56667406779312,12_1.5_300
brain ICF,2.1,0.551679847341894,12_1.5_300
brain ICF,2.2,0.535886017343658,12_1.5_300
brain ICF,2.3,0.519424675532808,12_1.5_300
brain ICF,2.4,0.502411852695501,12_1.5_300
brain ICF,2.5,0.484949840144291,12_1.5_300
brain ICF,2.6,0.467129220591005,12_1.5_300
brain ICF,2.7,0.44903064431122,12_1.5_300
brain ICF,2.8,0.430726386944527,12_1.5_300
brain ICF,2.9,0.412281720426929,12_1.5_300
brain ICF,3,0.393756124263943,12_1.5_300
brain ICF,3.1,0.375204360517352,12_1.5_300
brain ICF,3.2,0.356677432366169,12_1.5_300
brain ICF,3.3,0.338223442779812,12_1.5_300
brain ICF,3.4,0.31988836656926,12_1.5_300
brain ICF,3.5,0.301716745679728,12_1.5_300
brain ICF,3.6,0.283752313882728,12_1.5_300
brain ICF,3.7,0.266038552784696,12_1.5_300
brain ICF,3.8,0.248619176074295,12_1.5_300
brain ICF,3.9,0.231538532950581,12_1.5_300
brain ICF,4,0.214841914569108,12_1.5_300
brain ICF,4.1,0.198575739104806,12_1.5_300
brain ICF,4.2,0.182787582013347,12_1.5_300
brain ICF,4.3,0.167526009186881,12_1.5_300
brain ICF,4.4,0.152840163658877,12_1.5_300
brain ICF,4.5,0.138779054594397,12_1.5_300
brain ICF,4.6,0.125390504106794,12_1.5_300
brain ICF,4.7,0.112719729023433,12_1.5_300
brain ICF,4.8,0.100807575127267,12_1.5_300
brain ICF,4.9,0.0896884827914311,12_1.5_300
brain ICF,5,0.0793883402620439,12_1.5_300
brain ICF,5.1,0.0699224592171641,12_1.5_300
brain ICF,5.2,0.0612939619338852,12_1.5_300
brain ICF,5.3,0.0534928704012775,12_1.5_300
brain ICF,5.4,0.0464961165631074,12_1.5_300
brain ICF,5.5,0.0402685510428381,12_1.5_300
brain ICF,5.6,0.0347648502025606,12_1.5_300
brain ICF,5.7,0.0299320611419877,12_1.5_300
brain ICF,5.8,0.0257124316755148,12_1.5_300
brain ICF,5.9,0.0220461701423795,12_1.5_300
brain ICF,6,0.0188738552545348,12_1.5_300
brain ICF,6.1,0.0161383321794228,12_1.5_300
brain ICF,6.2,0.0137860467062005,12_1.5_300
brain ICF,6.3,0.0117678570988729,12_1.5_300
brain ICF,6.4,0.0100394135443114,12_1.5_300
brain ICF,6.5,0.00856121222152551,12_1.5_300
brain ICF,6.6,0.00729842570947486,12_1.5_300
brain ICF,6.7,0.00622059464815554,12_1.5_300
brain ICF,6.8,0.00530124531914739,12_1.5_300
brain ICF,6.9,0.00451747886087374,12_1.5_300
brain ICF,7,0.00384956228514693,12_1.5_300
brain ICF,7.1,0.00328053972877387,12_1.5_300
brain ICF,7.2,0.00279587404601188,12_1.5_300
brain ICF,7.3,0.00238312327933213,12_1.5_300
brain ICF,7.4,0.00203165292054981,12_1.5_300
brain ICF,7.5,0.00173238280519438,12_1.5_300
brain ICF,7.6,0.00147756621958372,12_1.5_300
brain ICF,7.7,0.0012605982757595,12_1.5_300
brain ICF,7.8,0.00107585041456154,12_1.5_300
brain ICF,7.9,0.000918527965251191,12_1.5_300
brain ICF,8,0.000784547858056309,12_1.5_300
brain ICF,8.1,0.000670433855496731,12_1.5_300
brain ICF,8.2,0.000573226926321404,12_1.5_300
brain ICF,8.3,0.000490408667322556,12_1.5_300
brain ICF,8.4,0.000419835934671063,12_1.5_300
brain ICF,8.5,0.000359685088245895,12_1.5_300
brain ICF,8.6,0.000308404454667288,12_1.5_300
brain ICF,8.7,0.000264673832779344,12_1.5_300
brain ICF,8.8,0.000227369990155883,12_1.5_300
brain ICF,8.9,0.000195537295576793,12_1.5_300
brain ICF,9,0.000168362705067368,12_1.5_300
brain ICF,9.1,0.000145154486128579,12_1.5_300
brain ICF,9.2,0.000125324101883252,12_1.5_300
brain ICF,9.3,0.000108370800305625,12_1.5_300
brain ICF,9.4,9.38685074002494e-05,12_1.5_300
brain ICF,9.5,8.14546643712293e-05,12_1.5_300
brain ICF,9.6,7.08207495980628e-05,12_1.5_300
brain ICF,9.7,6.17042006551747e-05,12_1.5_300
brain ICF,9.8,5.38815523033878e-05,12_1.5_300
brain ICF,9.9,4.71625935969029e-05,12_1.5_300
brain ICF,10,4.13854065039912e-05,12_1.5_300
sCSF,0,0,12_1.5_300
sCSF,0.1,0.000476688895480151,12_1.5_300
sCSF,0.2,0.00445789741893077,12_1.5_300
sCSF,0.3,0.0149564934364856,12_1.5_300
sCSF,0.4,0.0319207368784789,12_1.5_300
sCSF,0.5,0.0523378085256775,12_1.5_300
sCSF,0.6,0.0743318665942802,12_1.5_300
sCSF,0.7,0.0970070688920685,12_1.5_300
sCSF,0.8,0.119857476602258,12_1.5_300
sCSF,0.9,0.142537702874566,12_1.5_300
sCSF,1,0.164785721767154,12_1.5_300
sCSF,1.1,0.186394795707481,12_1.5_300
sCSF,1.2,0.207200724304861,12_1.5_300
sCSF,1.3,0.227074192841054,12_1.5_300
sCSF,1.4,0.245915148547151,12_1.5_300
sCSF,1.5,0.263648240085827,12_1.5_300
sCSF,1.6,0.280218977191871,12_1.5_300
sCSF,1.7,0.295590455669524,12_1.5_300
sCSF,1.8,0.309740554649162,12_1.5_300
sCSF,1.9,0.32265953723148,12_1.5_300
sCSF,2,0.334347998251816,12_1.5_300
sCSF,2.1,0.344815111436035,12_1.5_300
sCSF,2.2,0.354077134960596,12_1.5_300
sCSF,2.3,0.362156140086488,12_1.5_300
sCSF,2.4,0.369078932396369,12_1.5_300
sCSF,2.5,0.374876139361652,12_1.5_300
sCSF,2.6,0.379581441602441,12_1.5_300
sCSF,2.7,0.383230928348216,12_1.5_300
sCSF,2.8,0.385862560334634,12_1.5_300
sCSF,2.9,0.387515725725514,12_1.5_300
sCSF,3,0.388230876685051,12_1.5_300
sCSF,3.1,0.388049235975944,12_1.5_300
sCSF,3.2,0.387012564458101,12_1.5_300
sCSF,3.3,0.385162981634385,12_1.5_300
sCSF,3.4,0.382542832446693,12_1.5_300
sCSF,3.5,0.379194594382904,12_1.5_300
sCSF,3.6,0.375160819602886,12_1.5_300
sCSF,3.7,0.370484107228499,12_1.5_300
sCSF,3.8,0.365207101142849,12_1.5_300
sCSF,3.9,0.359372508581364,12_1.5_300
sCSF,4,0.353023134430193,12_1.5_300
sCSF,4.1,0.346201925442464,12_1.5_300
sCSF,4.2,0.338952017504451,12_1.5_300
sCSF,4.3,0.331316777635294,12_1.5_300
sCSF,4.4,0.323339830637187,12_1.5_300
sCSF,4.5,0.315065058426167,12_1.5_300
sCSF,4.6,0.306536558342829,12_1.5_300
sCSF,4.7,0.297798545765938,12_1.5_300
sCSF,4.8,0.288895186837875,12_1.5_300
sCSF,4.9,0.279870349962125,12_1.5_300
sCSF,5,0.270767270721314,12_1.5_300
sCSF,5.1,0.261628134283521,12_1.5_300
sCSF,5.2,0.252493591520924,12_1.5_300
sCSF,5.3,0.243402238110062,12_1.5_300
sCSF,5.4,0.234390096603508,12_1.5_300
sCSF,5.5,0.225490146718608,12_1.5_300
sCSF,5.6,0.216731946423033,12_1.5_300
sCSF,5.7,0.208141375789214,12_1.5_300
sCSF,5.8,0.199740519458537,12_1.5_300
sCSF,5.9,0.191547685973437,12_1.5_300
sCSF,6,0.183577547337005,12_1.5_300
sCSF,6.1,0.175841372553121,12_1.5_300
sCSF,6.2,0.168347325300696,12_1.5_300
sCSF,6.3,0.161100797259758,12_1.5_300
sCSF,6.4,0.154104753104502,12_1.5_300
sCSF,6.5,0.147360068998433,12_1.5_300
sCSF,6.6,0.14086585219473,12_1.5_300
sCSF,6.7,0.134619734288704,12_1.5_300
sCSF,6.8,0.128618134493819,12_1.5_300
sCSF,6.9,0.122856492036288,12_1.5_300
sCSF,7,0.1173294685482,12_1.5_300
sCSF,7.1,0.112031122416089,12_1.5_300
sCSF,7.2,0.106955057601171,12_1.5_300
sCSF,7.3,0.102094549646934,12_1.5_300
sCSF,7.4,0.0974426516068587,12_1.5_300
sCSF,7.5,0.0929922824611222,12_1.5_300
sCSF,7.6,0.0887363004036307,12_1.5_300
sCSF,7.7,0.0846675631329052,12_1.5_300
sCSF,7.8,0.080778977042303,12_1.5_300
sCSF,7.9,0.0770635369671716,12_1.5_300
sCSF,8,0.0735143579370415,12_1.5_300
sCSF,8.1,0.0701247001766758,12_1.5_300
sCSF,8.2,0.0668879884312373,12_1.5_300
sCSF,8.3,0.0637978265338395,12_1.5_300
sCSF,8.4,0.060848007999504,12_1.5_300
sCSF,8.5,0.0580325233156412,12_1.5_300
sCSF,8.6,0.0553455644946531,12_1.5_300
sCSF,8.7,0.0527815273727569,12_1.5_300
sCSF,8.8,0.0503350120598647,12_1.5_300
sCSF,8.9,0.0480008218879806,12_1.5_300
sCSF,9,0.0457739611449009,12_1.5_300
sCSF,9.1,0.0436496318403613,12_1.5_300
sCSF,9.2,0.0416232297081912,12_1.5_300
sCSF,9.3,0.0396903396166952,12_1.5_300
sCSF,9.4,0.0378467305312108,12_1.5_300
sCSF,9.5,0.0360883501475969,12_1.5_300
sCSF,9.6,0.0344113192972401,12_1.5_300
sCSF,9.7,0.0328119262046829,12_1.5_300
sCSF,9.8,0.0312866206662974,12_1.5_300
sCSF,9.9,0.0298320082051013,12_1.5_300
sCSF,10,0.0284448442470923,12_1.5_300
brain ECF,0,0,12_7.5_250
brain ECF,0.1,0.0349002419027504,12_7.5_250
brain ECF,0.2,0.150302764947319,12_7.5_250
brain ECF,0.3,0.315559848036014,12_7.5_250
brain ECF,0.4,0.434992960801605,12_7.5_250
brain ECF,0.5,0.502431637052826,12_7.5_250
brain ECF,0.6,0.545652351964868,12_7.5_250
brain ECF,0.7,0.576301868222266,12_7.5_250
brain ECF,0.8,0.598697635839214,12_7.5_250
brain ECF,0.9,0.614732476500035,12_7.5_250
brain ECF,1,0.625497874253925,12_7.5_250
brain ECF,1.1,0.631779921394736,12_7.5_250
brain ECF,1.2,0.634213602451362,12_7.5_250
brain ECF,1.3,0.633335899386952,12_7.5_250
brain ECF,1.4,0.62960845418973,12_7.5_250
brain ECF,1.5,0.623430466063558,12_7.5_250
brain ECF,1.6,0.61514793041924,12_7.5_250
brain ECF,1.7,0.605061092542354,12_7.5_250
brain ECF,1.8,0.59343075154014,12_7.5_250
brain ECF,1.9,0.580483681529701,12_7.5_250
brain ECF,2,0.566417320542166,12_7.5_250
brain ECF,2.1,0.551403834893761,12_7.5_250
brain ECF,2.2,0.535593646289279,12_7.5_250
brain ECF,2.3,0.519118495762476,12_7.5_250
brain ECF,2.4,0.502094108392847,12_7.5_250
brain ECF,2.5,0.484622514226016,12_7.5_250
brain ECF,2.6,0.466794073513936,12_7.5_250
brain ECF,2.7,0.448689248042394,12_7.5_250
brain ECF,2.8,0.430380154788988,12_7.5_250
brain ECF,2.9,0.411931933311878,12_7.5_250
brain ECF,3,0.393403953997868,12_7.5_250
brain ECF,3.1,0.374850890468963,12_7.5_250
brain ECF,3.2,0.356323675939139,12_7.5_250
brain ECF,3.3,0.337870359996478,12_7.5_250
brain ECF,3.4,0.319536879010711,12_7.5_250
brain ECF,3.5,0.301367749963576,12_7.5_250
brain ECF,3.6,0.283406693784503,12_7.5_250
brain ECF,3.7,0.265697190023581,12_7.5_250
brain ECF,3.8,0.248282959682394,12_7.5_250
brain ECF,3.9,0.231208367024093,12_7.5_250
brain ECF,4,0.214518724054386,12_7.5_250
brain ECF,4.1,0.198260473104033,12_7.5_250
brain ECF,4.2,0.182481213916265,12_7.5_250
brain ECF,4.3,0.167229532766663,12_7.5_250
brain ECF,4.4,0.152554584124717,12_7.5_250
brain ECF,4.5,0.138505373588916,12_7.5_250
brain ECF,4.6,0.125129697807607,12_7.5_250
brain ECF,4.7,0.112472718971932,12_7.5_250
brain ECF,4.8,0.100575192281722,12_7.5_250
brain ECF,4.9,0.0894714265654518,12_7.5_250
brain ECF,5,0.0791871358610857,12_7.5_250
brain ECF,5.1,0.0697374181063589,12_7.5_250
brain ECF,5.2,0.0611251512150872,12_7.5_250
brain ECF,5.3,0.0533400967202325,12_7.5_250
brain ECF,5.4,0.0463589285444295,12_7.5_250
brain ECF,5.5,0.0401462613239345,12_7.5_250
brain ECF,5.6,0.0346565746278959,12_7.5_250
brain ECF,5.7,0.0298367697014793,12_7.5_250
brain ECF,5.8,0.0256290041723617,12_7.5_250
brain ECF,5.9,0.0219734497564186,12_7.5_250
brain ECF,6,0.0188106948054437,12_7.5_250
brain ECF,6.1,0.0160836301599837,12_7.5_250
brain ECF,6.2,0.0137387723695038,12_7.5_250
brain ECF,6.3,0.0117270655178591,12_7.5_250
brain ECF,6.4,0.0100042524489049,12_7.5_250
brain ECF,6.5,0.00853092269402967,12_7.5_250
brain ECF,6.6,0.00727233869275099,12_7.5_250
brain ECF,6.7,0.00619812487752525,12_7.5_250
brain ECF,6.8,0.00528188389739154,12_7.5_250
brain ECF,6.9,0.00450078533520069,12_7.5_250
brain ECF,7,0.00383515678770908,12_7.5_250
brain ECF,7.1,0.00326809552443709,12_7.5_250
brain ECF,7.2,0.00278511067315735,12_7.5_250
brain ECF,7.3,0.00237380036453742,12_7.5_250
brain ECF,7.4,0.00202356467699978,12_7.5_250
brain ECF,7.5,0.00172535320387265,12_7.5_250
brain ECF,7.6,0.00147144476946646,12_7.5_250
brain ECF,7.7,0.00125525636627415,12_7.5_250
brain ECF,7.8,0.0010711781574534,12_7.5_250
brain ECF,7.9,0.000914431474239127,12_7.5_250
brain ECF,8,0.000780946915604747,12_7.5_250
brain ECF,8.1,0.000667259911163887,12_7.5_250
brain ECF,8.2,0.000570421385757547,12_7.5_250
brain ECF,8.3,0.000487921428426812,12_7.5_250
brain ECF,8.4,0.000417624140388608,12_7.5_250
brain ECF,8.5,0.000357712056097171,12_7.5_250
brain ECF,8.6,0.000306638774943283,12_7.5_250
brain ECF,8.7,0.000263088584327588,12_7.5_250
brain ECF,8.8,0.000225942087534188,12_7.5_250
brain ECF,8.9,0.00019424691889616,12_7.5_250
brain ECF,9,0.00016719282811579,12_7.5_250
brain ECF,9.1,0.000144090462146373,12_7.5_250
brain ECF,9.2,0.0001243533163915,12_7.5_250
brain ECF,9.3,0.000107482376579728,12_7.5_250
brain ECF,9.4,9.30530503826456e-05,12_7.5_250
brain ECF,9.5,8.07040513067501e-05,12_7.5_250
brain ECF,9.6,7.01279409802293e-05,12_7.5_250
brain ECF,9.7,6.10630857405755e-05,12_7.5_250
brain ECF,9.8,5.32868165175154e-05,12_7.5_250
brain ECF,9.9,4.66096051042977e-05,12_7.5_250
brain ECF,10,4.08701195970865e-05,12_7.5_250
brain ICF,0,0,12_7.5_250
brain ICF,0.1,0.0346825264087594,12_7.5_250
brain ICF,0.2,0.149893643251464,12_7.5_250
brain ICF,0.3,0.315124898122364,12_7.5_250
brain ICF,0.4,0.434750492205223,12_7.5_250
brain ICF,0.5,0.502286217858267,12_7.5_250
brain ICF,0.6,0.545552758721042,12_7.5_250
brain ICF,0.7,0.576229400430858,12_7.5_250
brain ICF,0.8,0.598644880422519,12_7.5_250
brain ICF,0.9,0.614695661794743,12_7.5_250
brain ICF,1,0.625474507318906,12_7.5_250
brain ICF,1.1,0.631768066682898,12_7.5_250
brain ICF,1.2,0.634211647512047,12_7.5_250
brain ICF,1.3,0.633342465342129,12_7.5_250
brain ICF,1.4,0.629622350966368,12_7.5_250
brain ICF,1.5,0.623450663047857,12_7.5_250
brain ICF,1.6,0.615173533731497,12_7.5_250
brain ICF,1.7,0.605091326110095,12_7.5_250
brain ICF,1.8,0.59346494090795,12_7.5_250
brain ICF,1.9,0.580521239882038,12_7.5_250
brain ICF,2,0.566457736597231,12_7.5_250
brain ICF,2.1,0.55144666240294,12_7.5_250
brain ICF,2.2,0.535638494920067,12_7.5_250
brain ICF,2.3,0.519165023174229,12_7.5_250
brain ICF,2.4,0.502142013340286,12_7.5_250
brain ICF,2.5,0.484671530547244,12_7.5_250
brain ICF,2.6,0.46684396487862,12_7.5_250
brain ICF,2.7,0.448739803352171,12_7.5_250
brain ICF,2.8,0.430431184136499,12_7.5_250
brain ICF,2.9,0.4119832644174,12_7.5_250
brain ICF,3,0.393455429053748,12_7.5_250
brain ICF,3.1,0.374902363332138,12_7.5_250
brain ICF,3.2,0.356375009621459,12_7.5_250
brain ICF,3.3,0.337921424411616,12_7.5_250
brain ICF,3.4,0.319587548945616,12_7.5_250
brain ICF,3.5,0.301417903252221,12_7.5_250
brain ICF,3.6,0.283456209672609,12_7.5_250
brain ICF,3.7,0.265745947725753,12_7.5_250
brain ICF,3.8,0.24833083714825,12_7.5_250
brain ICF,3.9,0.231255239948169,12_7.5_250
brain ICF,4,0.214564465185981,12_7.5_250
brain ICF,4.1,0.198304951937424,12_7.5_250
brain ICF,4.2,0.182524296867179,12_7.5_250
brain ICF,4.3,0.167271083963949,12_7.5_250
brain ICF,4.4,0.152594466960256,12_7.5_250
brain ICF,4.5,0.13854345316384,12_7.5_250
brain ICF,4.6,0.125165844375377,12_7.5_250
brain ICF,4.7,0.112506812393909,12_7.5_250
brain ICF,4.8,0.100607127368241,12_7.5_250
brain ICF,4.9,0.0895011189776421,12_7.5_250
brain ICF,5,0.0792145280227365,12_7.5_250
brain ICF,5.1,0.0697624843776926,12_7.5_250
brain ICF,5.2,0.0611479014921906,12_7.5_250
brain ICF,5.3,0.0533605777189057,12_7.5_250
brain ICF,5.4,0.0463772223355277,12_7.5_250
brain ICF,5.5,0.0401624811543887,12_7.5_250
brain ICF,5.6,0.0346708585572117,12_7.5_250
brain ICF,5.7,0.0298492729505868,12_7.5_250
brain ICF,5.8,0.0256398912112596,12_7.5_250
brain ICF,5.9,0.0219828870380476,12_7.5_250
brain ICF,6,0.018818844765134,12_7.5_250
brain ICF,6.1,0.0160906467606712,12_7.5_250
brain ICF,6.2,0.013744798183137,12_7.5_250
brain ICF,6.3,0.0117322301428486,12_7.5_250
brain ICF,6.4,0.0100086719758808,12_7.5_250
brain ICF,6.5,0.008534699922397,12_7.5_250
brain ICF,6.6,0.00727556383664746,12_7.5_250
brain ICF,6.7,0.00620087655424351,12_7.5_250
brain ICF,6.8,0.00528423024738704,12_7.5_250
brain ICF,6.9,0.00450278517094306,12_7.5_250
brain ICF,7,0.00383686070629264,12_7.5_250
brain ICF,7.1,0.00326954694624518,12_7.5_250
brain ICF,7.2,0.00278634678762412,12_7.5_250
brain ICF,7.3,0.00237485297653418,12_7.5_250
brain ICF,7.4,0.00202446095471347,12_7.5_250
brain ICF,7.5,0.00172611633369612,12_7.5_250
brain ICF,7.6,0.00147209452552677,12_7.5_250
brain ICF,7.7,0.0012558096032252,12_7.5_250
brain ICF,7.8,0.00107164923523443,12_7.5_250
brain ICF,7.9,0.000914832623120629,12_7.5_250
brain ICF,8,0.000781288549212922,12_7.5_250
brain ICF,8.1,0.000667550894431955,12_7.5_250
brain ICF,8.2,0.000570669263986416,12_7.5_250
brain ICF,8.3,0.000488132622892451,12_7.5_250
brain ICF,8.4,0.00041780411524133,12_7.5_250
brain ICF,8.5,0.000357865460690797,12_7.5_250
brain ICF,8.6,0.000306769565106808,12_7.5_250
brain ICF,8.7,0.000263200125697693,12_7.5_250
brain ICF,8.8,0.000226037243554411,12_7.5_250
brain ICF,8.9,0.000194328125720402,12_7.5_250
brain ICF,9,0.000167262158373418,12_7.5_250
brain ICF,9.1,0.000144149679232765,12_7.5_250
brain ICF,9.2,0.000124403920623343,12_7.5_250
brain ICF,9.3,0.000107525644496614,12_7.5_250
brain ICF,9.4,9.30900681599698e-05,12_7.5_250
brain ICF,9.5,8.07357432096507e-05,12_7.5_250
brain ICF,9.6,7.01550935374043e-05,12_7.5_250
brain ICF,9.7,6.10863683197526e-05,12_7.5_250
brain ICF,9.8,5.33067988338948e-05,12_7.5_250
brain ICF,9.9,4.66267720932639e-05,12_7.5_250
brain ICF,10,4.0884884080784e-05,12_7.5_250
sCSF,0,0,12_7.5_250
sCSF,0.1,0.000506245090813453,12_7.5_250
sCSF,0.2,0.00461033013783414,12_7.5_250
sCSF,0.3,0.0153020375809871,12_7.5_250
sCSF,0.4,0.0324233818541935,12_7.5_250
sCSF,0.5,0.0529218938249669,12_7.5_250
sCSF,0.6,0.074954665286056,12_7.5_250
sCSF,0.7,0.0976468646875067,12_7.5_250
sCSF,0.8,0.120501372362238,12_7.5_250
sCSF,0.9,0.143176653940966,12_7.5_250
sCSF,1,0.165412781756553,12_7.5_250
sCSF,1.1,0.187004451169665,12_7.5_250
sCSF,1.2,0.207788579291959,12_7.5_250
sCSF,1.3,0.227636773079042,12_7.5_250
sCSF,1.4,0.246449754853611,12_7.5_250
sCSF,1.5,0.264152828595018,12_7.5_250
sCSF,1.6,0.280692058201716,12_7.5_250
sCSF,1.7,0.296031007277784,12_7.5_250
sCSF,1.8,0.310147948799014,12_7.5_250
sCSF,1.9,0.323033476375092,12_7.5_250
sCSF,2,0.33468846115636,12_7.5_250
sCSF,2.1,0.345122306880038,12_7.5_250
sCSF,2.2,0.354351462242027,12_7.5_250
sCSF,2.3,0.362398155414674,12_7.5_250
sCSF,2.4,0.369289320366117,12_7.5_250
sCSF,2.5,0.375055688819792,12_7.5_250
sCSF,2.6,0.379731025310721,12_7.5_250
sCSF,2.7,0.383351485931605,12_7.5_250
sCSF,2.8,0.385955084073524,12_7.5_250
sCSF,2.9,0.387581248814008,12_7.5_250
sCSF,3,0.388270463630102,12_7.5_250
sCSF,3.1,0.388063974858188,12_7.5_250
sCSF,3.2,0.387003560815103,12_7.5_250
sCSF,3.3,0.385131353759324,12_7.5_250
sCSF,3.4,0.382489707923737,12_7.5_250
sCSF,3.5,0.379121107701736,12_7.5_250
sCSF,3.6,0.375068110711617,12_7.5_250
sCSF,3.7,0.370373320894079,12_7.5_250
sCSF,3.8,0.365079386991412,12_7.5_250
sCSF,3.9,0.359229021686751,12_7.5_250
sCSF,4,0.352865036306475,12_7.5_250
sCSF,4.1,0.346030385273348,12_7.5_250
sCSF,4.2,0.338768213409003,12_7.5_250
sCSF,4.3,0.331121897727033,12_7.5_250
sCSF,4.4,0.32313507358124,12_7.5_250
sCSF,4.5,0.314851633146374,12_7.5_250
sCSF,4.6,0.306315682486373,12_7.5_250
sCSF,4.7,0.297571442511419,12_7.5_250
sCSF,4.8,0.288663079661269,12_7.5_250
sCSF,4.9,0.279634455073958,12_7.5_250
sCSF,5,0.270528787077583,12_7.5_250
sCSF,5.1,0.26138823135854,12_7.5_250
sCSF,5.2,0.252253395379434,12_7.5_250
sCSF,5.3,0.243162816673306,12_7.5_250
sCSF,5.4,0.234152445271997,12_7.5_250
sCSF,5.5,0.225255175611826,12_7.5_250
sCSF,5.6,0.216500470366764,12_7.5_250
sCSF,5.7,0.207914107843486,12_7.5_250
sCSF,5.8,0.199518068312099,12_7.5_250
sCSF,5.9,0.191330557059004,12_7.5_250
sCSF,6,0.183366147128844,12_7.5_250
sCSF,6.1,0.175636015295136,12_7.5_250
sCSF,6.2,0.168148241341101,12_7.5_250
sCSF,6.3,0.16090814222986,12_7.5_250
sCSF,6.4,0.153918617315825,12_7.5_250
sCSF,6.5,0.147180486592844,12_7.5_250
sCSF,6.6,0.140692809737395,12_7.5_250
sCSF,6.7,0.134453178622227,12_7.5_250
sCSF,6.8,0.1284579797703,12_7.5_250
sCSF,6.9,0.122702625913467,12_7.5_250
sCSF,7,0.117181757579932,12_7.5_250
sCSF,7.1,0.111889416692327,12_7.5_250
sCSF,7.2,0.106819194709368,12_7.5_250
sCSF,7.3,0.10196435802525,12_7.5_250
sCSF,7.4,0.0973179533690589,12_7.5_250
sCSF,7.5,0.0928728957524897,12_7.5_250
sCSF,7.6,0.0886220413597111,12_7.5_250
sCSF,7.7,0.0845582474929013,12_7.5_250
sCSF,7.8,0.0806744214685629,12_7.5_250
sCSF,7.9,0.0769635601155792,12_7.5_250
sCSF,8,0.0734187813145751,12_7.5_250
sCSF,8.1,0.0700333488210384,12_7.5_250
sCSF,8.2,0.0668006914392134,12_7.5_250
sCSF,8.3,0.0637144174637532,12_7.5_250
sCSF,8.4,0.0607683251679177,12_7.5_250
sCSF,8.5,0.057956410005977,12_7.5_250
sCSF,8.6,0.0552728690931916,12_7.5_250
sCSF,8.7,0.0527121034438052,12_7.5_250
sCSF,8.8,0.0502687183722778,12_7.5_250
sCSF,8.9,0.0479375223999509,12_7.5_250
sCSF,9,0.0457135249575206,12_7.5_250
sCSF,9.1,0.0435919331239613,12_7.5_250
sCSF,9.2,0.0415681476080821,12_7.5_250
sCSF,9.3,0.0396377581426996,12_7.5_250
sCSF,9.4,0.0377965384346205,12_7.5_250
sCSF,9.5,0.0360404407892826,12_7.5_250
sCSF,9.6,0.0343655905085294,12_7.5_250
sCSF,9.7,0.0327682801442321,12_7.5_250
sCSF,9.8,0.0312449636741427,12_7.5_250
sCSF,9.9,0.0297922506557291,12_7.5_250
sCSF,10,0.0284069004025334,12_7.5_250
brain ECF,0,0,12_7.5_300
brain ECF,0.1,0.0348897348159768,12_7.5_300
brain ECF,0.2,0.150294021409702,12_7.5_300
brain ECF,0.3,0.31556182823176,12_7.5_300
brain ECF,0.4,0.435000897870771,12_7.5_300
brain ECF,0.5,0.502435985148259,12_7.5_300
brain ECF,0.6,0.545654519782476,12_7.5_300
brain ECF,0.7,0.576303166941766,12_7.5_300
brain ECF,0.8,0.598698578674416,12_7.5_300
brain ECF,0.9,0.614733237646906,12_7.5_300
brain ECF,1,0.625498515849837,12_7.5_300
brain ECF,1.1,0.631780470468878,12_7.5_300
brain ECF,1.2,0.634214074553474,12_7.5_300
brain ECF,1.3,0.633336305698319,12_7.5_300
brain ECF,1.4,0.629608803726339,12_7.5_300
brain ECF,1.5,0.623430766433057,12_7.5_300
brain ECF,1.6,0.615148188142709,12_7.5_300
brain ECF,1.7,0.60506131323743,12_7.5_300
brain ECF,1.8,0.593430940051969,12_7.5_300
brain ECF,1.9,0.580483842036658,12_7.5_300
brain ECF,2,0.566417456645185,12_7.5_300
brain ECF,2.1,0.551403949692832,12_7.5_300
brain ECF,2.2,0.535593742449448,12_7.5_300
brain ECF,2.3,0.5191185755707,12_7.5_300
brain ECF,2.4,0.502094173807023,12_7.5_300
brain ECF,2.5,0.484622566917064,12_7.5_300
brain ECF,2.6,0.466794114902122,12_7.5_300
brain ECF,2.7,0.448689279328318,12_7.5_300
brain ECF,2.8,0.430380176980252,12_7.5_300
brain ECF,2.9,0.411931947245827,12_7.5_300
brain ECF,3,0.393403960360999,12_7.5_300
brain ECF,3.1,0.374850889813564,12_7.5_300
brain ECF,3.2,0.356323668697384,12_7.5_300
brain ECF,3.3,0.337870346492805,12_7.5_300
brain ECF,3.4,0.319536859472434,12_7.5_300
brain ECF,3.5,0.301367724530675,12_7.5_300
brain ECF,3.6,0.283406662518824,12_7.5_300
brain ECF,3.7,0.2656971529182,12_7.5_300
brain ECF,3.8,0.248282916671852,12_7.5_300
brain ECF,3.9,0.231208317996335,12_7.5_300
brain ECF,4,0.214518668865817,12_7.5_300
brain ECF,4.1,0.19826041159806,12_7.5_300
brain ECF,4.2,0.182481145947351,12_7.5_300
brain ECF,4.3,0.167229458231125,12_7.5_300
brain ECF,4.4,0.152554502997491,12_7.5_300
brain ECF,4.5,0.138505285967416,12_7.5_300
brain ECF,4.6,0.125129603960244,12_7.5_300
brain ECF,4.7,0.112472619386238,12_7.5_300
brain ECF,4.8,0.100575087705946,12_7.5_300
brain ECF,4.9,0.0894713180331449,12_7.5_300
brain ECF,5,0.0791870246886637,12_7.5_300
brain ECF,5.1,0.0697373058523589,12_7.5_300
brain ECF,5.2,0.0611250396023207,12_7.5_300
brain ECF,5.3,0.0533399875197332,12_7.5_300
brain ECF,5.4,0.0463588234458773,12_7.5_300
brain ECF,5.5,0.0401461618021701,12_7.5_300
brain ECF,5.6,0.034656481846058,12_7.5_300
brain ECF,5.7,0.0298366844522701,12_7.5_300
brain ECF,5.8,0.0256289268695491,12_7.5_300
brain ECF,5.9,0.0219733804690056,12_7.5_300
brain ECF,6,0.0188106333200095,12_7.5_300
brain ECF,6.1,0.016083576055116,12_7.5_300
brain ECF,6.2,0.0137387250889746,12_7.5_300
brain ECF,6.3,0.0117270244336224,12_7.5_300
brain ECF,6.4,0.010004216910363,12_7.5_300
brain ECF,6.5,0.00853089206308259,12_7.5_300
brain ECF,6.6,0.00727231236648118,12_7.5_300
brain ECF,6.7,0.00619810230121283,12_7.5_300
brain ECF,6.8,0.00528186457042819,12_7.5_300
brain ECF,6.9,0.00450076881222023,12_7.5_300
brain ECF,7,0.00383514267668457,12_7.5_300
brain ECF,7.1,0.00326808348305502,12_7.5_300
brain ECF,7.2,0.00278510040429711,12_7.5_300
brain ECF,7.3,0.00237379161150039,12_7.5_300
brain ECF,7.4,0.00202355721878052,12_7.5_300
brain ECF,7.5,0.00172534685071693,12_7.5_300
brain ECF,7.6,0.00147143935875482,12_7.5_300
brain ECF,7.7,0.00125525175890085,12_7.5_300
brain ECF,7.8,0.00107117423454008,12_7.5_300
brain ECF,7.9,0.000914428134319901,12_7.5_300
brain ECF,8,0.000780944072117644,12_7.5_300
brain ECF,8.1,0.000667257490322151,12_7.5_300
brain ECF,8.2,0.000570419324684843,12_7.5_300
brain ECF,8.3,0.000487919673566717,12_7.5_300
brain ECF,8.4,0.000417622646024909,12_7.5_300
brain ECF,8.5,0.000357710784555168,12_7.5_300
brain ECF,8.6,0.000306637690952899,12_7.5_300
brain ECF,8.7,0.00026308766032956,12_7.5_300
brain ECF,8.8,0.000225941300792873,12_7.5_300
brain ECF,8.9,0.000194246249163644,12_7.5_300
brain ECF,9,0.000167192257117834,12_7.5_300
brain ECF,9.1,0.000144089974313649,12_7.5_300
brain ECF,9.2,0.000124352900069797,12_7.5_300
brain ECF,9.3,0.00010748202238067,12_7.5_300
brain ECF,9.4,9.30527492058339e-05,12_7.5_300
brain ECF,9.5,8.07037943466235e-05,12_7.5_300
brain ECF,9.6,7.01277209254407e-05,12_7.5_300
brain ECF,9.7,6.10628977851024e-05,12_7.5_300
brain ECF,9.8,5.32866549004662e-05,12_7.5_300
brain ECF,9.9,4.66094665998483e-05,12_7.5_300
brain ECF,10,4.08700013193559e-05,12_7.5_300
brain ICF,0,0,12_7.5_300
brain ICF,0.1,0.0347082197641361,12_7.5_300
brain ICF,0.2,0.149953019601806,12_7.5_300
brain ICF,0.3,0.315199404079319,12_7.5_300
brain ICF,0.4,0.43479890159769,12_7.5_300
brain ICF,0.5,0.502314834230399,12_7.5_300
brain ICF,0.6,0.545571541450999,12_7.5_300
brain ICF,0.7,0.57624278699085,12_7.5_300
brain ICF,0.8,0.598654623129766,12_7.5_300
brain ICF,0.9,0.614702564669422,12_7.5_300
brain ICF,1,0.62547904842892,12_7.5_300
brain ICF,1.1,0.63177059584677,12_7.5_300
brain ICF,1.2,0.634212449139269,12_7.5_300
brain ICF,1.3,0.633341780513568,12_7.5_300
brain ICF,1.4,0.629620387113936,12_7.5_300
brain ICF,1.5,0.623447599607773,12_7.5_300
brain ICF,1.6,0.615169526255935,12_7.5_300
brain ICF,1.7,0.605086509606175,12_7.5_300
brain ICF,1.8,0.593459432668065,12_7.5_300
brain ICF,1.9,0.580515141919933,12_7.5_300
brain ICF,2,0.566451137755719,12_7.5_300
brain ICF,2.1,0.551439640181091,12_7.5_300
brain ICF,2.2,0.535631117059243,12_7.5_300
brain ICF,2.3,0.519157349036091,12_7.5_300
brain ICF,2.4,0.50213409510562,12_7.5_300
brain ICF,2.5,0.484663414260374,12_7.5_300
brain ICF,2.6,0.466835691359321,12_7.5_300
brain ICF,2.7,0.448731408993496,12_7.5_300
brain ICF,2.8,0.43042270160515,12_7.5_300
brain ICF,2.9,0.411974723270544,12_7.5_300
brain ICF,3,0.393446856284505,12_7.5_300
brain ICF,3.1,0.374893783854264,12_7.5_300
brain ICF,3.2,0.35636644670183,12_7.5_300
brain ICF,3.3,0.337912900058218,12_7.5_300
brain ICF,3.4,0.319579084256333,12_7.5_300
brain ICF,3.5,0.301409518729077,12_7.5_300
brain ICF,3.6,0.283447925503591,12_7.5_300
brain ICF,3.7,0.265737784034718,12_7.5_300
brain ICF,3.8,0.248322814210898,12_7.5_300
brain ICF,3.9,0.231247378369091,12_7.5_300
brain ICF,4,0.214556786028863,12_7.5_300
brain ICF,4.1,0.198297476795377,12_7.5_300
brain ICF,4.2,0.182517047857572,12_7.5_300
brain ICF,4.3,0.167264083627518,12_7.5_300
brain ICF,4.4,0.152587738039851,12_7.5_300
brain ICF,4.5,0.138537018240936,12_7.5_300
brain ICF,4.6,0.125159725345132,12_7.5_300
brain ICF,4.7,0.112501029771082,12_7.5_300
brain ICF,4.8,0.100601699438922,12_7.5_300
brain ICF,4.9,0.0894960608403851,12_7.5_300
brain ICF,5,0.0792098506007506,12_7.5_300
brain ICF,5.1,0.0697581935154529,12_7.5_300
brain ICF,5.2,0.0611439972770148,12_7.5_300
brain ICF,5.3,0.0533570541499874,12_7.5_300
brain ICF,5.4,0.0463740674374042,12_7.5_300
brain ICF,5.5,0.0401596775389481,12_7.5_300
brain ICF,5.6,0.0346683843866272,12_7.5_300
brain ICF,5.7,0.0298471031533723,12_7.5_300
brain ICF,5.8,0.0256379987924728,12_7.5_300
brain ICF,5.9,0.0219812443247867,12_7.5_300
brain ICF,6,0.0188174244694871,12_7.5_300
brain ICF,6.1,0.0160894227972115,12_7.5_300
brain ICF,6.2,0.0137437462291084,12_7.5_300
brain ICF,6.3,0.0117313279654136,12_7.5_300
brain ICF,6.4,0.0100078995708058,12_7.5_300
brain ICF,6.5,0.00853403951327728,12_7.5_300
brain ICF,6.6,0.00727499978010259,12_7.5_300
brain ICF,6.7,0.00620039518829153,12_7.5_300
brain ICF,6.8,0.00528381971073216,12_7.5_300
brain ICF,6.9,0.00450243521263639,12_7.5_300
brain ICF,7,0.00383656249837691,12_7.5_300
brain ICF,7.1,0.00326929290698801,12_7.5_300
brain ICF,7.2,0.00278613041933406,12_7.5_300
brain ICF,7.3,0.00237466871968704,12_7.5_300
brain ICF,7.4,0.00202430405853968,12_7.5_300
brain ICF,7.5,0.00172598274255504,12_7.5_300
brain ICF,7.6,0.00147198077983666,12_7.5_300
brain ICF,7.7,0.00125571275368126,12_7.5_300
brain ICF,7.8,0.00107156676870378,12_7.5_300
brain ICF,7.9,0.000914762398964064,12_7.5_300
brain ICF,8,0.000781228744586102,12_7.5_300
brain ICF,8.1,0.000667499957481322,12_7.5_300
brain ICF,8.2,0.000570625873793064,12_7.5_300
brain ICF,8.3,0.000488095655267895,12_7.5_300
brain ICF,8.4,0.000417772613420994,12_7.5_300
brain ICF,8.5,0.000357838611802544,12_7.5_300
brain ICF,8.6,0.000306746674321257,12_7.5_300
brain ICF,8.7,0.000263180604289891,12_7.5_300
brain ICF,8.8,0.000226020591361465,12_7.5_300
brain ICF,8.9,0.000194313916308275,12_7.5_300
brain ICF,9,0.000167250027904001,12_7.5_300
brain ICF,9.1,0.0001441393181135,12_7.5_300
brain ICF,9.2,0.000124395067048998,12_7.5_300
brain ICF,9.3,0.000107518076233865,12_7.5_300
brain ICF,9.4,9.30835950205185e-05,12_7.5_300
brain ICF,9.5,8.07302022800442e-05,12_7.5_300
brain ICF,9.6,7.01503463615869e-05,12_7.5_300
brain ICF,9.7,6.10822984928475e-05,12_7.5_300
brain ICF,9.8,5.33033055993373e-05,12_7.5_300
brain ICF,9.9,4.6623771372915e-05,12_7.5_300
brain ICF,10,4.08823041548241e-05,12_7.5_300
sCSF,0,0,12_7.5_300
sCSF,0.1,0.000505966332907833,12_7.5_300
sCSF,0.2,0.0046096175823664,12_7.5_300
sCSF,0.3,0.015301105205076,12_7.5_300
sCSF,0.4,0.0324228002762578,12_7.5_300
sCSF,0.5,0.0529216153083568,12_7.5_300
sCSF,0.6,0.0749545389731736,12_7.5_300
sCSF,0.7,0.0976468189379269,12_7.5_300
sCSF,0.8,0.120501377954893,12_7.5_300
sCSF,0.9,0.143176697122102,12_7.5_300
sCSF,1,0.165412854238239,12_7.5_300
sCSF,1.1,0.187004546901072,12_7.5_300
sCSF,1.2,0.207788693414204,12_7.5_300
sCSF,1.3,0.227636901545307,12_7.5_300
sCSF,1.4,0.246449894254027,12_7.5_300
sCSF,1.5,0.264152976049523,12_7.5_300
sCSF,1.6,0.280692211280331,12_7.5_300
sCSF,1.7,0.296031163935272,12_7.5_300
sCSF,1.8,0.310148107319558,12_7.5_300
sCSF,1.9,0.323033635324745,12_7.5_300
sCSF,2,0.334688619342048,12_7.5_300
sCSF,2.1,0.345122463314238,12_7.5_300
sCSF,2.2,0.354351616112234,12_7.5_300
sCSF,2.3,0.362398306057056,12_7.5_300
sCSF,2.4,0.369289467242748,12_7.5_300
sCSF,2.5,0.375055831499037,12_7.5_300
sCSF,2.6,0.379731163450202,12_7.5_300
sCSF,2.7,0.383351619263566,12_7.5_300
sCSF,2.8,0.38595521239209,12_7.5_300
sCSF,2.9,0.387581371964178,12_7.5_300
sCSF,3,0.388270581498202,12_7.5_300
sCSF,3.1,0.388064087363532,12_7.5_300
sCSF,3.2,0.387003667902818,12_7.5_300
sCSF,3.3,0.38513145539398,12_7.5_300
sCSF,3.4,0.382489804083913,12_7.5_300
sCSF,3.5,0.379121198375198,12_7.5_300
sCSF,3.6,0.375068195891195,12_7.5_300
sCSF,3.7,0.370373400574129,12_7.5_300
sCSF,3.8,0.365079461164889,12_7.5_300
sCSF,3.9,0.359229090342915,12_7.5_300
sCSF,4,0.35286509942928,12_7.5_300
sCSF,4.1,0.346030442840691,12_7.5_300
sCSF,4.2,0.338768265392927,12_7.5_300
sCSF,4.3,0.331121944095185,12_7.5_300
sCSF,4.4,0.32313511429973,12_7.5_300
sCSF,4.5,0.314851668184327,12_7.5_300
sCSF,4.6,0.306315711822398,12_7.5_300
sCSF,4.7,0.29757146614187,12_7.5_300
sCSF,4.8,0.288663097610244,12_7.5_300
sCSF,4.9,0.279634467404383,12_7.5_300
sCSF,5,0.270528793902127,12_7.5_300
sCSF,5.1,0.261388232849416,12_7.5_300
sCSF,5.2,0.252253391774736,12_7.5_300
sCSF,5.3,0.243162808278871,12_7.5_300
sCSF,5.4,0.234152432457495,12_7.5_300
sCSF,5.5,0.225255158801113,12_7.5_300
sCSF,5.6,0.21650045002341,12_7.5_300
sCSF,5.7,0.207914084453465,12_7.5_300
sCSF,5.8,0.199518042365738,12_7.5_300
sCSF,5.9,0.191330529034428,12_7.5_300
sCSF,6,0.183366117478408,12_7.5_300
sCSF,6.1,0.175635984435609,12_7.5_300
sCSF,6.2,0.168148209647663,12_7.5_300
sCSF,6.3,0.160908110033456,12_7.5_300
sCSF,6.4,0.15391858490316,12_7.5_300
sCSF,6.5,0.147180454208275,12_7.5_300
sCSF,6.6,0.140692777586004,12_7.5_300
sCSF,6.7,0.134453146873558,12_7.5_300
sCSF,6.8,0.128457948562328,12_7.5_300
sCSF,6.9,0.122702595356532,12_7.5_300
sCSF,7,0.117181727760475,12_7.5_300
sCSF,7.1,0.111889387676313,12_7.5_300
sCSF,7.2,0.106819166545366,12_7.5_300
sCSF,7.3,0.101964330747179,12_7.5_300
sCSF,7.4,0.0973179269985575,12_7.5_300
sCSF,7.5,0.09287287030099,12_7.5_300
sCSF,7.6,0.088622016830235,12_7.5_300
sCSF,7.7,0.0845582238815695,12_7.5_300
sCSF,7.8,0.0806743987659111,12_7.5_300
sCSF,7.9,0.0769635383076472,12_7.5_300
sCSF,8,0.0734187603838502,12_7.5_300
sCSF,8.1,0.0700333287472329,12_7.5_300
sCSF,8.2,0.0668006721999277,12_7.5_300
sCSF,8.3,0.0637143990350254,12_7.5_300
sCSF,8.4,0.060768307524696,12_7.5_300
sCSF,8.5,0.0579563931225635,12_7.5_300
sCSF,8.6,0.0552728529432954,12_7.5_300
sCSF,8.7,0.052712088001013,12_7.5_300
sCSF,8.8,0.0502687036103022,12_7.5_300
sCSF,8.9,0.0479375082929427,12_7.5_300
sCSF,9,0.0457135114797579,12_7.5_300
sCSF,9.1,0.0435919202500193,12_7.5_300
sCSF,9.2,0.0415681353133564,12_7.5_300
sCSF,9.3,0.0396377464032478,12_7.5_300
sCSF,9.4,0.0377965272272602,12_7.5_300
sCSF,9.5,0.0360404300913507,12_7.5_300
sCSF,9.6,0.0343655802980815,12_7.5_300
sCSF,9.7,0.0327682704001318,12_7.5_300
sCSF,9.8,0.031244954375981,12_7.5_300
sCSF,9.9,0.0297922417838473,12_7.5_300
sCSF,10,0.0284068919380302,12_7.5_300
brain ECF,0,0,15_1.5_250
brain ECF,0.1,0.0347156761621953,15_1.5_250
brain ECF,0.2,0.149774428672372,15_1.5_250
brain ECF,0.3,0.314810171940225,15_1.5_250
brain ECF,0.4,0.434456038249583,15_1.5_250
brain ECF,0.5,0.50211015968899,15_1.5_250
brain ECF,0.6,0.54544075123308,15_1.5_250
brain ECF,0.7,0.576148376721815,15_1.5_250
brain ECF,0.8,0.598581858887062,15_1.5_250
brain ECF,0.9,0.614645518980444,15_1.5_250
brain ECF,1,0.625434760555037,15_1.5_250
brain ECF,1.1,0.631737149016738,15_1.5_250
brain ECF,1.2,0.634188370434054,15_1.5_250
brain ECF,1.3,0.633325846412156,15_1.5_250
brain ECF,1.4,0.6296115508754,15_1.5_250
brain ECF,1.5,0.623444956203307,15_1.5_250
brain ECF,1.6,0.615172290012609,15_1.5_250
brain ECF,1.7,0.605093997131782,15_1.5_250
brain ECF,1.8,0.593471048701332,15_1.5_250
brain ECF,1.9,0.58053036724309,15_1.5_250
brain ECF,2,0.56646951875894,15_1.5_250
brain ECF,2.1,0.551460779818928,15_1.5_250
brain ECF,2.2,0.535654666999436,15_1.5_250
brain ECF,2.3,0.519183002836203,15_1.5_250
brain ECF,2.4,0.502161582274232,15_1.5_250
brain ECF,2.5,0.484692495080925,15_1.5_250
brain ECF,2.6,0.466866152369381,15_1.5_250
brain ECF,2.7,0.448763059026638,15_1.5_250
brain ECF,2.8,0.430455368314517,15_1.5_250
brain ECF,2.9,0.412008250065103,15_1.5_250
brain ECF,3,0.393481099616631,15_1.5_250
brain ECF,3.1,0.374928610806135,15_1.5_250
brain ECF,3.2,0.356401732826319,15_1.5_250
brain ECF,3.3,0.337948527436928,15_1.5_250
brain ECF,3.4,0.319614939742543,15_1.5_250
brain ECF,3.5,0.301445492353019,15_1.5_250
brain ECF,3.6,0.28348390902304,15_1.5_250
brain ECF,3.7,0.265773669623238,15_1.5_250
brain ECF,3.8,0.248358493285811,15_1.5_250
brain ECF,3.9,0.231282740574632,15_1.5_250
brain ECF,4,0.214591718401742,15_1.5_250
brain ECF,4.1,0.198331863161135,15_1.5_250
brain ECF,4.2,0.182550768528211,15_1.5_250
brain ECF,4.3,0.167297015478539,15_1.5_250
brain ECF,4.4,0.15261975509254,15_1.5_250
brain ECF,4.5,0.138567992864306,15_1.5_250
brain ECF,4.6,0.125189530200951,15_1.5_250
brain ECF,4.7,0.112529540602292,15_1.5_250
brain ECF,4.8,0.100628798733328,15_1.5_250
brain ECF,4.9,0.0895216422806136,15_1.5_250
brain ECF,5,0.0792338240539498,15_1.5_250
brain ECF,5.1,0.0697804901265081,15_1.5_250
brain ECF,5.2,0.0611645740156334,15_1.5_250
brain ECF,5.3,0.0533758971452152,15_1.5_250
brain ECF,5.4,0.0463911934222618,15_1.5_250
brain ECF,5.5,0.040175133033588,15_1.5_250
brain ECF,5.6,0.0346822425913627,15_1.5_250
brain ECF,5.7,0.0298594589923872,15_1.5_250
brain ECF,5.8,0.0256489628200067,15_1.5_250
brain ECF,5.9,0.0219909363348395,15_1.5_250
brain ECF,6,0.0188259675721848,15_1.5_250
brain ECF,6.1,0.0160969384706491,15_1.5_250
brain ECF,6.2,0.0137503505918144,15_1.5_250
brain ECF,6.3,0.0117371292787162,15_1.5_250
brain ECF,6.4,0.0100129968106374,15_1.5_250
brain ECF,6.5,0.00853852179472623,15_1.5_250
brain ECF,6.6,0.00727894639419889,15_1.5_250
brain ECF,6.7,0.00620387604527021,15_1.5_250
brain ECF,6.8,0.00528689602412277,15_1.5_250
brain ECF,6.9,0.00450516030180053,15_1.5_250
brain ECF,7,0.00383898262702804,15_1.5_250
brain ECF,7.1,0.0032714481036829,15_1.5_250
brain ECF,7.2,0.00278805525008212,15_1.5_250
brain ECF,7.3,0.00237639299233976,15_1.5_250
brain ECF,7.4,0.0020258534594483,15_1.5_250
brain ECF,7.5,0.00172737939536294,15_1.5_250
brain ECF,7.6,0.00147324374301038,15_1.5_250
brain ECF,7.7,0.00125685844664333,15_1.5_250
brain ECF,7.8,0.00107260934744429,15_1.5_250
brain ECF,7.9,0.000915714075748204,15_1.5_250
brain ECF,8,0.000782100066435144,15_1.5_250
brain ECF,8.1,0.000668300043306116,15_1.5_250
brain ECF,8.2,0.000571362618904367,15_1.5_250
brain ECF,8.3,0.000488775906007993,15_1.5_250
brain ECF,8.4,0.000418402316486623,15_1.5_250
brain ECF,8.5,0.000358422942694891,15_1.5_250
brain ECF,8.6,0.000307290147511134,15_1.5_250
brain ECF,8.7,0.000263687164960338,15_1.5_250
brain ECF,8.8,0.000226493694376452,15_1.5_250
brain ECF,8.9,0.000194756597182844,15_1.5_250
brain ECF,9,0.000167664960019552,15_1.5_250
brain ECF,9.1,0.000144528864227368,15_1.5_250
brain ECF,9.2,0.000124761316947299,15_1.5_250
brain ECF,9.3,0.000107862886680219,15_1.5_250
brain ECF,9.4,9.34086212578566e-05,15_1.5_250
brain ECF,9.5,8.10369257353786e-05,15_1.5_250
brain ECF,9.6,7.04400949684985e-05,15_1.5_250
brain ECF,9.7,6.1356266262508e-05,15_1.5_250
brain ECF,9.8,5.35625716991254e-05,15_1.5_250
brain ECF,9.9,4.68693124526269e-05,15_1.5_250
brain ECF,10,4.1115006910332e-05,15_1.5_250
brain ICF,0,0,15_1.5_250
brain ICF,0.1,0.0344989366268216,15_1.5_250
brain ICF,0.2,0.14936615889513,15_1.5_250
brain ICF,0.3,0.314375188330629,15_1.5_250
brain ICF,0.4,0.434212814077805,15_1.5_250
brain ICF,0.5,0.501964312009576,15_1.5_250
brain ICF,0.6,0.545340946019532,15_1.5_250
brain ICF,0.7,0.576075784203648,15_1.5_250
brain ICF,0.8,0.598529013919369,15_1.5_250
brain ICF,0.9,0.614608632166085,15_1.5_250
brain ICF,1,0.625411332712462,15_1.5_250
brain ICF,1.1,0.631725241962757,15_1.5_250
brain ICF,1.2,0.634186370248977,15_1.5_250
brain ICF,1.3,0.63333237318246,15_1.5_250
brain ICF,1.4,0.629625413700191,15_1.5_250
brain ICF,1.5,0.62346512377233,15_1.5_250
brain ICF,1.6,0.615197867849682,15_1.5_250
brain ICF,1.7,0.605124208650653,15_1.5_250
brain ICF,1.8,0.593505219003395,15_1.5_250
brain ICF,1.9,0.580567909130524,15_1.5_250
brain ICF,2,0.566509920620429,15_1.5_250
brain ICF,2.1,0.551503595122122,15_1.5_250
brain ICF,2.2,0.535699505167869,15_1.5_250
brain ICF,2.3,0.519229521319858,15_1.5_250
brain ICF,2.4,0.502209479648584,15_1.5_250
brain ICF,2.5,0.484741505031122,15_1.5_250
brain ICF,2.6,0.466916038435124,15_1.5_250
brain ICF,2.7,0.448813609999768,15_1.5_250
brain ICF,2.8,0.430506394195619,15_1.5_250
brain ICF,2.9,0.41205957849808,15_1.5_250
brain ICF,3,0.393532572731375,15_1.5_250
brain ICF,3.1,0.374980082409542,15_1.5_250
brain ICF,3.2,0.356453065891337,15_1.5_250
brain ICF,3.3,0.337999591848353,15_1.5_250
brain ICF,3.4,0.319665610267516,15_1.5_250
brain ICF,3.5,0.3014956468139,15_1.5_250
brain ICF,3.6,0.283533426661308,15_1.5_250
brain ICF,3.7,0.26582242965578,15_1.5_250
brain ICF,3.8,0.24840637367014,15_1.5_250
brain ICF,3.9,0.231329617017697,15_1.5_250
brain ICF,4,0.214637463668427,15_1.5_250
brain ICF,4.1,0.198376346762747,15_1.5_250
brain ICF,4.2,0.182593856896722,15_1.5_250
brain ICF,4.3,0.167338572755449,15_1.5_250
brain ICF,4.4,0.152659644675293,15_1.5_250
brain ICF,4.5,0.138606079848383,15_1.5_250
brain ICF,4.6,0.125225684818352,15_1.5_250
brain ICF,4.7,0.11256364267243,15_1.5_250
brain ICF,4.8,0.100660743000001,15_1.5_250
brain ICF,4.9,0.0895513443112103,15_1.5_250
brain ICF,5,0.0792612261512027,15_1.5_250
brain ICF,5.1,0.0698055665055668,15_1.5_250
brain ICF,5.2,0.0611873344106178,15_1.5_250
brain ICF,5.3,0.0533963881034999,15_1.5_250
brain ICF,5.4,0.0464094968522951,15_1.5_250
brain ICF,5.5,0.0401913620382218,15_1.5_250
brain ICF,5.6,0.0346965351142822,15_1.5_250
brain ICF,5.7,0.0298719701728886,15_1.5_250
brain ICF,5.8,0.0256598570819837,15_1.5_250
brain ICF,5.9,0.0220003801178836,15_1.5_250
brain ICF,6,0.0188341233255032,15_1.5_250
brain ICF,6.1,0.0161039601914223,15_1.5_250
brain ICF,6.2,0.0137563808997604,15_1.5_250
brain ICF,6.3,0.0117422978275572,15_1.5_250
brain ICF,6.4,0.0100174197491322,15_1.5_250
brain ICF,6.5,0.0085423019798247,15_1.5_250
brain ICF,6.6,0.00728217409475702,15_1.5_250
brain ICF,6.7,0.00620662992916049,15_1.5_250
brain ICF,6.8,0.00528924427760893,15_1.5_250
brain ICF,6.9,0.00450716177821839,15_1.5_250
brain ICF,7,0.00384068795953005,15_1.5_250
brain ICF,7.1,0.00327290074419931,15_1.5_250
brain ICF,7.2,0.00278929241547945,15_1.5_250
brain ICF,7.3,0.00237744651123185,15_1.5_250
brain ICF,7.4,0.00202675052049451,15_1.5_250
brain ICF,7.5,0.0017281432025656,15_1.5_250
brain ICF,7.6,0.00147389408561361,15_1.5_250
brain ICF,7.7,0.0012574121922578,15_1.5_250
brain ICF,7.8,0.00107308086710325,15_1.5_250
brain ICF,7.9,0.000916115609213247,15_1.5_250
brain ICF,8,0.000782442035448276,15_1.5_250
brain ICF,8.1,0.000668591319737758,15_1.5_250
brain ICF,8.2,0.000571610753984261,15_1.5_250
brain ICF,8.3,0.000488987326078892,15_1.5_250
brain ICF,8.4,0.000418582490028933,15_1.5_250
brain ICF,8.5,0.000358576522768889,15_1.5_250
brain ICF,8.6,0.000307421093099466,15_1.5_250
brain ICF,8.7,0.000263798844419119,15_1.5_250
brain ICF,8.8,0.000226588973458778,15_1.5_250
brain ICF,8.9,0.000194837914031686,15_1.5_250
brain ICF,9,0.000167734388961774,15_1.5_250
brain ICF,9.1,0.000144588170116287,15_1.5_250
brain ICF,9.2,0.000124812001347797,15_1.5_250
brain ICF,9.3,0.000107906227208182,15_1.5_250
brain ICF,9.4,9.34457050170036e-05,15_1.5_250
brain ICF,9.5,8.10686777817103e-05,15_1.5_250
brain ICF,9.6,7.0467302516052e-05,15_1.5_250
brain ICF,9.7,6.13795992751905e-05,15_1.5_250
brain ICF,9.8,5.35826003956667e-05,15_1.5_250
brain ICF,9.9,4.68865222165744e-05,15_1.5_250
brain ICF,10,4.11298109426725e-05,15_1.5_250
sCSF,0,0,15_1.5_250
sCSF,0.1,0.000485295326653442,15_1.5_250
sCSF,0.2,0.0045129342278893,15_1.5_250
sCSF,0.3,0.0150914434510161,15_1.5_250
sCSF,0.4,0.0321286672669459,15_1.5_250
sCSF,0.5,0.0525854618861745,15_1.5_250
sCSF,0.6,0.0745984483701826,15_1.5_250
sCSF,0.7,0.0972820450298982,15_1.5_250
sCSF,0.8,0.120134799755899,15_1.5_250
sCSF,0.9,0.142813245632876,15_1.5_250
sCSF,1,0.165056356052482,15_1.5_250
sCSF,1.1,0.186658051469608,15_1.5_250
sCSF,1.2,0.207454635399318,15_1.5_250
sCSF,1.3,0.227317205724806,15_1.5_250
sCSF,1.4,0.246146055733266,15_1.5_250
sCSF,1.5,0.26386612636928,15_1.5_250
sCSF,1.6,0.280423174419653,15_1.5_250
sCSF,1.7,0.29578050417732,15_1.5_250
sCSF,1.8,0.309916170254799,15_1.5_250
sCSF,1.9,0.322820582971908,15_1.5_250
sCSF,2,0.334494460200508,15_1.5_250
sCSF,2.1,0.344947078041499,15_1.5_250
sCSF,2.2,0.354194779423591,15_1.5_250
sCSF,2.3,0.362259705361535,15_1.5_250
sCSF,2.4,0.369168718459753,15_1.5_250
sCSF,2.5,0.374952492437851,15_1.5_250
sCSF,2.6,0.379644745082176,15_1.5_250
sCSF,2.7,0.383281595170747,15_1.5_250
sCSF,2.8,0.385901026636425,15_1.5_250
sCSF,2.9,0.387542445586456,15_1.5_250
sCSF,3,0.38824631782706,15_1.5_250
sCSF,3.1,0.388053876289166,15_1.5_250
sCSF,3.2,0.387006889247923,15_1.5_250
sCSF,3.3,0.38514748149616,15_1.5_250
sCSF,3.4,0.382518001689622,15_1.5_250
sCSF,3.5,0.379160929931879,15_1.5_250
sCSF,3.6,0.375118820316626,15_1.5_250
sCSF,3.7,0.370434273576302,15_1.5_250
sCSF,3.8,0.365149935184399,15_1.5_250
sCSF,3.9,0.359308514192649,15_1.5_250
sCSF,4,0.352952817714552,15_1.5_250
sCSF,4.1,0.346125795255868,15_1.5_250
sCSF,4.2,0.338870586011002,15_1.5_250
sCSF,4.3,0.331230560791049,15_1.5_250
sCSF,4.4,0.323249348478662,15_1.5_250
sCSF,4.5,0.314970835017008,15_1.5_250
sCSF,4.6,0.306439121212085,15_1.5_250
sCSF,4.7,0.297698424659415,15_1.5_250
sCSF,4.8,0.288792911614154,15_1.5_250
sCSF,4.9,0.279766447499855,15_1.5_250
sCSF,5,0.270662260781071,15_1.5_250
sCSF,5.1,0.261522524384292,15_1.5_250
sCSF,5.2,0.25238787103847,15_1.5_250
sCSF,5.3,0.243296871959592,15_1.5_250
sCSF,5.4,0.234285518994177,15_1.5_250
sCSF,5.5,0.225386755522814,15_1.5_250
sCSF,5.6,0.216630098663097,15_1.5_250
sCSF,5.7,0.208041384611639,15_1.5_250
sCSF,5.8,0.199642652769642,15_1.5_250
sCSF,5.9,0.191452166707899,15_1.5_250
sCSF,6,0.183484555143292,15_1.5_250
sCSF,6.1,0.17575104658624,15_1.5_250
sCSF,6.2,0.168259767765374,15_1.5_250
sCSF,6.3,0.161016077366408,15_1.5_250
sCSF,6.4,0.154022911157073,15_1.5_250
sCSF,6.5,0.147281120400848,15_1.5_250
sCSF,6.6,0.140789791231646,15_1.5_250
sCSF,6.7,0.134546537593299,15_1.5_250
sCSF,6.8,0.128547764161265,15_1.5_250
sCSF,6.9,0.122788898372454,15_1.5_250
sCSF,7,0.117264592464701,15_1.5_250
sCSF,7.1,0.11196889749366,15_1.5_250
sCSF,7.2,0.10689541185355,15_1.5_250
sCSF,7.3,0.102037407013337,15_1.5_250
sCSF,7.4,0.0973879332117811,15_1.5_250
sCSF,7.5,0.0929399076643982,15_1.5_250
sCSF,7.6,0.0886861876721159,15_1.5_250
sCSF,7.7,0.0846196307610311,15_1.5_250
sCSF,7.8,0.0807331437387043,15_1.5_250
sCSF,7.9,0.0770197223327279,15_1.5_250
sCSF,8,0.0734724828459834,15_1.5_250
sCSF,8.1,0.0700846870796999,15_1.5_250
sCSF,8.2,0.0668497615902506,15_1.5_250
sCSF,8.3,0.0637613122009793,15_1.5_250
sCSF,8.4,0.0608131345488051,15_1.5_250
sCSF,8.5,0.057999221335415,15_1.5_250
sCSF,8.6,0.0553137668476061,15_1.5_250
sCSF,8.7,0.0527511692287613,15_1.5_250
sCSF,8.8,0.0503060309074764,15_1.5_250
sCSF,8.9,0.0479731575267132,15_1.5_250
sCSF,9,0.0457475556641636,15_1.5_250
sCSF,9.1,0.0436244295861696,15_1.5_250
sCSF,9.2,0.0415991772405573,15_1.5_250
sCSF,9.3,0.0396673856599633,15_1.5_250
sCSF,9.4,0.0378248259185715,15_1.5_250
sCSF,9.5,0.0360674477621913,15_1.5_250
sCSF,9.6,0.0343913740096206,15_1.5_250
sCSF,9.7,0.0327928948086734,15_1.5_250
sCSF,9.8,0.0312684618136202,15_1.5_250
sCSF,9.9,0.029814682339654,15_1.5_250
sCSF,10,0.0284283135391778,15_1.5_250
brain ECF,0,0,15_1.5_300
brain ECF,0.1,0.0347051507588986,15_1.5_300
brain ECF,0.2,0.149765592623047,15_1.5_300
brain ECF,0.3,0.31481202874578,15_1.5_300
brain ECF,0.4,0.434464009999835,15_1.5_300
brain ECF,0.5,0.502114575903028,15_1.5_300
brain ECF,0.6,0.545442958380309,15_1.5_300
brain ECF,0.7,0.576149695658327,15_1.5_300
brain ECF,0.8,0.598582813788688,15_1.5_300
brain ECF,0.9,0.614646288785136,15_1.5_300
brain ECF,1,0.62543540909203,15_1.5_300
brain ECF,1.1,0.631737703925674,15_1.5_300
brain ECF,1.2,0.634188847525463,15_1.5_300
brain ECF,1.3,0.633326257012897,15_1.5_300
brain ECF,1.4,0.629611904104327,15_1.5_300
brain ECF,1.5,0.623445259750166,15_1.5_300
brain ECF,1.6,0.615172550467591,15_1.5_300
brain ECF,1.7,0.605094220171644,15_1.5_300
brain ECF,1.8,0.59347123922217,15_1.5_300
brain ECF,1.9,0.58053052946724,15_1.5_300
brain ECF,2,0.566469656325209,15_1.5_300
brain ECF,2.1,0.551460895859973,15_1.5_300
brain ECF,2.2,0.535654764208426,15_1.5_300
brain ECF,2.3,0.519183083524286,15_1.5_300
brain ECF,2.4,0.502161648420041,15_1.5_300
brain ECF,2.5,0.484692548373181,15_1.5_300
brain ECF,2.6,0.466866194243502,15_1.5_300
brain ECF,2.7,0.448763090696147,15_1.5_300
brain ECF,2.8,0.430455390797933,15_1.5_300
brain ECF,2.9,0.41200826420894,15_1.5_300
brain ECF,3,0.393481106115033,15_1.5_300
brain ECF,3.1,0.374928610217632,15_1.5_300
brain ECF,3.2,0.356401725588177,15_1.5_300
brain ECF,3.3,0.337948513877519,15_1.5_300
brain ECF,3.4,0.319614920092188,15_1.5_300
brain ECF,3.5,0.301445466753818,15_1.5_300
brain ECF,3.6,0.283483877538171,15_1.5_300
brain ECF,3.7,0.265773632246391,15_1.5_300
brain ECF,3.8,0.248358449951521,15_1.5_300
brain ECF,3.9,0.231282691170347,15_1.5_300
brain ECF,4,0.214591662782797,15_1.5_300
brain ECF,4.1,0.198331801169706,15_1.5_300
brain ECF,4.2,0.182550700017468,15_1.5_300
brain ECF,4.3,0.167296940343256,15_1.5_300
brain ECF,4.4,0.152619673306623,15_1.5_300
brain ECF,4.5,0.138567904524834,15_1.5_300
brain ECF,4.6,0.12518943557693,15_1.5_300
brain ECF,4.7,0.112529440183468,15_1.5_300
brain ECF,4.8,0.100628693272038,15_1.5_300
brain ECF,4.9,0.0895215328168661,15_1.5_300
brain ECF,5,0.0792337119128056,15_1.5_300
brain ECF,5.1,0.0697803768785335,15_1.5_300
brain ECF,5.2,0.0611644613969959,15_1.5_300
brain ECF,5.3,0.0533757869430525,15_1.5_300
brain ECF,5.4,0.0463910873408831,15_1.5_300
brain ECF,5.5,0.0401750325646455,15_1.5_300
brain ECF,5.6,0.0346821489114296,15_1.5_300
brain ECF,5.7,0.0298593729047571,15_1.5_300
brain ECF,5.8,0.0256488847458518,15_1.5_300
brain ECF,5.9,0.021990866347169,15_1.5_300
brain ECF,6,0.0188259054584478,15_1.5_300
brain ECF,6.1,0.0160968838077267,15_1.5_300
brain ECF,6.2,0.0137503028198009,15_1.5_300
brain ECF,6.3,0.0117370877646654,15_1.5_300
brain ECF,6.4,0.010012960898352,15_1.5_300
brain ECF,6.5,0.0085384908402641,15_1.5_300
brain ECF,6.6,0.00727891978890951,15_1.5_300
brain ECF,6.7,0.00620385322899498,15_1.5_300
brain ECF,6.8,0.00528687649124032,15_1.5_300
brain ECF,6.9,0.00450514360241288,15_1.5_300
brain ECF,7,0.00383896836507784,15_1.5_300
brain ECF,7.1,0.00327143593329928,15_1.5_300
brain ECF,7.2,0.00278804487104623,15_1.5_300
brain ECF,7.3,0.00237638414525938,15_1.5_300
brain ECF,7.4,0.00202584592098867,15_1.5_300
brain ECF,7.5,0.00172737297375133,15_1.5_300
brain ECF,7.6,0.00147323827391511,15_1.5_300
brain ECF,7.7,0.00125685378947172,15_1.5_300
brain ECF,7.8,0.00107260538206223,15_1.5_300
brain ECF,7.9,0.000915710699602265,15_1.5_300
brain ECF,8,0.000782097192045845,15_1.5_300
brain ECF,8.1,0.000668297596096677,15_1.5_300
brain ECF,8.2,0.000571360535327398,15_1.5_300
brain ECF,8.3,0.000488774131934488,15_1.5_300
brain ECF,8.4,0.000418400805823274,15_1.5_300
brain ECF,8.5,0.000358421656201656,15_1.5_300
brain ECF,8.6,0.000307289051786353,15_1.5_300
brain ECF,8.7,0.00026368623157753,15_1.5_300
brain ECF,8.8,0.000226492899146343,15_1.5_300
brain ECF,8.9,0.000194755919522412,15_1.5_300
brain ECF,9,0.00016766438241574,15_1.5_300
brain ECF,9.1,0.000144528371781661,15_1.5_300
brain ECF,9.2,0.000124760896982881,15_1.5_300
brain ECF,9.3,0.000107862528413472,15_1.5_300
brain ECF,9.4,9.34083155137517e-05,15_1.5_300
brain ECF,9.5,8.10366647090184e-05,15_1.5_300
brain ECF,9.6,7.04398720192206e-05,15_1.5_300
brain ECF,9.7,6.13560757408006e-05,15_1.5_300
brain ECF,9.8,5.35624087981189e-05,15_1.5_300
brain ECF,9.9,4.68691730823819e-05,15_1.5_300
brain ECF,10,4.11148875908241e-05,15_1.5_300
brain ICF,0,0,15_1.5_300
brain ICF,0.1,0.034524449446004,15_1.5_300
brain ICF,0.2,0.149425300666016,15_1.5_300
brain ICF,0.3,0.314449575681593,15_1.5_300
brain ICF,0.4,0.434261383872024,15_1.5_300
brain ICF,0.5,0.501993068082329,15_1.5_300
brain ICF,0.6,0.545359803521284,15_1.5_300
brain ICF,0.7,0.576089211817386,15_1.5_300
brain ICF,0.8,0.598538783638789,15_1.5_300
brain ICF,0.9,0.614615555727186,15_1.5_300
brain ICF,1,0.625415890921559,15_1.5_300
brain ICF,1.1,0.631727785690281,15_1.5_300
brain ICF,1.2,0.634187184410739,15_1.5_300
brain ICF,1.3,0.633331699177742,15_1.5_300
brain ICF,1.4,0.629623459201874,15_1.5_300
brain ICF,1.5,0.623462068414887,15_1.5_300
brain ICF,1.6,0.615193867353872,15_1.5_300
brain ICF,1.7,0.605119398168394,15_1.5_300
brain ICF,1.8,0.59349971595194,15_1.5_300
brain ICF,1.9,0.580561815631327,15_1.5_300
brain ICF,2,0.566503325609128,15_1.5_300
brain ICF,2.1,0.551496576177774,15_1.5_300
brain ICF,2.2,0.535692130100641,15_1.5_300
brain ICF,2.3,0.519221849550516,15_1.5_300
brain ICF,2.4,0.502201563408544,15_1.5_300
brain ICF,2.5,0.484733390408018,15_1.5_300
brain ICF,2.6,0.466907766285559,15_1.5_300
brain ICF,2.7,0.448805216748027,15_1.5_300
brain ICF,2.8,0.430497912534676,15_1.5_300
brain ICF,2.9,0.412051038007011,15_1.5_300
brain ICF,3,0.393524000421362,15_1.5_300
brain ICF,3.1,0.374971503208932,15_1.5_300
brain ICF,3.2,0.356444503078587,15_1.5_300
brain ICF,3.3,0.337991067440204,15_1.5_300
brain ICF,3.4,0.319657145368165,15_1.5_300
brain ICF,3.5,0.301487261929432,15_1.5_300
brain ICF,3.6,0.283525141981749,15_1.5_300
brain ICF,3.7,0.26581426530523,15_1.5_300
brain ICF,3.8,0.248398349922977,15_1.5_300
brain ICF,3.9,0.23132175447595,15_1.5_300
brain ICF,4,0.214629783392118,15_1.5_300
brain ICF,4.1,0.198368870340915,15_1.5_300
brain ICF,4.2,0.182586606442739,15_1.5_300
brain ICF,4.3,0.167331570806396,15_1.5_300
brain ICF,4.4,0.152652913972056,15_1.5_300
brain ICF,4.5,0.138599642973037,15_1.5_300
brain ICF,4.6,0.125219563670217,15_1.5_300
brain ICF,4.7,0.112557857775458,15_1.5_300
brain ICF,4.8,0.100655312655447,15_1.5_300
brain ICF,4.9,0.0895462836396895,15_1.5_300
brain ICF,5,0.0792565461047299,15_1.5_300
brain ICF,5.1,0.0698012729648111,15_1.5_300
brain ICF,5.2,0.0611834275032371,15_1.5_300
brain ICF,5.3,0.0533928618728611,15_1.5_300
brain ICF,5.4,0.0464063393646399,15_1.5_300
brain ICF,5.5,0.0401885559462708,15_1.5_300
brain ICF,5.6,0.0346940586129668,15_1.5_300
brain ICF,5.7,0.02986979821494,15_1.5_300
brain ICF,5.8,0.0256579626875695,15_1.5_300
brain ICF,5.9,0.0219987356203524,15_1.5_300
brain ICF,6,0.018832701435516,15_1.5_300
brain ICF,6.1,0.0161027348161504,15_1.5_300
brain ICF,6.2,0.0137553277048159,15_1.5_300
brain ICF,6.3,0.0117413945659875,15_1.5_300
brain ICF,6.4,0.010016646401418,15_1.5_300
brain ICF,6.5,0.00854164075412737,15_1.5_300
brain ICF,6.6,0.00728160933284161,15_1.5_300
brain ICF,6.7,0.00620614795517372,15_1.5_300
brain ICF,6.8,0.00528883321760428,15_1.5_300
brain ICF,6.9,0.00450681136990111,15_1.5_300
brain ICF,7,0.00384038936489983,15_1.5_300
brain ICF,7.1,0.00327264637270584,15_1.5_300
brain ICF,7.2,0.00278907576175847,15_1.5_300
brain ICF,7.3,0.00237726200910629,15_1.5_300
brain ICF,7.4,0.00202659341345139,15_1.5_300
brain ICF,7.5,0.00172800943000913,15_1.5_300
brain ICF,7.6,0.00147378018372885,15_1.5_300
brain ICF,7.7,0.00125731520809222,15_1.5_300
brain ICF,7.8,0.00107299828441811,15_1.5_300
brain ICF,7.9,0.000916045284698955,15_1.5_300
brain ICF,8,0.000782382143989538,15_1.5_300
brain ICF,8.1,0.000668540307534079,15_1.5_300
brain ICF,8.2,0.000571567298456935,15_1.5_300
brain ICF,8.3,0.000488950301621867,15_1.5_300
brain ICF,8.4,0.000418550938777945,15_1.5_300
brain ICF,8.5,0.000358549629669481,15_1.5_300
brain ICF,8.6,0.000307398164660472,15_1.5_300
brain ICF,8.7,0.000263779290600909,15_1.5_300
brain ICF,8.8,0.000226572292258981,15_1.5_300
brain ICF,8.9,0.000194823678350511,15_1.5_300
brain ICF,9,0.000167722235429232,15_1.5_300
brain ICF,9.1,0.000144577789576148,15_1.5_300
brain ICF,9.2,0.000124803130764149,15_1.5_300
brain ICF,9.3,0.000107898642777855,15_1.5_300
brain ICF,9.4,9.34392163099005e-05,15_1.5_300
brain ICF,9.5,8.10631227564591e-05,15_1.5_300
brain ICF,9.6,7.04625432782024e-05,15_1.5_300
brain ICF,9.7,6.13755184708173e-05,15_1.5_300
brain ICF,9.8,5.35790981442203e-05,15_1.5_300
brain ICF,9.9,4.68835134991852e-05,15_1.5_300
brain ICF,10,4.11272233855556e-05,15_1.5_300
sCSF,0,0,15_1.5_300
sCSF,0.1,0.000485009651058211,15_1.5_300
sCSF,0.2,0.00451219941210788,15_1.5_300
sCSF,0.3,0.0150904780832385,15_1.5_300
sCSF,0.4,0.0321280605200717,15_1.5_300
sCSF,0.5,0.052585170067781,15_1.5_300
sCSF,0.6,0.0745983157922548,15_1.5_300
sCSF,0.7,0.0972819967280384,15_1.5_300
sCSF,0.8,0.120134805015267,15_1.5_300
sCSF,0.9,0.142813290027102,15_1.5_300
sCSF,1,0.165056430926177,15_1.5_300
sCSF,1.1,0.186658150522443,15_1.5_300
sCSF,1.2,0.207454753578758,15_1.5_300
sCSF,1.3,0.227317338824811,15_1.5_300
sCSF,1.4,0.246146200210311,15_1.5_300
sCSF,1.5,0.263866279230539,15_1.5_300
sCSF,1.6,0.280423333139954,15_1.5_300
sCSF,1.7,0.295780666631267,15_1.5_300
sCSF,1.8,0.309916334659241,15_1.5_300
sCSF,1.9,0.322820747836545,15_1.5_300
sCSF,2,0.334494624285328,15_1.5_300
sCSF,2.1,0.344947240320052,15_1.5_300
sCSF,2.2,0.354194939051282,15_1.5_300
sCSF,2.3,0.362259861648249,15_1.5_300
sCSF,2.4,0.369168870846221,15_1.5_300
sCSF,2.5,0.374952640475235,15_1.5_300
sCSF,2.6,0.379644888414422,15_1.5_300
sCSF,2.7,0.383281733519331,15_1.5_300
sCSF,2.8,0.385901159787154,15_1.5_300
sCSF,2.9,0.387542573378019,15_1.5_300
sCSF,3,0.388246440141103,15_1.5_300
sCSF,3.1,0.388053993041661,15_1.5_300
sCSF,3.2,0.387007000381659,15_1.5_300
sCSF,3.3,0.385147586974195,15_1.5_300
sCSF,3.4,0.382518101489577,15_1.5_300
sCSF,3.5,0.379161024040963,15_1.5_300
sCSF,3.6,0.37511890872734,15_1.5_300
sCSF,3.7,0.370434356282771,15_1.5_300
sCSF,3.8,0.365150012179325,15_1.5_300
sCSF,3.9,0.35930858546492,15_1.5_300
sCSF,4,0.352952883247579,15_1.5_300
sCSF,4.1,0.346125855026781,15_1.5_300
sCSF,4.2,0.338870639990869,15_1.5_300
sCSF,4.3,0.331230608946343,15_1.5_300
sCSF,4.4,0.323249390774234,15_1.5_300
sCSF,4.5,0.314970871420798,15_1.5_300
sCSF,4.6,0.306439151701775,15_1.5_300
sCSF,4.7,0.297698449231036,15_1.5_300
sCSF,4.8,0.288792930292412,15_1.5_300
sCSF,4.9,0.279766460349573,15_1.5_300
sCSF,5,0.270662267918635,15_1.5_300
sCSF,5.1,0.261522525987655,15_1.5_300
sCSF,5.2,0.252387867353896,15_1.5_300
sCSF,5.3,0.243296863303587,15_1.5_300
sCSF,5.4,0.234285505749509,15_1.5_300
sCSF,5.5,0.225386738128561,15_1.5_300
sCSF,5.6,0.21663007759971,15_1.5_300
sCSF,5.7,0.208041360382964,15_1.5_300
sCSF,5.8,0.199642625884229,15_1.5_300
sCSF,5.9,0.191452137661816,15_1.5_300
sCSF,6,0.183484524406014,15_1.5_300
sCSF,6.1,0.175751014590435,15_1.5_300
sCSF,6.2,0.168259734900633,15_1.5_300
sCSF,6.3,0.161016043976467,15_1.5_300
sCSF,6.4,0.15402287753978,15_1.5_300
sCSF,6.5,0.147281086810101,15_1.5_300
sCSF,6.6,0.14078975788058,15_1.5_300
sCSF,6.7,0.134546504658144,15_1.5_300
sCSF,6.8,0.128547731785468,15_1.5_300
sCSF,6.9,0.122788866670754,15_1.5_300
sCSF,7,0.117264561527009,15_1.5_300
sCSF,7.1,0.111968867388611,15_1.5_300
sCSF,7.2,0.106895382631711,15_1.5_300
sCSF,7.3,0.102037378710036,15_1.5_300
sCSF,7.4,0.0973879058495934,15_1.5_300
sCSF,7.5,0.092939881255295,15_1.5_300
sCSF,7.6,0.0886861622193175,15_1.5_300
sCSF,7.7,0.0846196062605923,15_1.5_300
sCSF,7.8,0.0807331201808652,15_1.5_300
sCSF,7.9,0.0770196997030604,15_1.5_300
sCSF,8,0.0734724611263597,15_1.5_300
sCSF,8.1,0.0700846662491085,15_1.5_300
sCSF,8.2,0.0668497416254813,15_1.5_300
sCSF,8.3,0.0637612930771956,15_1.5_300
sCSF,8.4,0.060813116240022,15_1.5_300
sCSF,8.5,0.0579992038148948,15_1.5_300
sCSF,8.6,0.0553137500881851,15_1.5_300
sCSF,8.7,0.0527511532031187,15_1.5_300
sCSF,8.8,0.0503060155883535,15_1.5_300
sCSF,8.9,0.0479731428870908,15_1.5_300
sCSF,9,0.0457475416774044,15_1.5_300
sCSF,9.1,0.0436244162261314,15_1.5_300
sCSF,9.2,0.0415991644816808,15_1.5_300
sCSF,9.3,0.0396673734773401,15_1.5_300
sCSF,9.4,0.0378248142879937,15_1.5_300
sCSF,9.5,0.036067436660188,15_1.5_300
sCSF,9.6,0.0343913634134817,15_1.5_300
sCSF,9.7,0.0327928846964635,15_1.5_300
sCSF,9.8,0.031268452164185,15_1.5_300
sCSF,9.9,0.0298146731326196,15_1.5_300
sCSF,10,0.028428304754945,15_1.5_300
brain ECF,0,0,15_7.5_250
brain ECF,0.1,0.0352797035877154,15_7.5_250
brain ECF,0.2,0.151261154984441,15_7.5_250
brain ECF,0.3,0.316830732449697,15_7.5_250
brain ECF,0.4,0.43585400088303,15_7.5_250
brain ECF,0.5,0.502941168322383,15_7.5_250
brain ECF,0.6,0.545985946802273,15_7.5_250
brain ECF,0.7,0.576540696712777,15_7.5_250
brain ECF,0.8,0.598873586975995,15_7.5_250
brain ECF,0.9,0.614859840775052,15_7.5_250
brain ECF,1,0.625584934340662,15_7.5_250
brain ECF,1.1,0.631832645227572,15_7.5_250
brain ECF,1.2,0.634236810692082,15_7.5_250
brain ECF,1.3,0.633333669224222,15_7.5_250
brain ECF,1.4,0.629584291663721,15_7.5_250
brain ECF,1.5,0.62338740398903,15_7.5_250
brain ECF,1.6,0.615088598457114,15_7.5_250
brain ECF,1.7,0.604987773701692,15_7.5_250
brain ECF,1.8,0.593345429958032,15_7.5_250
brain ECF,1.9,0.580388083561571,15_7.5_250
brain ECF,2,0.566312950304394,15_7.5_250
brain ECF,2.1,0.551292005078115,15_7.5_250
brain ECF,2.2,0.535475504909102,15_7.5_250
brain ECF,2.3,0.518995049393489,15_7.5_250
brain ECF,2.4,0.501966242392397,15_7.5_250
brain ECF,2.5,0.484491010352034,15_7.5_250
brain ECF,2.6,0.466659625306502,15_7.5_250
brain ECF,2.7,0.448552474286756,15_7.5_250
brain ECF,2.8,0.430241611332704,15_7.5_250
brain ECF,2.9,0.411792123475397,15_7.5_250
brain ECF,3,0.393263337783655,15_7.5_250
brain ECF,3.1,0.374709892745127,15_7.5_250
brain ECF,3.2,0.356182693748061,15_7.5_250
brain ECF,3.3,0.33772976911094,15_7.5_250
brain ECF,3.4,0.31939703983735,15_7.5_250
brain ECF,3.5,0.301229012864641,15_7.5_250
brain ECF,3.6,0.283269403860971,15_7.5_250
brain ECF,3.7,0.265561691368244,15_7.5_250
brain ECF,3.8,0.248149599071791,15_7.5_250
brain ECF,3.9,0.231077496970683,15_7.5_250
brain ECF,4,0.214390705080867,15_7.5_250
brain ECF,4.1,0.198135675043076,15_7.5_250
brain ECF,4.2,0.182360015958718,15_7.5_250
brain ECF,4.3,0.167112321917215,15_7.5_250
brain ECF,4.4,0.152441751679587,15_7.5_250
brain ECF,4.5,0.138397309229601,15_7.5_250
brain ECF,4.6,0.125026780980357,15_7.5_250
brain ECF,4.7,0.112375307412572,15_7.5_250
brain ECF,4.8,0.100483607874872,15_7.5_250
brain ECF,4.9,0.0893859392362411,15_7.5_250
brain ECF,5,0.0791079468028312,15_7.5_250
brain ECF,5.1,0.0696646442554931,15_7.5_250
brain ECF,5.2,0.0610588132357954,15_7.5_250
brain ECF,5.3,0.0532801127309821,15_7.5_250
brain ECF,5.4,0.0463051151520195,15_7.5_250
brain ECF,5.5,0.0400983423840794,15_7.5_250
brain ECF,5.6,0.0346141967710003,15_7.5_250
brain ECF,5.7,0.029799522475547,15_7.5_250
brain ECF,5.8,0.0255964420321346,15_7.5_250
brain ECF,5.9,0.0219451132040216,15_7.5_250
brain ECF,6,0.0187861286264067,15_7.5_250
brain ECF,6.1,0.0160623976073232,15_7.5_250
brain ECF,6.2,0.0137204650193456,15_7.5_250
brain ECF,6.3,0.0117113091625232,15_7.5_250
brain ECF,6.4,0.00999070974435148,15_7.5_250
brain ECF,6.5,0.00851929338823569,15_7.5_250
brain ECF,6.6,0.00726235820596093,15_7.5_250
brain ECF,6.7,0.00618956187112782,15_7.5_250
brain ECF,6.8,0.00527453731292575,15_7.5_250
brain ECF,6.9,0.00449448124137369,15_7.5_250
brain ECF,7,0.00382974525713987,15_7.5_250
brain ECF,7.1,0.00326344767437327,15_7.5_250
brain ECF,7.2,0.00278111594324362,15_7.5_250
brain ECF,7.3,0.00237036406282107,15_7.5_250
brain ECF,7.4,0.00202060579997875,15_7.5_250
brain ECF,7.5,0.00172280252008962,15_7.5_250
brain ECF,7.6,0.0014692431481257,15_7.5_250
brain ECF,7.7,0.00125335332749414,15_7.5_250
brain ECF,7.8,0.0010695306208008,15_7.5_250
brain ECF,7.9,0.000913002681451008,15_7.5_250
brain ECF,8,0.0007797055060327,15_7.5_250
brain ECF,8.1,0.000666179129464843,15_7.5_250
brain ECF,8.2,0.0005694784041754,15_7.5_250
brain ECF,8.3,0.000487096767622066,15_7.5_250
brain ECF,8.4,0.000416901174994971,15_7.5_250
brain ECF,8.5,0.000357076592829808,15_7.5_250
brain ECF,8.6,0.000306078692983222,15_7.5_250
brain ECF,8.7,0.000262593528650535,15_7.5_250
brain ECF,8.8,0.000225503207742245,15_7.5_250
brain ECF,8.9,0.000193856646681673,15_7.5_250
brain ECF,9,0.000166844687777679,15_7.5_250
brain ECF,9.1,0.000143778909173976,15_7.5_250
brain ECF,9.2,0.000124073600084828,15_7.5_250
brain ECF,9.3,0.0001072304230478,15_7.5_250
brain ECF,9.4,9.28253629568013e-05,15_7.5_250
brain ECF,9.5,8.04976257261264e-05,15_7.5_250
brain ECF,9.6,6.99401931681493e-05,15_7.5_250
brain ECF,9.7,6.08917903482387e-05,15_7.5_250
brain ECF,9.8,5.31300545686592e-05,15_7.5_250
brain ECF,9.9,4.64657193715328e-05,15_7.5_250
brain ECF,10,4.07376766651977e-05,15_7.5_250
brain ICF,0,0,15_7.5_250
brain ICF,0.1,0.0350602763401111,15_7.5_250
brain ICF,0.2,0.150850629481184,15_7.5_250
brain ICF,0.3,0.316396181509557,15_7.5_250
brain ICF,0.4,0.435612804037546,15_7.5_250
brain ICF,0.5,0.502796434674446,15_7.5_250
brain ICF,0.6,0.545886695435206,15_7.5_250
brain ICF,0.7,0.576468435023073,15_7.5_250
brain ICF,0.8,0.59882098200374,15_7.5_250
brain ICF,0.9,0.614823147919914,15_7.5_250
brain ICF,1,0.625561670329641,15_7.5_250
brain ICF,1.1,0.63182087874565,15_7.5_250
brain ICF,1.2,0.634234931740795,15_7.5_250
brain ICF,1.3,0.633340300696705,15_7.5_250
brain ICF,1.4,0.629598244917967,15_7.5_250
brain ICF,1.5,0.623407649619604,15_7.5_250
brain ICF,1.6,0.615114243620383,15_7.5_250
brain ICF,1.7,0.605018043217792,15_7.5_250
brain ICF,1.8,0.593379650141451,15_7.5_250
brain ICF,1.9,0.580425668260722,15_7.5_250
brain ICF,2,0.566353388809663,15_7.5_250
brain ICF,2.1,0.55133485163345,15_7.5_250
brain ICF,2.2,0.535520369605419,15_7.5_250
brain ICF,2.3,0.519041590253447,15_7.5_250
brain ICF,2.4,0.502014158481679,15_7.5_250
brain ICF,2.5,0.484540035774055,15_7.5_250
brain ICF,2.6,0.46670952395634,15_7.5_250
brain ICF,2.7,0.448603035256491,15_7.5_250
brain ICF,2.8,0.430292644874664,15_7.5_250
brain ICF,2.9,0.411843457442407,15_7.5_250
brain ICF,3,0.393314814476542,15_7.5_250
brain ICF,3.1,0.374761366107869,15_7.5_250
brain ICF,3.2,0.356234026860357,15_7.5_250
brain ICF,3.3,0.337780831937058,15_7.5_250
brain ICF,3.4,0.319447707199282,15_7.5_250
brain ICF,3.5,0.30127916261739,15_7.5_250
brain ICF,3.6,0.283318915258743,15_7.5_250
brain ICF,3.7,0.265610443623073,15_7.5_250
brain ICF,3.8,0.248197470121314,15_7.5_250
brain ICF,3.9,0.231124362489981,15_7.5_250
brain ICF,4,0.214436437794709,15_7.5_250
brain ICF,4.1,0.198180144419188,15_7.5_250
brain ICF,4.2,0.182403088388164,15_7.5_250
brain ICF,4.3,0.167153861511009,15_7.5_250
brain ICF,4.4,0.152481621824663,15_7.5_250
brain ICF,4.5,0.138435375042154,15_7.5_250
brain ICF,4.6,0.125062912756768,15_7.5_250
brain ICF,4.7,0.11240938509284,15_7.5_250
brain ICF,4.8,0.100515526390377,15_7.5_250
brain ICF,4.9,0.0894156144155273,15_7.5_250
brain ICF,5,0.0791353212829275,15_7.5_250
brain ICF,5.1,0.0696896926491886,15_7.5_250
brain ICF,5.2,0.0610815457180945,15_7.5_250
brain ICF,5.3,0.0533005763044305,15_7.5_250
brain ICF,5.4,0.0463233921605597,15_7.5_250
brain ICF,5.5,0.0401145463133354,15_7.5_250
brain ICF,5.6,0.0346284658685078,15_7.5_250
brain ICF,5.7,0.0298120120904965,15_7.5_250
brain ICF,5.8,0.0256073167017955,15_7.5_250
brain ICF,5.9,0.0219545393931962,15_7.5_250
brain ICF,6,0.0187942687369568,15_7.5_250
brain ICF,6.1,0.0160694055353737,15_7.5_250
brain ICF,6.2,0.0137264832484283,15_7.5_250
brain ICF,6.3,0.0117164671911331,15_7.5_250
brain ICF,6.4,0.0099951235595741,15_7.5_250
brain ICF,6.5,0.0085230656879015,15_7.5_250
brain ICF,6.6,0.00726557910822753,15_7.5_250
brain ICF,6.7,0.00619230990497256,15_7.5_250
brain ICF,6.8,0.00527688053909734,15_7.5_250
brain ICF,6.9,0.00449647840142356,15_7.5_250
brain ICF,7,0.0038314468857308,15_7.5_250
brain ICF,7.1,0.00326489713736479,15_7.5_250
brain ICF,7.2,0.00278235038273754,15_7.5_250
brain ICF,7.3,0.00237141524278661,15_7.5_250
brain ICF,7.4,0.00202150085337888,15_7.5_250
brain ICF,7.5,0.00172356460306356,15_7.5_250
brain ICF,7.6,0.00146989200886822,15_7.5_250
brain ICF,7.7,0.00125390579846523,15_7.5_250
brain ICF,7.8,0.00107000104296777,15_7.5_250
brain ICF,7.9,0.00091340326888141,15_7.5_250
brain ICF,8,0.000780046658524263,15_7.5_250
brain ICF,8.1,0.000666469700155022,15_7.5_250
brain ICF,8.2,0.000569725928307231,15_7.5_250
brain ICF,8.3,0.000487307657897974,15_7.5_250
brain ICF,8.4,0.000417080888258432,15_7.5_250
brain ICF,8.5,0.000357229772208312,15_7.5_250
brain ICF,8.6,0.000306209289000421,15_7.5_250
brain ICF,8.7,0.000262704902422562,15_7.5_250
brain ICF,8.8,0.000225598218860842,15_7.5_250
brain ICF,8.9,0.000193937728018397,15_7.5_250
brain ICF,9,0.000166913909164551,15_7.5_250
brain ICF,9.1,0.000143838031622054,15_7.5_250
brain ICF,9.2,0.000124124121878115,15_7.5_250
brain ICF,9.3,0.00010727361899248,15_7.5_250
brain ICF,9.4,9.28623177497667e-05,15_7.5_250
brain ICF,9.5,8.05292623711245e-05,15_7.5_250
brain ICF,9.6,6.99672971171879e-05,15_7.5_250
brain ICF,9.7,6.09150300496759e-05,15_7.5_250
brain ICF,9.8,5.3149998952403e-05,15_7.5_250
brain ICF,9.9,4.64828527017519e-05,15_7.5_250
brain ICF,10,4.07524111900233e-05,15_7.5_250
sCSF,0,0,15_7.5_250
sCSF,0.1,0.000509223485315544,15_7.5_250
sCSF,0.2,0.00463382227185252,15_7.5_250
sCSF,0.3,0.0153627306466745,15_7.5_250
sCSF,0.4,0.0325199423848861,15_7.5_250
sCSF,0.5,0.0530381224942994,15_7.5_250
sCSF,0.6,0.0750802115755539,15_7.5_250
sCSF,0.7,0.0977765582472972,15_7.5_250
sCSF,0.8,0.120632284835543,15_7.5_250
sCSF,0.9,0.143306800563062,15_7.5_250
sCSF,1,0.165540662256052,15_7.5_250
sCSF,1.1,0.187128881786702,15_7.5_250
sCSF,1.2,0.207908617817407,15_7.5_250
sCSF,1.3,0.227751674836722,15_7.5_250
sCSF,1.4,0.24655894076729,15_7.5_250
sCSF,1.5,0.264255859433204,15_7.5_250
sCSF,1.6,0.280788612928484,15_7.5_250
sCSF,1.7,0.296120864599121,15_7.5_250
sCSF,1.8,0.310230971369199,15_7.5_250
sCSF,1.9,0.323109597272563,15_7.5_250
sCSF,2,0.334757672312686,15_7.5_250
sCSF,2.1,0.345184649192678,15_7.5_250
sCSF,2.2,0.354407017141341,15_7.5_250
sCSF,2.3,0.362447037686126,15_7.5_250
sCSF,2.4,0.369331672056846,15_7.5_250
sCSF,2.5,0.375091674081379,15_7.5_250
sCSF,2.6,0.379760826051832,15_7.5_250
sCSF,2.7,0.383375298169919,15_7.5_250
sCSF,2.8,0.38597311489373,15_7.5_250
sCSF,2.9,0.38759371385028,15_7.5_250
sCSF,3,0.388277585003695,15_7.5_250
sCSF,3.1,0.388065979510668,15_7.5_250
sCSF,3.2,0.387000679185391,15_7.5_250
sCSF,3.3,0.385123818761195,15_7.5_250
sCSF,3.4,0.382477754184858,15_7.5_250
sCSF,3.5,0.379104971031348,15_7.5_250
sCSF,3.6,0.375048027766827,15_7.5_250
sCSF,3.7,0.370349529017503,15_7.5_250
sCSF,3.8,0.365052124193892,15_7.5_250
sCSF,3.9,0.359198526748425,15_7.5_250
sCSF,4,0.352831548967468,15_7.5_250
sCSF,4.1,0.345994146480889,15_7.5_250
sCSF,4.2,0.338729465582191,15_7.5_250
sCSF,4.3,0.331080884991306,15_7.5_250
sCSF,4.4,0.323092041915464,15_7.5_250
sCSF,4.5,0.314806830373817,15_7.5_250
sCSF,4.6,0.306269358031067,15_7.5_250
sCSF,4.7,0.297523846836811,15_7.5_250
sCSF,4.8,0.288614463309404,15_7.5_250
sCSF,4.9,0.279585067240612,15_7.5_250
sCSF,5,0.270478873694346,15_7.5_250
sCSF,5.1,0.261338032702714,15_7.5_250
sCSF,5.2,0.252203143307566,15_7.5_250
sCSF,5.3,0.243112731642476,15_7.5_250
sCSF,5.4,0.234102733377381,15_7.5_250
sCSF,5.5,0.22520602589711,15_7.5_250
sCSF,5.6,0.216452052648574,15_7.5_250
sCSF,5.7,0.207866571231028,15_7.5_250
sCSF,5.8,0.199471540511865,15_7.5_250
sCSF,5.9,0.191285144454955,15_7.5_250
sCSF,6,0.18332193554461,15_7.5_250
sCSF,6.1,0.175593071290471,15_7.5_250
sCSF,6.2,0.168106613874347,15_7.5_250
sCSF,6.3,0.160867864525571,15_7.5_250
sCSF,6.4,0.153879708801956,15_7.5_250
sCSF,6.5,0.147142954804458,15_7.5_250
sCSF,6.6,0.140656652116487,15_7.5_250
sCSF,6.7,0.134418384170953,15_7.5_250
sCSF,6.8,0.128424530536732,15_7.5_250
sCSF,6.9,0.122670498304329,15_7.5_250
sCSF,7,0.11715092350492,15_7.5_250
sCSF,7.1,0.111859844550885,15_7.5_250
sCSF,7.2,0.106790850233799,15_7.5_250
sCSF,7.3,0.101937204995421,15_7.5_250
sCSF,7.4,0.0972919542139996,15_7.5_250
sCSF,7.5,0.0928480120533094,15_7.5_250
sCSF,7.6,0.0885982342670573,15_7.5_250
sCSF,7.7,0.0845354780712256,15_7.5_250
sCSF,7.8,0.0806526509775532,15_7.5_250
sCSF,7.9,0.0769427502383624,15_7.5_250
sCSF,8,0.0733988943406012,15_7.5_250
sCSF,8.1,0.0700143477908407,15_7.5_250
sCSF,8.2,0.0667825402569707,15_7.5_250
sCSF,8.3,0.0636970809828993,15_7.5_250
sCSF,8.4,0.0607517692541952,15_7.5_250
sCSF,8.5,0.057940601581715,15_7.5_250
sCSF,8.6,0.0552577761659968,15_7.5_250
sCSF,8.7,0.0526976951224057,15_7.5_250
sCSF,8.8,0.050254964871809,15_7.5_250
sCSF,8.9,0.0479243950386212,15_7.5_250
sCSF,9,0.0457009961463162,15_7.5_250
sCSF,9.1,0.0435799763507581,15_7.5_250
sCSF,9.2,0.04155673741733,15_7.5_250
sCSF,9.3,0.0396268701116547,15_7.5_250
sCSF,9.4,0.0377861491469349,15_7.5_250
sCSF,9.5,0.0360305278066392,15_7.5_250
sCSF,9.6,0.0343561323408806,15_7.5_250
sCSF,9.7,0.0327592562191095,15_7.5_250
sCSF,9.8,0.0312363543054311,15_7.5_250
sCSF,9.9,0.0297840370122155,15_7.5_250
sCSF,10,0.028399064476493,15_7.5_250
brain ECF,0,0,15_7.5_300
brain ECF,0.1,0.0352693037321014,15_7.5_300
brain ECF,0.2,0.151252611962254,15_7.5_300
brain ECF,0.3,0.316832895957989,15_7.5_300
brain ECF,0.4,0.435861820255511,15_7.5_300
brain ECF,0.5,0.502945384149592,15_7.5_300
brain ECF,0.6,0.545988042633105,15_7.5_300
brain ECF,0.7,0.57654195734232,15_7.5_300
brain ECF,0.8,0.598874505800766,15_7.5_300
brain ECF,0.9,0.614860584015801,15_7.5_300
brain ECF,1,0.625585561324801,15_7.5_300
brain ECF,1.1,0.631833181938896,15_7.5_300
brain ECF,1.2,0.634237272201995,15_7.5_300
brain ECF,1.3,0.633334066425886,15_7.5_300
brain ECF,1.4,0.629584633360817,15_7.5_300
brain ECF,1.5,0.623387697616038,15_7.5_300
brain ECF,1.6,0.61508885038851,15_7.5_300
brain ECF,1.7,0.60498798942923,15_7.5_300
brain ECF,1.8,0.593345614218432,15_7.5_300
brain ECF,1.9,0.580388240439697,15_7.5_300
brain ECF,2,0.566313083320525,15_7.5_300
brain ECF,2.1,0.551292117262765,15_7.5_300
brain ECF,2.2,0.535475598867523,15_7.5_300
brain ECF,2.3,0.518995127361259,15_7.5_300
brain ECF,2.4,0.501966306283329,15_7.5_300
brain ECF,2.5,0.484491061799363,15_7.5_300
brain ECF,2.6,0.466659665698331,15_7.5_300
brain ECF,2.7,0.448552504796405,15_7.5_300
brain ECF,2.8,0.430241632944746,15_7.5_300
brain ECF,2.9,0.411792137007891,15_7.5_300
brain ECF,3,0.393263343907135,15_7.5_300
brain ECF,3.1,0.374709891998811,15_7.5_300
brain ECF,3.2,0.356182686553729,15_7.5_300
brain ECF,3.3,0.337729755784904,15_7.5_300
brain ECF,3.4,0.319397020600959,15_7.5_300
brain ECF,3.5,0.301228987853785,15_7.5_300
brain ECF,3.6,0.283269373135113,15_7.5_300
brain ECF,3.7,0.265561654919591,15_7.5_300
brain ECF,3.8,0.248149556835343,15_7.5_300
brain ECF,3.9,0.231077448836005,15_7.5_300
brain ECF,4,0.214390650906738,15_7.5_300
brain ECF,4.1,0.198135614675916,15_7.5_300
brain ECF,4.2,0.182359949256253,15_7.5_300
brain ECF,4.3,0.167112248778354,15_7.5_300
brain ECF,4.4,0.15244167208102,15_7.5_300
brain ECF,4.5,0.138397223268749,15_7.5_300
brain ECF,4.6,0.12502668892278,15_7.5_300
brain ECF,4.7,0.112375209739418,15_7.5_300
brain ECF,4.8,0.100483505323314,15_7.5_300
brain ECF,4.9,0.0893858328233988,15_7.5_300
brain ECF,5,0.0791078378225814,15_7.5_300
brain ECF,5.1,0.0696645342389702,15_7.5_300
brain ECF,5.2,0.0610587038730558,15_7.5_300
brain ECF,5.3,0.0532800057586981,15_7.5_300
brain ECF,5.4,0.0463050122231795,15_7.5_300
brain ECF,5.5,0.0400982449420326,15_7.5_300
brain ECF,5.6,0.0346141059506925,15_7.5_300
brain ECF,5.7,0.0297994390480714,15_7.5_300
brain ECF,5.8,0.0255963663973284,15_7.5_300
brain ECF,5.9,0.0219450454244736,15_7.5_300
brain ECF,6,0.0187860684889013,15_7.5_300
brain ECF,6.1,0.0160623446959476,15_7.5_300
brain ECF,6.2,0.0137204187871047,15_7.5_300
brain ECF,6.3,0.0117112689929917,15_7.5_300
brain ECF,6.4,0.00999067499969868,15_7.5_300
brain ECF,6.5,0.00851926344337008,15_7.5_300
brain ECF,6.6,0.00726233247060286,15_7.5_300
brain ECF,6.7,0.00618953980240259,15_7.5_300
brain ECF,6.8,0.00527451842106517,15_7.5_300
brain ECF,6.9,0.00449446509075492,15_7.5_300
brain ECF,7,0.00382973146438305,15_7.5_300
brain ECF,7.1,0.00326343590475436,15_7.5_300
brain ECF,7.2,0.002781105906267,15_7.5_300
brain ECF,7.3,0.00237035550752851,15_7.5_300
brain ECF,7.4,0.002020598510318,15_7.5_300
brain ECF,7.5,0.00172279631055783,15_7.5_300
brain ECF,7.6,0.00146923785976996,15_7.5_300
brain ECF,7.7,0.00125334882433288,15_7.5_300
brain ECF,7.8,0.00106952678664175,15_7.5_300
brain ECF,7.9,0.000912999417110695,15_7.5_300
brain ECF,8,0.00077970272690667,15_7.5_300
brain ECF,8.1,0.000666176763429676,15_7.5_300
brain ECF,8.2,0.000569476389774852,15_7.5_300
brain ECF,8.3,0.00048709505250912,15_7.5_300
brain ECF,8.4,0.000416899714594386,15_7.5_300
brain ECF,8.5,0.000357075349193614,15_7.5_300
brain ECF,8.6,0.0003060776338115,15_7.5_300
brain ECF,8.7,0.000262592626452778,15_7.5_300
brain ECF,8.8,0.000225502439126852,15_7.5_300
brain ECF,8.9,0.000193855991744064,15_7.5_300
brain ECF,9,0.000166844129583108,15_7.5_300
brain ECF,9.1,0.000143778433314415,15_7.5_300
brain ECF,9.2,0.000124073194302746,15_7.5_300
brain ECF,9.3,0.000107230076914912,15_7.5_300
brain ECF,9.4,9.28250676010804e-05,15_7.5_300
brain ECF,9.5,8.04973736002916e-05,15_7.5_300
brain ECF,9.6,6.9939977851487e-05,15_7.5_300
brain ECF,9.7,6.08916063773655e-05,15_7.5_300
brain ECF,9.8,5.31298972962224e-05,15_7.5_300
brain ECF,9.9,4.64655848426129e-05,15_7.5_300
brain ECF,10,4.07375615155969e-05,15_7.5_300
brain ICF,0,0,15_7.5_300
brain ICF,0.1,0.0350863615885348,15_7.5_300
brain ICF,0.2,0.150910440526236,15_7.5_300
brain ICF,0.3,0.316470806005385,15_7.5_300
brain ICF,0.4,0.435660883951252,15_7.5_300
brain ICF,0.5,0.50282480418929,15_7.5_300
brain ICF,0.6,0.545905349004199,15_7.5_300
brain ICF,0.7,0.576481749061611,15_7.5_300
brain ICF,0.8,0.598830675591717,15_7.5_300
brain ICF,0.9,0.614830012561718,15_7.5_300
brain ICF,1,0.625566179661513,15_7.5_300
brain ICF,1.1,0.631823380832052,15_7.5_300
brain ICF,1.2,0.634235710103075,15_7.5_300
brain ICF,1.3,0.633339595831981,15_7.5_300
brain ICF,1.4,0.629596263807121,15_7.5_300
brain ICF,1.5,0.623404571324148,15_7.5_300
brain ICF,1.6,0.615110223373094,15_7.5_300
brain ICF,1.7,0.605013215751045,15_7.5_300
brain ICF,1.8,0.593374132510815,15_7.5_300
brain ICF,1.9,0.580419562275701,15_7.5_300
brain ICF,2,0.56634678313699,15_7.5_300
brain ICF,2.1,0.551327823620574,15_7.5_300
brain ICF,2.2,0.535512986863293,15_7.5_300
brain ICF,2.3,0.51903391203176,15_7.5_300
brain ICF,2.4,0.502006236865272,15_7.5_300
brain ICF,2.5,0.484531916725319,15_7.5_300
brain ICF,2.6,0.466701248225292,15_7.5_300
brain ICF,2.7,0.448594639177139,15_7.5_300
brain ICF,2.8,0.430284161064048,15_7.5_300
brain ICF,2.9,0.411834915416299,15_7.5_300
brain ICF,3,0.393306241194003,15_7.5_300
brain ICF,3.1,0.374752786455062,15_7.5_300
brain ICF,3.2,0.356225464082445,15_7.5_300
brain ICF,3.3,0.337772308025456,15_7.5_300
brain ICF,3.4,0.319439243240058,15_7.5_300
brain ICF,3.5,0.301270779104965,15_7.5_300
brain ICF,3.6,0.283310632377295,15_7.5_300
brain ICF,3.7,0.265602281496015,15_7.5_300
brain ICF,3.8,0.248189449026795,15_7.5_300
brain ICF,3.9,0.231116503037449,15_7.5_300
brain ICF,4,0.21442876105431,15_7.5_300
brain ICF,4.1,0.198172671991469,15_7.5_300
brain ICF,4.2,0.182395842397871,15_7.5_300
brain ICF,4.3,0.167146864504448,15_7.5_300
brain ICF,4.4,0.15247489654727,15_7.5_300
brain ICF,4.5,0.138428944072916,15_7.5_300
brain ICF,4.6,0.125056797980859,15_7.5_300
brain ICF,4.7,0.112403607005551,15_7.5_300
brain ICF,4.8,0.10051010324658,15_7.5_300
brain ICF,4.9,0.0894105612694717,15_7.5_300
brain ICF,5,0.0791306489997741,15_7.5_300
brain ICF,5.1,0.0696854070039401,15_7.5_300
brain ICF,5.2,0.0610776467188418,15_7.5_300
brain ICF,5.3,0.0532970578682188,15_7.5_300
brain ICF,5.4,0.0463202422297108,15_7.5_300
brain ICF,5.5,0.0401117474284341,15_7.5_300
brain ICF,5.6,0.0346259961321633,15_7.5_300
brain ICF,5.7,0.0298098463881959,15_7.5_300
brain ICF,5.8,0.0256054280134133,15_7.5_300
brain ICF,5.9,0.0219529000374032,15_7.5_300
brain ICF,6,0.0187928514315954,15_7.5_300
brain ICF,6.1,0.0160681842116308,15_7.5_300
brain ICF,6.2,0.0137254336075035,15_7.5_300
brain ICF,6.3,0.0117155670284553,15_7.5_300
brain ICF,6.4,0.00999435290093266,15_7.5_300
brain ICF,6.5,0.00852240678683098,15_7.5_300
brain ICF,6.6,0.00726501634998615,15_7.5_300
brain ICF,6.7,0.00619182965414807,15_7.5_300
brain ICF,6.8,0.00527647095852441,15_7.5_300
brain ICF,6.9,0.00449612926172226,15_7.5_300
brain ICF,7,0.00383114937800188,15_7.5_300
brain ICF,7.1,0.0032646436965579,15_7.5_300
brain ICF,7.2,0.0027821345256797,15_7.5_300
brain ICF,7.3,0.00237123142251534,15_7.5_300
brain ICF,7.4,0.00202134432995218,15_7.5_300
brain ICF,7.5,0.00172343133013773,15_7.5_300
brain ICF,7.6,0.00146977853485299,15_7.5_300
brain ICF,7.7,0.0012538091808814,15_7.5_300
brain ICF,7.8,0.00106991877453266,15_7.5_300
brain ICF,7.9,0.000913333213940546,15_7.5_300
brain ICF,8,0.000779986998497134,15_7.5_300
brain ICF,8.1,0.000666418886818704,15_7.5_300
brain ICF,8.2,0.000569682643840368,15_7.5_300
brain ICF,8.3,0.000487270780751385,15_7.5_300
brain ICF,8.4,0.00041704946402669,15_7.5_300
brain ICF,8.5,0.000357202988785568,15_7.5_300
brain ICF,8.6,0.000306186455408031,15_7.5_300
brain ICF,8.7,0.000262685430764314,15_7.5_300
brain ICF,8.8,0.000225581608959605,15_7.5_300
brain ICF,8.9,0.000193923554331963,15_7.5_300
brain ICF,9,0.000166901809650882,15_7.5_300
brain ICF,9.1,0.000143827698256177,15_7.5_300
brain ICF,9.2,0.000124115292590603,15_7.5_300
brain ICF,9.3,0.000107266070804053,15_7.5_300
brain ICF,9.4,9.2855860934741e-05,15_7.5_300
brain ICF,9.5,8.05237354880001e-05,15_7.5_300
brain ICF,9.6,6.99625627853241e-05,15_7.5_300
brain ICF,9.7,6.0910971354021e-05,15_7.5_300
brain ICF,9.8,5.31465163868722e-05,15_7.5_300
brain ICF,9.9,4.64798615691747e-05,15_7.5_300
brain ICF,10,4.07498393913372e-05,15_7.5_300
sCSF,0,0,15_7.5_300
sCSF,0.1,0.000508943728474302,15_7.5_300
sCSF,0.2,0.00463311446406965,15_7.5_300
sCSF,0.3,0.0153618104323996,15_7.5_300
sCSF,0.4,0.0325193748405035,15_7.5_300
sCSF,0.5,0.0530378522973563,15_7.5_300
sCSF,0.6,0.075080089327061,15_7.5_300
sCSF,0.7,0.0977765143632517,15_7.5_300
sCSF,0.8,0.120632291096944,15_7.5_300
sCSF,0.9,0.143306843640921,15_7.5_300
sCSF,1,0.165540734067201,15_7.5_300
sCSF,1.1,0.187128976405026,15_7.5_300
sCSF,1.2,0.207908730475401,15_7.5_300
sCSF,1.3,0.227751801561065,15_7.5_300
sCSF,1.4,0.246559078209306,15_7.5_300
sCSF,1.5,0.264256004764425,15_7.5_300
sCSF,1.6,0.280788763762486,15_7.5_300
sCSF,1.7,0.296121018927441,15_7.5_300
sCSF,1.8,0.310231127506948,15_7.5_300
sCSF,1.9,0.323109753811737,15_7.5_300
sCSF,2,0.3347578280819,15_7.5_300
sCSF,2.1,0.345184803222448,15_7.5_300
sCSF,2.2,0.354407168634089,15_7.5_300
sCSF,2.3,0.362447185990299,15_7.5_300
sCSF,2.4,0.369331816644557,15_7.5_300
sCSF,2.5,0.375091814529112,15_7.5_300
sCSF,2.6,0.379760962023738,15_7.5_300
sCSF,2.7,0.383375429403404,15_7.5_300
sCSF,2.8,0.38597324118696,15_7.5_300
sCSF,2.9,0.387593835051359,15_7.5_300
sCSF,3,0.388277701001278,15_7.5_300
sCSF,3.1,0.388066090225794,15_7.5_300
sCSF,3.2,0.387000784564383,15_7.5_300
sCSF,3.3,0.385123918769464,15_7.5_300
sCSF,3.4,0.382477848801503,15_7.5_300
sCSF,3.5,0.379105060244455,15_7.5_300
sCSF,3.6,0.375048111569405,15_7.5_300
sCSF,3.7,0.370349607404014,15_7.5_300
sCSF,3.8,0.365052197157375,15_7.5_300
sCSF,3.9,0.359198594278242,15_7.5_300
sCSF,4,0.352831611047743,15_7.5_300
sCSF,4.1,0.345994203089763,15_7.5_300
sCSF,4.2,0.338729516692058,15_7.5_300
sCSF,4.3,0.331080930570237,15_7.5_300
sCSF,4.4,0.323092081930066,15_7.5_300
sCSF,4.5,0.31480686479375,15_7.5_300
sCSF,4.6,0.306269386835402,15_7.5_300
sCSF,4.7,0.297523870022253,15_7.5_300
sCSF,4.8,0.28861448090013,15_7.5_300
sCSF,4.9,0.279585079299177,15_7.5_300
sCSF,5,0.270478880332518,15_7.5_300
sCSF,5.1,0.26133803409096,15_7.5_300
sCSF,5.2,0.252203139681356,15_7.5_300
sCSF,5.3,0.243112723303998,15_7.5_300
sCSF,5.4,0.23410272069163,15_7.5_300
sCSF,5.5,0.225206009282285,15_7.5_300
sCSF,5.6,0.216452032561793,15_7.5_300
sCSF,5.7,0.207866548151186,15_7.5_300
sCSF,5.8,0.199471514921878,15_7.5_300
sCSF,5.9,0.191285116825475,15_7.5_300
sCSF,6,0.183321906320715,15_7.5_300
sCSF,6.1,0.175593040882053,15_7.5_300
sCSF,6.2,0.168106582650256,15_7.5_300
sCSF,6.3,0.160867832811062,15_7.5_300
sCSF,6.4,0.153879676878716,15_7.5_300
sCSF,6.5,0.1471429229125,15_7.5_300
sCSF,6.6,0.140656620457195,15_7.5_300
sCSF,6.7,0.134418352910769,15_7.5_300
sCSF,6.8,0.128424499811066,15_7.5_300
sCSF,6.9,0.122670468221437,15_7.5_300
sCSF,7,0.117150894149576,15_7.5_300
sCSF,7.1,0.111859815987747,15_7.5_300
sCSF,7.2,0.106790822510446,15_7.5_300
sCSF,7.3,0.101937178145032,15_7.5_300
sCSF,7.4,0.0972919282577043,15_7.5_300
sCSF,7.5,0.0928479870022195,15_7.5_300
sCSF,7.6,0.0885982101240212,15_7.5_300
sCSF,7.7,0.0845354548323251,15_7.5_300
sCSF,7.8,0.0806526286333828,15_7.5_300
sCSF,7.9,0.0769427287751104,15_7.5_300
sCSF,8,0.073398873740967,15_7.5_300
sCSF,8.1,0.070014328034805,15_7.5_300
sCSF,8.2,0.0667825213224429,15_7.5_300
sCSF,8.3,0.0636970628462589,15_7.5_300
sCSF,8.4,0.0607517518907421,15_7.5_300
sCSF,8.5,0.057940584966044,15_7.5_300
sCSF,8.6,0.0552577602723064,15_7.5_300
sCSF,8.7,0.0526976799247515,15_7.5_300
sCSF,8.8,0.0502549503443108,15_7.5_300
sCSF,8.9,0.0479243811556305,15_7.5_300
sCSF,9,0.0457009828825506,15_7.5_300
sCSF,9.1,0.043579963681408,15_7.5_300
sCSF,9.2,0.0415567253181415,15_7.5_300
sCSF,9.3,0.0396268585589933,15_7.5_300
sCSF,9.4,0.0377861381178327,15_7.5_300
sCSF,9.5,0.0360305172788288,15_7.5_300
sCSF,9.6,0.0343561222928176,15_7.5_300
sCSF,9.7,0.0327592466299853,15_7.5_300
sCSF,9.8,0.0312363451551791,15_7.5_300
sCSF,9.9,0.02978402828151,15_7.5_300
sCSF,10,0.0283990561467437,15_7.5_300
brain ECF,0,0,20_1.5_250
brain ECF,0.1,0.0353624573097753,20_1.5_250
brain ECF,0.2,0.151423903221719,20_1.5_250
brain ECF,0.3,0.317010357313049,20_1.5_250
brain ECF,0.4,0.435956171139729,20_1.5_250
brain ECF,0.5,0.5029994062663,20_1.5_250
brain ECF,0.6,0.546023042934814,20_1.5_250
brain ECF,0.7,0.576565572731369,20_1.5_250
brain ECF,0.8,0.598889805376341,20_1.5_250
brain ECF,0.9,0.614869174764844,20_1.5_250
brain ECF,1,0.625588529247725,20_1.5_250
brain ECF,1.1,0.631831378614606,20_1.5_250
brain ECF,1.2,0.634231408946991,20_1.5_250
brain ECF,1.3,0.633324751261024,20_1.5_250
brain ECF,1.4,0.62957239018651,20_1.5_250
brain ECF,1.5,0.623372979116624,20_1.5_250
brain ECF,1.6,0.615072048149489,20_1.5_250
brain ECF,1.7,0.604969442402724,20_1.5_250
brain ECF,1.8,0.59332561597284,20_1.5_250
brain ECF,1.9,0.580367045418658,20_1.5_250
brain ECF,2,0.566290912261147,20_1.5_250
brain ECF,2.1,0.551269161892073,20_1.5_250
brain ECF,2.2,0.535452025976261,20_1.5_250
brain ECF,2.3,0.518971082341092,20_1.5_250
brain ECF,2.4,0.50194191620107,20_1.5_250
brain ECF,2.5,0.484466438072797,20_1.5_250
brain ECF,2.6,0.466634906429456,20_1.5_250
brain ECF,2.7,0.448527696809947,20_1.5_250
brain ECF,2.8,0.430216853574292,20_1.5_250
brain ECF,2.9,0.411767455665737,20_1.5_250
brain ECF,3,0.393238823469055,20_1.5_250
brain ECF,3.1,0.374685590030576,20_1.5_250
brain ECF,3.2,0.356158656401334,20_1.5_250
brain ECF,3.3,0.337706047548282,20_1.5_250
brain ECF,3.4,0.319373682003691,20_1.5_250
brain ECF,3.5,0.301206065020336,20_1.5_250
brain ECF,3.6,0.283246911281505,20_1.5_250
brain ECF,3.7,0.265539698956959,20_1.5_250
brain ECF,3.8,0.248128151879418,20_1.5_250
brain ECF,3.9,0.231056640611363,20_1.5_250
brain ECF,4,0.214370486020315,20_1.5_250
brain ECF,4.1,0.198116140727553,20_1.5_250
brain ECF,4.2,0.182341214748305,20_1.5_250
brain ECF,4.3,0.167094302763861,20_1.5_250
brain ECF,4.4,0.152424563509213,20_1.5_250
brain ECF,4.5,0.138380999947192,20_1.5_250
brain ECF,4.6,0.125011396085381,20_1.5_250
brain ECF,4.7,0.112360888203487,20_1.5_250
brain ECF,4.8,0.100470189301625,20_1.5_250
brain ECF,4.9,0.0893735475262564,20_1.5_250
brain ECF,5,0.0790965970884695,20_1.5_250
brain ECF,5.1,0.0696543385014673,20_1.5_250
brain ECF,5.2,0.0610495388135378,20_1.5_250
brain ECF,5.3,0.0532718419474571,20_1.5_250
brain ECF,5.4,0.0462978059022991,20_1.5_250
brain ECF,5.5,0.0400919399327509,20_1.5_250
brain ECF,5.6,0.0346086364412165,20_1.5_250
brain ECF,5.7,0.0297947328747162,20_1.5_250
brain ECF,5.8,0.0255923483903779,20_1.5_250
brain ECF,5.9,0.0219416404461192,20_1.5_250
brain ECF,6,0.0187832038994745,20_1.5_250
brain ECF,6.1,0.0160599521571156,20_1.5_250
brain ECF,6.2,0.0137184354089408,20_1.5_250
brain ECF,6.3,0.0117096379162583,20_1.5_250
brain ECF,6.4,0.0099893455395663,20_1.5_250
brain ECF,6.5,0.00851819092886571,20_1.5_250
brain ECF,6.6,0.00726147787815853,20_1.5_250
brain ECF,6.7,0.00618886928497929,20_1.5_250
brain ECF,6.8,0.00527400278815553,20_1.5_250
brain ECF,6.9,0.004494079282126,20_1.5_250
brain ECF,7,0.00382945404566781,20_1.5_250
brain ECF,7.1,0.00326324859884528,20_1.5_250
brain ECF,7.2,0.00278099317562045,20_1.5_250
brain ECF,7.3,0.00237030416429308,20_1.5_250
brain ECF,7.4,0.00202059739424809,20_1.5_250
brain ECF,7.5,0.00172283599149205,20_1.5_250
brain ECF,7.6,0.00146931038898989,20_1.5_250
brain ECF,7.7,0.00125344751339562,20_1.5_250
brain ECF,7.8,0.00106964602176132,20_1.5_250
brain ECF,7.9,0.000913134496444458,20_1.5_250
brain ECF,8,0.000779849723746826,20_1.5_250
brain ECF,8.1,0.000666332407739824,20_1.5_250
brain ECF,8.2,0.000569637967896576,20_1.5_250
brain ECF,8.3,0.000487260321367788,20_1.5_250
brain ECF,8.4,0.000417066828104672,20_1.5_250
brain ECF,8.5,0.000357242799140572,20_1.5_250
brain ECF,8.6,0.000306244190759921,20_1.5_250
brain ECF,8.7,0.000262757303466295,20_1.5_250
brain ECF,8.8,0.000225664446200378,20_1.5_250
brain ECF,8.9,0.00019401470809707,20_1.5_250
brain ECF,9,0.000166999072596845,20_1.5_250
brain ECF,9.1,0.000143929240282489,20_1.5_250
brain ECF,9.2,0.000124219598626819,20_1.5_250
brain ECF,9.3,0.000107371893482665,20_1.5_250
brain ECF,9.4,9.29621775837162e-05,20_1.5_250
brain ECF,9.5,8.06297135999576e-05,20_1.5_250
brain ECF,9.6,7.00675294925725e-05,20_1.5_250
brain ECF,9.7,6.10143885605303e-05,20_1.5_250
brain ECF,9.8,5.32479573944702e-05,20_1.5_250
brain ECF,9.9,4.65789962570122e-05,20_1.5_250
brain ECF,10,4.08464138971997e-05,20_1.5_250
brain ICF,0,0,20_1.5_250
brain ICF,0.1,0.0351427667148074,20_1.5_250
brain ICF,0.2,0.151013194979999,20_1.5_250
brain ICF,0.3,0.316576009405352,20_1.5_250
brain ICF,0.4,0.435715147534292,20_1.5_250
brain ICF,0.5,0.502854754000178,20_1.5_250
brain ICF,0.6,0.545923834019193,20_1.5_250
brain ICF,0.7,0.576493338723383,20_1.5_250
brain ICF,0.8,0.598837221541433,20_1.5_250
brain ICF,0.9,0.614832499262966,20_1.5_250
brain ICF,1,0.625565279865964,20_1.5_250
brain ICF,1.1,0.6318196245648,20_1.5_250
brain ICF,1.2,0.634229540573182,20_1.5_250
brain ICF,1.3,0.633331391719832,20_1.5_250
brain ICF,1.4,0.629586351054315,20_1.5_250
brain ICF,1.5,0.623393231174013,20_1.5_250
brain ICF,1.6,0.615097698712732,20_1.5_250
brain ICF,1.7,0.604999716429773,20_1.5_250
brain ICF,1.8,0.593359839897013,20_1.5_250
brain ICF,1.9,0.580404633190788,20_1.5_250
brain ICF,2,0.566331353259825,20_1.5_250
brain ICF,2.1,0.551312010437129,20_1.5_250
brain ICF,2.2,0.5354968922238,20_1.5_250
brain ICF,2.3,0.519017624369674,20_1.5_250
brain ICF,2.4,0.501989833124199,20_1.5_250
brain ICF,2.5,0.484515464034676,20_1.5_250
brain ICF,2.6,0.466684805359814,20_1.5_250
brain ICF,2.7,0.448578257830143,20_1.5_250
brain ICF,2.8,0.430267886961227,20_1.5_250
brain ICF,2.9,0.411818789292661,20_1.5_250
brain ICF,3,0.393290299653561,20_1.5_250
brain ICF,3.1,0.374737062730158,20_1.5_250
brain ICF,3.2,0.356209988706318,20_1.5_250
brain ICF,3.3,0.337757109430975,20_1.5_250
brain ICF,3.4,0.319424348291815,20_1.5_250
brain ICF,3.5,0.301256213572565,20_1.5_250
brain ICF,3.6,0.283296421353891,20_1.5_250
brain ICF,3.7,0.265588449761808,20_1.5_250
brain ICF,3.8,0.248176021353331,20_1.5_250
brain ICF,3.9,0.231103504427396,20_1.5_250
brain ICF,4,0.214416216900612,20_1.5_250
brain ICF,4.1,0.19816060813711,20_1.5_250
brain ICF,4.2,0.18238428507596,20_1.5_250
brain ICF,4.3,0.167135840119686,20_1.5_250
brain ICF,4.4,0.152464431281415,20_1.5_250
brain ICF,4.5,0.138419063256516,20_1.5_250
brain ICF,4.6,0.125047525237178,20_1.5_250
brain ICF,4.7,0.112394963152231,20_1.5_250
brain ICF,4.8,0.100502104999531,20_1.5_250
brain ICF,4.9,0.0894032198294111,20_1.5_250
brain ICF,5,0.0791239686677682,20_1.5_250
brain ICF,5.1,0.0696793840085865,20_1.5_250
brain ICF,5.2,0.0610722684651163,20_1.5_250
brain ICF,5.3,0.0532923027874942,20_1.5_250
brain ICF,5.4,0.0463160803127622,20_1.5_250
brain ICF,5.5,0.0401081414309487,20_1.5_250
brain ICF,5.6,0.034622903297975,20_1.5_250
brain ICF,5.7,0.0298072204532103,20_1.5_250
brain ICF,5.8,0.0256032212328017,20_1.5_250
brain ICF,5.9,0.0219510650143639,20_1.5_250
brain ICF,6,0.0187913425863202,20_1.5_250
brain ICF,6.1,0.0160669588453401,20_1.5_250
brain ICF,6.2,0.0137244525661936,20_1.5_250
brain ICF,6.3,0.0117147950240495,20_1.5_250
brain ICF,6.4,0.00999375856795415,20_1.5_250
brain ICF,6.5,0.008521962559366,20_1.5_250
brain ICF,6.6,0.00726469821375044,20_1.5_250
brain ICF,6.7,0.00619161684084041,20_1.5_250
brain ICF,6.8,0.00527634561269459,20_1.5_250
brain ICF,6.9,0.00449607610599145,20_1.5_250
brain ICF,7,0.00383115539398873,20_1.5_250
brain ICF,7.1,0.00326469782918542,20_1.5_250
brain ICF,7.2,0.00278222742292788,20_1.5_250
brain ICF,7.3,0.00237135518637337,20_1.5_250
brain ICF,7.4,0.00202149231877679,20_1.5_250
brain ICF,7.5,0.00172359797008608,20_1.5_250
brain ICF,7.6,0.00146995916598589,20_1.5_250
brain ICF,7.7,0.00125399991796614,20_1.5_250
brain ICF,7.8,0.001070116392077,20_1.5_250
brain ICF,7.9,0.000913535044196651,20_1.5_250
brain ICF,8,0.000780190846717249,20_1.5_250
brain ICF,8.1,0.000666622957357248,20_1.5_250
brain ICF,8.2,0.000569885477957544,20_1.5_250
brain ICF,8.3,0.000487471203351574,20_1.5_250
brain ICF,8.4,0.000417246537824566,20_1.5_250
brain ICF,8.5,0.000357395978850188,20_1.5_250
brain ICF,8.6,0.00030637479024135,20_1.5_250
brain ICF,8.7,0.000262868683233454,20_1.5_250
brain ICF,8.8,0.000225759465312316,20_1.5_250
brain ICF,8.9,0.000194095798999649,20_1.5_250
brain ICF,9,0.000167068304760211,20_1.5_250
brain ICF,9.1,0.000143988374405101,20_1.5_250
brain ICF,9.2,0.000124270132748342,20_1.5_250
brain ICF,9.3,0.000107415102193852,20_1.5_250
brain ICF,9.4,9.29991454210127e-05,20_1.5_250
brain ICF,9.5,8.06613634148304e-05,20_1.5_250
brain ICF,9.6,7.00946466239241e-05,20_1.5_250
brain ICF,9.7,6.10376413663395e-05,20_1.5_250
brain ICF,9.8,5.32679147202642e-05,20_1.5_250
brain ICF,9.9,4.65961423141266e-05,20_1.5_250
brain ICF,10,4.08611608826379e-05,20_1.5_250
sCSF,0,0,20_1.5_250
sCSF,0.1,0.000494331283590526,20_1.5_250
sCSF,0.2,0.00457097716976398,20_1.5_250
sCSF,0.3,0.0152334640180148,20_1.5_250
sCSF,0.4,0.0323468500822887,20_1.5_250
sCSF,0.5,0.0528446030229976,20_1.5_250
sCSF,0.6,0.0748769908917041,20_1.5_250
sCSF,0.7,0.0975691624714623,20_1.5_250
sCSF,0.8,0.120424262438119,20_1.5_250
sCSF,0.9,0.143100781538065,20_1.5_250
sCSF,1,0.165338718351863,20_1.5_250
sCSF,1.1,0.186932673469836,20_1.5_250
sCSF,1.2,0.207719473457846,20_1.5_250
sCSF,1.3,0.227570645222921,20_1.5_250
sCSF,1.4,0.246386842101196,20_1.5_250
sCSF,1.5,0.264093309194566,20_1.5_250
sCSF,1.6,0.280636060387718,20_1.5_250
sCSF,1.7,0.295978616935146,20_1.5_250
sCSF,1.8,0.310099216054531,20_1.5_250
sCSF,1.9,0.322988421250793,20_1.5_250
sCSF,2,0.334647078409794,20_1.5_250
sCSF,2.1,0.345084570139719,20_1.5_250
sCSF,2.2,0.354317327534023,20_1.5_250
sCSF,2.3,0.362367564161701,20_1.5_250
sCSF,2.4,0.36926220193058,20_1.5_250
sCSF,2.5,0.375031962651123,20_1.5_250
sCSF,2.6,0.379710602750342,20_1.5_250
sCSF,2.7,0.3833342717199,20_1.5_250
sCSF,2.8,0.385940977598328,20_1.5_250
sCSF,2.9,0.387570145133366,20_1.5_250
sCSF,3,0.388262254298016,20_1.5_250
sCSF,3.1,0.388058548577986,20_1.5_250
sCSF,3.2,0.387000803941267,20_1.5_250
sCSF,3.3,0.385131150666143,20_1.5_250
sCSF,3.4,0.382491941257212,20_1.5_250
sCSF,3.5,0.379125658528987,20_1.5_250
sCSF,3.6,0.375074858580928,20_1.5_250
sCSF,3.7,0.370382143819539,20_1.5_250
sCSF,3.8,0.36509016137628,20_1.5_250
sCSF,3.9,0.359241622200684,20_1.5_250
sCSF,4,0.352879335736119,20_1.5_250
sCSF,4.1,0.346046254368273,20_1.5_250
sCSF,4.2,0.33878552075195,20_1.5_250
sCSF,4.3,0.331140509662552,20_1.5_250
sCSF,4.4,0.323154854246558,20_1.5_250
sCSF,4.5,0.314872444649763,20_1.5_250
sCSF,4.6,0.306337385286999,20_1.5_250
sCSF,4.7,0.297593896050069,20_1.5_250
sCSF,4.8,0.288686143281588,20_1.5_250
sCSF,4.9,0.279657989249997,20_1.5_250
sCSF,5,0.270552654931138,20_1.5_250
sCSF,5.1,0.261412300399053,20_1.5_250
sCSF,5.2,0.252277539359276,20_1.5_250
sCSF,5.3,0.243186917403617,20_1.5_250
sCSF,5.4,0.234176394236594,20_1.5_250
sCSF,5.5,0.225278875228562,20_1.5_250
sCSF,5.6,0.216523834792838,20_1.5_250
sCSF,5.7,0.207937063286404,20_1.5_250
sCSF,5.8,0.199540552874539,20_1.5_250
sCSF,5.9,0.191352520191832,20_1.5_250
sCSF,6,0.183387548805359,20_1.5_250
sCSF,6.1,0.175656825007743,20_1.5_250
sCSF,6.2,0.168168437019374,20_1.5_250
sCSF,6.3,0.160927709153896,20_1.5_250
sCSF,6.4,0.15393754707564,20_1.5_250
sCSF,6.5,0.147198776125319,20_1.5_250
sCSF,6.6,0.140710460456234,20_1.5_250
sCSF,6.7,0.134470195646197,20_1.5_250
sCSF,6.8,0.128474371248383,20_1.5_250
sCSF,6.9,0.122718402440133,20_1.5_250
sCSF,7,0.117196931693772,20_1.5_250
sCSF,7.1,0.111904002448245,20_1.5_250
sCSF,7.2,0.106833207314355,20_1.5_250
sCSF,7.3,0.101977813536159,20_1.5_250
sCSF,7.4,0.0973308684334909,20_1.5_250
sCSF,7.5,0.0928852873970471,20_1.5_250
sCSF,7.6,0.0886339268107261,20_1.5_250
sCSF,7.7,0.0845696440314932,20_1.5_250
sCSF,7.8,0.0806853463096739,20_1.5_250
sCSF,7.9,0.0769740303111501,20_1.5_250
sCSF,8,0.0734288136744909,20_1.5_250
sCSF,8.1,0.0700429598508149,20_1.5_250
sCSF,8.2,0.0668098972907724,20_1.5_250
sCSF,8.3,0.0637232338976718,20_1.5_250
sCSF,8.4,0.0607767675250976,20_1.5_250
sCSF,8.5,0.0579644931872839,20_1.5_250
sCSF,8.6,0.0552806075455014,20_1.5_250
sCSF,8.7,0.052719511151817,20_1.5_250
sCSF,8.8,0.050275808854445,20_1.5_250
sCSF,8.9,0.0479443087085847,20_1.5_250
sCSF,9,0.0457200196811455,20_1.5_250
sCSF,9.1,0.0435981483930187,20_1.5_250
sCSF,9.2,0.0415740951019977,20_1.5_250
sCSF,9.3,0.0396434490986776,20_1.5_250
sCSF,9.4,0.0378019836574706,20_1.5_250
sCSF,9.5,0.0360456506623082,20_1.5_250
sCSF,9.6,0.0343705750052423,20_1.5_250
sCSF,9.7,0.0327730488402115,20_1.5_250
sCSF,9.8,0.0312495257594481,20_1.5_250
sCSF,9.9,0.029796614947405,20_1.5_250
sCSF,10,0.0284110753571956,20_1.5_250
brain ECF,0,0,20_1.5_300
brain ECF,0.1,0.0353521062545245,20_1.5_300
brain ECF,0.2,0.151415407905739,20_1.5_300
brain ECF,0.3,0.317012534744754,20_1.5_300
brain ECF,0.4,0.435963949006106,20_1.5_300
brain ECF,0.5,0.503003595883132,20_1.5_300
brain ECF,0.6,0.546025125744251,20_1.5_300
brain ECF,0.7,0.57656682596231,20_1.5_300
brain ECF,0.8,0.598890719060938,20_1.5_300
brain ECF,0.9,0.614869913944068,20_1.5_300
brain ECF,1,0.625589152836657,20_1.5_300
brain ECF,1.1,0.631831912428884,20_1.5_300
brain ECF,1.2,0.634231867968381,20_1.5_300
brain ECF,1.3,0.633325146321716,20_1.5_300
brain ECF,1.4,0.629572730041901,20_1.5_300
brain ECF,1.5,0.623373271160935,20_1.5_300
brain ECF,1.6,0.615072298722741,20_1.5_300
brain ECF,1.7,0.60496965696702,20_1.5_300
brain ECF,1.8,0.593325799239334,20_1.5_300
brain ECF,1.9,0.580367201450147,20_1.5_300
brain ECF,2,0.566291044558904,20_1.5_300
brain ECF,2.1,0.551269273470247,20_1.5_300
brain ECF,2.2,0.535452119426025,20_1.5_300
brain ECF,2.3,0.518971159885944,20_1.5_300
brain ECF,2.4,0.501941979744474,20_1.5_300
brain ECF,2.5,0.48446648923913,20_1.5_300
brain ECF,2.6,0.466634946599301,20_1.5_300
brain ECF,2.7,0.44852772715026,20_1.5_300
brain ECF,2.8,0.430216875064284,20_1.5_300
brain ECF,2.9,0.411767469118999,20_1.5_300
brain ECF,3,0.393238829552449,20_1.5_300
brain ECF,3.1,0.374685589280363,20_1.5_300
brain ECF,3.2,0.35615864923692,20_1.5_300
brain ECF,3.3,0.337706034284216,20_1.5_300
brain ECF,3.4,0.319373662860054,20_1.5_300
brain ECF,3.5,0.301206040132166,20_1.5_300
brain ECF,3.6,0.283246880707875,20_1.5_300
brain ECF,3.7,0.265539662690035,20_1.5_300
brain ECF,3.8,0.248128109854426,20_1.5_300
brain ECF,3.9,0.231056592718405,20_1.5_300
brain ECF,4,0.214370432118842,20_1.5_300
brain ECF,4.1,0.198116080664833,20_1.5_300
brain ECF,4.2,0.182341148382747,20_1.5_300
brain ECF,4.3,0.167094229995132,20_1.5_300
brain ECF,4.4,0.152424484314083,20_1.5_300
brain ECF,4.5,0.138380914422796,20_1.5_300
brain ECF,4.6,0.125011304496195,20_1.5_300
brain ECF,4.7,0.112360791028518,20_1.5_300
brain ECF,4.8,0.100470087274589,20_1.5_300
brain ECF,4.9,0.089373441659462,20_1.5_300
brain ECF,5,0.0790964886693159,20_1.5_300
brain ECF,5.1,0.0696542290535959,20_1.5_300
brain ECF,5.2,0.0610494300185568,20_1.5_300
brain ECF,5.3,0.0532717355329721,20_1.5_300
brain ECF,5.4,0.0462977035125371,20_1.5_300
brain ECF,5.5,0.0400918430032989,20_1.5_300
brain ECF,5.6,0.0346085461006003,20_1.5_300
brain ECF,5.7,0.029794649889521,20_1.5_300
brain ECF,5.8,0.025592273157861,20_1.5_300
brain ECF,5.9,0.0219415730281541,20_1.5_300
brain ECF,6,0.018783144083507,20_1.5_300
brain ECF,6.1,0.0160598995292312,20_1.5_300
brain ECF,6.2,0.0137183894247361,20_1.5_300
brain ECF,6.3,0.0117095979625019,20_1.5_300
brain ECF,6.4,0.00998931098166901,20_1.5_300
brain ECF,6.5,0.0085181611450486,20_1.5_300
brain ECF,6.6,0.00726145228123155,20_1.5_300
brain ECF,6.7,0.00618884733495788,20_1.5_300
brain ECF,6.8,0.00527398399788208,20_1.5_300
brain ECF,6.9,0.00449406321832298,20_1.5_300
brain ECF,7,0.00382944032697438,20_1.5_300
brain ECF,7.1,0.00326323689236028,20_1.5_300
brain ECF,7.2,0.00278098319247649,20_1.5_300
brain ECF,7.3,0.00237029565485135,20_1.5_300
brain ECF,7.4,0.00202059014357024,20_1.5_300
brain ECF,7.5,0.00172282981514774,20_1.5_300
brain ECF,7.6,0.00146930512882609,20_1.5_300
brain ECF,7.7,0.00125344303421218,20_1.5_300
brain ECF,7.8,0.00106964220795841,20_1.5_300
brain ECF,7.9,0.000913131249403825,20_1.5_300
brain ECF,8,0.000779846959298432,20_1.5_300
brain ECF,8.1,0.000666330054168279,20_1.5_300
brain ECF,8.2,0.000569635964063895,20_1.5_300
brain ECF,8.3,0.000487258615220564,20_1.5_300
brain ECF,8.4,0.000417065375304368,20_1.5_300
brain ECF,8.5,0.000357241561941126,20_1.5_300
brain ECF,8.6,0.000306243137057915,20_1.5_300
brain ECF,8.7,0.000262756405869319,20_1.5_300
brain ECF,8.8,0.000225663681496081,20_1.5_300
brain ECF,8.9,0.000194014056455087,20_1.5_300
brain ECF,9,0.000166998517186889,20_1.5_300
brain ECF,9.1,0.000143928766784126,20_1.5_300
brain ECF,9.2,0.000124219194824782,20_1.5_300
brain ECF,9.3,0.00010737154901424,20_1.5_300
brain ECF,9.4,9.29618836245239e-05,20_1.5_300
brain ECF,9.5,8.06294626367593e-05,20_1.5_300
brain ECF,9.6,7.00673151601905e-05,20_1.5_300
brain ECF,9.7,6.10142054147431e-05,20_1.5_300
brain ECF,9.8,5.32478008129879e-05,20_1.5_300
brain ECF,9.9,4.65788623054785e-05,20_1.5_300
brain ECF,10,4.08462992315515e-05,20_1.5_300
brain ICF,0,0,20_1.5_300
brain ICF,0.1,0.0351689446194257,20_1.5_300
brain ICF,0.2,0.151073084246667,20_1.5_300
brain ICF,0.3,0.316650614359981,20_1.5_300
brain ICF,0.4,0.43576315701996,20_1.5_300
brain ICF,0.5,0.502883083676241,20_1.5_300
brain ICF,0.6,0.545942467462723,20_1.5_300
brain ICF,0.7,0.576506640738291,20_1.5_300
brain ICF,0.8,0.598846906461138,20_1.5_300
brain ICF,0.9,0.614839356947968,20_1.5_300
brain ICF,1,0.62556978336219,20_1.5_300
brain ICF,1.1,0.63182212168033,20_1.5_300
brain ICF,1.2,0.634230314682498,20_1.5_300
brain ICF,1.3,0.633330683215103,20_1.5_300
brain ICF,1.4,0.629584366831703,20_1.5_300
brain ICF,1.5,0.623390150223741,20_1.5_300
brain ICF,1.6,0.615093676206452,20_1.5_300
brain ICF,1.7,0.604994887047221,20_1.5_300
brain ICF,1.8,0.59335432064837,20_1.5_300
brain ICF,1.9,0.580398525846409,20_1.5_300
brain ICF,2,0.566324746452725,20_1.5_300
brain ICF,2.1,0.551304981485735,20_1.5_300
brain ICF,2.2,0.535489508714111,20_1.5_300
brain ICF,2.3,0.519009945529974,20_1.5_300
brain ICF,2.4,0.501981911021005,20_1.5_300
brain ICF,2.5,0.484507344614717,20_1.5_300
brain ICF,2.6,0.466676529359805,20_1.5_300
brain ICF,2.7,0.448569861572846,20_1.5_300
brain ICF,2.8,0.43025940305422,20_1.5_300
brain ICF,2.9,0.41181024724384,20_1.5_300
brain ICF,3,0.393281726415517,20_1.5_300
brain ICF,3.1,0.374728483183843,20_1.5_300
brain ICF,3.2,0.356201426092745,20_1.5_300
brain ICF,3.3,0.337748585738455,20_1.5_300
brain ICF,3.4,0.319415884604194,20_1.5_300
brain ICF,3.5,0.301247830382795,20_1.5_300
brain ICF,3.6,0.283288138845453,20_1.5_300
brain ICF,3.7,0.265580288058026,20_1.5_300
brain ICF,3.8,0.248168000732752,20_1.5_300
brain ICF,3.9,0.231095645500341,20_1.5_300
brain ICF,4,0.214408540738338,20_1.5_300
brain ICF,4.1,0.198153136341463,20_1.5_300
brain ICF,4.2,0.182377039772745,20_1.5_300
brain ICF,4.3,0.167128843856122,20_1.5_300
brain ICF,4.4,0.152457706802811,20_1.5_300
brain ICF,4.5,0.138412633140814,20_1.5_300
brain ICF,4.6,0.125041411366978,20_1.5_300
brain ICF,4.7,0.112389186018277,20_1.5_300
brain ICF,4.8,0.100496682849771,20_1.5_300
brain ICF,4.9,0.0893981677086992,20_1.5_300
brain ICF,5,0.0791192974291481,20_1.5_300
brain ICF,5.1,0.0696750994130907,20_1.5_300
brain ICF,5.2,0.0610683705054512,20_1.5_300
brain ICF,5.3,0.0532887853647286,20_1.5_300
brain ICF,5.4,0.0463129313541156,20_1.5_300
brain ICF,5.5,0.0401053434639574,20_1.5_300
brain ICF,5.6,0.034620434414939,20_1.5_300
brain ICF,5.7,0.0298050555327698,20_1.5_300
brain ICF,5.8,0.0256013332514229,20_1.5_300
brain ICF,5.9,0.0219494262904808,20_1.5_300
brain ICF,6,0.0187899258399452,20_1.5_300
brain ICF,6.1,0.0160657380118794,20_1.5_300
brain ICF,6.2,0.0137234033520833,20_1.5_300
brain ICF,6.3,0.0117138952307424,20_1.5_300
brain ICF,6.4,0.00999298822731904,20_1.5_300
brain ICF,6.5,0.00852130393096976,20_1.5_300
brain ICF,6.6,0.00726413568847157,20_1.5_300
brain ICF,6.7,0.00619113678845791,20_1.5_300
brain ICF,6.8,0.00527593620071157,20_1.5_300
brain ICF,6.9,0.00449572710919165,20_1.5_300
brain ICF,7,0.00383085800708211,20_1.5_300
brain ICF,7.1,0.0032644444903279,20_1.5_300
brain ICF,7.2,0.00278201165176819,20_1.5_300
brain ICF,7.3,0.00237117143829638,20_1.5_300
brain ICF,7.4,0.00202133585583642,20_1.5_300
brain ICF,7.5,0.0017234647477655,20_1.5_300
brain ICF,7.6,0.00146984573413823,20_1.5_300
brain ICF,7.7,0.00125390333544205,20_1.5_300
brain ICF,7.8,0.00107003415265273,20_1.5_300
brain ICF,7.9,0.000913465013179331,20_1.5_300
brain ICF,8,0.000780131206297082,20_1.5_300
brain ICF,8.1,0.000666572160004379,20_1.5_300
brain ICF,8.2,0.000569842206410168,20_1.5_300
brain ICF,8.3,0.000487434336558169,20_1.5_300
brain ICF,8.4,0.00041721512178819,20_1.5_300
brain ICF,8.5,0.000357369201812912,20_1.5_300
brain ICF,8.6,0.000306351961544478,20_1.5_300
brain ICF,8.7,0.000262849215179383,20_1.5_300
brain ICF,8.8,0.000225742857992209,20_1.5_300
brain ICF,8.9,0.000194081627016405,20_1.5_300
brain ICF,9,0.000167056206236509,20_1.5_300
brain ICF,9.1,0.00014397804145593,20_1.5_300
brain ICF,9.2,0.000124261303387157,20_1.5_300
brain ICF,9.3,0.000107407553542938,20_1.5_300
brain ICF,9.4,9.29926878290688e-05,20_1.5_300
brain ICF,9.5,8.06558354998769e-05,20_1.5_300
brain ICF,9.6,7.00899110796587e-05,20_1.5_300
brain ICF,9.7,6.1033581312017e-05,20_1.5_300
brain ICF,9.8,5.32644306889032e-05,20_1.5_300
brain ICF,9.9,4.65931496379899e-05,20_1.5_300
brain ICF,10,4.08585874912371e-05,20_1.5_300
sCSF,0,0,20_1.5_300
sCSF,0.1,0.000494045513464625,20_1.5_300
sCSF,0.2,0.00457025490612497,20_1.5_300
sCSF,0.3,0.0152325255925919,20_1.5_300
sCSF,0.4,0.0323462717249893,20_1.5_300
sCSF,0.5,0.0528443277492099,20_1.5_300
sCSF,0.6,0.0748768663607348,20_1.5_300
sCSF,0.7,0.0975691177955057,20_1.5_300
sCSF,0.8,0.120424268874479,20_1.5_300
sCSF,0.9,0.143100825506712,20_1.5_300
sCSF,1,0.165338791614334,20_1.5_300
sCSF,1.1,0.186932769984772,20_1.5_300
sCSF,1.2,0.207719588364564,20_1.5_300
sCSF,1.3,0.227570774470266,20_1.5_300
sCSF,1.4,0.246386982274897,20_1.5_300
sCSF,1.5,0.264093457410713,20_1.5_300
sCSF,1.6,0.280636214213122,20_1.5_300
sCSF,1.7,0.295978774321991,20_1.5_300
sCSF,1.8,0.310099375284916,20_1.5_300
sCSF,1.9,0.322988580889143,20_1.5_300
sCSF,2,0.334647237261784,20_1.5_300
sCSF,2.1,0.345084727216882,20_1.5_300
sCSF,2.2,0.354317482023174,20_1.5_300
sCSF,2.3,0.362367715398538,20_1.5_300
sCSF,2.4,0.369262349376889,20_1.5_300
sCSF,2.5,0.375032105875116,20_1.5_300
sCSF,2.6,0.379710741409607,20_1.5_300
sCSF,2.7,0.383334405546715,20_1.5_300
sCSF,2.8,0.385941106386923,20_1.5_300
sCSF,2.9,0.387570268728887,20_1.5_300
sCSF,3,0.388262372586949,20_1.5_300
sCSF,3.1,0.388058661479828,20_1.5_300
sCSF,3.2,0.387000911401313,20_1.5_300
sCSF,3.3,0.385131252649123,20_1.5_300
sCSF,3.4,0.382492037741816,20_1.5_300
sCSF,3.5,0.379125749503083,20_1.5_300
sCSF,3.6,0.375074944037375,20_1.5_300
sCSF,3.7,0.370382223752685,20_1.5_300
sCSF,3.8,0.365090235779025,20_1.5_300
sCSF,3.9,0.359241691062167,20_1.5_300
sCSF,4,0.352879399040136,20_1.5_300
sCSF,4.1,0.346046312092526,20_1.5_300
sCSF,4.2,0.33878557286827,20_1.5_300
sCSF,4.3,0.331140556138386,20_1.5_300
sCSF,4.4,0.323154895047834,20_1.5_300
sCSF,4.5,0.314872479745539,20_1.5_300
sCSF,4.6,0.306337414655946,20_1.5_300
sCSF,4.7,0.297593919688854,20_1.5_300
sCSF,4.8,0.288686161214894,20_1.5_300
sCSF,4.9,0.279658001541651,20_1.5_300
sCSF,5,0.270552661695212,20_1.5_300
sCSF,5.1,0.261412301809442,20_1.5_300
sCSF,5.2,0.252277535656181,20_1.5_300
sCSF,5.3,0.243186908895291,20_1.5_300
sCSF,5.4,0.234176381295327,20_1.5_300
sCSF,5.5,0.225278858280909,20_1.5_300
sCSF,5.6,0.216523814304998,20_1.5_300
sCSF,5.7,0.207937039746759,20_1.5_300
sCSF,5.8,0.199540526775568,20_1.5_300
sCSF,5.9,0.191352492013476,20_1.5_300
sCSF,6,0.183387519001487,20_1.5_300
sCSF,6.1,0.175656793996315,20_1.5_300
sCSF,6.2,0.168168405176503,20_1.5_300
sCSF,6.3,0.160927676811225,20_1.5_300
sCSF,6.4,0.153937514520384,20_1.5_300
sCSF,6.5,0.147198743602201,20_1.5_300
sCSF,6.6,0.140710428170578,20_1.5_300
sCSF,6.7,0.134470163767705,20_1.5_300
sCSF,6.8,0.128474339915116,20_1.5_300
sCSF,6.9,0.122718371762452,20_1.5_300
sCSF,7,0.117196901758129,20_1.5_300
sCSF,7.1,0.111903973320541,20_1.5_300
sCSF,7.2,0.106833179043066,20_1.5_300
sCSF,7.3,0.101977786155116,20_1.5_300
sCSF,7.4,0.0973308419642631,20_1.5_300
sCSF,7.5,0.092885261850927,20_1.5_300
sCSF,7.6,0.0886339021906357,20_1.5_300
sCSF,7.7,0.0845696203334115,20_1.5_300
sCSF,7.8,0.080685323524019,20_1.5_300
sCSF,7.9,0.0769740084238221,20_1.5_300
sCSF,8,0.0734287926678529,20_1.5_300
sCSF,8.1,0.0700429397044426,20_1.5_300
sCSF,8.2,0.0668098779821417,20_1.5_300
sCSF,8.3,0.0637232154026901,20_1.5_300
sCSF,8.4,0.0607767498185783,20_1.5_300
sCSF,8.5,0.0579644762433168,20_1.5_300
sCSF,8.6,0.0552805913377762,20_1.5_300
sCSF,8.7,0.0527194956538779,20_1.5_300
sCSF,8.8,0.0502757940398961,20_1.5_300
sCSF,8.9,0.0479442945512703,20_1.5_300
sCSF,9,0.0457200061552866,20_1.5_300
sCSF,9.1,0.0435981354733153,20_1.5_300
sCSF,9.2,0.0415740827637168,20_1.5_300
sCSF,9.3,0.0396434373177177,20_1.5_300
sCSF,9.4,0.0378019724104079,20_1.5_300
sCSF,9.5,0.0360456399264399,20_1.5_300
sCSF,9.6,0.0343705647585949,20_1.5_300
sCSF,9.7,0.0327730390615673,20_1.5_300
sCSF,9.8,0.0312495164283438,20_1.5_300
sCSF,9.9,0.0297966060441348,20_1.5_300
sCSF,10,0.0284110668628032,20_1.5_300
brain ECF,0,0,20_7.5_250
brain ECF,0.1,0.0357223086619722,20_7.5_250
brain ECF,0.2,0.152367086203744,20_7.5_250
brain ECF,0.3,0.318287327636332,20_7.5_250
brain ECF,0.4,0.436830857347681,20_7.5_250
brain ECF,0.5,0.503517816271408,20_7.5_250
brain ECF,0.6,0.546364256990782,20_7.5_250
brain ECF,0.7,0.576812029728797,20_7.5_250
brain ECF,0.8,0.599073595835187,20_7.5_250
brain ECF,0.9,0.615004559714385,20_7.5_250
brain ECF,1,0.625683725741737,20_7.5_250
brain ECF,1.1,0.631892290189803,20_7.5_250
brain ECF,1.2,0.634262799635333,20_7.5_250
brain ECF,1.3,0.633330649896572,20_7.5_250
brain ECF,1.4,0.629556261971023,20_7.5_250
brain ECF,1.5,0.623337822602046,20_7.5_250
brain ECF,1.6,0.61502046441338,20_7.5_250
brain ECF,1.7,0.604903690755796,20_7.5_250
brain ECF,1.8,0.593247661047482,20_7.5_250
brain ECF,1.9,0.580278597661484,20_7.5_250
brain ECF,2,0.566193462961427,20_7.5_250
brain ECF,2.1,0.551164013552754,20_7.5_250
brain ECF,2.2,0.535340318679597,20_7.5_250
brain ECF,2.3,0.518853816662249,20_7.5_250
brain ECF,2.4,0.501819973147042,20_7.5_250
brain ECF,2.5,0.484340596460525,20_7.5_250
brain ECF,2.6,0.466505858062466,20_7.5_250
brain ECF,2.7,0.448396059765479,20_7.5_250
brain ECF,2.8,0.430083183871666,20_7.5_250
brain ECF,2.9,0.41163225755064,20_7.5_250
brain ECF,3,0.393102558516367,20_7.5_250
brain ECF,3.1,0.374548685239357,20_7.5_250
brain ECF,3.2,0.356021511429722,20_7.5_250
brain ECF,3.3,0.337569041210454,20_7.5_250
brain ECF,3.4,0.319237178126258,20_7.5_250
brain ECF,3.5,0.301070417729356,20_7.5_250
brain ECF,3.6,0.283112469761233,20_7.5_250
brain ECF,3.7,0.265406811689563,20_7.5_250
brain ECF,3.8,0.247997170335734,20_7.5_250
brain ECF,3.9,0.230927922312005,20_7.5_250
brain ECF,4,0.214244396834366,20_7.5_250
brain ECF,4.1,0.197993056206778,20_7.5_250
brain ECF,4.2,0.182221520227725,20_7.5_250
brain ECF,4.3,0.166978391887841,20_7.5_250
brain ECF,4.4,0.152312834784039,20_7.5_250
brain ECF,4.5,0.138273850935711,20_7.5_250
brain ECF,4.6,0.124909214887233,20_7.5_250
brain ECF,4.7,0.112264042074702,20_7.5_250
brain ECF,4.8,0.100379010589461,20_7.5_250
brain ECF,4.9,0.0892883175906423,20_7.5_250
brain ECF,5,0.0790175294962257,20_7.5_250
brain ECF,5.1,0.0695815633638758,20_7.5_250
brain ECF,5.2,0.0609830905616108,20_7.5_250
brain ECF,5.3,0.053211652736688,20_7.5_250
brain ECF,5.4,0.0462437062798293,20_7.5_250
brain ECF,5.5,0.0400436672144781,20_7.5_250
brain ECF,5.6,0.034565849898463,20_7.5_250
brain ECF,5.7,0.0297570336149944,20_7.5_250
brain ECF,5.8,0.0255593011862631,20_7.5_250
brain ECF,5.9,0.0219127948151176,20_7.5_250
brain ECF,6,0.018758112366844,20_7.5_250
brain ECF,6.1,0.0160381845169678,20_7.5_250
brain ECF,6.2,0.0136995886963797,20_7.5_250
brain ECF,6.3,0.0116933424269704,20_7.5_250
brain ECF,6.4,0.00997526760534299,20_7.5_250
brain ECF,6.5,0.00850603326273085,20_7.5_250
brain ECF,6.6,0.00725097826567363,20_7.5_250
brain ECF,6.7,0.00617979824528491,20_7.5_250
brain ECF,6.8,0.00526616069396455,20_7.5_250
brain ECF,6.9,0.00448729327668731,20_7.5_250
brain ECF,7,0.00382357497967115,20_7.5_250
brain ECF,7.1,0.00325814812243816,20_7.5_250
brain ECF,7.2,0.00277656105199299,20_7.5_250
brain ECF,7.3,0.00236644586310815,20_7.5_250
brain ECF,7.4,0.00201723193526835,20_7.5_250
brain ECF,7.5,0.00171989405541687,20_7.5_250
brain ECF,7.6,0.00146673266611871,20_7.5_250
brain ECF,7.7,0.00125118327494847,20_7.5_250
brain ECF,7.8,0.00106765188040059,20_7.5_250
brain ECF,7.9,0.000911373344910786,20_7.5_250
brain ECF,8,0.000778289818332019,20_7.5_250
brain ECF,8.1,0.000664946586760722,20_7.5_250
brain ECF,8.2,0.000568402980220036,20_7.5_250
brain ECF,8.3,0.000486156254336962,20_7.5_250
brain ECF,8.4,0.000416076616471226,20_7.5_250
brain ECF,8.5,0.000356351809119411,20_7.5_250
brain ECF,8.6,0.000305439862059652,20_7.5_250
brain ECF,8.7,0.000262028846348182,20_7.5_250
brain ECF,8.8,0.000225002581822908,20_7.5_250
brain ECF,8.9,0.000193411450583836,20_7.5_250
brain ECF,9,0.000166447536364049,20_7.5_250
brain ECF,9.1,0.000143423480898405,20_7.5_250
brain ECF,9.2,0.000123754478932576,20_7.5_250
brain ECF,9.3,0.000106942963529389,20_7.5_250
brain ECF,9.4,9.25655798469655e-05,20_7.5_250
brain ECF,9.5,8.02620914821773e-05,20_7.5_250
brain ECF,9.6,6.97259615710911e-05,20_7.5_250
brain ECF,9.7,6.06963243737891e-05,20_7.5_250
brain ECF,9.8,5.29511661762346e-05,20_7.5_250
brain ECF,9.9,4.63015185774005e-05,20_7.5_250
brain ECF,10,4.05865280243462e-05,20_7.5_250
brain ICF,0,0,20_7.5_250
brain ICF,0.1,0.0355009044380661,20_7.5_250
brain ICF,0.2,0.151954961273938,20_7.5_250
brain ICF,0.3,0.317853279671793,20_7.5_250
brain ICF,0.4,0.436591121458117,20_7.5_250
brain ICF,0.5,0.503373857089845,20_7.5_250
brain ICF,0.6,0.546265390837654,20_7.5_250
brain ICF,0.7,0.576740001315202,20_7.5_250
brain ICF,0.8,0.599021161864625,20_7.5_250
brain ICF,0.9,0.614968005646996,20_7.5_250
brain ICF,1,0.625660579054744,20_7.5_250
brain ICF,1.1,0.631880624309517,20_7.5_250
brain ICF,1.2,0.634261007334652,20_7.5_250
brain ICF,1.3,0.633337356081177,20_7.5_250
brain ICF,1.4,0.629570279628747,20_7.5_250
brain ICF,1.5,0.623358123704874,20_7.5_250
brain ICF,1.6,0.615046157299035,20_7.5_250
brain ICF,1.7,0.604934001262286,20_7.5_250
brain ICF,1.8,0.593281916367253,20_7.5_250
brain ICF,1.9,0.580316212400093,20_7.5_250
brain ICF,2,0.566233927061739,20_7.5_250
brain ICF,2.1,0.551206881820394,20_7.5_250
brain ICF,2.2,0.535385201688298,20_7.5_250
brain ICF,2.3,0.518900372848922,20_7.5_250
brain ICF,2.4,0.501867901931926,20_7.5_250
brain ICF,2.5,0.484389632249521,20_7.5_250
brain ICF,2.6,0.466555765007627,20_7.5_250
brain ICF,2.7,0.448446627175969,20_7.5_250
brain ICF,2.8,0.430134222181817,20_7.5_250
brain ICF,2.9,0.411683594764314,20_7.5_250
brain ICF,3,0.393154037057969,20_7.5_250
brain ICF,3.1,0.374600159151983,20_7.5_250
brain ICF,3.2,0.356072843870287,20_7.5_250
brain ICF,3.3,0.337620102200751,20_7.5_250
brain ICF,3.4,0.319287842528055,20_7.5_250
brain ICF,3.5,0.301120563421441,20_7.5_250
brain ICF,3.6,0.283161976007278,20_7.5_250
brain ICF,3.7,0.265455557698461,20_7.5_250
brain ICF,3.8,0.248045034031255,20_7.5_250
brain ICF,3.9,0.23097477934685,20_7.5_250
brain ICF,4,0.21429011990517,20_7.5_250
brain ICF,4.1,0.198037514750883,20_7.5_250
brain ICF,4.2,0.182264580608044,20_7.5_250
brain ICF,4.3,0.167019918195137,20_7.5_250
brain ICF,4.4,0.152352690399849,20_7.5_250
brain ICF,4.5,0.138311900993846,20_7.5_250
brain ICF,4.6,0.124945329733684,20_7.5_250
brain ICF,4.7,0.112298101740057,20_7.5_250
brain ICF,4.8,0.100410910144299,20_7.5_250
brain ICF,4.9,0.0893179730557791,20_7.5_250
brain ICF,5,0.0790448837533297,20_7.5_250
brain ICF,5.1,0.0696065913152092,20_7.5_250
brain ICF,5.2,0.0610058027015087,20_7.5_250
brain ICF,5.3,0.0532320963956174,20_7.5_250
brain ICF,5.4,0.046261964113664,20_7.5_250
brain ICF,5.5,0.0400598529810384,20_7.5_250
brain ICF,5.6,0.0345801020592875,20_7.5_250
brain ICF,5.7,0.0297695076647884,20_7.5_250
brain ICF,5.8,0.0255701617380667,20_7.5_250
brain ICF,5.9,0.0219222083462854,20_7.5_250
brain ICF,6,0.0187662412401503,20_7.5_250
brain ICF,6.1,0.0160451825515559,20_7.5_250
brain ICF,6.2,0.0137055982743144,20_7.5_250
brain ICF,6.3,0.0116984929323174,20_7.5_250
brain ICF,6.4,0.00997967490675126,20_7.5_250
brain ICF,6.5,0.00850979994194665,20_7.5_250
brain ICF,6.6,0.0072541943312309,20_7.5_250
brain ICF,6.7,0.00618254212533635,20_7.5_250
brain ICF,6.8,0.00526850035829245,20_7.5_250
brain ICF,6.9,0.00448928738592827,20_7.5_250
brain ICF,7,0.00382527399726715,20_7.5_250
brain ICF,7.1,0.00325959535205936,20_7.5_250
brain ICF,7.2,0.00277779358176011,20_7.5_250
brain ICF,7.3,0.00236749541034237,20_7.5_250
brain ICF,7.4,0.00201812559276928,20_7.5_250
brain ICF,7.5,0.00172065494482684,20_7.5_250
brain ICF,7.6,0.00146738050606378,20_7.5_250
brain ICF,7.7,0.00125173487258355,20_7.5_250
brain ICF,7.8,0.00106812155506181,20_7.5_250
brain ICF,7.9,0.000911773292192159,20_7.5_250
brain ICF,8,0.000778630422264875,20_7.5_250
brain ICF,8.1,0.00066523668703405,20_7.5_250
brain ICF,8.2,0.00056865010060978,20_7.5_250
brain ICF,8.3,0.000486366797766331,20_7.5_250
brain ICF,8.4,0.000416256031466657,20_7.5_250
brain ICF,8.5,0.000356504731695808,20_7.5_250
brain ICF,8.6,0.000305570236696778,20_7.5_250
brain ICF,8.7,0.000262140029012324,20_7.5_250
brain ICF,8.8,0.00022509742771059,20_7.5_250
brain ICF,8.9,0.000193492388816551,20_7.5_250
brain ICF,9,0.000166516633604795,20_7.5_250
brain ICF,9.1,0.000143482495419363,20_7.5_250
brain ICF,9.2,0.000123804906713808,20_7.5_250
brain ICF,9.3,0.000106986077386368,20_7.5_250
brain ICF,9.4,9.2602462805887e-05,20_7.5_250
brain ICF,9.5,8.02936651051674e-05,20_7.5_250
brain ICF,9.6,6.97530100799267e-05,20_7.5_250
brain ICF,9.7,6.07195151688778e-05,20_7.5_250
brain ICF,9.8,5.29710672919758e-05,20_7.5_250
brain ICF,9.9,4.63186135110635e-05,20_7.5_250
brain ICF,10,4.06012283734529e-05,20_7.5_250
sCSF,0,0,20_7.5_250
sCSF,0.1,0.000512722800263885,20_7.5_250
sCSF,0.2,0.0046611117550269,20_7.5_250
sCSF,0.3,0.0154328393410283,20_7.5_250
sCSF,0.4,0.0326309580553885,20_7.5_250
sCSF,0.5,0.053171345076266,20_7.5_250
sCSF,0.6,0.0752239106595283,20_7.5_250
sCSF,0.7,0.0979249071523744,20_7.5_250
sCSF,0.8,0.120781974138096,20_7.5_250
sCSF,0.9,0.14345557796366,20_7.5_250
sCSF,1,0.165686821338213,20_7.5_250
sCSF,1.1,0.187271074979076,20_7.5_250
sCSF,1.2,0.208045772344934,20_7.5_250
sCSF,1.3,0.227882942953928,20_7.5_250
sCSF,1.4,0.246683663470447,20_7.5_250
sCSF,1.5,0.264373537127171,20_7.5_250
sCSF,1.6,0.280898880751412,20_7.5_250
sCSF,1.7,0.296223471383165,20_7.5_250
sCSF,1.8,0.310325761632838,20_7.5_250
sCSF,1.9,0.323196495800555,20_7.5_250
sCSF,2,0.334836670962743,20_7.5_250
sCSF,2.1,0.345255795622735,20_7.5_250
sCSF,2.2,0.354470405194898,20_7.5_250
sCSF,2.3,0.362502799209102,20_7.5_250
sCSF,2.4,0.369379969950896,20_7.5_250
sCSF,2.5,0.375132696425228,20_7.5_250
sCSF,2.6,0.379794781145461,20_7.5_250
sCSF,2.7,0.383402410377064,20_7.5_250
sCSF,2.8,0.385993621174981,20_7.5_250
sCSF,2.9,0.387607860894519,20_7.5_250
sCSF,3,0.388285626878587,20_7.5_250
sCSF,3.1,0.388068175764179,20_7.5_250
sCSF,3.2,0.386997293340039,20_7.5_250
sCSF,3.3,0.385115117150059,20_7.5_250
sCSF,3.4,0.382464005086791,20_7.5_250
sCSF,3.5,0.379086444066478,20_7.5_250
sCSF,3.6,0.375024993518679,20_7.5_250
sCSF,3.7,0.370322258850561,20_7.5_250
sCSF,3.8,0.36502089023648,20_7.5_250
sCSF,3.9,0.359163602010412,20_7.5_250
sCSF,4,0.352793207559897,20_7.5_250
sCSF,4.1,0.345952663899535,20_7.5_250
sCSF,4.2,0.338685119010365,20_7.5_250
sCSF,4.3,0.331033953567326,20_7.5_250
sCSF,4.4,0.323042806899194,20_7.5_250
sCSF,4.5,0.314755575132969,20_7.5_250
sCSF,4.6,0.306216367758414,20_7.5_250
sCSF,4.7,0.297469407901622,20_7.5_250
sCSF,4.8,0.288558862151778,20_7.5_250
sCSF,4.9,0.279528588734025,20_7.5_250
sCSF,5,0.270421798942343,20_7.5_250
sCSF,5.1,0.261280636299545,20_7.5_250
sCSF,5.2,0.252145690167166,20_7.5_250
sCSF,5.3,0.243055473589927,20_7.5_250
sCSF,5.4,0.234045905763011,20_7.5_250
sCSF,5.5,0.225149844527064,20_7.5_250
sCSF,5.6,0.216396711307757,20_7.5_250
sCSF,5.7,0.207812240003966,20_7.5_250
sCSF,5.8,0.199418365002728,20_7.5_250
sCSF,5.9,0.191233245892619,20_7.5_250
sCSF,6,0.183271411667077,20_7.5_250
sCSF,6.1,0.175543997836961,20_7.5_250
sCSF,6.2,0.168059046492124,20_7.5_250
sCSF,6.3,0.160821840908875,20_7.5_250
sCSF,6.4,0.153835250907728,20_7.5_250
sCSF,6.5,0.147100071028197,20_7.5_250
sCSF,6.6,0.140615339347747,20_7.5_250
sCSF,6.7,0.134378629680701,20_7.5_250
sCSF,6.8,0.128386313672995,20_7.5_250
sCSF,6.9,0.1226337919897,20_7.5_250
sCSF,7,0.117115695541414,20_7.5_250
sCSF,7.1,0.111826058745779,20_7.5_250
sCSF,7.2,0.106758467360174,20_7.5_250
sCSF,7.3,0.101906183608634,20_7.5_250
sCSF,7.4,0.0972622513344754,20_7.5_250
sCSF,7.5,0.0928195837420597,20_7.5_250
sCSF,7.6,0.0885710361003899,20_7.5_250
sCSF,7.7,0.0845094655331051,20_7.5_250
sCSF,7.8,0.080627779780657,20_7.5_250
sCSF,7.9,0.0769189765833648,20_7.5_250
sCSF,8,0.0733761751250322,20_7.5_250
sCSF,8.1,0.0699926407733839,20_7.5_250
sCSF,8.2,0.0667618041858852,20_7.5_250
sCSF,8.3,0.0636772756932482,20_7.5_250
sCSF,8.4,0.0607328557395428,20_7.5_250
sCSF,8.5,0.0579225420445168,20_7.5_250
sCSF,8.6,0.0552405340498896,20_7.5_250
sCSF,8.7,0.0526812351303988,20_7.5_250
sCSF,8.8,0.0502392529715917,20_7.5_250
sCSF,8.9,0.0479093984594015,20_7.5_250
sCSF,9,0.0456866833662095,20_7.5_250
sCSF,9.1,0.0435663170787795,20_7.5_250
sCSF,9.2,0.0415437025701273,20_7.5_250
sCSF,9.3,0.0396144317862393,20_7.5_250
sCSF,9.4,0.0377742805905537,20_7.5_250
sCSF,9.5,0.0360192033839751,20_7.5_250
sCSF,9.6,0.034345327500296,20_7.5_250
sCSF,9.7,0.0327489474574182,20_7.5_250
sCSF,9.8,0.0312265191322658,20_7.5_250
sCSF,9.9,0.0297746539140022,20_7.5_250
sCSF,10,0.0283901128805506,20_7.5_250
brain ECF,0,0,20_7.5_300
brain ECF,0.1,0.0357120379165737,20_7.5_300
brain ECF,0.2,0.152358773558241,20_7.5_300
brain ECF,0.3,0.318289696517905,20_7.5_300
brain ECF,0.4,0.43683853497334,20_7.5_300
brain ECF,0.5,0.503521881607805,20_7.5_300
brain ECF,0.6,0.546366272361501,20_7.5_300
brain ECF,0.7,0.576813247807963,20_7.5_300
brain ECF,0.8,0.599074487638613,20_7.5_300
brain ECF,0.9,0.61500528268004,20_7.5_300
brain ECF,1,0.625684336132479,20_7.5_300
brain ECF,1.1,0.631892812846009,20_7.5_300
brain ECF,1.2,0.634263249098454,20_7.5_300
brain ECF,1.3,0.633331036736503,20_7.5_300
brain ECF,1.4,0.629556594751012,20_7.5_300
brain ECF,1.5,0.62333810855998,20_7.5_300
brain ECF,1.6,0.61502070975702,20_7.5_300
brain ECF,1.7,0.604903900833766,20_7.5_300
brain ECF,1.8,0.593247840473144,20_7.5_300
brain ECF,1.9,0.580278750413315,20_7.5_300
brain ECF,2,0.566193592467966,20_7.5_300
brain ECF,2.1,0.551164122765483,20_7.5_300
brain ECF,2.2,0.535340410135754,20_7.5_300
brain ECF,2.3,0.518853892538972,20_7.5_300
brain ECF,2.4,0.501820035308017,20_7.5_300
brain ECF,2.5,0.484340646496117,20_7.5_300
brain ECF,2.6,0.466505897324219,20_7.5_300
brain ECF,2.7,0.448396089395696,20_7.5_300
brain ECF,2.8,0.430083204828742,20_7.5_300
brain ECF,2.9,0.411632270630723,20_7.5_300
brain ECF,3,0.393102564371844,20_7.5_300
brain ECF,3.1,0.374548684394645,20_7.5_300
brain ECF,3.2,0.356021504294768,20_7.5_300
brain ECF,3.3,0.337569028092413,20_7.5_300
brain ECF,3.4,0.319237159239716,20_7.5_300
brain ECF,3.5,0.301070393205594,20_7.5_300
brain ECF,3.6,0.283112439657049,20_7.5_300
brain ECF,3.7,0.265406775996233,20_7.5_300
brain ECF,3.8,0.247997128988828,20_7.5_300
brain ECF,3.9,0.230927875202953,20_7.5_300
brain ECF,4,0.214244343824738,20_7.5_300
brain ECF,4.1,0.197992997146433,20_7.5_300
brain ECF,4.2,0.182221454977979,20_7.5_300
brain ECF,4.3,0.166978320350754,20_7.5_300
brain ECF,4.4,0.1523127569382,20_7.5_300
brain ECF,4.5,0.138273766878416,20_7.5_300
brain ECF,4.6,0.124909124880787,20_7.5_300
brain ECF,4.7,0.112263946592715,20_7.5_300
brain ECF,4.8,0.100378910356264,20_7.5_300
brain ECF,4.9,0.089288213604309,20_7.5_300
brain ECF,5,0.0790174230249302,20_7.5_300
brain ECF,5.1,0.0695814559068663,20_7.5_300
brain ECF,5.2,0.0609829837718779,20_7.5_300
brain ECF,5.3,0.0532115483107728,20_7.5_300
brain ECF,5.4,0.0462436058303564,20_7.5_300
brain ECF,5.5,0.0400435721472531,20_7.5_300
brain ECF,5.6,0.0345657613165241,20_7.5_300
brain ECF,5.7,0.0297569522652108,20_7.5_300
brain ECF,5.8,0.0255592274528999,20_7.5_300
brain ECF,5.9,0.0219127287537227,20_7.5_300
brain ECF,6,0.0187580537646773,20_7.5_300
brain ECF,6.1,0.016038132964575,20_7.5_300
brain ECF,6.2,0.0136995436574728,20_7.5_300
brain ECF,6.3,0.0116933032984743,20_7.5_300
brain ECF,6.4,0.00997523376405946,20_7.5_300
brain ECF,6.5,0.00850600409845205,20_7.5_300
brain ECF,6.6,0.0072509532025447,20_7.5_300
brain ECF,6.7,0.00617977675394406,20_7.5_300
brain ECF,6.8,0.00526614229700054,20_7.5_300
brain ECF,6.9,0.00448727754957882,20_7.5_300
brain ECF,7,0.00382356154888248,20_7.5_300
brain ECF,7.1,0.00325813666188816,20_7.5_300
brain ECF,7.2,0.00277655127872063,20_7.5_300
brain ECF,7.3,0.00236643753268517,20_7.5_300
brain ECF,7.4,0.00201722483727731,20_7.5_300
brain ECF,7.5,0.00171988800920126,20_7.5_300
brain ECF,7.6,0.00146672751688686,20_7.5_300
brain ECF,7.7,0.00125117889028009,20_7.5_300
brain ECF,7.8,0.00106764814715167,20_7.5_300
brain ECF,7.9,0.000911370166499496,20_7.5_300
brain ECF,8,0.000778287112376116,20_7.5_300
brain ECF,8.1,0.000664944283030747,20_7.5_300
brain ECF,8.2,0.000568401018874755,20_7.5_300
brain ECF,8.3,0.000486154584404867,20_7.5_300
brain ECF,8.4,0.000416075194549415,20_7.5_300
brain ECF,8.5,0.000356350598257732,20_7.5_300
brain ECF,8.6,0.000305438830806353,20_7.5_300
brain ECF,8.7,0.000262027967937449,20_7.5_300
brain ECF,8.8,0.000225001833477454,20_7.5_300
brain ECF,8.9,0.000193410812923245,20_7.5_300
brain ECF,9,0.000166446992899238,20_7.5_300
brain ECF,9.1,0.0001434230176001,20_7.5_300
brain ECF,9.2,0.000123754083866277,20_7.5_300
brain ECF,9.3,0.000106942626540348,20_7.5_300
brain ECF,9.4,9.25652922981989e-05,20_7.5_300
brain ECF,9.5,8.02618460240585e-05,20_7.5_300
brain ECF,9.6,6.97257519519492e-05,20_7.5_300
brain ECF,9.7,6.06961452742348e-05,20_7.5_300
brain ECF,9.8,5.29510130711979e-05,20_7.5_300
brain ECF,9.9,4.63013876158514e-05,20_7.5_300
brain ECF,10,4.05864159304537e-05,20_7.5_300
brain ICF,0,0,20_7.5_300
brain ICF,0.1,0.0355274475869237,20_7.5_300
brain ICF,0.2,0.152015269524278,20_7.5_300
brain ICF,0.3,0.317928027727466,20_7.5_300
brain ICF,0.4,0.436638816296642,20_7.5_300
brain ICF,0.5,0.503401946648044,20_7.5_300
brain ICF,0.6,0.546283899524667,20_7.5_300
brain ICF,0.7,0.576753233833821,20_7.5_300
brain ICF,0.8,0.59903079989237,20_7.5_300
brain ICF,0.9,0.614974826861803,20_7.5_300
brain ICF,1,0.625665052225231,20_7.5_300
brain ICF,1.1,0.631883095562882,20_7.5_300
brain ICF,1.2,0.634261759199186,20_7.5_300
brain ICF,1.3,0.633336628394831,20_7.5_300
brain ICF,1.4,0.629568278860085,20_7.5_300
brain ICF,1.5,0.623355028489079,20_7.5_300
brain ICF,1.6,0.615042122505149,20_7.5_300
brain ICF,1.7,0.604929161309801,20_7.5_300
brain ICF,1.8,0.59327638804196,20_7.5_300
brain ICF,1.9,0.580310097278841,20_7.5_300
brain ICF,2,0.566227313610703,20_7.5_300
brain ICF,2.1,0.55119984721432,20_7.5_300
brain ICF,2.2,0.535377813389601,20_7.5_300
brain ICF,2.3,0.518892689979766,20_7.5_300
brain ICF,2.4,0.501859976467891,20_7.5_300
brain ICF,2.5,0.484381510059682,20_7.5_300
brain ICF,2.6,0.466547486762581,20_7.5_300
brain ICF,2.7,0.4484382291425,20_7.5_300
brain ICF,2.8,0.430125736920431,20_7.5_300
brain ICF,2.9,0.411675051743677,20_7.5_300
brain ICF,3,0.393145463198381,20_7.5_300
brain ICF,3.1,0.37459157930827,20_7.5_300
brain ICF,3.2,0.356064281262895,20_7.5_300
brain ICF,3.3,0.337611578802339,20_7.5_300
brain ICF,3.4,0.319279379411286,20_7.5_300
brain ICF,3.5,0.301112181072151,20_7.5_300
brain ICF,3.6,0.283153694605396,20_7.5_300
brain ICF,3.7,0.265447397366983,20_7.5_300
brain ICF,3.8,0.248037015051202,20_7.5_300
brain ICF,3.9,0.230966922333262,20_7.5_300
brain ICF,4,0.214282445935668,20_7.5_300
brain ICF,4.1,0.198030045434516,20_7.5_300
brain ICF,4.2,0.182257338077843,20_7.5_300
brain ICF,4.3,0.16701292500394,20_7.5_300
brain ICF,4.4,0.152345969295903,20_7.5_300
brain ICF,4.5,0.138305474553089,20_7.5_300
brain ICF,4.6,0.124939219829793,20_7.5_300
brain ICF,4.7,0.112292328845714,20_7.5_300
brain ICF,4.8,0.100405492478367,20_7.5_300
brain ICF,4.9,0.0893129256214543,20_7.5_300
brain ICF,5,0.07904021734933,20_7.5_300
brain ICF,5.1,0.0696023116364341,20_7.5_300
brain ICF,5.2,0.061001909665779,20_7.5_300
brain ICF,5.3,0.0532285838251963,20_7.5_300
brain ICF,5.4,0.0462588198585069,20_7.5_300
brain ICF,5.5,0.0400570594987914,20_7.5_300
brain ICF,5.6,0.0345776373849441,20_7.5_300
brain ICF,5.7,0.0297673466353128,20_7.5_300
brain ICF,5.8,0.0255682773050865,20_7.5_300
brain ICF,5.9,0.0219205728192973,20_7.5_300
brain ICF,6,0.0187648273439537,20_7.5_300
brain ICF,6.1,0.0160439642366027,20_7.5_300
brain ICF,6.2,0.0137045512694074,20_7.5_300
brain ICF,6.3,0.0116975950652998,20_7.5_300
brain ICF,6.4,0.00997890623778248,20_7.5_300
brain ICF,6.5,0.00850914275879445,20_7.5_300
brain ICF,6.6,0.00725363305185361,20_7.5_300
brain ICF,6.7,0.00618206314464488,20_7.5_300
brain ICF,6.8,0.00526809186664618,20_7.5_300
brain ICF,6.9,0.00448893917854137,20_7.5_300
brain ICF,7,0.00382497728696116,20_7.5_300
brain ICF,7.1,0.00325934259279772,20_7.5_300
brain ICF,7.2,0.00277757830690672,20_7.5_300
brain ICF,7.3,0.00236731208724423,20_7.5_300
brain ICF,7.4,0.00201796949381741,20_7.5_300
brain ICF,7.5,0.00172052203427707,20_7.5_300
brain ICF,7.6,0.00146726734141846,20_7.5_300
brain ICF,7.7,0.00125163851914508,20_7.5_300
brain ICF,7.8,0.00106803951220341,20_7.5_300
brain ICF,7.9,0.000911703429941967,20_7.5_300
brain ICF,8,0.00077857092689412,20_7.5_300
brain ICF,8.1,0.000665186014456703,20_7.5_300
brain ICF,8.2,0.000568606936531978,20_7.5_300
brain ICF,8.3,0.000486330023645385,20_7.5_300
brain ICF,8.4,0.000416224695456598,20_7.5_300
brain ICF,8.5,0.000356478023874861,20_7.5_300
brain ICF,8.6,0.000305547467942449,20_7.5_300
brain ICF,8.7,0.000262120613012004,20_7.5_300
brain ICF,8.8,0.000225080865634489,20_7.5_300
brain ICF,8.9,0.00019347825627207,20_7.5_300
brain ICF,9,0.000166504569524089,20_7.5_300
brain ICF,9.1,0.000143472192613008,20_7.5_300
brain ICF,9.2,0.000123796103819649,20_7.5_300
brain ICF,9.3,0.000106978552030676,20_7.5_300
brain ICF,9.4,9.2596025776672e-05,20_7.5_300
brain ICF,9.5,8.02881553990037e-05,20_7.5_300
brain ICF,9.6,6.97482906903963e-05,20_7.5_300
brain ICF,9.7,6.07154694997044e-05,20_7.5_300
brain ICF,9.8,5.29675961086996e-05,20_7.5_300
brain ICF,9.9,4.63156323482977e-05,20_7.5_300
brain ICF,10,4.05986653290277e-05,20_7.5_300
sCSF,0,0,20_7.5_300
sCSF,0.1,0.000512441954008702,20_7.5_300
sCSF,0.2,0.00466040960448903,20_7.5_300
sCSF,0.3,0.0154319332674929,20_7.5_300
sCSF,0.4,0.0326304064956727,20_7.5_300
sCSF,0.5,0.0531710842000927,20_7.5_300
sCSF,0.6,0.0752237929289824,20_7.5_300
sCSF,0.7,0.0979248653322065,20_7.5_300
sCSF,0.8,0.120781981124475,20_7.5_300
sCSF,0.9,0.143455620896951,20_7.5_300
sCSF,1,0.165686892362951,20_7.5_300
sCSF,1.1,0.187271168309302,20_7.5_300
sCSF,1.2,0.208045883316566,20_7.5_300
sCSF,1.3,0.227883067677037,20_7.5_300
sCSF,1.4,0.246683798665916,20_7.5_300
sCSF,1.5,0.264373680025167,20_7.5_300
sCSF,1.6,0.280899029015035,20_7.5_300
sCSF,1.7,0.296223623045731,20_7.5_300
sCSF,1.8,0.310325915044619,20_7.5_300
sCSF,1.9,0.323196649583035,20_7.5_300
sCSF,2,0.33483682396918,20_7.5_300
sCSF,2.1,0.345255946904136,20_7.5_300
sCSF,2.2,0.354470553970645,20_7.5_300
sCSF,2.3,0.362502944841585,20_7.5_300
sCSF,2.4,0.369380111923622,20_7.5_300
sCSF,2.5,0.375132834323899,20_7.5_300
sCSF,2.6,0.37979491464163,20_7.5_300
sCSF,2.7,0.383402539213997,20_7.5_300
sCSF,2.8,0.385993745155422,20_7.5_300
sCSF,2.9,0.387607979870091,20_7.5_300
sCSF,3,0.388285740740586,20_7.5_300
sCSF,3.1,0.388068284435578,20_7.5_300
sCSF,3.2,0.386997396768532,20_7.5_300
sCSF,3.3,0.385115215301982,20_7.5_300
sCSF,3.4,0.382464097941839,20_7.5_300
sCSF,3.5,0.379086531613096,20_7.5_300
sCSF,3.6,0.375025075750076,20_7.5_300
sCSF,3.7,0.370322335761318,20_7.5_300
sCSF,3.8,0.365020961819731,20_7.5_300
sCSF,3.9,0.359163668255641,20_7.5_300
sCSF,4,0.35279326845142,20_7.5_300
sCSF,4.1,0.345952719415777,20_7.5_300
sCSF,4.2,0.338685169124113,20_7.5_300
sCSF,4.3,0.331033998247151,20_7.5_300
sCSF,4.4,0.323042846112272,20_7.5_300
sCSF,4.5,0.314755608849562,20_7.5_300
sCSF,4.6,0.306216395958144,20_7.5_300
sCSF,4.7,0.29746943058157,20_7.5_300
sCSF,4.8,0.288558879336197,20_7.5_300
sCSF,4.9,0.279528600485039,20_7.5_300
sCSF,5,0.270421805370624,20_7.5_300
sCSF,5.1,0.261280637573569,20_7.5_300
sCSF,5.2,0.25214568651937,20_7.5_300
sCSF,5.3,0.24305546531831,20_7.5_300
sCSF,5.4,0.234045893227187,20_7.5_300
sCSF,5.5,0.22514982813874,20_7.5_300
sCSF,5.6,0.216396691516618,20_7.5_300
sCSF,5.7,0.207812217280791,20_7.5_300
sCSF,5.8,0.199418339821946,20_7.5_300
sCSF,5.9,0.191233218716342,20_7.5_300
sCSF,6,0.18327138293207,20_7.5_300
sCSF,6.1,0.17554396794527,20_7.5_300
sCSF,6.2,0.168059015805386,20_7.5_300
sCSF,6.3,0.160821809745857,20_7.5_300
sCSF,6.4,0.153835219544409,20_7.5_300
sCSF,6.5,0.147100039699647,20_7.5_300
sCSF,6.6,0.140615308251144,20_7.5_300
sCSF,6.7,0.13437859897896,20_7.5_300
sCSF,6.8,0.128386283498616,20_7.5_300
sCSF,6.9,0.122633762448572,20_7.5_300
sCSF,7,0.117115666716418,20_7.5_300
sCSF,7.1,0.111826030700096,20_7.5_300
sCSF,7.2,0.106758440140254,20_7.5_300
sCSF,7.3,0.101906157246831,20_7.5_300
sCSF,7.4,0.0972622258513422,20_7.5_300
sCSF,7.5,0.0928195591483446,20_7.5_300
sCSF,7.6,0.0885710123987519,20_7.5_300
sCSF,7.7,0.0845094427195822,20_7.5_300
sCSF,7.8,0.0806277578459169,20_7.5_300
sCSF,7.9,0.0769189555137659,20_7.5_300
sCSF,8,0.0733761549035205,20_7.5_300
sCSF,8.1,0.0699926213802478,20_7.5_300
sCSF,8.2,0.066761785599389,20_7.5_300
sCSF,8.3,0.0636772578901623,20_7.5_300
sCSF,8.4,0.060732838695585,20_7.5_300
sCSF,8.5,0.0579225257347183,20_7.5_300
sCSF,8.6,0.0552405184488972,20_7.5_300
sCSF,8.7,0.0526812202127236,20_7.5_300
sCSF,8.8,0.050239238711811,20_7.5_300
sCSF,8.9,0.0479093848323234,20_7.5_300
sCSF,9,0.0456866703470038,20_7.5_300
sCSF,9.1,0.0435663046430822,20_7.5_300
sCSF,9.2,0.0415436906941216,20_7.5_300
sCSF,9.3,0.0396144204467181,20_7.5_300
sCSF,9.4,0.0377742697649656,20_7.5_300
sCSF,9.5,0.0360191930504574,20_7.5_300
sCSF,9.6,0.0343453176376964,20_7.5_300
sCSF,9.7,0.0327489380453077,20_7.5_300
sCSF,9.8,0.0312265101509442,20_7.5_300
sCSF,9.9,0.0297746453444974,20_7.5_300
sCSF,10,0.0283901047046125,20_7.5_300
