site,time,conc,PS
brain ECF,0,0,12_1.5_250
brain ECF,0.1,0,12_1.5_250
brain ECF,0.2,0,12_1.5_250
brain ECF,0.3,0.12289130782662,12_1.5_250
brain ECF,0.4,0.736524589886234,12_1.5_250
brain ECF,0.5,1.65951356133716,12_1.5_250
brain ECF,0.6,2.73599062277927,12_1.5_250
brain ECF,0.7,3.85779501963173,12_1.5_250
brain ECF,0.8,4.95280157342937,12_1.5_250
brain ECF,0.9,5.97520974154878,12_1.5_250
brain ECF,1,6.89812268212521,12_1.5_250
brain ECF,1.1,7.70798767580211,12_1.5_250
brain ECF,1.2,8.40046949830037,12_1.5_250
brain ECF,1.3,8.97741360141172,12_1.5_250
brain ECF,1.4,9.44463345660451,12_1.5_250
brain ECF,1.5,9.81031783953162,12_1.5_250
brain ECF,1.6,10.0839018919551,12_1.5_250
brain ECF,1.7,10.2752831065638,12_1.5_250
brain ECF,1.8,10.3942911479653,12_1.5_250
brain ECF,1.9,10.4503437547848,12_1.5_250
brain ECF,2,10.4522363678377,12_1.5_250
brain ECF,2.1,10.4080274230923,12_1.5_250
brain ECF,2.2,10.3249902442231,12_1.5_250
brain ECF,2.3,10.2096102300855,12_1.5_250
brain ECF,2.4,10.0676120122626,12_1.5_250
brain ECF,2.5,9.90400503920955,12_1.5_250
brain ECF,2.6,9.72313966304832,12_1.5_250
brain ECF,2.7,9.52876808026902,12_1.5_250
brain ECF,2.8,9.32410617075142,12_1.5_250
brain ECF,2.9,9.11189372438688,12_1.5_250
brain ECF,3,8.89445138956615,12_1.5_250
brain ECF,3.1,8.6737334115465,12_1.5_250
brain ECF,3.2,8.45137573105747,12_1.5_250
brain ECF,3.3,8.22873920940824,12_1.5_250
brain ECF,3.4,8.00694815094124,12_1.5_250
brain ECF,3.5,7.78692433613009,12_1.5_250
brain ECF,3.6,7.56941688457859,12_1.5_250
brain ECF,3.7,7.35502824348214,12_1.5_250
brain ECF,3.8,7.14423669682387,12_1.5_250
brain ECF,3.9,6.93741583226493,12_1.5_250
brain ECF,4,6.73485136005695,12_1.5_250
brain ECF,4.1,6.53675535957863,12_1.5_250
brain ECF,4.2,6.34327845726637,12_1.5_250
brain ECF,4.3,6.15452030168228,12_1.5_250
brain ECF,4.4,5.97053832051032,12_1.5_250
brain ECF,4.5,5.79135528368605,12_1.5_250
brain ECF,4.6,5.61696554825668,12_1.5_250
brain ECF,4.7,5.44734034295297,12_1.5_250
brain ECF,4.8,5.28243223208895,12_1.5_250
brain ECF,4.9,5.12217887676616,12_1.5_250
brain ECF,5,4.96650614139788,12_1.5_250
brain ECF,5.1,4.81533073167484,12_1.5_250
brain ECF,5.2,4.66856232883142,12_1.5_250
brain ECF,5.3,4.52610536734113,12_1.5_250
brain ECF,5.4,4.38786053142489,12_1.5_250
brain ECF,5.5,4.25372599437946,12_1.5_250
brain ECF,5.6,4.12359840548903,12_1.5_250
brain ECF,5.7,3.9973737457554,12_1.5_250
brain ECF,5.8,3.87494798222355,12_1.5_250
brain ECF,5.9,3.75621759989382,12_1.5_250
brain ECF,6,3.6410800282043,12_1.5_250
brain ECF,6.1,3.52943399518214,12_1.5_250
brain ECF,6.2,3.42117980066178,12_1.5_250
brain ECF,6.3,3.31621953340787,12_1.5_250
brain ECF,6.4,3.21445722533774,12_1.5_250
brain ECF,6.5,3.11579897359074,12_1.5_250
brain ECF,6.6,3.02015304665102,12_1.5_250
brain ECF,6.7,2.9274299426919,12_1.5_250
brain ECF,6.8,2.8375423655936,12_1.5_250
brain ECF,6.9,2.75040531754664,12_1.5_250
brain ECF,7,2.66593603841446,12_1.5_250
brain ECF,7.1,2.58405401911495,12_1.5_250
brain ECF,7.2,2.50468099892007,12_1.5_250
brain ECF,7.3,2.4277409188523,12_1.5_250
brain ECF,7.4,2.35315988887244,12_1.5_250
brain ECF,7.5,2.2808661576361,12_1.5_250
brain ECF,7.6,2.21079005953,12_1.5_250
brain ECF,7.7,2.14286398951026,12_1.5_250
brain ECF,7.8,2.07702231928436,12_1.5_250
brain ECF,7.9,2.01320139640866,12_1.5_250
brain ECF,8,1.95133943978519,12_1.5_250
brain ECF,8.1,1.89137654158103,12_1.5_250
brain ECF,8.2,1.83325457890948,12_1.5_250
brain ECF,8.3,1.77691718924796,12_1.5_250
brain ECF,8.4,1.7223097139434,12_1.5_250
brain ECF,8.5,1.66937914826536,12_1.5_250
brain ECF,8.6,1.61807410208188,12_1.5_250
brain ECF,8.7,1.56834474357547,12_1.5_250
brain ECF,8.8,1.52014276270481,12_1.5_250
brain ECF,8.9,1.47342131650012,12_1.5_250
brain ECF,9,1.42813499832685,12_1.5_250
brain ECF,9.1,1.38423977536645,12_1.5_250
brain ECF,9.2,1.34169297560264,12_1.5_250
brain ECF,9.3,1.30045321421483,12_1.5_250
brain ECF,9.4,1.26048038451703,12_1.5_250
brain ECF,9.5,1.22173560214968,12_1.5_250
brain ECF,9.6,1.18418117168479,12_1.5_250
brain ECF,9.7,1.14778055880506,12_1.5_250
brain ECF,9.8,1.11249833832275,12_1.5_250
brain ECF,9.9,1.07830018301419,12_1.5_250
brain ECF,10,1.04515280328471,12_1.5_250
brain ECF,10.1,1.01302394504311,12_1.5_250
brain ECF,10.2,0.981882326206325,12_1.5_250
brain ECF,10.3,0.951697641587402,12_1.5_250
brain ECF,10.4,0.922440499092176,12_1.5_250
brain ECF,10.5,0.894082419080928,12_1.5_250
brain ECF,10.6,0.866595790769599,12_1.5_250
brain ECF,10.7,0.839953848702434,12_1.5_250
brain ECF,10.8,0.814130654920349,12_1.5_250
brain ECF,10.9,0.789101056763693,12_1.5_250
brain ECF,11,0.764840686606753,12_1.5_250
brain ECF,11.1,0.741325909622545,12_1.5_250
brain ECF,11.2,0.718533832176337,12_1.5_250
brain ECF,11.3,0.696442249018653,12_1.5_250
brain ECF,11.4,0.67502964629313,12_1.5_250
brain ECF,11.5,0.654275166158886,12_1.5_250
brain ECF,11.6,0.63415859037998,12_1.5_250
brain ECF,11.7,0.614660325494866,12_1.5_250
brain ECF,11.8,0.595761372027003,12_1.5_250
brain ECF,11.9,0.57744332321494,12_1.5_250
brain ECF,12,0.55968832623052,12_1.5_250
brain ECF,12.1,0.542479090611875,12_1.5_250
brain ECF,12.2,0.525798841838992,12_1.5_250
brain ECF,12.3,0.509631327682966,12_1.5_250
brain ECF,12.4,0.493960798211961,12_1.5_250
brain ECF,12.5,0.478771974975208,12_1.5_250
brain ECF,12.6,0.464050066687135,12_1.5_250
brain ECF,12.7,0.449780719438979,12_1.5_250
brain ECF,12.8,0.435950027668867,12_1.5_250
brain ECF,12.9,0.422544515757177,12_1.5_250
brain ECF,13,0.409551111911069,12_1.5_250
brain ECF,13.1,0.396957160449046,12_1.5_250
brain ECF,13.2,0.384750380673816,12_1.5_250
brain ECF,13.3,0.372918874931468,12_1.5_250
brain ECF,13.4,0.361451112842919,12_1.5_250
brain ECF,13.5,0.350335909732559,12_1.5_250
brain ECF,13.6,0.339562437702288,12_1.5_250
brain ECF,13.7,0.329120188690995,12_1.5_250
brain ECF,13.8,0.318998983851598,12_1.5_250
brain ECF,13.9,0.309188959925543,12_1.5_250
brain ECF,14,0.299680549208816,12_1.5_250
brain ECF,14.1,0.290464489234826,12_1.5_250
brain ECF,14.2,0.281531790357329,12_1.5_250
brain ECF,14.3,0.272873741201334,12_1.5_250
brain ECF,14.4,0.264481907175589,12_1.5_250
brain ECF,14.5,0.256348098135685,12_1.5_250
brain ECF,14.6,0.248464381132814,12_1.5_250
brain ECF,14.7,0.240823075694474,12_1.5_250
brain ECF,14.8,0.233416721365324,12_1.5_250
brain ECF,14.9,0.226238097130818,12_1.5_250
brain ECF,15,0.219280207811917,12_1.5_250
brain ECF,15.1,0.212536261886121,12_1.5_250
brain ECF,15.2,0.205999686695133,12_1.5_250
brain ECF,15.3,0.199664109505146,12_1.5_250
brain ECF,15.4,0.193523348420251,12_1.5_250
brain ECF,15.5,0.187571419189267,12_1.5_250
brain ECF,15.6,0.181802515178257,12_1.5_250
brain ECF,15.7,0.176211006286827,12_1.5_250
brain ECF,15.8,0.170791445362378,12_1.5_250
brain ECF,15.9,0.165538540694902,12_1.5_250
brain ECF,16,0.160447165420792,12_1.5_250
brain ECF,16.1,0.155512360767707,12_1.5_250
brain ECF,16.2,0.150729307427366,12_1.5_250
brain ECF,16.3,0.146093339734596,12_1.5_250
brain ECF,16.4,0.141599942035773,12_1.5_250
brain ECF,16.5,0.137244726628968,12_1.5_250
brain ECF,16.6,0.133023443700761,12_1.5_250
brain ECF,16.7,0.128931982589986,12_1.5_250
brain ECF,16.8,0.124966347293733,12_1.5_250
brain ECF,16.9,0.121122665833168,12_1.5_250
brain ECF,17,0.117397196764696,12_1.5_250
brain ECF,17.1,0.113786299699076,12_1.5_250
brain ECF,17.2,0.110286447650621,12_1.5_250
brain ECF,17.3,0.10689423237465,12_1.5_250
brain ECF,17.4,0.103606342445542,12_1.5_250
brain ECF,17.5,0.100419565451235,12_1.5_250
brain ECF,17.6,0.097330795298264,12_1.5_250
brain ECF,17.7,0.0943370212269595,12_1.5_250
brain ECF,17.8,0.0914353187948283,12_1.5_250
brain ECF,17.9,0.0886228577611048,12_1.5_250
brain ECF,18,0.0858968977474926,12_1.5_250
brain ECF,18.1,0.0832547765023931,12_1.5_250
brain ECF,18.2,0.0806939156132085,12_1.5_250
brain ECF,18.3,0.0782118196998056,12_1.5_250
brain ECF,18.4,0.0758060634871013,12_1.5_250
brain ECF,18.5,0.0734742970046015,12_1.5_250
brain ECF,18.6,0.0712142512601584,12_1.5_250
brain ECF,18.7,0.0690237158010947,12_1.5_250
brain ECF,18.8,0.0669005497328332,12_1.5_250
brain ECF,18.9,0.0648426862749194,12_1.5_250
brain ECF,19,0.0628481168448081,12_1.5_250
brain ECF,19.1,0.0609148922028993,12_1.5_250
brain ECF,19.2,0.0590411268494656,12_1.5_250
brain ECF,19.3,0.0572249957109125,12_1.5_250
brain ECF,19.4,0.0554647244515604,12_1.5_250
brain ECF,19.5,0.0537585950096988,12_1.5_250
brain ECF,19.6,0.0521049450238334,12_1.5_250
brain ECF,19.7,0.0505021587875618,12_1.5_250
brain ECF,19.8,0.0489486703911987,12_1.5_250
brain ECF,19.9,0.0474429667549983,12_1.5_250
brain ECF,20,0.0459835763303816,12_1.5_250
brain ECF,20.1,0.044569072036112,12_1.5_250
brain ECF,20.2,0.0431980746139129,12_1.5_250
brain ECF,20.3,0.0418692481517606,12_1.5_250
brain ECF,20.4,0.0405812927449092,12_1.5_250
brain ECF,20.5,0.0393329509774246,12_1.5_250
brain ECF,20.6,0.0381230084419719,12_1.5_250
brain ECF,20.7,0.0369502826792124,12_1.5_250
brain ECF,20.8,0.0358136291128543,12_1.5_250
brain ECF,20.9,0.0347119405338158,12_1.5_250
brain ECF,21,0.0336441409103149,12_1.5_250
brain ECF,21.1,0.0326091874220869,12_1.5_250
brain ECF,21.2,0.031606069358634,12_1.5_250
brain ECF,21.3,0.030633810216766,12_1.5_250
brain ECF,21.4,0.0296914578684106,12_1.5_250
brain ECF,21.5,0.0287780899750425,12_1.5_250
brain ECF,21.6,0.0278928158099144,12_1.5_250
brain ECF,21.7,0.0270347748946049,12_1.5_250
brain ECF,21.8,0.0262031253656801,12_1.5_250
brain ECF,21.9,0.0253970533413565,12_1.5_250
brain ECF,22,0.0246157760274941,12_1.5_250
brain ECF,22.1,0.0238585319530496,12_1.5_250
brain ECF,22.2,0.0231245806530968,12_1.5_250
brain ECF,22.3,0.0224132058004383,12_1.5_250
brain ECF,22.4,0.0217237152083066,12_1.5_250
brain ECF,22.5,0.0210554356011954,12_1.5_250
brain ECF,22.6,0.0204077147813543,12_1.5_250
brain ECF,22.7,0.0197799203910429,12_1.5_250
brain ECF,22.8,0.0191714398234343,12_1.5_250
brain ECF,22.9,0.0185816775861762,12_1.5_250
brain ECF,23,0.0180100559418234,12_1.5_250
brain ECF,23.1,0.0174560170465694,12_1.5_250
brain ECF,23.2,0.0169190221884425,12_1.5_250
brain ECF,23.3,0.016398543480809,12_1.5_250
brain ECF,23.4,0.0158940706235039,12_1.5_250
brain ECF,23.5,0.0154051147505544,12_1.5_250
brain ECF,23.6,0.0149311997165597,12_1.5_250
brain ECF,23.7,0.0144718618671209,12_1.5_250
brain ECF,23.8,0.0140266534212252,12_1.5_250
brain ECF,23.9,0.0135951403702746,12_1.5_250
brain ECF,24,0.0131769022637778,12_1.5_250
brain ECF,24.1,0.0127715315365261,12_1.5_250
brain ECF,24.2,0.0123786330642063,12_1.5_250
brain ECF,24.3,0.0119978233987046,12_1.5_250
brain ECF,24.4,0.0116287306572594,12_1.5_250
brain ECF,24.5,0.0112709940231518,12_1.5_250
brain ECF,24.6,0.0109242630619245,12_1.5_250
brain ECF,24.7,0.0105881987967824,12_1.5_250
brain ECF,24.8,0.0102624741590652,12_1.5_250
brain ECF,24.9,0.00994676879510072,12_1.5_250
brain ECF,25,0.00964077276100719,12_1.5_250
brain ICF,0,0,12_1.5_250
brain ICF,0.1,0,12_1.5_250
brain ICF,0.2,0,12_1.5_250
brain ICF,0.3,0.120229592783551,12_1.5_250
brain ICF,0.4,1.04432823957844,12_1.5_250
brain ICF,0.5,2.57197307367839,12_1.5_250
brain ICF,0.6,4.4132447333919,12_1.5_250
brain ICF,0.7,6.36494884089204,12_1.5_250
brain ICF,0.8,8.29048292393072,12_1.5_250
brain ICF,0.9,10.1021264593499,12_1.5_250
brain ICF,1,11.7473750432261,12_1.5_250
brain ICF,1.1,13.1986739501117,12_1.5_250
brain ICF,1.2,14.4457847386901,12_1.5_250
brain ICF,1.3,15.4901578367951,12_1.5_250
brain ICF,1.4,16.3408237156365,12_1.5_250
brain ICF,1.5,17.0114275636754,12_1.5_250
brain ICF,1.6,17.518120400641,12_1.5_250
brain ICF,1.7,17.8780880343931,12_1.5_250
brain ICF,1.8,18.1085501879267,12_1.5_250
brain ICF,1.9,18.2261049706721,12_1.5_250
brain ICF,2,18.2463221674618,12_1.5_250
brain ICF,2.1,18.1835150527917,12_1.5_250
brain ICF,2.2,18.0506370271536,12_1.5_250
brain ICF,2.3,17.8592636176686,12_1.5_250
brain ICF,2.4,17.6196314114633,12_1.5_250
brain ICF,2.5,17.3407124750598,12_1.5_250
brain ICF,2.6,17.0303094729079,12_1.5_250
brain ICF,2.7,16.6951609051469,12_1.5_250
brain ICF,2.8,16.3410490387955,12_1.5_250
brain ICF,2.9,15.9729057580474,12_1.5_250
brain ICF,3,15.5949131471659,12_1.5_250
brain ICF,3.1,15.2105969762904,12_1.5_250
brain ICF,3.2,14.8229122115266,12_1.5_250
brain ICF,3.3,14.4343200321717,12_1.5_250
brain ICF,3.4,14.0468565910521,12_1.5_250
brain ICF,3.5,13.6621938628819,12_1.5_250
brain ICF,3.6,13.2816931031905,12_1.5_250
brain ICF,3.7,12.9064514220626,12_1.5_250
brain ICF,3.8,12.5373421645967,12_1.5_250
brain ICF,3.9,12.1750498603825,12_1.5_250
brain ICF,4,11.8201004451868,12_1.5_250
brain ICF,4.1,11.4728868790209,12_1.5_250
brain ICF,4.2,11.1336910544895,12_1.5_250
brain ICF,4.3,10.8027026541033,12_1.5_250
brain ICF,4.4,10.4800349245325,12_1.5_250
brain ICF,4.5,10.1657383055355,12_1.5_250
brain ICF,4.6,9.85981168967986,12_1.5_250
brain ICF,4.7,9.56221195513113,12_1.5_250
brain ICF,4.8,9.27286202151524,12_1.5_250
brain ICF,4.9,8.9916576408934,12_1.5_250
brain ICF,5,8.71847300829275,12_1.5_250
brain ICF,5.1,8.45316553009277,12_1.5_250
brain ICF,5.2,8.19557968374625,12_1.5_250
brain ICF,5.3,7.94555023327376,12_1.5_250
brain ICF,5.4,7.7029049380406,12_1.5_250
brain ICF,5.5,7.46746679782435,12_1.5_250
brain ICF,5.6,7.23905584222149,12_1.5_250
brain ICF,5.7,7.01749068299205,12_1.5_250
brain ICF,5.8,6.80258970253575,12_1.5_250
brain ICF,5.9,6.59417202122724,12_1.5_250
brain ICF,6,6.39205827418242,12_1.5_250
brain ICF,6.1,6.1960712572247,12_1.5_250
brain ICF,6.2,6.00603642647883,12_1.5_250
brain ICF,6.3,5.8217822964532,12_1.5_250
brain ICF,6.4,5.64314072433339,12_1.5_250
brain ICF,6.5,5.46994713534664,12_1.5_250
brain ICF,6.6,5.30204072054261,12_1.5_250
brain ICF,6.7,5.13926454712245,12_1.5_250
brain ICF,6.8,4.98146551980038,12_1.5_250
brain ICF,6.9,4.82849455300841,12_1.5_250
brain ICF,7,4.68020646550891,12_1.5_250
brain ICF,7.1,4.53646000893274,12_1.5_250
brain ICF,7.2,4.39711786746047,12_1.5_250
brain ICF,7.3,4.26204657748623,12_1.5_250
brain ICF,7.4,4.13111647235061,12_1.5_250
brain ICF,7.5,4.00420163154612,12_1.5_250
brain ICF,7.6,3.88117978868359,12_1.5_250
brain ICF,7.7,3.7619322899144,12_1.5_250
brain ICF,7.8,3.64634394505187,12_1.5_250
brain ICF,7.9,3.53430303065447,12_1.5_250
brain ICF,8,3.42570110254476,12_1.5_250
brain ICF,8.1,3.32043300449357,12_1.5_250
brain ICF,8.2,3.21839670952047,12_1.5_250
brain ICF,8.3,3.1194932804655,12_1.5_250
brain ICF,8.4,3.02362676881846,12_1.5_250
brain ICF,8.5,2.93070412908295,12_1.5_250
brain ICF,8.6,2.8406351485287,12_1.5_250
brain ICF,8.7,2.75333234997184,12_1.5_250
brain ICF,8.8,2.66871092627795,12_1.5_250
brain ICF,8.9,2.58668864592648,12_1.5_250
brain ICF,9,2.50718579771737,12_1.5_250
brain ICF,9.1,2.43012508242608,12_1.5_250
brain ICF,9.2,2.35543158892626,12_1.5_250
brain ICF,9.3,2.28303266584568,12_1.5_250
brain ICF,9.4,2.2128579051618,12_1.5_250
brain ICF,9.5,2.1448390445123,12_1.5_250
brain ICF,9.6,2.07890990867209,12_1.5_250
brain ICF,9.7,2.01500636067749,12_1.5_250
brain ICF,9.8,1.95306621057249,12_1.5_250
brain ICF,9.9,1.89302919559923,12_1.5_250
brain ICF,10,1.83483687473039,12_1.5_250
brain ICF,10.1,1.77843262483047,12_1.5_250
brain ICF,10.2,1.72376152910293,12_1.5_250
brain ICF,10.3,1.67077038526695,12_1.5_250
brain ICF,10.4,1.61940759416433,12_1.5_250
brain ICF,10.5,1.56962315865039,12_1.5_250
brain ICF,10.6,1.52136860689889,12_1.5_250
brain ICF,10.7,1.47459695096816,12_1.5_250
brain ICF,10.8,1.42926265558438,12_1.5_250
brain ICF,10.9,1.38532156417219,12_1.5_250
brain ICF,11,1.34273089800327,12_1.5_250
brain ICF,11.1,1.30144916489397,12_1.5_250
brain ICF,11.2,1.26143617397711,12_1.5_250
brain ICF,11.3,1.22265294268405,12_1.5_250
brain ICF,11.4,1.18506170238237,12_1.5_250
brain ICF,11.5,1.14862583614096,12_1.5_250
brain ICF,11.6,1.11330984984341,12_1.5_250
brain ICF,11.7,1.07907934616125,12_1.5_250
brain ICF,11.8,1.04590097060811,12_1.5_250
brain ICF,11.9,1.01374240905199,12_1.5_250
brain ICF,12,0.982572319875797,12_1.5_250
brain ICF,12.1,0.952360348758925,12_1.5_250
brain ICF,12.2,0.923077047008792,12_1.5_250
brain ICF,12.3,0.894693882941985,12_1.5_250
brain ICF,12.4,0.8671832067778,12_1.5_250
brain ICF,12.5,0.840518196353603,12_1.5_250
brain ICF,12.6,0.814672884591704,12_1.5_250
brain ICF,12.7,0.789622072391589,12_1.5_250
brain ICF,12.8,0.765341347809433,12_1.5_250
brain ICF,12.9,0.741807053813747,12_1.5_250
brain ICF,13,0.718996242231472,12_1.5_250
brain ICF,13.1,0.696886694886743,12_1.5_250
brain ICF,13.2,0.675456852217894,12_1.5_250
brain ICF,13.3,0.654685827325758,12_1.5_250
brain ICF,13.4,0.634553378462907,12_1.5_250
brain ICF,13.5,0.61503987048071,12_1.5_250
brain ICF,13.6,0.596126293665133,12_1.5_250
brain ICF,13.7,0.577794200464366,12_1.5_250
brain ICF,13.8,0.560025721157971,12_1.5_250
brain ICF,13.9,0.542803540178126,12_1.5_250
brain ICF,14,0.526110860539173,12_1.5_250
brain ICF,14.1,0.509931421914237,12_1.5_250
brain ICF,14.2,0.494249442480818,12_1.5_250
brain ICF,14.3,0.479049629156035,12_1.5_250
brain ICF,14.4,0.464317174313781,12_1.5_250
brain ICF,14.5,0.450037700056622,12_1.5_250
brain ICF,14.6,0.436197279665793,12_1.5_250
brain ICF,14.7,0.422782429201757,12_1.5_250
brain ICF,14.8,0.40978005128983,12_1.5_250
brain ICF,14.9,0.397177468882837,12_1.5_250
brain ICF,15,0.3849624014769,12_1.5_250
brain ICF,15.1,0.373122925747063,12_1.5_250
brain ICF,15.2,0.361647503127858,12_1.5_250
brain ICF,15.3,0.350524946052224,12_1.5_250
brain ICF,15.4,0.339744401920829,12_1.5_250
brain ICF,15.5,0.329295364955717,12_1.5_250
brain ICF,15.6,0.319167641497171,12_1.5_250
brain ICF,15.7,0.309351347849631,12_1.5_250
brain ICF,15.8,0.29983692078228,12_1.5_250
brain ICF,15.9,0.290615070477694,12_1.5_250
brain ICF,16,0.281676796269109,12_1.5_250
brain ICF,16.1,0.273013392688882,12_1.5_250
brain ICF,16.2,0.264616398830482,12_1.5_250
brain ICF,16.3,0.256477623701493,12_1.5_250
brain ICF,16.4,0.248589140081228,12_1.5_250
brain ICF,16.5,0.240943244854012,12_1.5_250
brain ICF,16.6,0.233532477217026,12_1.5_250
brain ICF,16.7,0.226349620789857,12_1.5_250
brain ICF,16.8,0.219387660485521,12_1.5_250
brain ICF,16.9,0.212639799059084,12_1.5_250
brain ICF,17,0.206099467779253,12_1.5_250
brain ICF,17.1,0.199760275965109,12_1.5_250
brain ICF,17.2,0.193616031803179,12_1.5_250
brain ICF,17.3,0.187660751734482,12_1.5_250
brain ICF,17.4,0.181888622192413,12_1.5_250
brain ICF,17.5,0.176294003363859,12_1.5_250
brain ICF,17.6,0.170871442330375,12_1.5_250
brain ICF,17.7,0.165615653540916,12_1.5_250
brain ICF,17.8,0.160521502741903,12_1.5_250
brain ICF,17.9,0.155584021287782,12_1.5_250
brain ICF,18,0.150798398475274,12_1.5_250
brain ICF,18.1,0.146159960640904,12_1.5_250
brain ICF,18.2,0.141664181357341,12_1.5_250
brain ICF,18.3,0.137306679626883,12_1.5_250
brain ICF,18.4,0.133083197977244,12_1.5_250
brain ICF,18.5,0.128989610979218,12_1.5_250
brain ICF,18.6,0.125021934952265,12_1.5_250
brain ICF,18.7,0.121176289316273,12_1.5_250
brain ICF,18.8,0.11744891540225,12_1.5_250
brain ICF,18.9,0.113836184914773,12_1.5_250
brain ICF,19,0.110334571527232,12_1.5_250
brain ICF,19.1,0.106940653005608,12_1.5_250
brain ICF,19.2,0.103651119251358,12_1.5_250
brain ICF,19.3,0.100462766457899,12_1.5_250
brain ICF,19.4,0.0973724796386217,12_1.5_250
brain ICF,19.5,0.0943772427481726,12_1.5_250
brain ICF,19.6,0.0914741373114618,12_1.5_250
brain ICF,19.7,0.0886603270943784,12_1.5_250
brain ICF,19.8,0.0859330632342727,12_1.5_250
brain ICF,19.9,0.083289689113359,12_1.5_250
brain ICF,20,0.080727621359501,12_1.5_250
brain ICF,20.1,0.0782443545728708,12_1.5_250
brain ICF,20.2,0.0758374673142671,12_1.5_250
brain ICF,20.3,0.0735046142201904,12_1.5_250
brain ICF,20.4,0.0712435129815532,12_1.5_250
brain ICF,20.5,0.0690519559992167,12_1.5_250
brain ICF,20.6,0.0669278116256216,12_1.5_250
brain ICF,20.7,0.0648690038189617,12_1.5_250
brain ICF,20.8,0.0628735232728495,12_1.5_250
brain ICF,20.9,0.0609394261834597,12_1.5_250
brain ICF,21,0.0590648236965009,12_1.5_250
brain ICF,21.1,0.0572478852803309,12_1.5_250
brain ICF,21.2,0.0554868367034958,12_1.5_250
brain ICF,21.3,0.0537799631955078,12_1.5_250
brain ICF,21.4,0.052125593528324,12_1.5_250
brain ICF,21.5,0.0505221084853557,12_1.5_250
brain ICF,21.6,0.0489679442465757,12_1.5_250
brain ICF,21.7,0.0474615899919916,12_1.5_250
brain ICF,21.8,0.0460015676335441,12_1.5_250
brain ICF,21.9,0.0445864480910423,12_1.5_250
brain ICF,22,0.043214857330889,12_1.5_250
brain ICF,22.1,0.0418854585305685,12_1.5_250
brain ICF,22.2,0.0405969515670576,12_1.5_250
brain ICF,22.3,0.03934807882889,12_1.5_250
brain ICF,22.4,0.0381376254627722,12_1.5_250
brain ICF,22.5,0.0369644095366287,12_1.5_250
brain ICF,22.6,0.0358272862988853,12_1.5_250
brain ICF,22.7,0.0347251457844927,12_1.5_250
brain ICF,22.8,0.033656912128935,12_1.5_250
brain ICF,22.9,0.0326215402766315,12_1.5_250
brain ICF,23,0.0316180160801273,12_1.5_250
brain ICF,23.1,0.0306453600949807,12_1.5_250
brain ICF,23.2,0.0297026262379792,12_1.5_250
brain ICF,23.3,0.0287888877010822,12_1.5_250
brain ICF,23.4,0.0279032483171597,12_1.5_250
brain ICF,23.5,0.0270448500171012,12_1.5_250
brain ICF,23.6,0.0262128568122671,12_1.5_250
brain ICF,23.7,0.0254064544151726,12_1.5_250
brain ICF,23.8,0.0246248565179088,12_1.5_250
brain ICF,23.9,0.0238673020290036,12_1.5_250
brain ICF,24,0.0231330526162835,12_1.5_250
brain ICF,24.1,0.0224213929897193,12_1.5_250
brain ICF,24.2,0.0217316298191808,12_1.5_250
brain ICF,24.3,0.0210630893890802,12_1.5_250
brain ICF,24.4,0.0204151187338173,12_1.5_250
brain ICF,24.5,0.0197870847227096,12_1.5_250
brain ICF,24.6,0.019178372171183,12_1.5_250
brain ICF,24.7,0.0185883859834026,12_1.5_250
brain ICF,24.8,0.0180165519330656,12_1.5_250
brain ICF,24.9,0.0174623075752695,12_1.5_250
brain ICF,25,0.0169251087006231,12_1.5_250
sCSF,0,0,12_1.5_250
sCSF,0.1,0,12_1.5_250
sCSF,0.2,0,12_1.5_250
sCSF,0.3,0.00133456047723274,12_1.5_250
sCSF,0.4,0.0303680449181358,12_1.5_250
sCSF,0.5,0.117438905798049,12_1.5_250
sCSF,0.6,0.273993834786796,12_1.5_250
sCSF,0.7,0.501615170875598,12_1.5_250
sCSF,0.8,0.796118609409924,12_1.5_250
sCSF,0.9,1.14992897961833,12_1.5_250
sCSF,1,1.55368046430172,12_1.5_250
sCSF,1.1,1.99731201506469,12_1.5_250
sCSF,1.2,2.47080134067129,12_1.5_250
sCSF,1.3,2.96463709949021,12_1.5_250
sCSF,1.4,3.47010300675155,12_1.5_250
sCSF,1.5,3.97942884034464,12_1.5_250
sCSF,1.6,4.48584910759837,12_1.5_250
sCSF,1.7,4.98359937189824,12_1.5_250
sCSF,1.8,5.4678722479297,12_1.5_250
sCSF,1.9,5.93474875845484,12_1.5_250
sCSF,2,6.38111638833626,12_1.5_250
sCSF,2.1,6.80458157909753,12_1.5_250
sCSF,2.2,7.20338203159659,12_1.5_250
sCSF,2.3,7.57630226035271,12_1.5_250
sCSF,2.4,7.92259456919157,12_1.5_250
sCSF,2.5,8.24190663839633,12_1.5_250
sCSF,2.6,8.53421624281696,12_1.5_250
sCSF,2.7,8.79977322958745,12_1.5_250
sCSF,2.8,9.03904848880677,12_1.5_250
sCSF,2.9,9.25268951425398,12_1.5_250
sCSF,3,9.44148210951156,12_1.5_250
sCSF,3.1,9.60631758893611,12_1.5_250
sCSF,3.2,9.74816490581146,12_1.5_250
sCSF,3.3,9.86804722269447,12_1.5_250
sCSF,3.4,9.96702230953752,12_1.5_250
sCSF,3.5,10.0461662839811,12_1.5_250
sCSF,3.6,10.1065602396496,12_1.5_250
sCSF,3.7,10.1492794026679,12_1.5_250
sCSF,3.8,10.1753844263104,12_1.5_250
sCSF,3.9,10.185914462172,12_1.5_250
sCSF,4,10.1818817199642,12_1.5_250
sCSF,4.1,10.1642674060481,12_1.5_250
sCSF,4.2,10.1340187166207,12_1.5_250
sCSF,4.3,10.0920466622499,12_1.5_250
sCSF,4.4,10.0392247020448,12_1.5_250
sCSF,4.5,9.97638790857688,12_1.5_250
sCSF,4.6,9.90433269833179,12_1.5_250
sCSF,4.7,9.82381694255903,12_1.5_250
sCSF,4.8,9.73556038255494,12_1.5_250
sCSF,4.9,9.64024529067915,12_1.5_250
sCSF,5,9.53851734535693,12_1.5_250
sCSF,5.1,9.43098663831196,12_1.5_250
sCSF,5.2,9.3182288130835,12_1.5_250
sCSF,5.3,9.20078627624413,12_1.5_250
sCSF,5.4,9.07916945120514,12_1.5_250
sCSF,5.5,8.9538580628242,12_1.5_250
sCSF,5.6,8.82530244143821,12_1.5_250
sCSF,5.7,8.6939248250588,12_1.5_250
sCSF,5.8,8.56012065301548,12_1.5_250
sCSF,5.9,8.42425983788038,12_1.5_250
sCSF,6,8.28668800803542,12_1.5_250
sCSF,6.1,8.14772772063564,12_1.5_250
sCSF,6.2,8.00767963533264,12_1.5_250
sCSF,6.3,7.86682364750439,12_1.5_250
sCSF,6.4,7.72541998053607,12_1.5_250
sCSF,6.5,7.5837102419436,12_1.5_250
sCSF,6.6,7.44191844897339,12_1.5_250
sCSF,6.7,7.30025201759095,12_1.5_250
sCSF,6.8,7.15890261251278,12_1.5_250
sCSF,6.9,7.0180471284309,12_1.5_250
sCSF,7,6.87784846509258,12_1.5_250
sCSF,7.1,6.73845632431687,12_1.5_250
sCSF,7.2,6.60000805177296,12_1.5_250
sCSF,7.3,6.46262929563906,12_1.5_250
sCSF,7.4,6.32643470395564,12_1.5_250
sCSF,7.5,6.19152861077024,12_1.5_250
sCSF,7.6,6.05800564363347,12_1.5_250
sCSF,7.7,5.92595139814541,12_1.5_250
sCSF,7.8,5.79544281290225,12_1.5_250
sCSF,7.9,5.66654900974049,12_1.5_250
sCSF,8,5.53933135726465,12_1.5_250
sCSF,8.1,5.41384446422341,12_1.5_250
sCSF,8.2,5.2901360722578,12_1.5_250
sCSF,8.3,5.16824803942213,12_1.5_250
sCSF,8.4,5.04821621913923,12_1.5_250
sCSF,8.5,4.93007134321225,12_1.5_250
sCSF,8.6,4.81383890728956,12_1.5_250
sCSF,8.7,4.69953998539309,12_1.5_250
sCSF,8.8,4.58719107385202,12_1.5_250
sCSF,8.9,4.47680487563532,12_1.5_250
sCSF,9,4.36839008299324,12_1.5_250
sCSF,9.1,4.26195221035322,12_1.5_250
sCSF,9.2,4.15749323949397,12_1.5_250
sCSF,9.3,4.05501245229917,12_1.5_250
sCSF,9.4,3.95450619092955,12_1.5_250
sCSF,9.5,3.85596831938863,12_1.5_250
sCSF,9.6,3.75939038325367,12_1.5_250
sCSF,9.7,3.66476168848577,12_1.5_250
sCSF,9.8,3.57206969463084,12_1.5_250
sCSF,9.9,3.48129990137239,12_1.5_250
sCSF,10,3.39243633034974,12_1.5_250
sCSF,10.1,3.30546132152579,12_1.5_250
sCSF,10.2,3.22035603766117,12_1.5_250
sCSF,10.3,3.1371002265391,12_1.5_250
sCSF,10.4,3.05567268468325,12_1.5_250
sCSF,10.5,2.97605110498942,12_1.5_250
sCSF,10.6,2.89821233383553,12_1.5_250
sCSF,10.7,2.82213244361251,12_1.5_250
sCSF,10.8,2.74778675096178,12_1.5_250
sCSF,10.9,2.67515005737526,12_1.5_250
sCSF,11,2.60419652710189,12_1.5_250
sCSF,11.1,2.53489999606342,12_1.5_250
sCSF,11.2,2.46723380027275,12_1.5_250
sCSF,11.3,2.40117107373617,12_1.5_250
sCSF,11.4,2.33668462678363,12_1.5_250
sCSF,11.5,2.2737471104845,12_1.5_250
sCSF,11.6,2.21233104192818,12_1.5_250
sCSF,11.7,2.15240881712664,12_1.5_250
sCSF,11.8,2.09395284203578,12_1.5_250
sCSF,11.9,2.03693545842076,12_1.5_250
sCSF,12,1.98132911738556,12_1.5_250
sCSF,12.1,1.92710626220424,12_1.5_250
sCSF,12.2,1.87423953163638,12_1.5_250
sCSF,12.3,1.82270166282793,12_1.5_250
sCSF,12.4,1.77246554313177,12_1.5_250
sCSF,12.5,1.72350432255535,12_1.5_250
sCSF,12.6,1.67579127016643,12_1.5_250
sCSF,12.7,1.62929998597735,12_1.5_250
sCSF,12.8,1.58400428695499,12_1.5_250
sCSF,12.9,1.53987824974508,12_1.5_250
sCSF,13,1.49689629353051,12_1.5_250
sCSF,13.1,1.45503307999848,12_1.5_250
sCSF,13.2,1.41426364891314,12_1.5_250
sCSF,13.3,1.37456334479968,12_1.5_250
sCSF,13.4,1.33590784397651,12_1.5_250
sCSF,13.5,1.29827320815958,12_1.5_250
sCSF,13.6,1.26163580803289,12_1.5_250
sCSF,13.7,1.22597242503094,12_1.5_250
sCSF,13.8,1.19126018916091,12_1.5_250
sCSF,13.9,1.15747659685175,12_1.5_250
sCSF,14,1.12459954898005,12_1.5_250
sCSF,14.1,1.09260728582248,12_1.5_250
sCSF,14.2,1.06147847466195,12_1.5_250
sCSF,14.3,1.03119215787734,12_1.5_250
sCSF,14.4,1.0017277299308,12_1.5_250
sCSF,14.5,0.973065018128979,12_1.5_250
sCSF,14.6,0.945184216563863,12_1.5_250
sCSF,14.7,0.918065881041127,12_1.5_250
sCSF,14.8,0.891690988615231,12_1.5_250
sCSF,14.9,0.866040875405816,12_1.5_250
sCSF,15,0.841097249530367,12_1.5_250
sCSF,15.1,0.816842217832523,12_1.5_250
sCSF,15.2,0.793258241056185,12_1.5_250
sCSF,15.3,0.77032815493521,12_1.5_250
sCSF,15.4,0.748035172176599,12_1.5_250
sCSF,15.5,0.726362850487826,12_1.5_250
sCSF,15.6,0.705295119629544,12_1.5_250
sCSF,15.7,0.684816266101049,12_1.5_250
sCSF,15.8,0.664910909943615,12_1.5_250
sCSF,15.9,0.645564034214746,12_1.5_250
sCSF,16,0.626760958674827,12_1.5_250
sCSF,16.1,0.608487328647687,12_1.5_250
sCSF,16.2,0.590729133116467,12_1.5_250
sCSF,16.3,0.573472681961012,12_1.5_250
sCSF,16.4,0.556704600723099,12_1.5_250
sCSF,16.5,0.540411839475239,12_1.5_250
sCSF,16.6,0.524581656094689,12_1.5_250
sCSF,16.7,0.509201606367229,12_1.5_250
sCSF,16.8,0.494259555050412,12_1.5_250
sCSF,16.9,0.479743659467491,12_1.5_250
sCSF,17,0.465642358690492,12_1.5_250
sCSF,17.1,0.451944383017653,12_1.5_250
sCSF,17.2,0.438638738977588,12_1.5_250
sCSF,17.3,0.425714703297052,12_1.5_250
sCSF,17.4,0.413161821581548,12_1.5_250
sCSF,17.5,0.400969901587638,12_1.5_250
sCSF,17.6,0.389129007737691,12_1.5_250
sCSF,17.7,0.377629455721831,12_1.5_250
sCSF,17.8,0.366461806798021,12_1.5_250
sCSF,17.9,0.355616864193642,12_1.5_250
sCSF,18,0.345085668154803,12_1.5_250
sCSF,18.1,0.334859487299146,12_1.5_250
sCSF,18.2,0.324929817102538,12_1.5_250
sCSF,18.3,0.315288376413043,12_1.5_250
sCSF,18.4,0.305927096291984,12_1.5_250
sCSF,18.5,0.296838119633393,12_1.5_250
sCSF,18.6,0.28801379987609,12_1.5_250
sCSF,18.7,0.279446686559139,12_1.5_250
sCSF,18.8,0.27112952680255,12_1.5_250
sCSF,18.9,0.263055264727926,12_1.5_250
sCSF,19,0.255217028821072,12_1.5_250
sCSF,19.1,0.247608129078183,12_1.5_250
sCSF,19.2,0.240222057887825,12_1.5_250
sCSF,19.3,0.233052484825593,12_1.5_250
sCSF,19.4,0.226093243647902,12_1.5_250
sCSF,19.5,0.21933833673238,12_1.5_250
sCSF,19.6,0.212781935827598,12_1.5_250
sCSF,19.7,0.206418362053992,12_1.5_250
sCSF,19.8,0.200242092750331,12_1.5_250
sCSF,19.9,0.194247762705333,12_1.5_250
sCSF,20,0.188430147328636,12_1.5_250
sCSF,20.1,0.182784164827356,12_1.5_250
sCSF,20.2,0.177304876900809,12_1.5_250
sCSF,20.3,0.171987481950047,12_1.5_250
sCSF,20.4,0.166827305793313,12_1.5_250
sCSF,20.5,0.161819805995876,12_1.5_250
sCSF,20.6,0.156960571985113,12_1.5_250
sCSF,20.7,0.152245307221031,12_1.5_250
sCSF,20.8,0.14766983621802,12_1.5_250
sCSF,20.9,0.143230110741335,12_1.5_250
sCSF,21,0.138922183104665,12_1.5_250
sCSF,21.1,0.134742218511151,12_1.5_250
sCSF,21.2,0.130686490766367,12_1.5_250
sCSF,21.3,0.126751388404395,12_1.5_250
sCSF,21.4,0.122933387047467,12_1.5_250
sCSF,21.5,0.119229064991884,12_1.5_250
sCSF,21.6,0.115635101798159,12_1.5_250
sCSF,21.7,0.112148274908324,12_1.5_250
sCSF,21.8,0.108765442010563,12_1.5_250
sCSF,21.9,0.105483552547909,12_1.5_250
sCSF,22,0.102299651447171,12_1.5_250
sCSF,22.1,0.0992108629444454,12_1.5_250
sCSF,22.2,0.0962143887430152,12_1.5_250
sCSF,22.3,0.0933075114029286,12_1.5_250
sCSF,22.4,0.0904876038437536,12_1.5_250
sCSF,22.5,0.0877520999779574,12_1.5_250
sCSF,22.6,0.085098510333367,12_1.5_250
sCSF,22.7,0.0825244178260418,12_1.5_250
sCSF,22.8,0.0800274830306685,12_1.5_250
sCSF,22.9,0.0776054222239564,12_1.5_250
sCSF,23,0.0752560202493192,12_1.5_250
sCSF,23.1,0.0729771289966132,12_1.5_250
sCSF,23.2,0.0707666652247059,12_1.5_250
sCSF,23.3,0.0686225979596671,12_1.5_250
sCSF,23.4,0.0665429567116545,12_1.5_250
sCSF,23.5,0.0645258346095716,12_1.5_250
sCSF,23.6,0.0625693765348318,12_1.5_250
sCSF,23.7,0.0606717776131052,12_1.5_250
sCSF,23.8,0.0588312861158177,12_1.5_250
sCSF,23.9,0.0570462139784637,12_1.5_250
sCSF,24,0.0553149070284699,12_1.5_250
sCSF,24.1,0.0536357628010052,12_1.5_250
sCSF,24.2,0.0520072246459469,12_1.5_250
sCSF,24.3,0.0504277908018178,12_1.5_250
sCSF,24.4,0.0488959981087713,12_1.5_250
sCSF,24.5,0.0474104208895121,12_1.5_250
sCSF,24.6,0.0459696770331061,12_1.5_250
sCSF,24.7,0.044572427528487,12_1.5_250
sCSF,24.8,0.0432173774937196,12_1.5_250
sCSF,24.9,0.0419032619809928,12_1.5_250
sCSF,25,0.040628855757811,12_1.5_250
brain ECF,0,0,12_1.5_300
brain ECF,0.1,0,12_1.5_300
brain ECF,0.2,0,12_1.5_300
brain ECF,0.3,0.116155128537728,12_1.5_300
brain ECF,0.4,0.721170088552239,12_1.5_300
brain ECF,0.5,1.64169437245415,12_1.5_300
brain ECF,0.6,2.71929068562097,12_1.5_300
brain ECF,0.7,3.84408939547558,12_1.5_300
brain ECF,0.8,4.94286564411393,12_1.5_300
brain ECF,0.9,5.96914025235917,12_1.5_300
brain ECF,1,6.89562394053018,12_1.5_300
brain ECF,1.1,7.70856201427466,12_1.5_300
brain ECF,1.2,8.40354041139354,12_1.5_300
brain ECF,1.3,8.98240212386593,12_1.5_300
brain ECF,1.4,9.45100258357844,12_1.5_300
brain ECF,1.5,9.81759554820623,12_1.5_300
brain ECF,1.6,10.0916902295472,12_1.5_300
brain ECF,1.7,10.2832585552467,12_1.5_300
brain ECF,1.8,10.4021998442193,12_1.5_300
brain ECF,1.9,10.4579939819772,12_1.5_300
brain ECF,2,10.4594899050323,12_1.5_300
brain ECF,2.1,10.4147907578967,12_1.5_300
brain ECF,2.2,10.3312062523834,12_1.5_300
brain ECF,2.3,10.2152506528474,12_1.5_300
brain ECF,2.4,10.0726708802863,12_1.5_300
brain ECF,2.5,9.90849307672284,12_1.5_300
brain ECF,2.6,9.72707963378915,12_1.5_300
brain ECF,2.7,9.53219099572041,12_1.5_300
brain ECF,2.8,9.32704826312893,12_1.5_300
brain ECF,2.9,9.11439407989653,12_1.5_300
brain ECF,3,8.89655013834027,12_1.5_300
brain ECF,3.1,8.67547037979794,12_1.5_300
brain ECF,3.2,8.45278947092671,12_1.5_300
brain ECF,3.3,8.22986633016174,12_1.5_300
brain ECF,3.4,8.00782288801292,12_1.5_300
brain ECF,3.5,7.78757830514674,12_1.5_300
brain ECF,3.6,7.56987897553838,12_1.5_300
brain ECF,3.7,7.35532461806547,12_1.5_300
brain ECF,3.8,7.1443908602193,12_1.5_300
brain ECF,3.9,6.93744875638042,12_1.5_300
brain ECF,4,6.73478164095429,12_1.5_300
brain ECF,4.1,6.53659939347583,12_1.5_300
brain ECF,4.2,6.34305062568256,12_1.5_300
brain ECF,4.3,6.15423315805266,12_1.5_300
brain ECF,4.4,5.97020277223789,12_1.5_300
brain ECF,4.5,5.79098076715588,12_1.5_300
brain ECF,4.6,5.61656019215401,12_1.5_300
brain ECF,4.7,5.4469111200759,12_1.5_300
brain ECF,4.8,5.28198509839974,12_1.5_300
brain ECF,4.9,5.12171889803742,12_1.5_300
brain ECF,5,4.96603760680839,12_1.5_300
brain ECF,5.1,4.8148572556353,12_1.5_300
brain ECF,5.2,4.6680869414592,12_1.5_300
brain ECF,5.3,4.52563059446935,12_1.5_300
brain ECF,5.4,4.3873884650707,12_1.5_300
brain ECF,5.5,4.25325835452099,12_1.5_300
brain ECF,5.6,4.1231365939925,12_1.5_300
brain ECF,5.7,3.99691889333174,12_1.5_300
brain ECF,5.8,3.87450098899888,12_1.5_300
brain ECF,5.9,3.75577917050681,12_1.5_300
brain ECF,6,3.64065070220538,12_1.5_300
brain ECF,6.1,3.52901417292623,12_1.5_300
brain ECF,6.2,3.42076976595539,12_1.5_300
brain ECF,6.3,3.31581947253344,12_1.5_300
brain ECF,6.4,3.21406724338565,12_1.5_300
brain ECF,6.5,3.1154191085722,12_1.5_300
brain ECF,6.6,3.01978328077816,12_1.5_300
brain ECF,6.7,2.92707021273298,12_1.5_300
brain ECF,6.8,2.8371925714907,12_1.5_300
brain ECF,6.9,2.75006532906013,12_1.5_300
brain ECF,7,2.66560570171847,12_1.5_300
brain ECF,7.1,2.5837331617842,12_1.5_300
brain ECF,7.2,2.5043694339701,12_1.5_300
brain ECF,7.3,2.42743844850387,12_1.5_300
brain ECF,7.4,2.35286630750862,12_1.5_300
brain ECF,7.5,2.28058125413341,12_1.5_300
brain ECF,7.6,2.2105136195627,12_1.5_300
brain ECF,7.7,2.14259579673063,12_1.5_300
brain ECF,7.8,2.07676215730998,12_1.5_300
brain ECF,7.9,2.01294904921345,12_1.5_300
brain ECF,8,1.95109469339691,12_1.5_300
brain ECF,8.1,1.89113918415158,12_1.5_300
brain ECF,8.2,1.83302440189741,12_1.5_300
brain ECF,8.3,1.77669398748365,12_1.5_300
brain ECF,8.4,1.72209328628316,12_1.5_300
brain ECF,8.5,1.66916929765076,12_1.5_300
brain ECF,8.6,1.61787063590071,12_1.5_300
brain ECF,8.7,1.56814747361947,12_1.5_300
brain ECF,8.8,1.5199515054309,12_1.5_300
brain ECF,8.9,1.47323589290851,12_1.5_300
brain ECF,9,1.42795523414708,12_1.5_300
brain ECF,9.1,1.38406550084857,12_1.5_300
brain ECF,9.2,1.34152402579737,12_1.5_300
brain ECF,9.3,1.30028942854414,12_1.5_300
brain ECF,9.4,1.26032160707281,12_1.5_300
brain ECF,9.5,1.22158168133494,12_1.5_300
brain ECF,9.6,1.18403196035628,12_1.5_300
brain ECF,9.7,1.14763591402647,12_1.5_300
brain ECF,9.8,1.11235812137926,12_1.5_300
brain ECF,9.9,1.07816425923178,12_1.5_300
brain ECF,10,1.04502104197962,12_1.5_300
brain ECF,10.1,1.01289621941724,12_1.5_300
brain ECF,10.2,0.981758513203758,12_1.5_300
brain ECF,10.3,0.951577621946421,12_1.5_300
brain ECF,10.4,0.922324156965044,12_1.5_300
brain ECF,10.5,0.893969642243074,12_1.5_300
brain ECF,10.6,0.866486470283801,12_1.5_300
brain ECF,10.7,0.83984787900943,12_1.5_300
brain ECF,10.8,0.814027933589319,12_1.5_300
brain ECF,10.9,0.789001484521741,12_1.5_300
brain ECF,11,0.76474416714391,12_1.5_300
brain ECF,11.1,0.741232349562237,12_1.5_300
brain ECF,11.2,0.718443140978779,12_1.5_300
brain ECF,11.3,0.696354338864076,12_1.5_300
brain ECF,11.4,0.674944432117445,12_1.5_300
brain ECF,11.5,0.654192565403813,12_1.5_300
brain ECF,11.6,0.63407852308117,12_1.5_300
brain ECF,11.7,0.61458271406814,12_1.5_300
brain ECF,11.8,0.595686141304596,12_1.5_300
brain ECF,11.9,0.577370400283552,12_1.5_300
brain ECF,12,0.559617640425569,12_1.5_300
brain ECF,12.1,0.542410573409732,12_1.5_300
brain ECF,12.2,0.525732426776605,12_1.5_300
brain ECF,12.3,0.509566950405543,12_1.5_300
brain ECF,12.4,0.493898396249713,12_1.5_300
brain ECF,12.5,0.478711487824316,12_1.5_300
brain ECF,12.6,0.463991435659343,12_1.5_300
brain ECF,12.7,0.449723887625314,12_1.5_300
brain ECF,12.8,0.435894939974933,12_1.5_300
brain ECF,12.9,0.422491118706779,12_1.5_300
brain ECF,13,0.40949935371803,12_1.5_300
brain ECF,13.1,0.396906990865631,12_1.5_300
brain ECF,13.2,0.384701750966052,12_1.5_300
brain ECF,13.3,0.372871737920322,12_1.5_300
brain ECF,13.4,0.361405422759632,12_1.5_300
brain ECF,13.5,0.350291622264738,12_1.5_300
brain ECF,13.6,0.339519509825818,12_1.5_300
brain ECF,13.7,0.329078578680539,12_1.5_300
brain ECF,13.8,0.318958651315289,12_1.5_300
brain ECF,13.9,0.309149865642989,12_1.5_300
brain ECF,14,0.299642655187534,12_1.5_300
brain ECF,14.1,0.290427758656356,12_1.5_300
brain ECF,14.2,0.281496187530626,12_1.5_300
brain ECF,14.3,0.272839231597806,12_1.5_300
brain ECF,14.4,0.264448457247809,12_1.5_300
brain ECF,14.5,0.256315675381252,12_1.5_300
brain ECF,14.6,0.248432954126664,12_1.5_300
brain ECF,14.7,0.240792613856046,12_1.5_300
brain ECF,14.8,0.23338719503424,12_1.5_300
brain ECF,14.9,0.22620947765339,12_1.5_300
brain ECF,15,0.219252467309922,12_1.5_300
brain ECF,15.1,0.212509373326235,12_1.5_300
brain ECF,15.2,0.205973623971678,12_1.5_300
brain ECF,15.3,0.199638847236497,12_1.5_300
brain ECF,15.4,0.193498862041548,12_1.5_300
brain ECF,15.5,0.18754768494092,12_1.5_300
brain ECF,15.6,0.181779509962337,12_1.5_300
brain ECF,15.7,0.176188707786485,12_1.5_300
brain ECF,15.8,0.170769831887829,12_1.5_300
brain ECF,15.9,0.165517591208053,12_1.5_300
brain ECF,16,0.160426859558795,12_1.5_300
brain ECF,16.1,0.155492678760096,12_1.5_300
brain ECF,16.2,0.150710230077749,12_1.5_300
brain ECF,16.3,0.14607484849075,12_1.5_300
brain ECF,16.4,0.141582018877091,12_1.5_300
brain ECF,16.5,0.137227354087684,12_1.5_300
brain ECF,16.6,0.133006604898729,12_1.5_300
brain ECF,16.7,0.128915661120454,12_1.5_300
brain ECF,16.8,0.124950527276506,12_1.5_300
brain ECF,16.9,0.121107331934608,12_1.5_300
brain ECF,17,0.117382334049873,12_1.5_300
brain ECF,17.1,0.113771893702278,12_1.5_300
brain ECF,17.2,0.11027248432767,12_1.5_300
brain ECF,17.3,0.106880698231293,12_1.5_300
brain ECF,17.4,0.103593224235618,12_1.5_300
brain ECF,17.5,0.100406850346562,12_1.5_300
brain ECF,17.6,0.0973184709663474,12_1.5_300
brain ECF,17.7,0.0943250756186747,12_1.5_300
brain ECF,17.8,0.0914237402452001,12_1.5_300
brain ECF,17.9,0.0886116350158313,12_1.5_300
brain ECF,18,0.0858860198596752,12_1.5_300
brain ECF,18.1,0.083244232886841,12_1.5_300
brain ECF,18.2,0.0806836960525794,12_1.5_300
brain ECF,18.3,0.0782019142310165,12_1.5_300
brain ECF,18.4,0.0757964624716563,12_1.5_300
brain ECF,18.5,0.0734649911390217,12_1.5_300
brain ECF,18.6,0.0712052314723527,12_1.5_300
brain ECF,18.7,0.0690149732863164,12_1.5_300
brain ECF,18.8,0.0668920759222283,12_1.5_300
brain ECF,18.9,0.064834472986765,12_1.5_300
brain ECF,19,0.0628401560137723,12_1.5_300
brain ECF,19.1,0.0609071760309121,12_1.5_300
brain ECF,19.2,0.0590336478348394,12_1.5_300
brain ECF,19.3,0.0572177465457526,12_1.5_300
brain ECF,19.4,0.0554576980736631,12_1.5_300
brain ECF,19.5,0.0537517846072342,12_1.5_300
brain ECF,19.6,0.0520983439533399,12_1.5_300
brain ECF,19.7,0.0504957606329949,12_1.5_300
brain ECF,19.8,0.048942468937086,12_1.5_300
brain ECF,19.9,0.0474369560128736,12_1.5_300
brain ECF,20,0.0459777504126046,12_1.5_300
brain ECF,20.1,0.0445634252372798,12_1.5_300
brain ECF,20.2,0.0431926014707955,12_1.5_300
brain ECF,20.3,0.0418639432935416,12_1.5_300
brain ECF,20.4,0.0405761509617426,12_1.5_300
brain ECF,20.5,0.0393279672477072,12_1.5_300
brain ECF,20.6,0.0381181778954387,12_1.5_300
brain ECF,20.7,0.0369456005988053,12_1.5_300
brain ECF,20.8,0.0358090909402764,12_1.5_300
brain ECF,20.9,0.034707541853138,12_1.5_300
brain ECF,21,0.0336398774337658,12_1.5_300
brain ECF,21.1,0.0326050550185237,12_1.5_300
brain ECF,21.2,0.0316020640596904,12_1.5_300
brain ECF,21.3,0.0306299280996831,12_1.5_300
brain ECF,21.4,0.0296876951522827,12_1.5_300
brain ECF,21.5,0.0287744429785432,12_1.5_300
brain ECF,21.6,0.0278892810368926,12_1.5_300
brain ECF,21.7,0.0270313488610497,12_1.5_300
brain ECF,21.8,0.0261998046960484,12_1.5_300
brain ECF,21.9,0.0253938347349033,12_1.5_300
brain ECF,22,0.0246126563980056,12_1.5_300
brain ECF,22.1,0.0238555082124264,12_1.5_300
brain ECF,22.2,0.0231216498329852,12_1.5_300
brain ECF,22.3,0.0224103650290233,12_1.5_300
brain ECF,22.4,0.0217209617326462,12_1.5_300
brain ECF,22.5,0.021052766739217,12_1.5_300
brain ECF,22.6,0.0204051279632801,12_1.5_300
brain ECF,22.7,0.0197774131441576,12_1.5_300
brain ECF,22.8,0.01916900969679,12_1.5_300
brain ECF,22.9,0.0185793222276215,12_1.5_300
brain ECF,23,0.0180077730627995,12_1.5_300
brain ECF,23.1,0.0174538044746441,12_1.5_300
brain ECF,23.2,0.0169168777357186,12_1.5_300
brain ECF,23.3,0.0163964650223535,12_1.5_300
brain ECF,23.4,0.0158920560645558,12_1.5_300
brain ECF,23.5,0.0154031621713571,12_1.5_300
brain ECF,23.6,0.0149293071615139,12_1.5_300
brain ECF,23.7,0.0144700274556672,12_1.5_300
brain ECF,23.8,0.0140248753292032,12_1.5_300
brain ECF,23.9,0.0135934168640933,12_1.5_300
brain ECF,24,0.0131752316717953,12_1.5_300
brain ECF,24.1,0.012769912263745,12_1.5_300
brain ECF,24.2,0.0123770636001768,12_1.5_300
brain ECF,24.3,0.0119963022161705,12_1.5_300
brain ECF,24.4,0.0116272562656763,12_1.5_300
brain ECF,24.5,0.0112695649983656,12_1.5_300
brain ECF,24.6,0.0109228780142483,12_1.5_300
brain ECF,24.7,0.0105868564064911,12_1.5_300
brain ECF,24.8,0.01026117312338,12_1.5_300
brain ECF,24.9,0.00994550783575161,12_1.5_300
brain ECF,25,0.00963955061760035,12_1.5_300
brain ICF,0,0,12_1.5_300
brain ICF,0.1,0,12_1.5_300
brain ICF,0.2,0,12_1.5_300
brain ICF,0.3,0.122989559377667,12_1.5_300
brain ICF,0.4,1.05617525296427,12_1.5_300
brain ICF,0.5,2.59347962222053,12_1.5_300
brain ICF,0.6,4.44320801686496,12_1.5_300
brain ICF,0.7,6.40148083295774,12_1.5_300
brain ICF,0.8,8.33150777254777,12_1.5_300
brain ICF,0.9,10.1456508031689,12_1.5_300
brain ICF,1,11.7916321933539,12_1.5_300
brain ICF,1.1,13.2421892458195,12_1.5_300
brain ICF,1.2,14.4873915462686,12_1.5_300
brain ICF,1.3,15.5289839726504,12_1.5_300
brain ICF,1.4,16.3762616006111,12_1.5_300
brain ICF,1.5,17.0430968721007,12_1.5_300
brain ICF,1.6,17.545828806877,12_1.5_300
brain ICF,1.7,17.9017934566336,12_1.5_300
brain ICF,1.8,18.1283264366031,12_1.5_300
brain ICF,1.9,18.2421117174101,12_1.5_300
brain ICF,2,18.2587795042866,12_1.5_300
brain ICF,2.1,18.1926825201555,12_1.5_300
brain ICF,2.2,18.0567967569133,12_1.5_300
brain ICF,2.3,17.8627071279073,12_1.5_300
brain ICF,2.4,17.6206495436666,12_1.5_300
brain ICF,2.5,17.3395879747636,12_1.5_300
brain ICF,2.6,17.0273117451164,12_1.5_300
brain ICF,2.7,16.6905425230545,12_1.5_300
brain ICF,2.8,16.3350436395511,12_1.5_300
brain ICF,2.9,15.9657270126803,12_1.5_300
brain ICF,3,15.5867545404475,12_1.5_300
brain ICF,3.1,15.2016321830928,12_1.5_300
brain ICF,3.2,14.8132958958784,12_1.5_300
brain ICF,3.3,14.4241889283376,12_1.5_300
brain ICF,3.4,14.0363307598363,12_1.5_300
brain ICF,3.5,13.6513780401514,12_1.5_300
brain ICF,3.6,13.270678078032,12_1.5_300
brain ICF,3.7,12.8953153980596,12_1.5_300
brain ICF,3.8,12.5261520726737,12_1.5_300
brain ICF,3.9,12.1638626015774,12_1.5_300
brain ICF,4,11.8089640501323,12_1.5_300
brain ICF,4.1,11.4618415747958,12_1.5_300
brain ICF,4.2,11.1227702384756,12_1.5_300
brain ICF,4.3,10.7919337741729,12_1.5_300
brain ICF,4.4,10.4694402688048,12_1.5_300
brain ICF,4.5,10.1553357075188,12_1.5_300
brain ICF,4.6,9.8496151518733,12_1.5_300
brain ICF,4.7,9.55223219992959,12_1.5_300
brain ICF,4.8,9.26310697462785,12_1.5_300
brain ICF,4.9,8.9821328543582,12_1.5_300
brain ICF,5,8.70918202825304,12_1.5_300
brain ICF,5.1,8.4441102157724,12_1.5_300
brain ICF,5.2,8.18676048326917,12_1.5_300
brain ICF,5.3,7.93696642164448,12_1.5_300
brain ICF,5.4,7.69455482162702,12_1.5_300
brain ICF,5.5,7.45934788935629,12_1.5_300
brain ICF,5.6,7.23116501037307,12_1.5_300
brain ICF,5.7,7.00982427948714,12_1.5_300
brain ICF,5.8,6.79514366991244,12_1.5_300
brain ICF,5.9,6.58694198416608,12_1.5_300
brain ICF,6,6.3850396168994,12_1.5_300
brain ICF,6.1,6.18925918804274,12_1.5_300
brain ICF,6.2,5.99942603270967,12_1.5_300
brain ICF,6.3,5.81536858952287,12_1.5_300
brain ICF,6.4,5.63691867749933,12_1.5_300
brain ICF,6.5,5.46391171532801,12_1.5_300
brain ICF,6.6,5.29618691193719,12_1.5_300
brain ICF,6.7,5.13358737371142,12_1.5_300
brain ICF,6.8,4.97596006217039,12_1.5_300
brain ICF,6.9,4.82315596083469,12_1.5_300
brain ICF,7,4.67502996967105,12_1.5_300
brain ICF,7.1,4.53144092985535,12_1.5_300
brain ICF,7.2,4.39225162100234,12_1.5_300
brain ICF,7.3,4.25732868016268,12_1.5_300
brain ICF,7.4,4.12654254476099,12_1.5_300
brain ICF,7.5,3.99976740033347,12_1.5_300
brain ICF,7.6,3.87688108838032,12_1.5_300
brain ICF,7.7,3.75776506235825,12_1.5_300
brain ICF,7.8,3.64230424070347,12_1.5_300
brain ICF,7.9,3.53038700623619,12_1.5_300
brain ICF,8,3.42190502190778,12_1.5_300
brain ICF,8.1,3.3167532356354,12_1.5_300
brain ICF,8.2,3.21482972438918,12_1.5_300
brain ICF,8.3,3.11603565214987,12_1.5_300
brain ICF,8.4,3.02027517024364,12_1.5_300
brain ICF,8.5,2.92745533036388,12_1.5_300
brain ICF,8.6,2.83748601514822,12_1.5_300
brain ICF,8.7,2.75027984005148,12_1.5_300
brain ICF,8.8,2.66575208869462,12_1.5_300
brain ICF,8.9,2.5838206175544,12_1.5_300
brain ICF,9,2.50440580151041,12_1.5_300
brain ICF,9.1,2.42743042465363,12_1.5_300
brain ICF,9.2,2.35281965747809,12_1.5_300
brain ICF,9.3,2.28050092726226,12_1.5_300
brain ICF,9.4,2.21040390304011,12_1.5_300
brain ICF,9.5,2.14246039680952,12_1.5_300
brain ICF,9.6,2.07660430592502,12_1.5_300
brain ICF,9.7,2.01277156359596,12_1.5_300
brain ICF,9.8,1.95090004817325,12_1.5_300
brain ICF,9.9,1.89092956305548,12_1.5_300
brain ICF,10,1.83280173147621,12_1.5_300
brain ICF,10.1,1.7764599925985,12_1.5_300
brain ICF,10.2,1.72184949000714,12_1.5_300
brain ICF,10.3,1.66891708028308,12_1.5_300
brain ICF,10.4,1.61761122087357,12_1.5_300
brain ICF,10.5,1.56788197001368,12_1.5_300
brain ICF,10.6,1.51968090916953,12_1.5_300
brain ICF,10.7,1.47296110241405,12_1.5_300
brain ICF,10.8,1.42767706462941,12_1.5_300
brain ICF,10.9,1.38378468808627,12_1.5_300
brain ICF,11,1.34124124126359,12_1.5_300
brain ICF,11.1,1.3000052778545,12_1.5_300
brain ICF,11.2,1.26003665140538,12_1.5_300
brain ICF,11.3,1.22129642240234,12_1.5_300
brain ICF,11.4,1.18374686411314,12_1.5_300
brain ICF,11.5,1.14735139993172,12_1.5_300
brain ICF,11.6,1.11207457512682,12_1.5_300
brain ICF,11.7,1.0778820303099,12_1.5_300
brain ICF,11.8,1.04474044796163,12_1.5_300
brain ICF,11.9,1.01261754964343,12_1.5_300
brain ICF,12,0.981482028457096,12_1.5_300
brain ICF,12.1,0.951303563638174,12_1.5_300
brain ICF,12.2,0.922052739041639,12_1.5_300
brain ICF,12.3,0.893701054700326,12_1.5_300
brain ICF,12.4,0.866220891275638,12_1.5_300
brain ICF,12.5,0.839585456392207,12_1.5_300
brain ICF,12.6,0.81376881168065,12_1.5_300
brain ICF,12.7,0.788745785909374,12_1.5_300
brain ICF,12.8,0.764491994285145,12_1.5_300
brain ICF,12.9,0.740983805820848,12_1.5_300
brain ICF,13,0.718198297829388,12_1.5_300
brain ICF,13.1,0.69611327671626,12_1.5_300
brain ICF,13.2,0.674707206763985,12_1.5_300
brain ICF,13.3,0.653959224302636,12_1.5_300
brain ICF,13.4,0.63384910986285,12_1.5_300
brain ICF,13.5,0.614357250106001,12_1.5_300
brain ICF,13.6,0.595464656354562,12_1.5_300
brain ICF,13.7,0.577152901458824,12_1.5_300
brain ICF,13.8,0.559404135619892,12_1.5_300
brain ICF,13.9,0.542201062346051,12_1.5_300
brain ICF,14,0.525526903361384,12_1.5_300
brain ICF,14.1,0.509365416286739,12_1.5_300
brain ICF,14.2,0.493700836781283,12_1.5_300
brain ICF,14.3,0.478517888783114,12_1.5_300
brain ICF,14.4,0.463801780963683,12_1.5_300
brain ICF,14.5,0.449538151319786,12_1.5_300
brain ICF,14.6,0.435713088692485,12_1.5_300
brain ICF,14.7,0.422313123940873,12_1.5_300
brain ICF,14.8,0.409325174183897,12_1.5_300
brain ICF,14.9,0.396736576617209,12_1.5_300
brain ICF,15,0.384535064168281,12_1.5_300
brain ICF,15.1,0.372708726774459,12_1.5_300
brain ICF,15.2,0.361246038816432,12_1.5_300
brain ICF,15.3,0.350135824961246,12_1.5_300
brain ICF,15.4,0.33936724469335,12_1.5_300
brain ICF,15.5,0.328929803975478,12_1.5_300
brain ICF,15.6,0.318813320288414,12_1.5_300
brain ICF,15.7,0.309007920967242,12_1.5_300
brain ICF,15.8,0.299504053346972,12_1.5_300
brain ICF,15.9,0.290292437862186,12_1.5_300
brain ICF,16,0.281364083897023,12_1.5_300
brain ICF,16.1,0.27271029558382,12_1.5_300
brain ICF,16.2,0.264322621386935,12_1.5_300
brain ICF,16.3,0.256192879516922,12_1.5_300
brain ICF,16.4,0.248313151425424,12_1.5_300
brain ICF,16.5,0.240675742576156,12_1.5_300
brain ICF,16.6,0.233273200532077,12_1.5_300
brain ICF,16.7,0.226098316806157,12_1.5_300
brain ICF,16.8,0.219144084106611,12_1.5_300
brain ICF,16.9,0.212403712783406,12_1.5_300
brain ICF,17,0.205870641324094,12_1.5_300
brain ICF,17.1,0.199538486109257,12_1.5_300
brain ICF,17.2,0.193401062143257,12_1.5_300
brain ICF,17.3,0.187452392738856,12_1.5_300
brain ICF,17.4,0.181686670503047,12_1.5_300
brain ICF,17.5,0.176098261932757,12_1.5_300
brain ICF,17.6,0.170681720337763,12_1.5_300
brain ICF,17.7,0.165431765851003,12_1.5_300
brain ICF,17.8,0.16034326997452,12_1.5_300
brain ICF,17.9,0.155411269664792,12_1.5_300
brain ICF,18,0.150630959450691,12_1.5_300
brain ICF,18.1,0.145997670884053,12_1.5_300
brain ICF,18.2,0.141506882606728,12_1.5_300
brain ICF,18.3,0.137154218405791,12_1.5_300
brain ICF,18.4,0.132935425520865,12_1.5_300
brain ICF,18.5,0.128846383147196,12_1.5_300
brain ICF,18.6,0.124883111979172,12_1.5_300
brain ICF,18.7,0.121041735715848,12_1.5_300
brain ICF,18.8,0.117318499826107,12_1.5_300
brain ICF,18.9,0.113709780252185,12_1.5_300
brain ICF,19,0.110212054355429,12_1.5_300
brain ICF,19.1,0.106821903771121,12_1.5_300
brain ICF,19.2,0.103536022174424,12_1.5_300
brain ICF,19.3,0.100351209208045,12_1.5_300
brain ICF,19.4,0.0972643533845996,12_1.5_300
brain ICF,19.5,0.0942724420419084,12_1.5_300
brain ICF,19.6,0.0913725598834134,12_1.5_300
brain ICF,19.7,0.0885618738225782,12_1.5_300
brain ICF,19.8,0.0858376380187079,12_1.5_300
brain ICF,19.9,0.0831971989086923,12_1.5_300
brain ICF,20,0.0806379758365069,12_1.5_300
brain ICF,20.1,0.078157466192086,12_1.5_300
brain ICF,20.2,0.0757532513525326,12_1.5_300
brain ICF,20.3,0.0734229884344323,12_1.5_300
brain ICF,20.4,0.0711643976935319,12_1.5_300
brain ICF,20.5,0.0689752740542724,12_1.5_300
brain ICF,20.6,0.0668534881750848,12_1.5_300
brain ICF,20.7,0.0647969663511447,12_1.5_300
brain ICF,20.8,0.0628037015193916,12_1.5_300
brain ICF,20.9,0.0608717520372339,12_1.5_300
brain ICF,21,0.0589992311044111,12_1.5_300
brain ICF,21.1,0.0571843102295402,12_1.5_300
brain ICF,21.2,0.05542521718452,12_1.5_300
brain ICF,21.3,0.0537202390412954,12_1.5_300
brain ICF,21.4,0.0520677064137806,12_1.5_300
brain ICF,21.5,0.050466001849144,12_1.5_300
brain ICF,21.6,0.048913563402869,12_1.5_300
brain ICF,21.7,0.0474088817946105,12_1.5_300
brain ICF,21.8,0.045950480600717,12_1.5_300
brain ICF,21.9,0.0445369323181758,12_1.5_300
brain ICF,22,0.0431668646123718,12_1.5_300
brain ICF,22.1,0.0418389419672113,12_1.5_300
brain ICF,22.2,0.0405518657814055,12_1.5_300
brain ICF,22.3,0.0393043798588721,12_1.5_300
brain ICF,22.4,0.0380952706973762,12_1.5_300
brain ICF,22.5,0.0369233576415,12_1.5_300
brain ICF,22.6,0.0357874972277255,12_1.5_300
brain ICF,22.7,0.0346865807193681,12_1.5_300
brain ICF,22.8,0.0336195334135352,12_1.5_300
brain ICF,22.9,0.032585311393831,12_1.5_300
brain ICF,23,0.0315829016024038,12_1.5_300
brain ICF,23.1,0.0306113257759592,12_1.5_300
brain ICF,23.2,0.0296696387931468,12_1.5_300
brain ICF,23.3,0.0287569148753031,12_1.5_300
brain ICF,23.4,0.0278722588369006,12_1.5_300
brain ICF,23.5,0.027014813739562,12_1.5_300
brain ICF,23.6,0.0261837443607595,12_1.5_300
brain ICF,23.7,0.0253782373986737,12_1.5_300
brain ICF,23.8,0.0245975074510223,12_1.5_300
brain ICF,23.9,0.0238407942038521,12_1.5_300
brain ICF,24,0.0231073601838476,12_1.5_300
brain ICF,24.1,0.0223964909093018,12_1.5_300
brain ICF,24.2,0.0217074938272971,12_1.5_300
brain ICF,24.3,0.0210396959293038,12_1.5_300
brain ICF,24.4,0.0203924449840137,12_1.5_300
brain ICF,24.5,0.0197651085450047,12_1.5_300
brain ICF,24.6,0.0191570720865233,12_1.5_300
brain ICF,24.7,0.0185677412206391,12_1.5_300
brain ICF,24.8,0.0179965423259303,12_1.5_300
brain ICF,24.9,0.0174429135594871,12_1.5_300
brain ICF,25,0.0169063112939821,12_1.5_300
sCSF,0,0,12_1.5_300
sCSF,0.1,0,12_1.5_300
sCSF,0.2,0,12_1.5_300
sCSF,0.3,0.00131245741335673,12_1.5_300
sCSF,0.4,0.0299456702373495,12_1.5_300
sCSF,0.5,0.116209645442908,12_1.5_300
sCSF,0.6,0.271834277876201,12_1.5_300
sCSF,0.7,0.498611477437961,12_1.5_300
sCSF,0.8,0.792468134005608,12_1.5_300
sCSF,0.9,1.14587070594841,12_1.5_300
sCSF,1,1.54945204588921,12_1.5_300
sCSF,1.1,1.99312571078617,12_1.5_300
sCSF,1.2,2.4668324916338,12_1.5_300
sCSF,1.3,2.9610205804645,12_1.5_300
sCSF,1.4,3.46693448995487,12_1.5_300
sCSF,1.5,3.97676873346448,12_1.5_300
sCSF,1.6,4.48372775459492,12_1.5_300
sCSF,1.7,4.98202261646564,12_1.5_300
sCSF,1.8,5.4668268131701,12_1.5_300
sCSF,1.9,5.9342071350312,12_1.5_300
sCSF,2,6.38104108394999,12_1.5_300
sCSF,2.1,6.80492868368419,12_1.5_300
sCSF,2.2,7.20410411633836,12_1.5_300
sCSF,2.3,7.57735066432277,12_1.5_300
sCSF,2.4,7.92392114569801,12_1.5_300
sCSF,2.5,8.24346503937774,12_1.5_300
sCSF,2.6,8.53596281819265,12_1.5_300
sCSF,2.7,8.80166761395108,12_1.5_300
sCSF,2.8,9.0410539393243,12_1.5_300
sCSF,2.9,9.25477305556727,12_1.5_300
sCSF,3,9.44361453330655,12_1.5_300
sCSF,3.1,9.60847334701508,12_1.5_300
sCSF,3.2,9.75032192842997,12_1.5_300
sCSF,3.3,9.87018668813308,12_1.5_300
sCSF,3.4,9.96912838456638,12_1.5_300
sCSF,3.5,10.0482258504589,12_1.5_300
sCSF,3.6,10.1085626188102,12_1.5_300
sCSF,3.7,10.1512160856383,12_1.5_300
sCSF,3.8,10.1772488164482,12_1.5_300
sCSF,3.9,10.1877016331792,12_1.5_300
sCSF,4,10.1835881919488,12_1.5_300
sCSF,4.1,10.1658909411619,12_1.5_300
sCSF,4.2,10.1355581339547,12_1.5_300
sCSF,4.3,10.0935016720775,12_1.5_300
sCSF,4.4,10.0405957585088,12_1.5_300
sCSF,4.5,9.97767607946136,12_1.5_300
sCSF,4.6,9.90553955134026,12_1.5_300
sCSF,4.7,9.82494444609563,12_1.5_300
sCSF,4.8,9.73661081994102,12_1.5_300
sCSF,4.9,9.64122118632924,12_1.5_300
sCSF,5,9.53942140183322,12_1.5_300
sCSF,5.1,9.43182168291303,12_1.5_300
sCSF,5.2,9.31899775279817,12_1.5_300
sCSF,5.3,9.2014920599953,12_1.5_300
sCSF,5.4,9.07981503850127,12_1.5_300
sCSF,5.5,8.95444639799575,12_1.5_300
sCSF,5.6,8.82583643260986,12_1.5_300
sCSF,5.7,8.69440732734719,12_1.5_300
sCSF,5.8,8.56055445521496,12_1.5_300
sCSF,5.9,8.42464765209827,12_1.5_300
sCSF,6,8.28703246183577,12_1.5_300
sCSF,6.1,8.14803135124227,12_1.5_300
sCSF,6.2,8.00794488578274,12_1.5_300
sCSF,6.3,7.86705286417771,12_1.5_300
sCSF,6.4,7.72561541187679,12_1.5_300
sCSF,6.5,7.58387403843261,12_1.5_300
sCSF,6.6,7.44205266342031,12_1.5_300
sCSF,6.7,7.3003586070214,12_1.5_300
sCSF,6.8,7.15898343957511,12_1.5_300
sCSF,6.9,7.01810396340931,12_1.5_300
sCSF,7,6.87788298890564,12_1.5_300
sCSF,7.1,6.73847013097158,12_1.5_300
sCSF,7.2,6.60000265116909,12_1.5_300
sCSF,7.3,6.46260611702278,12_1.5_300
sCSF,7.4,6.32639509879901,12_1.5_300
sCSF,7.5,6.1914738555214,12_1.5_300
sCSF,7.6,6.05793694405683,12_1.5_300
sCSF,7.7,5.92586989076992,12_1.5_300
sCSF,7.8,5.79534957010233,12_1.5_300
sCSF,7.9,5.66644504053942,12_1.5_300
sCSF,8,5.53921761239765,12_1.5_300
sCSF,8.1,5.41372183697594,12_1.5_300
sCSF,8.2,5.29000540296791,12_1.5_300
sCSF,8.3,5.16811011664083,12_1.5_300
sCSF,8.4,5.04807178352137,12_1.5_300
sCSF,8.5,4.92992108885339,12_1.5_300
sCSF,8.6,4.81368348514801,12_1.5_300
sCSF,8.7,4.69938000463966,12_1.5_300
sCSF,8.8,4.58702710488416,12_1.5_300
sCSF,8.9,4.47663745132854,12_1.5_300
sCSF,9,4.3682197015123,12_1.5_300
sCSF,9.1,4.26177933713356,12_1.5_300
sCSF,9.2,4.15731830658661,12_1.5_300
sCSF,9.3,4.05483586462409,12_1.5_300
sCSF,9.4,3.95432832326177,12_1.5_300
sCSF,9.5,3.85578952171727,12_1.5_300
sCSF,9.6,3.75921097927054,12_1.5_300
sCSF,9.7,3.66458197929219,12_1.5_300
sCSF,9.8,3.57188995835734,12_1.5_300
sCSF,9.9,3.48112039573369,12_1.5_300
sCSF,10,3.39225729293019,12_1.5_300
sCSF,10.1,3.30528297156795,12_1.5_300
sCSF,10.2,3.22017857715862,12_1.5_300
sCSF,10.3,3.13692383983695,12_1.5_300
sCSF,10.4,3.05549754210671,12_1.5_300
sCSF,10.5,2.97587736106016,12_1.5_300
sCSF,10.6,2.89804013038226,12_1.5_300
sCSF,10.7,2.82196190880827,12_1.5_300
sCSF,10.8,2.74761800150161,12_1.5_300
sCSF,10.9,2.67498319818073,12_1.5_300
sCSF,11,2.60403165276708,12_1.5_300
sCSF,11.1,2.53473719103462,12_1.5_300
sCSF,11.2,2.46707313976338,12_1.5_300
sCSF,11.3,2.40101262438673,12_1.5_300
sCSF,11.4,2.33652844649122,12_1.5_300
sCSF,11.5,2.27359325022006,12_1.5_300
sCSF,11.6,2.21217954499067,12_1.5_300
sCSF,11.7,2.15225972057295,12_1.5_300
sCSF,11.8,2.09380617642382,12_1.5_300
sCSF,11.9,2.03679124873766,12_1.5_300
sCSF,12,1.98118738306608,12_1.5_300
sCSF,12.1,1.9269670178201,12_1.5_300
sCSF,12.2,1.87410278722918,12_1.5_300
sCSF,12.3,1.82256742369369,12_1.5_300
sCSF,12.4,1.77233381109587,12_1.5_300
sCSF,12.5,1.72337509544437,12_1.5_300
sCSF,12.6,1.67566454253486,12_1.5_300
sCSF,12.7,1.62917574931896,12_1.5_300
sCSF,12.8,1.58388252949917,12_1.5_300
sCSF,12.9,1.5397589574688,12_1.5_300
sCSF,13,1.49677944975068,12_1.5_300
sCSF,13.1,1.45491866589398,12_1.5_300
sCSF,13.2,1.41415164368982,12_1.5_300
sCSF,13.3,1.37445372556097,12_1.5_300
sCSF,13.4,1.33580058643975,12_1.5_300
sCSF,13.5,1.29816828635753,12_1.5_300
sCSF,13.6,1.26153319471024,12_1.5_300
sCSF,13.7,1.22587209175841,12_1.5_300
sCSF,13.8,1.19116210620792,12_1.5_300
sCSF,13.9,1.15738073375622,12_1.5_300
sCSF,14,1.12450587426645,12_1.5_300
sCSF,14.1,1.09251576737475,12_1.5_300
sCSF,14.2,1.06138907975573,12_1.5_300
sCSF,14.3,1.03110485307868,12_1.5_300
sCSF,14.4,1.00164248152164,12_1.5_300
sCSF,14.5,0.972981792029368,12_1.5_300
sCSF,14.6,0.945102978189883,12_1.5_300
sCSF,14.7,0.917986595802999,12_1.5_300
sCSF,14.8,0.891613621747213,12_1.5_300
sCSF,14.9,0.865965391846691,12_1.5_300
sCSF,15,0.84102361439412,12_1.5_300
sCSF,15.1,0.816770396211394,12_1.5_300
sCSF,15.2,0.793188197938605,12_1.5_300
sCSF,15.3,0.770259855608788,12_1.5_300
sCSF,15.4,0.747968582039755,12_1.5_300
sCSF,15.5,0.72629793497338,12_1.5_300
sCSF,15.6,0.70523184458541,12_1.5_300
sCSF,15.7,0.684754597523076,12_1.5_300
sCSF,15.8,0.664850814149807,12_1.5_300
sCSF,15.9,0.645505477842384,12_1.5_300
sCSF,16,0.626703908647904,12_1.5_300
sCSF,16.1,0.60843175228664,12_1.5_300
sCSF,16.2,0.590674998118067,12_1.5_300
sCSF,16.3,0.573419956364701,12_1.5_300
sCSF,16.4,0.556653253030143,12_1.5_300
sCSF,16.5,0.540361838599397,12_1.5_300
sCSF,16.6,0.524532971345497,12_1.5_300
sCSF,16.7,0.509154207541114,12_1.5_300
sCSF,16.8,0.494213412390447,12_1.5_300
sCSF,16.9,0.479698743654256,12_1.5_300
sCSF,17,0.465598640898698,12_1.5_300
sCSF,17.1,0.451901834894204,12_1.5_300
sCSF,17.2,0.43859733265305,12_1.5_300
sCSF,17.3,0.425674411355709,12_1.5_300
sCSF,17.4,0.413122617126306,12_1.5_300
sCSF,17.5,0.400931758197735,12_1.5_300
sCSF,17.6,0.389091899484144,12_1.5_300
sCSF,17.7,0.377593357153871,12_1.5_300
sCSF,17.8,0.366426692949309,12_1.5_300
sCSF,17.9,0.355582710601211,12_1.5_300
sCSF,18,0.345052450820322,12_1.5_300
sCSF,18.1,0.334827182703948,12_1.5_300
sCSF,18.2,0.324898402223328,12_1.5_300
sCSF,18.3,0.315257828688007,12_1.5_300
sCSF,18.4,0.305897393629455,12_1.5_300
sCSF,18.5,0.296809240428296,12_1.5_300
sCSF,18.6,0.287985722967784,12_1.5_300
sCSF,18.7,0.279419391245294,12_1.5_300
sCSF,18.8,0.27110299282786,12_1.5_300
sCSF,18.9,0.26302947234255,12_1.5_300
sCSF,19,0.255191958638775,12_1.5_300
sCSF,19.1,0.247583762163571,12_1.5_300
sCSF,19.2,0.240198375790978,12_1.5_300
sCSF,19.3,0.233029469454862,12_1.5_300
sCSF,19.4,0.226070877336532,12_1.5_300
sCSF,19.5,0.219316602262745,12_1.5_300
sCSF,19.6,0.212760816351696,12_1.5_300
sCSF,19.7,0.206397841121593,12_1.5_300
sCSF,19.8,0.200222154293158,12_1.5_300
sCSF,19.9,0.194228391123472,12_1.5_300
sCSF,20,0.188411327296352,12_1.5_300
sCSF,20.1,0.182765881416803,12_1.5_300
sCSF,20.2,0.177287115610448,12_1.5_300
sCSF,20.3,0.171970228558921,12_1.5_300
sCSF,20.4,0.166810546445689,12_1.5_300
sCSF,20.5,0.161803527227403,12_1.5_300
sCSF,20.6,0.156944760615825,12_1.5_300
sCSF,20.7,0.152229950404314,12_1.5_300
sCSF,20.8,0.147654921416793,12_1.5_300
sCSF,20.9,0.1432156258623,12_1.5_300
sCSF,21,0.138908116197616,12_1.5_300
sCSF,21.1,0.134728557971883,12_1.5_300
sCSF,21.2,0.130673225364658,12_1.5_300
sCSF,21.3,0.12673850712051,12_1.5_300
sCSF,21.4,0.122920879159067,12_1.5_300
sCSF,21.5,0.11921692004441,12_1.5_300
sCSF,21.6,0.115623309717552,12_1.5_300
sCSF,21.7,0.1121368257568,12_1.5_300
sCSF,21.8,0.108754326142625,12_1.5_300
sCSF,21.9,0.10547276056067,12_1.5_300
sCSF,22,0.102289174314298,12_1.5_300
sCSF,22.1,0.0992006917171235,12_1.5_300
sCSF,22.2,0.0962045147522776,12_1.5_300
sCSF,22.3,0.0932979261960335,12_1.5_300
sCSF,22.4,0.090478299344096,12_1.5_300
sCSF,22.5,0.0877430681351722,12_1.5_300
sCSF,22.6,0.0850897433665707,12_1.5_300
sCSF,22.7,0.0825159082264239,12_1.5_300
sCSF,22.8,0.0800192234318344,12_1.5_300
sCSF,22.9,0.0775974054699386,12_1.5_300
sCSF,23,0.0752482393722022,12_1.5_300
sCSF,23.1,0.0729695772955342,12_1.5_300
sCSF,23.2,0.0707593360912585,12_1.5_300
sCSF,23.3,0.0686154849897869,12_1.5_300
sCSF,23.4,0.0665360536694232,12_1.5_300
sCSF,23.5,0.0645191355270109,12_1.5_300
sCSF,23.6,0.0625628754834688,12_1.5_300
sCSF,23.7,0.0606654688600143,12_1.5_300
sCSF,23.8,0.0588251640737713,12_1.5_300
sCSF,23.9,0.0570402733648513,12_1.5_300
sCSF,24,0.0553091425094809,12_1.5_300
sCSF,24.1,0.0536301692468161,12_1.5_300
sCSF,24.2,0.0520017970552672,12_1.5_300
sCSF,24.3,0.0504225244596873,12_1.5_300
sCSF,24.4,0.0488908882560198,12_1.5_300
sCSF,24.5,0.0474054629506377,12_1.5_300
sCSF,24.6,0.0459648665530279,12_1.5_300
sCSF,24.7,0.0445677602655262,12_1.5_300
sCSF,24.8,0.043212849266816,12_1.5_300
sCSF,24.9,0.0418988687295254,12_1.5_300
sCSF,25,0.0406245935221904,12_1.5_300
brain ECF,0,0,12_7.5_250
brain ECF,0.1,0,12_7.5_250
brain ECF,0.2,0,12_7.5_250
brain ECF,0.3,0.13460754515055,12_7.5_250
brain ECF,0.4,0.842772265629544,12_7.5_250
brain ECF,0.5,1.9072446140854,12_7.5_250
brain ECF,0.6,3.12810597695155,12_7.5_250
brain ECF,0.7,4.37353880830764,12_7.5_250
brain ECF,0.8,5.56099714590987,12_7.5_250
brain ECF,0.9,6.64221961047939,12_7.5_250
brain ECF,1,7.59236195952116,12_7.5_250
brain ECF,1.1,8.4022154846343,12_7.5_250
brain ECF,1.2,9.07268502504594,12_7.5_250
brain ECF,1.3,9.61091332320065,12_7.5_250
brain ECF,1.4,10.0275984660129,12_7.5_250
brain ECF,1.5,10.3351703455073,12_7.5_250
brain ECF,1.6,10.5465809393367,12_7.5_250
brain ECF,1.7,10.6745295230882,12_7.5_250
brain ECF,1.8,10.7309915955836,12_7.5_250
brain ECF,1.9,10.7269580150789,12_7.5_250
brain ECF,2,10.6723155864731,12_7.5_250
brain ECF,2.1,10.575821361475,12_7.5_250
brain ECF,2.2,10.4451361335585,12_7.5_250
brain ECF,2.3,10.2868932665503,12_7.5_250
brain ECF,2.4,10.1067866818395,12_7.5_250
brain ECF,2.5,9.90966675519542,12_7.5_250
brain ECF,2.6,9.69963704949952,12_7.5_250
brain ECF,2.7,9.48014732562724,12_7.5_250
brain ECF,2.8,9.25408017604255,12_7.5_250
brain ECF,2.9,9.0238299437366,12_7.5_250
brain ECF,3,8.79137332332705,12_7.5_250
brain ECF,3.1,8.55833178238958,12_7.5_250
brain ECF,3.2,8.32602618566216,12_7.5_250
brain ECF,3.3,8.09552406270011,12_7.5_250
brain ECF,3.4,7.86768033744182,12_7.5_250
brain ECF,3.5,7.64317219734404,12_7.5_250
brain ECF,3.6,7.42252879665776,12_7.5_250
brain ECF,3.7,7.20615638124916,12_7.5_250
brain ECF,3.8,6.99435947903381,12_7.5_250
brain ECF,3.9,6.78735878744642,12_7.5_250
brain ECF,4,6.58530625179174,12_7.5_250
brain ECF,4.1,6.38829752783663,12_7.5_250
brain ECF,4.2,6.19638238812094,12_7.5_250
brain ECF,4.3,6.00957351105291,12_7.5_250
brain ECF,4.4,5.82785364985322,12_7.5_250
brain ECF,4.5,5.65118170205041,12_7.5_250
brain ECF,4.6,5.47949761790976,12_7.5_250
brain ECF,4.7,5.31272646307891,12_7.5_250
brain ECF,4.8,5.15078179249421,12_7.5_250
brain ECF,4.9,4.993568432075,12_7.5_250
brain ECF,5,4.84098473173999,12_7.5_250
brain ECF,5.1,4.69292443993205,12_7.5_250
brain ECF,5.2,4.54927818390775,12_7.5_250
brain ECF,5.3,4.4099346760707,12_7.5_250
brain ECF,5.4,4.27478171095883,12_7.5_250
brain ECF,5.5,4.143706972527,12_7.5_250
brain ECF,5.6,4.01659865668599,12_7.5_250
brain ECF,5.7,3.89334599760293,12_7.5_250
brain ECF,5.8,3.77383965523321,12_7.5_250
brain ECF,5.9,3.6579720178271,12_7.5_250
brain ECF,6,3.54563743281556,12_7.5_250
brain ECF,6.1,3.43673239252255,12_7.5_250
brain ECF,6.2,3.33115566197084,12_7.5_250
brain ECF,6.3,3.22880837728031,12_7.5_250
brain ECF,6.4,3.12959409977431,12_7.5_250
brain ECF,6.5,3.03341884989844,12_7.5_250
brain ECF,6.6,2.94019113849889,12_7.5_250
brain ECF,6.7,2.84982195622086,12_7.5_250
brain ECF,6.8,2.76222472851699,12_7.5_250
brain ECF,6.9,2.67731533426831,12_7.5_250
brain ECF,7,2.59501203079156,12_7.5_250
brain ECF,7.1,2.51523543358453,12_7.5_250
brain ECF,7.2,2.43790847821642,12_7.5_250
brain ECF,7.3,2.36295636262244,12_7.5_250
brain ECF,7.4,2.29030649719574,12_7.5_250
brain ECF,7.5,2.21988845660414,12_7.5_250
brain ECF,7.6,2.15163391801036,12_7.5_250
brain ECF,7.7,2.08547661910587,12_7.5_250
brain ECF,7.8,2.02135228371818,12_7.5_250
brain ECF,7.9,1.95919858903134,12_7.5_250
brain ECF,8,1.89895509052515,12_7.5_250
brain ECF,8.1,1.84056318337157,12_7.5_250
brain ECF,8.2,1.78396604527671,12_7.5_250
brain ECF,8.3,1.72910858023697,12_7.5_250
brain ECF,8.4,1.67593738176851,12_7.5_250
brain ECF,8.5,1.62440066475785,12_7.5_250
brain ECF,8.6,1.57444823816121,12_7.5_250
brain ECF,8.7,1.52603143590503,12_7.5_250
brain ECF,8.8,1.47910309246964,12_7.5_250
brain ECF,8.9,1.43361747544148,12_7.5_250
brain ECF,9,1.38953026747293,12_7.5_250
brain ECF,9.1,1.34679849232278,12_7.5_250
brain ECF,9.2,1.30538050948933,12_7.5_250
brain ECF,9.3,1.26523593955584,12_7.5_250
brain ECF,9.4,1.22632565179683,12_7.5_250
brain ECF,9.5,1.18861171474493,12_7.5_250
brain ECF,9.6,1.15205735679168,12_7.5_250
brain ECF,9.7,1.11662694454185,12_7.5_250
brain ECF,9.8,1.08228592656468,12_7.5_250
brain ECF,9.9,1.04900082693619,12_7.5_250
brain ECF,10,1.01673918184087,12_7.5_250
brain ECF,10.1,0.985469541065429,12_7.5_250
brain ECF,10.2,0.95516140323003,12_7.5_250
brain ECF,10.3,0.925785220272576,12_7.5_250
brain ECF,10.4,0.89731233884261,12_7.5_250
brain ECF,10.5,0.869714993570798,12_7.5_250
brain ECF,10.6,0.842966270333066,12_7.5_250
brain ECF,10.7,0.817040078028137,12_7.5_250
brain ECF,10.8,0.791911135263233,12_7.5_250
brain ECF,10.9,0.767554925743479,12_7.5_250
brain ECF,11,0.743947700740452,12_7.5_250
brain ECF,11.1,0.721066425773162,12_7.5_250
brain ECF,11.2,0.698888790567146,12_7.5_250
brain ECF,11.3,0.677393156569136,12_7.5_250
brain ECF,11.4,0.656558558836619,12_7.5_250
brain ECF,11.5,0.636364674610756,12_7.5_250
brain ECF,11.6,0.616791803170351,12_7.5_250
brain ECF,11.7,0.597820854741477,12_7.5_250
brain ECF,11.8,0.579433317873528,12_7.5_250
brain ECF,11.9,0.561611260177152,12_7.5_250
brain ECF,12,0.544337288719959,12_7.5_250
brain ECF,12.1,0.52759456000176,12_7.5_250
brain ECF,12.2,0.511366733453884,12_7.5_250
brain ECF,12.3,0.495637976836361,12_7.5_250
brain ECF,12.4,0.480392949818697,12_7.5_250
brain ECF,12.5,0.465616770110775,12_7.5_250
brain ECF,12.6,0.451295031302225,12_7.5_250
brain ECF,12.7,0.437413753489674,12_7.5_250
brain ECF,12.8,0.423959392797983,12_7.5_250
brain ECF,12.9,0.410918826162503,12_7.5_250
brain ECF,13,0.398279322764483,12_7.5_250
brain ECF,13.1,0.386028558358166,12_7.5_250
brain ECF,13.2,0.37415457401658,12_7.5_250
brain ECF,13.3,0.362645783370085,12_7.5_250
brain ECF,13.4,0.351490959463039,12_7.5_250
brain ECF,13.5,0.340679210985666,12_7.5_250
brain ECF,13.6,0.330199995157266,12_7.5_250
brain ECF,13.7,0.320043080787592,12_7.5_250
brain ECF,13.8,0.310198556708255,12_7.5_250
brain ECF,13.9,0.300656821003068,12_7.5_250
brain ECF,14,0.291408558441533,12_7.5_250
brain ECF,14.1,0.282444751703184,12_7.5_250
brain ECF,14.2,0.273756649544242,12_7.5_250
brain ECF,14.3,0.265335771022063,12_7.5_250
brain ECF,14.4,0.257173905455106,12_7.5_250
brain ECF,14.5,0.249263080169819,12_7.5_250
brain ECF,14.6,0.241595571799411,12_7.5_250
brain ECF,14.7,0.234163905180182,12_7.5_250
brain ECF,14.8,0.226960817972867,12_7.5_250
brain ECF,14.9,0.219979280268285,12_7.5_250
brain ECF,15,0.213212485074171,12_7.5_250
brain ECF,15.1,0.20665382194591,12_7.5_250
brain ECF,15.2,0.200296892899734,12_7.5_250
brain ECF,15.3,0.19413549689151,12_7.5_250
brain ECF,15.4,0.188163617713123,12_7.5_250
brain ECF,15.5,0.182375430273053,12_7.5_250
brain ECF,15.6,0.176765284523837,12_7.5_250
brain ECF,15.7,0.171327700760608,12_7.5_250
brain ECF,15.8,0.166057377927134,12_7.5_250
brain ECF,15.9,0.160949166449326,12_7.5_250
brain ECF,16,0.155998076148509,12_7.5_250
brain ECF,16.1,0.151199282617563,12_7.5_250
brain ECF,16.2,0.146548095959241,12_7.5_250
brain ECF,16.3,0.142039975480417,12_7.5_250
brain ECF,16.4,0.137670528159795,12_7.5_250
brain ECF,16.5,0.133435484859348,12_7.5_250
brain ECF,16.6,0.129330710353098,12_7.5_250
brain ECF,16.7,0.125352204854133,12_7.5_250
brain ECF,16.8,0.121496080826311,12_7.5_250
brain ECF,16.9,0.117758571148249,12_7.5_250
brain ECF,17,0.114136034170105,12_7.5_250
brain ECF,17.1,0.110624929386458,12_7.5_250
brain ECF,17.2,0.107221824666032,12_7.5_250
brain ECF,17.3,0.103923402845996,12_7.5_250
brain ECF,17.4,0.100726443973748,12_7.5_250
brain ECF,17.5,0.0976278220494194,12_7.5_250
brain ECF,17.6,0.0946245142983344,12_7.5_250
brain ECF,17.7,0.091713593299092,12_7.5_250
brain ECF,17.8,0.0888922139488623,12_7.5_250
brain ECF,17.9,0.0861576225930318,12_7.5_250
brain ECF,18,0.0835071537772958,12_7.5_250
brain ECF,18.1,0.0809382180648966,12_7.5_250
brain ECF,18.2,0.0784483070807109,12_7.5_250
brain ECF,18.3,0.0760349932939594,12_7.5_250
brain ECF,18.4,0.0736959175815369,12_7.5_250
brain ECF,18.5,0.0714287932957363,12_7.5_250
brain ECF,18.6,0.0692314140954153,12_7.5_250
brain ECF,18.7,0.067101629402095,12_7.5_250
brain ECF,18.8,0.0650373565983286,12_7.5_250
brain ECF,18.9,0.0630365843821084,12_7.5_250
brain ECF,19,0.0610973607551143,12_7.5_250
brain ECF,19.1,0.0592177893945649,12_7.5_250
brain ECF,19.2,0.0573960359019135,12_7.5_250
brain ECF,19.3,0.0556303257764782,12_7.5_250
brain ECF,19.4,0.053918933528353,12_7.5_250
brain ECF,19.5,0.0522601882566006,12_7.5_250
brain ECF,19.6,0.0506524727110754,12_7.5_250
brain ECF,19.7,0.0490942157472361,12_7.5_250
brain ECF,19.8,0.0475838943309219,12_7.5_250
brain ECF,19.9,0.0461200361522556,12_7.5_250
brain ECF,20,0.044701210724306,12_7.5_250
brain ECF,20.1,0.0433260295727313,12_7.5_250
brain ECF,20.2,0.04199315051385,12_7.5_250
brain ECF,20.3,0.040701275594844,12_7.5_250
brain ECF,20.4,0.0394491402099754,12_7.5_250
brain ECF,20.5,0.0382355212164112,12_7.5_250
brain ECF,20.6,0.0370592380780421,12_7.5_250
brain ECF,20.7,0.0359191411038415,12_7.5_250
brain ECF,20.8,0.0348141176526989,12_7.5_250
brain ECF,20.9,0.0337430900406257,12_7.5_250
brain ECF,21,0.0327050125893614,12_7.5_250
brain ECF,21.1,0.0316988712940686,12_7.5_250
brain ECF,21.2,0.0307236830087837,12_7.5_250
brain ECF,21.3,0.0297784980751262,12_7.5_250
brain ECF,21.4,0.0288623905146742,12_7.5_250
brain ECF,21.5,0.0279744631795252,12_7.5_250
brain ECF,21.6,0.0271138489213653,12_7.5_250
brain ECF,21.7,0.0262797125253313,12_7.5_250
brain ECF,21.8,0.0254712346451979,12_7.5_250
brain ECF,21.9,0.0246876238500051,12_7.5_250
brain ECF,22,0.023928118181795,12_7.5_250
brain ECF,22.1,0.0231919787096847,12_7.5_250
brain ECF,22.2,0.0224784852420587,12_7.5_250
brain ECF,22.3,0.0217869417078149,12_7.5_250
brain ECF,22.4,0.0211166741659295,12_7.5_250
brain ECF,22.5,0.0204670286687804,12_7.5_250
brain ECF,22.6,0.0198373711991509,12_7.5_250
brain ECF,22.7,0.0192270869164002,12_7.5_250
brain ECF,22.8,0.0186355796086812,12_7.5_250
brain ECF,22.9,0.0180622702854517,12_7.5_250
brain ECF,23,0.0175065968687008,12_7.5_250
brain ECF,23.1,0.0169680161685849,12_7.5_250
brain ECF,23.2,0.0164460056040847,12_7.5_250
brain ECF,23.3,0.0159400511310823,12_7.5_250
brain ECF,23.4,0.0154496564232746,12_7.5_250
brain ECF,23.5,0.0149743455399429,12_7.5_250
brain ECF,23.6,0.0145136571020099,12_7.5_250
brain ECF,23.7,0.0140671400760144,12_7.5_250
brain ECF,23.8,0.0136343596256871,12_7.5_250
brain ECF,23.9,0.013214892830474,12_7.5_250
brain ECF,24,0.0128083314879322,12_7.5_250
brain ECF,24.1,0.0124142798220832,12_7.5_250
brain ECF,24.2,0.0120323540637561,12_7.5_250
brain ECF,24.3,0.0116621809597082,12_7.5_250
brain ECF,24.4,0.011303398460066,12_7.5_250
brain ECF,24.5,0.010955656033293,12_7.5_250
brain ECF,24.6,0.0106186127427834,12_7.5_250
brain ECF,24.7,0.0102919384477261,12_7.5_250
brain ECF,24.8,0.00997531554346893,12_7.5_250
brain ECF,24.9,0.00966843216824833,12_7.5_250
brain ECF,25,0.00937098679814454,12_7.5_250
brain ICF,0,0,12_7.5_250
brain ICF,0.1,0,12_7.5_250
brain ICF,0.2,0,12_7.5_250
brain ICF,0.3,0.130205149899013,12_7.5_250
brain ICF,0.4,1.19143872889363,12_7.5_250
brain ICF,0.5,2.95614801434288,12_7.5_250
brain ICF,0.6,5.05161670434403,12_7.5_250
brain ICF,0.7,7.22741618161627,12_7.5_250
brain ICF,0.8,9.32505133052696,12_7.5_250
brain ICF,0.9,11.2503135753121,12_7.5_250
brain ICF,1,12.9530712473682,12_7.5_250
brain ICF,1.1,14.4127717339333,12_7.5_250
brain ICF,1.2,15.6281336111988,12_7.5_250
brain ICF,1.3,16.6098948629123,12_7.5_250
brain ICF,1.4,17.3757783012876,12_7.5_250
brain ICF,1.5,17.9470555494498,12_7.5_250
brain ICF,1.6,18.3462551321374,12_7.5_250
brain ICF,1.7,18.5956828689443,12_7.5_250
brain ICF,1.8,18.7165109111171,12_7.5_250
brain ICF,1.9,18.7282616056916,12_7.5_250
brain ICF,2,18.6485582088498,12_7.5_250
brain ICF,2.1,18.4930534003427,12_7.5_250
brain ICF,2.2,18.2754711260349,12_7.5_250
brain ICF,2.3,18.0077170488334,12_7.5_250
brain ICF,2.4,17.7000271960816,12_7.5_250
brain ICF,2.5,17.3611335731967,12_7.5_250
brain ICF,2.6,16.9984332899084,12_7.5_250
brain ICF,2.7,16.6181524436638,12_7.5_250
brain ICF,2.8,16.2254995970836,12_7.5_250
brain ICF,2.9,15.824806138361,12_7.5_250
brain ICF,3,15.4196522216244,12_7.5_250
brain ICF,3.1,15.0129783754319,12_7.5_250
brain ICF,3.2,14.607183362621,12_7.5_250
brain ICF,3.3,14.2042089890457,12_7.5_250
brain ICF,3.4,13.8056132700621,12_7.5_250
brain ICF,3.5,13.4126331481182,12_7.5_250
brain ICF,3.6,13.026237965632,12_7.5_250
brain ICF,3.7,12.6471747303658,12_7.5_250
brain ICF,3.8,12.2760063231374,12_7.5_250
brain ICF,3.9,11.9131437677631,12_7.5_250
brain ICF,4,11.5588734520555,12_7.5_250
brain ICF,4.1,11.2133796397003,12_7.5_250
brain ICF,4.2,10.8767632724288,12_7.5_250
brain ICF,4.3,10.5490578594175,12_7.5_250
brain ICF,4.4,10.2302424450961,12_7.5_250
brain ICF,4.5,9.92025259097136,12_7.5_250
brain ICF,4.6,9.61898926079931,12_7.5_250
brain ICF,4.7,9.32632617835414,12_7.5_250
brain ICF,4.8,9.04211594025001,12_7.5_250
brain ICF,4.9,8.76619505820762,12_7.5_250
brain ICF,5,8.49838804385972,12_7.5_250
brain ICF,5.1,8.23851081114694,12_7.5_250
brain ICF,5.2,7.98637336482692,12_7.5_250
brain ICF,5.3,7.74178199165031,12_7.5_250
brain ICF,5.4,7.50454107291413,12_7.5_250
brain ICF,5.5,7.27445455408348,12_7.5_250
brain ICF,5.6,7.05132707981401,12_7.5_250
brain ICF,5.7,6.83496495425646,12_7.5_250
brain ICF,5.8,6.6251768496738,12_7.5_250
brain ICF,5.9,6.42177436104325,12_7.5_250
brain ICF,6,6.22457243076835,12_7.5_250
brain ICF,6.1,6.03338969139495,12_7.5_250
brain ICF,6.2,5.84804870324628,12_7.5_250
brain ICF,6.3,5.66837613858557,12_7.5_250
brain ICF,6.4,5.49420288542915,12_7.5_250
brain ICF,6.5,5.32536411383532,12_7.5_250
brain ICF,6.6,5.16169933881994,12_7.5_250
brain ICF,6.7,5.00305240615553,12_7.5_250
brain ICF,6.8,4.84927141580481,12_7.5_250
brain ICF,6.9,4.70020876065154,12_7.5_250
brain ICF,7,4.55572099492389,12_7.5_250
brain ICF,7.1,4.41566880204801,12_7.5_250
brain ICF,7.2,4.27991693035696,12_7.5_250
brain ICF,7.3,4.14833409260807,12_7.5_250
brain ICF,7.4,4.02079287983232,12_7.5_250
brain ICF,7.5,3.89716967806649,12_7.5_250
brain ICF,7.6,3.77734456022192,12_7.5_250
brain ICF,7.7,3.66120121429421,12_7.5_250
brain ICF,7.8,3.54862681109287,12_7.5_250
brain ICF,7.9,3.4395119500711,12_7.5_250
brain ICF,8,3.33375052460291,12_7.5_250
brain ICF,8.1,3.23123965767656,12_7.5_250
brain ICF,8.2,3.13187959926286,12_7.5_250
brain ICF,8.3,3.03557362971646,12_7.5_250
brain ICF,8.4,2.94222799412045,12_7.5_250
brain ICF,8.5,2.85175178376899,12_7.5_250
brain ICF,8.6,2.76405688750276,12_7.5_250
brain ICF,8.7,2.67905787137111,12_7.5_250
brain ICF,8.8,2.59667193490127,12_7.5_250
brain ICF,8.9,2.51681879365255,12_7.5_250
brain ICF,9,2.43942064676817,12_7.5_250
brain ICF,9.1,2.36440204789158,12_7.5_250
brain ICF,9.2,2.29168989525613,12_7.5_250
brain ICF,9.3,2.22121330098604,12_7.5_250
brain ICF,9.4,2.15290356913873,12_7.5_250
brain ICF,9.5,2.08669410901842,12_7.5_250
brain ICF,9.6,2.02252036614127,12_7.5_250
brain ICF,9.7,1.96031978421578,12_7.5_250
brain ICF,9.8,1.9000317063154,12_7.5_250
brain ICF,9.9,1.84159736338456,12_7.5_250
brain ICF,10,1.78495976331239,12_7.5_250
brain ICF,10.1,1.73006369356414,12_7.5_250
brain ICF,10.2,1.67685560725291,12_7.5_250
brain ICF,10.3,1.625283630712,12_7.5_250
brain ICF,10.4,1.5752974610877,12_7.5_250
brain ICF,10.5,1.52684835464751,12_7.5_250
brain ICF,10.6,1.47988906214034,12_7.5_250
brain ICF,10.7,1.43437377904316,12_7.5_250
brain ICF,10.8,1.39025812231106,12_7.5_250
brain ICF,10.9,1.34749905216939,12_7.5_250
brain ICF,11,1.3060548759822,12_7.5_250
brain ICF,11.1,1.26588515512646,12_7.5_250
brain ICF,11.2,1.2269507225195,12_7.5_250
brain ICF,11.3,1.18921359009833,12_7.5_250
brain ICF,11.4,1.1526369525733,12_7.5_250
brain ICF,11.5,1.11718513212919,12_7.5_250
brain ICF,11.6,1.0828235429215,12_7.5_250
brain ICF,11.7,1.0495186716127,12_7.5_250
brain ICF,11.8,1.01723802026817,12_7.5_250
brain ICF,11.9,0.985950107274393,12_7.5_250
brain ICF,12,0.955624398149278,12_7.5_250
brain ICF,12.1,0.926231323045003,12_7.5_250
brain ICF,12.2,0.897742194854667,12_7.5_250
brain ICF,12.3,0.870129218995673,12_7.5_250
brain ICF,12.4,0.843365464627374,12_7.5_250
brain ICF,12.5,0.817424804901783,12_7.5_250
brain ICF,12.6,0.792281948222282,12_7.5_250
brain ICF,12.7,0.767912351936938,12_7.5_250
brain ICF,12.8,0.744292238904941,12_7.5_250
brain ICF,12.9,0.721398570900525,12_7.5_250
brain ICF,13,0.699208998238762,12_7.5_250
brain ICF,13.1,0.677701884435178,12_7.5_250
brain ICF,13.2,0.656856234680221,12_7.5_250
brain ICF,13.3,0.6366517083803,12_7.5_250
brain ICF,13.4,0.617068596448134,12_7.5_250
brain ICF,13.5,0.598087778689055,12_7.5_250
brain ICF,13.6,0.579690745763571,12_7.5_250
brain ICF,13.7,0.561859536102849,12_7.5_250
brain ICF,13.8,0.544576749757342,12_7.5_250
brain ICF,13.9,0.527825529861903,12_7.5_250
brain ICF,14,0.511589522479356,12_7.5_250
brain ICF,14.1,0.495852897707649,12_7.5_250
brain ICF,14.2,0.480600292153373,12_7.5_250
brain ICF,14.3,0.465816817277667,12_7.5_250
brain ICF,14.4,0.451488058440551,12_7.5_250
brain ICF,14.5,0.4376000195484,12_7.5_250
brain ICF,14.6,0.424139141819076,12_7.5_250
brain ICF,14.7,0.411092301531681,12_7.5_250
brain ICF,14.8,0.398446749056847,12_7.5_250
brain ICF,14.9,0.386190142715469,12_7.5_250
brain ICF,15,0.374310532374018,12_7.5_250
brain ICF,15.1,0.362796312441277,12_7.5_250
brain ICF,15.2,0.351636250933109,12_7.5_250
brain ICF,15.3,0.340819461778628,12_7.5_250
brain ICF,15.4,0.330335383232954,12_7.5_250
brain ICF,15.5,0.320173788907199,12_7.5_250
brain ICF,15.6,0.310324760007288,12_7.5_250
brain ICF,15.7,0.300778676953163,12_7.5_250
brain ICF,15.8,0.291526232853022,12_7.5_250
brain ICF,15.9,0.282558387378297,12_7.5_250
brain ICF,16,0.273866379727234,12_7.5_250
brain ICF,16.1,0.265441740336522,12_7.5_250
brain ICF,16.2,0.257276235364604,12_7.5_250
brain ICF,16.3,0.249361893105835,12_7.5_250
brain ICF,16.4,0.24169100174678,12_7.5_250
brain ICF,16.5,0.234256066240903,12_7.5_250
brain ICF,16.6,0.227049826952278,12_7.5_250
brain ICF,16.7,0.220065262117353,12_7.5_250
brain ICF,16.8,0.213295547115261,12_7.5_250
brain ICF,16.9,0.206734068841185,12_7.5_250
brain ICF,17,0.200374433689737,12_7.5_250
brain ICF,17.1,0.194210426280961,12_7.5_250
brain ICF,17.2,0.188236021325496,12_7.5_250
brain ICF,17.3,0.182445395151986,12_7.5_250
brain ICF,17.4,0.176832894703039,12_7.5_250
brain ICF,17.5,0.171393031795182,12_7.5_250
brain ICF,17.6,0.166120499721844,12_7.5_250
brain ICF,17.7,0.16101015932355,12_7.5_250
brain ICF,17.8,0.156057015558981,12_7.5_250
brain ICF,17.9,0.151256234210809,12_7.5_250
brain ICF,18,0.146603136156572,12_7.5_250
brain ICF,18.1,0.142093175591768,12_7.5_250
brain ICF,18.2,0.137721949117937,12_7.5_250
brain ICF,18.3,0.133485194725134,12_7.5_250
brain ICF,18.4,0.129378771141118,12_7.5_250
brain ICF,18.5,0.125398664127803,12_7.5_250
brain ICF,18.6,0.121540999913367,12_7.5_250
brain ICF,18.7,0.117802003007016,12_7.5_250
brain ICF,18.8,0.114178016981696,12_7.5_250
brain ICF,18.9,0.110665510916509,12_7.5_250
brain ICF,19,0.107261057863105,12_7.5_250
brain ICF,19.1,0.103961328409908,12_7.5_250
brain ICF,19.2,0.100763102125204,12_7.5_250
brain ICF,19.3,0.0976632640842296,12_7.5_250
brain ICF,19.4,0.0946587850471532,12_7.5_250
brain ICF,19.5,0.0917467318286895,12_7.5_250
brain ICF,19.6,0.0889242650565241,12_7.5_250
brain ICF,19.7,0.0861886268035548,12_7.5_250
brain ICF,19.8,0.0835371435088413,12_7.5_250
brain ICF,19.9,0.0809672301346663,12_7.5_250
brain ICF,20,0.0784763752910613,12_7.5_250
brain ICF,20.1,0.076062141350591,12_7.5_250
brain ICF,20.2,0.0737221719242983,12_7.5_250
brain ICF,20.3,0.0714541883207907,12_7.5_250
brain ICF,20.4,0.0692559701218705,12_7.5_250
brain ICF,20.5,0.0671253698188942,12_7.5_250
brain ICF,20.6,0.0650603153570159,12_7.5_250
brain ICF,20.7,0.0630587881837602,12_7.5_250
brain ICF,20.8,0.0611188350946579,12_7.5_250
brain ICF,20.9,0.0592385640866129,12_7.5_250
brain ICF,21,0.0574161396235145,12_7.5_250
brain ICF,21.1,0.0556497818269844,12_7.5_250
brain ICF,21.2,0.0539377649583215,12_7.5_250
brain ICF,21.3,0.0522784211647857,12_7.5_250
brain ICF,21.4,0.0506701252145196,12_7.5_250
brain ICF,21.5,0.0491113020953608,12_7.5_250
brain ICF,21.6,0.0476004293760602,12_7.5_250
brain ICF,21.7,0.0461360405594411,12_7.5_250
brain ICF,21.8,0.0447166970344131,12_7.5_250
brain ICF,21.9,0.0433410090722302,12_7.5_250
brain ICF,22,0.0420076391856746,12_7.5_250
brain ICF,22.1,0.0407152902606751,12_7.5_250
brain ICF,22.2,0.0394626976900031,12_7.5_250
brain ICF,22.3,0.0382486394375081,12_7.5_250
brain ICF,22.4,0.0370719326589828,12_7.5_250
brain ICF,22.5,0.0359314294474583,12_7.5_250
brain ICF,22.6,0.0348260170064646,12_7.5_250
brain ICF,22.7,0.0337546162359535,12_7.5_250
brain ICF,22.8,0.0327161798489175,12_7.5_250
brain ICF,22.9,0.0317096918667402,12_7.5_250
brain ICF,23,0.0307341656324338,12_7.5_250
brain ICF,23.1,0.0297886474537515,12_7.5_250
brain ICF,23.2,0.028872219461882,12_7.5_250
brain ICF,23.3,0.0279839791228141,12_7.5_250
brain ICF,23.4,0.0271230547243477,12_7.5_250
brain ICF,23.5,0.026288610847229,12_7.5_250
brain ICF,23.6,0.0254798375653782,12_7.5_250
brain ICF,23.7,0.0246959426419684,12_7.5_250
brain ICF,23.8,0.0239361624833376,12_7.5_250
brain ICF,23.9,0.0231997554295378,12_7.5_250
brain ICF,24,0.0224860048402493,12_7.5_250
brain ICF,24.1,0.0217942161178178,12_7.5_250
brain ICF,24.2,0.0211237159583143,12_7.5_250
brain ICF,24.3,0.0204738485881894,12_7.5_250
brain ICF,24.4,0.0198439780317987,12_7.5_250
brain ICF,24.5,0.0192334893878258,12_7.5_250
brain ICF,24.6,0.0186417841496749,12_7.5_250
brain ICF,24.7,0.0180682827205237,12_7.5_250
brain ICF,24.8,0.0175124274283357,12_7.5_250
brain ICF,24.9,0.0169736706943159,12_7.5_250
brain ICF,25,0.0164514830142539,12_7.5_250
sCSF,0,0,12_7.5_250
sCSF,0.1,0,12_7.5_250
sCSF,0.2,0,12_7.5_250
sCSF,0.3,0.00483927621412926,12_7.5_250
sCSF,0.4,0.0820424389024536,12_7.5_250
sCSF,0.5,0.263570638729102,12_7.5_250
sCSF,0.6,0.540180475093538,12_7.5_250
sCSF,0.7,0.89765011243996,12_7.5_250
sCSF,0.8,1.32070681970716,12_7.5_250
sCSF,0.9,1.79431387025982,12_7.5_250
sCSF,1,2.30440004342223,12_7.5_250
sCSF,1.1,2.83826111957281,12_7.5_250
sCSF,1.2,3.38474182028641,12_7.5_250
sCSF,1.3,3.93427377613822,12_7.5_250
sCSF,1.4,4.47882264716345,12_7.5_250
sCSF,1.5,5.01178140895037,12_7.5_250
sCSF,1.6,5.52783513179234,12_7.5_250
sCSF,1.7,6.02281424443496,12_7.5_250
sCSF,1.8,6.49354734357418,12_7.5_250
sCSF,1.9,6.93772043542296,12_7.5_250
sCSF,2,7.35374658833331,12_7.5_250
sCSF,2.1,7.74064801985825,12_7.5_250
sCSF,2.2,8.09795133127095,12_7.5_250
sCSF,2.3,8.42559568943637,12_7.5_250
sCSF,2.4,8.72385336467584,12_7.5_250
sCSF,2.5,8.99326159052339,12_7.5_250
sCSF,2.6,9.23456465880795,12_7.5_250
sCSF,2.7,9.44866514814947,12_7.5_250
sCSF,2.8,9.63658310617403,12_7.5_250
sCSF,2.9,9.79942214642407,12_7.5_250
sCSF,3,9.93834155970617,12_7.5_250
sCSF,3.1,10.0545334798568,12_7.5_250
sCSF,3.2,10.1492043568818,12_7.5_250
sCSF,3.3,10.2235601230425,12_7.5_250
sCSF,3.4,10.2787943982749,12_7.5_250
sCSF,3.5,10.3160792423175,12_7.5_250
sCSF,3.6,10.3365580199934,12_7.5_250
sCSF,3.7,10.3413400471682,12_7.5_250
sCSF,3.8,10.3314966841496,12_7.5_250
sCSF,3.9,10.3080585814608,12_7.5_250
sCSF,4,10.2720138672802,12_7.5_250
sCSF,4.1,10.2243071635033,12_7.5_250
sCSF,4.2,10.1658392133443,12_7.5_250
sCSF,4.3,10.0974669622985,12_7.5_250
sCSF,4.4,10.0200040700813,12_7.5_250
sCSF,4.5,9.9342216879367,12_7.5_250
sCSF,4.6,9.84084949895325,12_7.5_250
sCSF,4.7,9.74057692354962,12_7.5_250
sCSF,4.8,9.63405443955846,12_7.5_250
sCSF,4.9,9.52189498754049,12_7.5_250
sCSF,5,9.40467543790735,12_7.5_250
sCSF,5.1,9.28293808348368,12_7.5_250
sCSF,5.2,9.15719214708463,12_7.5_250
sCSF,5.3,9.02791528007544,12_7.5_250
sCSF,5.4,8.89555503944517,12_7.5_250
sCSF,5.5,8.76053033768921,12_7.5_250
sCSF,5.6,8.62323285605219,12_7.5_250
sCSF,5.7,8.48402842674074,12_7.5_250
sCSF,5.8,8.34325836356511,12_7.5_250
sCSF,5.9,8.20124074510446,12_7.5_250
sCSF,6,8.05827164678845,12_7.5_250
sCSF,6.1,7.91462633164423,12_7.5_250
sCSF,6.2,7.77056038199649,12_7.5_250
sCSF,6.3,7.62631078688036,12_7.5_250
sCSF,6.4,7.48209697528368,12_7.5_250
sCSF,6.5,7.33812180540793,12_7.5_250
sCSF,6.6,7.1945725342911,12_7.5_250
sCSF,6.7,7.05162172175065,12_7.5_250
sCSF,6.8,6.90942801075925,12_7.5_250
sCSF,6.9,6.76813704679111,12_7.5_250
sCSF,7,6.62788215901013,12_7.5_250
sCSF,7.1,6.4887851019786,12_7.5_250
sCSF,7.2,6.35095682247165,12_7.5_250
sCSF,7.3,6.21449804214907,12_7.5_250
sCSF,7.4,6.07949989433184,12_7.5_250
sCSF,7.5,5.94604454554021,12_7.5_250
sCSF,7.6,5.81420571879553,12_7.5_250
sCSF,7.7,5.68404933786671,12_7.5_250
sCSF,7.8,5.55563380523773,12_7.5_250
sCSF,7.9,5.42901082049102,12_7.5_250
sCSF,8,5.30422536053664,12_7.5_250
sCSF,8.1,5.18131663765742,12_7.5_250
sCSF,8.2,5.06031793586139,12_7.5_250
sCSF,8.3,4.94125754125248,12_7.5_250
sCSF,8.4,4.82415858664437,12_7.5_250
sCSF,8.5,4.70903987290961,12_7.5_250
sCSF,8.6,4.59591573246897,12_7.5_250
sCSF,8.7,4.48479678041551,12_7.5_250
sCSF,8.8,4.3756897456927,12_7.5_250
sCSF,8.9,4.26859819160572,12_7.5_250
sCSF,9,4.16352229389312,12_7.5_250
sCSF,9.1,4.06045959314874,12_7.5_250
sCSF,9.2,3.95940469775241,12_7.5_250
sCSF,9.3,3.8603499499126,12_7.5_250
sCSF,9.4,3.76328530547779,12_7.5_250
sCSF,9.5,3.66819865126312,12_7.5_250
sCSF,9.6,3.57507601614383,12_7.5_250
sCSF,9.7,3.48390158146732,12_7.5_250
sCSF,9.8,3.39465806963078,12_7.5_250
sCSF,9.9,3.30732660837011,12_7.5_250
sCSF,10,3.22188717845932,12_7.5_250
sCSF,10.1,3.13831841357347,12_7.5_250
sCSF,10.2,3.05659805089713,12_7.5_250
sCSF,10.3,2.97670273329107,12_7.5_250
sCSF,10.4,2.89860837314362,12_7.5_250
sCSF,10.5,2.82229007206206,12_7.5_250
sCSF,10.6,2.74772229289564,12_7.5_250
sCSF,10.7,2.67487896372588,12_7.5_250
sCSF,10.8,2.60373345803686,12_7.5_250
sCSF,10.9,2.53425882962082,12_7.5_250
sCSF,11,2.46642768433534,12_7.5_250
sCSF,11.1,2.4002124620017,12_7.5_250
sCSF,11.2,2.33558527583929,12_7.5_250
sCSF,11.3,2.27251817354725,12_7.5_250
sCSF,11.4,2.21098303722984,12_7.5_250
sCSF,11.5,2.15095170406505,12_7.5_250
sCSF,11.6,2.09239601286201,12_7.5_250
sCSF,11.7,2.03528779038262,12_7.5_250
sCSF,11.8,1.97959898106259,12_7.5_250
sCSF,11.9,1.92530156790958,12_7.5_250
sCSF,12,1.87236773090124,12_7.5_250
sCSF,12.1,1.82076973624636,12_7.5_250
sCSF,12.2,1.7704801144629,12_7.5_250
sCSF,12.3,1.721471579973,12_7.5_250
sCSF,12.4,1.67371705863875,12_7.5_250
sCSF,12.5,1.62718980184625,12_7.5_250
sCSF,12.6,1.58186324747996,12_7.5_250
sCSF,12.7,1.53771120647131,12_7.5_250
sCSF,12.8,1.49470776682255,12_7.5_250
sCSF,12.9,1.45282731614491,12_7.5_250
sCSF,13,1.41204462583219,12_7.5_250
sCSF,13.1,1.37233475394483,12_7.5_250
sCSF,13.2,1.33367316325833,12_7.5_250
sCSF,13.3,1.29603565992021,12_7.5_250
sCSF,13.4,1.25939840629663,12_7.5_250
sCSF,13.5,1.22373797536716,12_7.5_250
sCSF,13.6,1.18903127704278,12_7.5_250
sCSF,13.7,1.15525564589292,12_7.5_250
sCSF,13.8,1.12238878933451,12_7.5_250
sCSF,13.9,1.09040879422285,12_7.5_250
sCSF,14,1.05929416588097,12_7.5_250
sCSF,14.1,1.02902376525907,12_7.5_250
sCSF,14.2,0.999576884544084,12_7.5_250
sCSF,14.3,0.9709332033124,12_7.5_250
sCSF,14.4,0.943072762335683,12_7.5_250
sCSF,14.5,0.915976035050024,12_7.5_250
sCSF,14.6,0.889623871275191,12_7.5_250
sCSF,14.7,0.863997485348979,12_7.5_250
sCSF,14.8,0.839078510561327,12_7.5_250
sCSF,14.9,0.81484894602553,12_7.5_250
sCSF,15,0.791291160224384,12_7.5_250
sCSF,15.1,0.768387917454736,12_7.5_250
sCSF,15.2,0.746122339356733,12_7.5_250
sCSF,15.3,0.724477915658244,12_7.5_250
sCSF,15.4,0.703438509865568,12_7.5_250
sCSF,15.5,0.682988331167662,12_7.5_250
sCSF,15.6,0.663111950277648,12_7.5_250
sCSF,15.7,0.643794291761888,12_7.5_250
sCSF,15.8,0.625020610679422,12_7.5_250
sCSF,15.9,0.606776514692271,12_7.5_250
sCSF,16,0.589047943457125,12_7.5_250
sCSF,16.1,0.571821157210631,12_7.5_250
sCSF,16.2,0.555082749435506,12_7.5_250
sCSF,16.3,0.538819628859755,12_7.5_250
sCSF,16.4,0.523019013008724,12_7.5_250
sCSF,16.5,0.507668433335367,12_7.5_250
sCSF,16.6,0.4927557219271,12_7.5_250
sCSF,16.7,0.478269002301959,12_7.5_250
sCSF,16.8,0.464196695290863,12_7.5_250
sCSF,16.9,0.450527506042632,12_7.5_250
sCSF,17,0.437250415854402,12_7.5_250
sCSF,17.1,0.424354684104691,12_7.5_250
sCSF,17.2,0.411829838575956,12_7.5_250
sCSF,17.3,0.399665670039406,12_7.5_250
sCSF,17.4,0.387852227416539,12_7.5_250
sCSF,17.5,0.376379812259646,12_7.5_250
sCSF,17.6,0.365238974668589,12_7.5_250
sCSF,17.7,0.354420507391597,12_7.5_250
sCSF,17.8,0.34391543819897,12_7.5_250
sCSF,17.9,0.333715028224092,12_7.5_250
sCSF,18,0.323810767725326,12_7.5_250
sCSF,18.1,0.314194364932172,12_7.5_250
sCSF,18.2,0.304857746128169,12_7.5_250
sCSF,18.3,0.295793053135394,12_7.5_250
sCSF,18.4,0.286992630053998,12_7.5_250
sCSF,18.5,0.278449023960913,12_7.5_250
sCSF,18.6,0.270154985326236,12_7.5_250
sCSF,18.7,0.26210345069027,12_7.5_250
sCSF,18.8,0.254287546003827,12_7.5_250
sCSF,18.9,0.246700585822283,12_7.5_250
sCSF,19,0.239336062193521,12_7.5_250
sCSF,19.1,0.23218763900092,12_7.5_250
sCSF,19.2,0.22524915440416,12_7.5_250
sCSF,19.3,0.21851461764761,12_7.5_250
sCSF,19.4,0.211978192974038,12_7.5_250
sCSF,19.5,0.205634205419088,12_7.5_250
sCSF,19.6,0.199477142758424,12_7.5_250
sCSF,19.7,0.193501634226847,12_7.5_250
sCSF,19.8,0.18770245807507,12_7.5_250
sCSF,19.9,0.182074541770155,12_7.5_250
sCSF,20,0.176612948482127,12_7.5_250
sCSF,20.1,0.171312875645819,12_7.5_250
sCSF,20.2,0.16616965711469,12_7.5_250
sCSF,20.3,0.161178758576275,12_7.5_250
sCSF,20.4,0.156335765203209,12_7.5_250
sCSF,20.5,0.151636387255087,12_7.5_250
sCSF,20.6,0.147076462007994,12_7.5_250
sCSF,20.7,0.142651933742805,12_7.5_250
sCSF,20.8,0.138358862094075,12_7.5_250
sCSF,20.9,0.134193426077041,12_7.5_250
sCSF,21,0.130151903245498,12_7.5_250
sCSF,21.1,0.126230675909739,12_7.5_250
sCSF,21.2,0.122426228978182,12_7.5_250
sCSF,21.3,0.118735158003252,12_7.5_250
sCSF,21.4,0.115154139800924,12_7.5_250
sCSF,21.5,0.111679948723589,12_7.5_250
sCSF,21.6,0.108309453872787,12_7.5_250
sCSF,21.7,0.105039620088253,12_7.5_250
sCSF,21.8,0.101867485685422,12_7.5_250
sCSF,21.9,0.0987901765086297,12_7.5_250
sCSF,22,0.0958049076747592,12_7.5_250
sCSF,22.1,0.0929089726094736,12_7.5_250
sCSF,22.2,0.0900997353152493,12_7.5_250
sCSF,22.3,0.0873746371188962,12_7.5_250
sCSF,22.4,0.0847312030925502,12_7.5_250
sCSF,22.5,0.0821670197166651,12_7.5_250
sCSF,22.6,0.07967974315345,12_7.5_250
sCSF,22.7,0.0772670978782367,12_7.5_250
sCSF,22.8,0.0749268828553946,12_7.5_250
sCSF,22.9,0.0726569491047846,12_7.5_250
sCSF,23,0.0704552124451946,12_7.5_250
sCSF,23.1,0.0683196511135917,12_7.5_250
sCSF,23.2,0.0662483066533441,12_7.5_250
sCSF,23.3,0.0642392682726431,12_7.5_250
sCSF,23.4,0.0622906826735128,12_7.5_250
sCSF,23.5,0.0604007558648139,12_7.5_250
sCSF,23.6,0.0585677451934968,12_7.5_250
sCSF,23.7,0.0567899532457689,12_7.5_250
sCSF,23.8,0.0550657334562868,12_7.5_250
sCSF,23.9,0.0533934975424707,12_7.5_250
sCSF,24,0.0517716931017697,12_7.5_250
sCSF,24.1,0.0501988136404114,12_7.5_250
sCSF,24.2,0.0486733966840288,12_7.5_250
sCSF,24.3,0.0471940294165559,12_7.5_250
sCSF,24.4,0.0457593390507374,12_7.5_250
sCSF,24.5,0.0443679857930552,12_7.5_250
sCSF,24.6,0.0430186713998032,12_7.5_250
sCSF,24.7,0.0417101371448355,12_7.5_250
sCSF,24.8,0.0404411673745538,12_7.5_250
sCSF,24.9,0.0392105739896203,12_7.5_250
sCSF,25,0.0380172063801583,12_7.5_250
brain ECF,0,0,12_7.5_300
brain ECF,0.1,0,12_7.5_300
brain ECF,0.2,0,12_7.5_300
brain ECF,0.3,0.127136848326803,12_7.5_300
brain ECF,0.4,0.825177487385645,12_7.5_300
brain ECF,0.5,1.8875676945282,12_7.5_300
brain ECF,0.6,3.11079552387386,12_7.5_300
brain ECF,0.7,4.36057687010842,12_7.5_300
brain ECF,0.8,5.55290218945174,12_7.5_300
brain ECF,0.9,6.63870392147646,12_7.5_300
brain ECF,1,7.59274530283592,12_7.5_300
brain ECF,1.1,8.40567626346557,12_7.5_300
brain ECF,1.2,9.07840500994162,12_7.5_300
brain ECF,1.3,9.61815413195246,12_7.5_300
brain ECF,1.4,10.0357354925258,12_7.5_300
brain ECF,1.5,10.3437011917564,12_7.5_300
brain ECF,1.6,10.5551194830025,12_7.5_300
brain ECF,1.7,10.6827927230119,12_7.5_300
brain ECF,1.8,10.7387834221256,12_7.5_300
brain ECF,1.9,10.7341531090016,12_7.5_300
brain ECF,2,10.6788440748987,12_7.5_300
brain ECF,2.1,10.5816555247669,12_7.5_300
brain ECF,2.2,10.4502791585566,12_7.5_300
brain ECF,2.3,10.2913700580489,12_7.5_300
brain ECF,2.4,10.1106365577467,12_7.5_300
brain ECF,2.5,9.91293778772501,12_7.5_300
brain ECF,2.6,9.70238179490524,12_7.5_300
brain ECF,2.7,9.48241969135157,12_7.5_300
brain ECF,2.8,9.25593320109986,12_7.5_300
brain ECF,2.9,9.02531429549622,12_7.5_300
brain ECF,3,8.79253634279229,12_7.5_300
brain ECF,3.1,8.55921694286567,12_7.5_300
brain ECF,3.2,8.32667285551309,12_7.5_300
brain ECF,3.3,8.09596748307974,12_7.5_300
brain ECF,3.4,7.86795174790742,12_7.5_300
brain ECF,3.5,7.64329905869424,12_7.5_300
brain ECF,3.6,7.42253507164641,12_7.5_300
brain ECF,3.7,7.20606284403397,12_7.5_300
brain ECF,3.8,6.99418403388207,12_7.5_300
brain ECF,3.9,6.78711678210567,12_7.5_300
brain ECF,4,6.58501077772612,12_7.5_300
brain ECF,4.1,6.38795969904118,12_7.5_300
brain ECF,4.2,6.1960115972209,12_7.5_300
brain ECF,4.3,6.00917766074597,12_7.5_300
brain ECF,4.4,5.82743935973714,12_7.5_300
brain ECF,4.5,5.65075449231974,12_7.5_300
brain ECF,4.6,5.47906206990992,12_7.5_300
brain ECF,4.7,5.31228635985769,12_7.5_300
brain ECF,4.8,5.15034024063917,12_7.5_300
brain ECF,4.9,4.99312796707811,12_7.5_300
brain ECF,5,4.84054740815099,12_7.5_300
brain ECF,5.1,4.69249190857454,12_7.5_300
brain ECF,5.2,4.54885175773835,12_7.5_300
brain ECF,5.3,4.40951538614756,12_7.5_300
brain ECF,5.4,4.27437035383279,12_7.5_300
brain ECF,5.5,4.14330415025244,12_7.5_300
brain ECF,5.6,4.0162048105598,12_7.5_300
brain ECF,5.7,3.89296143649673,12_7.5_300
brain ECF,5.8,3.7734645792437,12_7.5_300
brain ECF,5.9,3.65760653809517,12_7.5_300
brain ECF,6,3.54528158818911,12_7.5_300
brain ECF,6.1,3.43638616326976,12_7.5_300
brain ECF,6.2,3.3308189814747,12_7.5_300
brain ECF,6.3,3.22848114148325,12_7.5_300
brain ECF,6.4,3.12927617506832,12_7.5_300
brain ECF,6.5,3.03311007976769,12_7.5_300
brain ECF,6.6,2.93989134852714,12_7.5_300
brain ECF,6.7,2.84953095874088,12_7.5_300
brain ECF,6.8,2.761942326334,12_7.5_300
brain ECF,6.9,2.67704132329633,12_7.5_300
brain ECF,7,2.59474620282624,12_7.5_300
brain ECF,7.1,2.5149775781861,12_7.5_300
brain ECF,7.2,2.43765838417835,12_7.5_300
brain ECF,7.3,2.36271381935593,12_7.5_300
brain ECF,7.4,2.29007129574365,12_7.5_300
brain ECF,7.5,2.21966039037142,12_7.5_300
brain ECF,7.6,2.15141278353758,12_7.5_300
brain ECF,7.7,2.08526221630582,12_7.5_300
brain ECF,7.8,2.02114441652909,12_7.5_300
brain ECF,7.9,1.95899706536003,12_7.5_300
brain ECF,8,1.89875972278664,12_7.5_300
brain ECF,8.1,1.84037378834795,12_7.5_300
brain ECF,8.2,1.78378244443779,12_7.5_300
brain ECF,8.3,1.72893059964431,12_7.5_300
brain ECF,8.4,1.67576485216915,12_7.5_300
brain ECF,8.5,1.62423342151604,12_7.5_300
brain ECF,8.6,1.57428612124175,12_7.5_300
brain ECF,8.7,1.52587428977316,12_7.5_300
brain ECF,8.8,1.47895076606119,12_7.5_300
brain ECF,8.9,1.43346982203745,12_7.5_300
brain ECF,9,1.38938714465507,12_7.5_300
brain ECF,9.1,1.34665976179418,12_7.5_300
brain ECF,9.2,1.30524603719758,12_7.5_300
brain ECF,9.3,1.2651055952673,12_7.5_300
brain ECF,9.4,1.22619930932344,12_7.5_300
brain ECF,9.5,1.1884892515649,12_7.5_300
brain ECF,9.6,1.15193865417179,12_7.5_300
brain ECF,9.7,1.11651188727223,12_7.5_300
brain ECF,9.8,1.08217440297611,12_7.5_300
brain ECF,9.9,1.04889272870317,12_7.5_300
brain ECF,10,1.01663440394755,12_7.5_300
brain ECF,10.1,0.985367981691319,12_7.5_300
brain ECF,10.2,0.955062963629335,12_7.5_300
brain ECF,10.3,0.925689804812431,12_7.5_300
brain ECF,10.4,0.897219854656699,12_7.5_300
brain ECF,10.5,0.869625350756158,12_7.5_300
brain ECF,10.6,0.842879381650028,12_7.5_300
brain ECF,10.7,0.816955858986094,12_7.5_300
brain ECF,10.8,0.791829503898369,12_7.5_300
brain ECF,10.9,0.767475802653734,12_7.5_300
brain ECF,11,0.743871008907362,12_7.5_300
brain ECF,11.1,0.720992090542339,12_7.5_300
brain ECF,11.2,0.698816739574015,12_7.5_300
brain ECF,11.3,0.677323319632161,12_7.5_300
brain ECF,11.4,0.656490868002208,12_7.5_300
brain ECF,11.5,0.63629906393731,12_7.5_300
brain ECF,11.6,0.616728208810924,12_7.5_300
brain ECF,11.7,0.597759214755191,12_7.5_300
brain ECF,11.8,0.579373572266616,12_7.5_300
brain ECF,11.9,0.561553350758734,12_7.5_300
brain ECF,12,0.544281159099872,12_7.5_300
brain ECF,12.1,0.527540155510987,12_7.5_300
brain ECF,12.2,0.511314001064549,12_7.5_300
brain ECF,12.3,0.495586865217676,12_7.5_300
brain ECF,12.4,0.480343409148452,12_7.5_300
brain ECF,12.5,0.46556875214718,12_7.5_300
brain ECF,12.6,0.451248489253761,12_7.5_300
brain ECF,12.7,0.437368641988451,12_7.5_300
brain ECF,12.8,0.423915667935625,12_7.5_300
brain ECF,12.9,0.410876445321514,12_7.5_300
brain ECF,13,0.398238244683638,12_7.5_300
brain ECF,13.1,0.385988743001526,12_7.5_300
brain ECF,13.2,0.374115982550807,12_7.5_300
brain ECF,13.3,0.362608378207973,12_7.5_300
brain ECF,13.4,0.351454704153325,12_7.5_300
brain ECF,13.5,0.340644070248394,12_7.5_300
brain ECF,13.6,0.330165934728209,12_7.5_300
brain ECF,13.7,0.320010067437461,12_7.5_300
brain ECF,13.8,0.310166558275034,12_7.5_300
brain ECF,13.9,0.300625806256239,12_7.5_300
brain ECF,14,0.291378497123833,12_7.5_300
brain ECF,14.1,0.28241561451306,12_7.5_300
brain ECF,14.2,0.27372840807927,12_7.5_300
brain ECF,14.3,0.265308397821753,12_7.5_300
brain ECF,14.4,0.257147373828397,12_7.5_300
brain ECF,14.5,0.249237364266191,12_7.5_300
brain ECF,14.6,0.241570646639174,12_7.5_300
brain ECF,14.7,0.234139746431622,12_7.5_300
brain ECF,14.8,0.226937402027121,12_7.5_300
brain ECF,14.9,0.219956584326706,12_7.5_300
brain ECF,15,0.213190486955908,12_7.5_300
brain ECF,15.1,0.206632500132053,12_7.5_300
brain ECF,15.2,0.200276226622599,12_7.5_300
brain ECF,15.3,0.194115465970768,12_7.5_300
brain ECF,15.4,0.188144202632244,12_7.5_300
brain ECF,15.5,0.182356612153643,12_7.5_300
brain ECF,15.6,0.176747045013971,12_7.5_300
brain ECF,15.7,0.171310022104116,12_7.5_300
brain ECF,15.8,0.16604024297139,12_7.5_300
brain ECF,15.9,0.160932558430015,12_7.5_300
brain ECF,16,0.155981978870692,12_7.5_300
brain ECF,16.1,0.151183680370478,12_7.5_300
brain ECF,16.2,0.146532973470441,12_7.5_300
brain ECF,16.3,0.142025317991643,12_7.5_300
brain ECF,16.4,0.137656321350882,12_7.5_300
brain ECF,16.5,0.133421714850834,12_7.5_300
brain ECF,16.6,0.129317363746666,12_7.5_300
brain ECF,16.7,0.125339268615104,12_7.5_300
brain ECF,16.8,0.121483542353576,12_7.5_300
brain ECF,16.9,0.117746418244048,12_7.5_300
brain ECF,17,0.114124255069268,12_7.5_300
brain ECF,17.1,0.110613512559152,12_7.5_300
brain ECF,17.2,0.107210758951865,12_7.5_300
brain ECF,17.3,0.103912677545092,12_7.5_300
brain ECF,17.4,0.100716048553791,12_7.5_300
brain ECF,17.5,0.0976177463014051,12_7.5_300
brain ECF,17.6,0.0946147484215652,12_7.5_300
brain ECF,17.7,0.0917041277218064,12_7.5_300
brain ECF,17.8,0.0888830394046804,12_7.5_300
brain ECF,17.9,0.0861487301474384,12_7.5_300
brain ECF,18,0.0834985347420365,12_7.5_300
brain ECF,18.1,0.080929864051555,12_7.5_300
brain ECF,18.2,0.0784402100039258,12_7.5_300
brain ECF,18.3,0.0760271452483515,12_7.5_300
brain ECF,18.4,0.0736883109256996,12_7.5_300
brain ECF,18.5,0.0714214206554386,12_7.5_300
brain ECF,18.6,0.0692242682763904,12_7.5_300
brain ECF,18.7,0.0670947034089699,12_7.5_300
brain ECF,18.8,0.0650306436077377,12_7.5_300
brain ECF,18.9,0.0630300779034091,12_7.5_300
brain ECF,19,0.061091054378281,12_7.5_300
brain ECF,19.1,0.0592116769203539,12_7.5_300
brain ECF,19.2,0.0573901113708065,12_7.5_300
brain ECF,19.3,0.0556245833913984,12_7.5_300
brain ECF,19.4,0.0539133676961563,12_7.5_300
brain ECF,19.5,0.0522547935940225,12_7.5_300
brain ECF,19.6,0.0506472439485763,12_7.5_300
brain ECF,19.7,0.0490891478075548,12_7.5_300
brain ECF,19.8,0.047578982295339,12_7.5_300
brain ECF,19.9,0.046115275287388,12_7.5_300
brain ECF,20,0.0446965963539161,12_7.5_300
brain ECF,20.1,0.0433215571571528,12_7.5_300
brain ECF,20.2,0.0419888157157753,12_7.5_300
brain ECF,20.3,0.0406970741491313,12_7.5_300
brain ECF,20.4,0.039445067969599,12_7.5_300
brain ECF,20.5,0.0382315741828301,12_7.5_300
brain ECF,20.6,0.0370554123886028,12_7.5_300
brain ECF,20.7,0.035915433020452,12_7.5_300
brain ECF,20.8,0.0348105235761594,12_7.5_300
brain ECF,20.9,0.0337396064610524,12_7.5_300
brain ECF,21,0.0327016361180253,12_7.5_300
brain ECF,21.1,0.0316955986729749,12_7.5_300
brain ECF,21.2,0.030720511118262,12_7.5_300
brain ECF,21.3,0.029775423801976,12_7.5_300
brain ECF,21.4,0.0288594108639576,12_7.5_300
brain ECF,21.5,0.0279715752248446,12_7.5_300
brain ECF,21.6,0.0271110498947011,12_7.5_300
brain ECF,21.7,0.0262769996607312,12_7.5_300
brain ECF,21.8,0.0254686052507934,12_7.5_300
brain ECF,21.9,0.0246850752834066,12_7.5_300
brain ECF,22,0.0239256479902207,12_7.5_300
brain ECF,22.1,0.0231895844423739,12_7.5_300
brain ECF,22.2,0.0224761645445028,12_7.5_300
brain ECF,22.3,0.0217846923120195,12_7.5_300
brain ECF,22.4,0.0211144938810209,12_7.5_300
brain ECF,22.5,0.0204649153835174,12_7.5_300
brain ECF,22.6,0.0198353228975328,12_7.5_300
brain ECF,22.7,0.0192251016675212,12_7.5_300
brain ECF,22.8,0.0186336554683736,12_7.5_300
brain ECF,22.9,0.0180604053969329,12_7.5_300
brain ECF,23,0.01750478941687,12_7.5_300
brain ECF,23.1,0.0169662644405421,12_7.5_300
brain ECF,23.2,0.0164443078601014,12_7.5_300
brain ECF,23.3,0.0159384056695284,12_7.5_300
brain ECF,23.4,0.015448061552461,12_7.5_300
brain ECF,23.5,0.0149727997300717,12_7.5_300
brain ECF,23.6,0.0145121587969764,12_7.5_300
brain ECF,23.7,0.014065687777251,12_7.5_300
brain ECF,23.8,0.0136329518876601,12_7.5_300
brain ECF,23.9,0.0132135282557625,12_7.5_300
brain ECF,24,0.0128070087701903,12_7.5_300
brain ECF,24.1,0.0124129977206441,12_7.5_300
brain ECF,24.2,0.0120311114232304,12_7.5_300
brain ECF,24.3,0.0116609765842287,12_7.5_300
brain ECF,24.4,0.0113022311640437,12_7.5_300
brain ECF,24.5,0.0109545246972578,12_7.5_300
brain ECF,24.6,0.0106175162663272,12_7.5_300
brain ECF,24.7,0.0102908757842378,12_7.5_300
brain ECF,24.8,0.00997428566229426,12_7.5_300
brain ECF,24.9,0.00966743404253023,12_7.5_300
brain ECF,25,0.00937001940323355,12_7.5_300
brain ICF,0,0,12_7.5_300
brain ICF,0.1,0,12_7.5_300
brain ICF,0.2,0,12_7.5_300
brain ICF,0.3,0.133247418340238,12_7.5_300
brain ICF,0.4,1.20540654069131,12_7.5_300
brain ICF,0.5,2.98209458659541,12_7.5_300
brain ICF,0.6,5.08793438956079,12_7.5_300
brain ICF,0.7,7.27141432810619,12_7.5_300
brain ICF,0.8,9.37379401373894,12_7.5_300
brain ICF,0.9,11.3010718223231,12_7.5_300
brain ICF,1,13.0035389772934,12_7.5_300
brain ICF,1.1,14.4611391412089,12_7.5_300
brain ICF,1.2,15.6730789541579,12_7.5_300
brain ICF,1.3,16.6505336371906,12_7.5_300
brain ICF,1.4,17.4115940297615,12_7.5_300
brain ICF,1.5,17.9778266255976,12_7.5_300
brain ICF,1.6,18.3719858003413,12_7.5_300
brain ICF,1.7,18.616542361766,12_7.5_300
brain ICF,1.8,18.7327822686425,12_7.5_300
brain ICF,1.9,18.7403002327166,12_7.5_300
brain ICF,2,18.6567594203386,12_7.5_300
brain ICF,2.1,18.4978278275599,12_7.5_300
brain ICF,2.2,18.2772267296953,12_7.5_300
brain ICF,2.3,18.0068465211125,12_7.5_300
brain ICF,2.4,17.6968996325738,12_7.5_300
brain ICF,2.5,17.3560894494391,12_7.5_300
brain ICF,2.6,16.9917819267133,12_7.5_300
brain ICF,2.7,16.6101712919189,12_7.5_300
brain ICF,2.8,16.216434810698,12_7.5_300
brain ICF,2.9,15.8148740172373,12_7.5_300
brain ICF,3,15.4090412014674,12_7.5_300
brain ICF,3.1,15.0018513268346,12_7.5_300
brain ICF,3.2,14.5956800231937,12_7.5_300
brain ICF,3.3,14.1924484011373,12_7.5_300
brain ICF,3.4,13.7936961403149,12_7.5_300
brain ICF,3.5,13.4006440732165,12_7.5_300
brain ICF,3.6,13.0142474906699,12_7.5_300
brain ICF,3.7,12.6352412228608,12_7.5_300
brain ICF,3.8,12.2641776591212,12_7.5_300
brain ICF,3.9,11.901458832242,12_7.5_300
brain ICF,4,11.5473634641003,12_7.5_300
brain ICF,4.1,11.2020693110657,12_7.5_300
brain ICF,4.2,10.8656718175928,12_7.5_300
brain ICF,4.3,10.5381998686054,12_7.5_300
brain ICF,4.4,10.2196286360845,12_7.5_300
brain ICF,4.5,9.90989045358646,12_7.5_300
brain ICF,4.6,9.60888360589502,12_7.5_300
brain ICF,4.7,9.31647960554054,12_7.5_300
brain ICF,4.8,9.03252923391742,12_7.5_300
brain ICF,4.9,8.75686752211982,12_7.5_300
brain ICF,5,8.48931778243219,12_7.5_300
brain ICF,5.1,8.22969496525274,12_7.5_300
brain ICF,5.2,7.97780830927371,12_7.5_300
brain ICF,5.3,7.73346350026072,12_7.5_300
brain ICF,5.4,7.49646445582125,12_7.5_300
brain ICF,5.5,7.26661477139466,12_7.5_300
brain ICF,5.6,7.04371883571393,12_7.5_300
brain ICF,5.7,6.82758277424842,12_7.5_300
brain ICF,5.8,6.61801514388099,12_7.5_300
brain ICF,5.9,6.4148274760594,12_7.5_300
brain ICF,6,6.21783469210639,12_7.5_300
brain ICF,6.1,6.02685543744345,12_7.5_300
brain ICF,6.2,5.84171231309552,12_7.5_300
brain ICF,6.3,5.66223205367397,12_7.5_300
brain ICF,6.4,5.48824562678085,12_7.5_300
brain ICF,6.5,5.31958829582562,12_7.5_300
brain ICF,6.6,5.15609967858193,12_7.5_300
brain ICF,6.7,4.99762373159868,12_7.5_300
brain ICF,6.8,4.84400867161674,12_7.5_300
brain ICF,6.9,4.69510701127748,12_7.5_300
brain ICF,7,4.55077542790676,12_7.5_300
brain ICF,7.1,4.41087472921266,12_7.5_300
brain ICF,7.2,4.27526978786411,12_7.5_300
brain ICF,7.3,4.14382944081595,12_7.5_300
brain ICF,7.4,4.01642640232359,12_7.5_300
brain ICF,7.5,3.89293718001746,12_7.5_300
brain ICF,7.6,3.773241966905,12_7.5_300
brain ICF,7.7,3.65722456835134,12_7.5_300
brain ICF,7.8,3.54477227098636,12_7.5_300
brain ICF,7.9,3.43577578671704,12_7.5_300
brain ICF,8,3.33012911972938,12_7.5_300
brain ICF,8.1,3.22772950041251,12_7.5_300
brain ICF,8.2,3.12847728406326,12_7.5_300
brain ICF,8.3,3.03227585325389,12_7.5_300
brain ICF,8.4,2.93903155278125,12_7.5_300
brain ICF,8.5,2.84865357077292,12_7.5_300
brain ICF,8.6,2.76105389029648,12_7.5_300
brain ICF,8.7,2.67614716881689,12_7.5_300
brain ICF,8.8,2.5938506947887,12_7.5_300
brain ICF,8.9,2.51408426998322,12_7.5_300
brain ICF,9,2.43677017735647,12_7.5_300
brain ICF,9.1,2.36183305171683,12_7.5_300
brain ICF,9.2,2.28919987044444,12_7.5_300
brain ICF,9.3,2.21879982189386,12_7.5_300
brain ICF,9.4,2.15056428463359,12_7.5_300
brain ICF,9.5,2.08442673976871,12_7.5_300
brain ICF,9.6,2.02032270282976,12_7.5_300
brain ICF,9.7,1.95818968511556,12_7.5_300
brain ICF,9.8,1.8979670954671,12_7.5_300
brain ICF,9.9,1.83959622843657,12_7.5_300
brain ICF,10,1.7830201536955,12_7.5_300
brain ICF,10.1,1.72818371852602,12_7.5_300
brain ICF,10.2,1.67503343402186,12_7.5_300
brain ICF,10.3,1.62351748297614,12_7.5_300
brain ICF,10.4,1.57358561683532,12_7.5_300
brain ICF,10.5,1.52518914494956,12_7.5_300
brain ICF,10.6,1.47828086914348,12_7.5_300
brain ICF,10.7,1.43281503472103,12_7.5_300
brain ICF,10.8,1.38874730667646,12_7.5_300
brain ICF,10.9,1.34603469200292,12_7.5_300
brain ICF,11,1.30463554325949,12_7.5_300
brain ICF,11.1,1.26450946573122,12_7.5_300
brain ICF,11.2,1.22561733484176,12_7.5_300
brain ICF,11.3,1.18792120372544,12_7.5_300
brain ICF,11.4,1.15138430717361,12_7.5_300
brain ICF,11.5,1.11597100595046,12_7.5_300
brain ICF,11.6,1.08164675187238,12_7.5_300
brain ICF,11.7,1.04837806788629,12_7.5_300
brain ICF,11.8,1.01613249139528,12_7.5_300
brain ICF,11.9,0.984878574914639,12_7.5_300
brain ICF,12,0.954585817142695,12_7.5_300
brain ICF,12.1,0.925224680313922,12_7.5_300
brain ICF,12.2,0.896766508425454,12_7.5_300
brain ICF,12.3,0.869183537202012,12_7.5_300
brain ICF,12.4,0.842448864902441,12_7.5_300
brain ICF,12.5,0.816536393135484,12_7.5_300
brain ICF,12.6,0.791420857740265,12_7.5_300
brain ICF,12.7,0.767077742689047,12_7.5_300
brain ICF,12.8,0.74348329677189,12_7.5_300
brain ICF,12.9,0.720614506647098,12_7.5_300
brain ICF,13,0.69844904696175,12_7.5_300
brain ICF,13.1,0.676965304718694,12_7.5_300
brain ICF,13.2,0.656142307874507,12_7.5_300
brain ICF,13.3,0.635959738014784,12_7.5_300
brain ICF,13.4,0.616397907330764,12_7.5_300
brain ICF,13.5,0.597437716444144,12_7.5_300
brain ICF,13.6,0.579060676108545,12_7.5_300
brain ICF,13.7,0.561248844230899,12_7.5_300
brain ICF,13.8,0.543984839878945,12_7.5_300
brain ICF,13.9,0.527251824410157,12_7.5_300
brain ICF,14,0.511033461745702,12_7.5_300
brain ICF,14.1,0.495313939117124,12_7.5_300
brain ICF,14.2,0.480077909818488,12_7.5_300
brain ICF,14.3,0.465310501547963,12_7.5_300
brain ICF,14.4,0.450997315221493,12_7.5_300
brain ICF,14.5,0.437124369903589,12_7.5_300
brain ICF,14.6,0.423678121647071,12_7.5_300
brain ICF,14.7,0.41064546086621,12_7.5_300
brain ICF,14.8,0.398013651746646,12_7.5_300
brain ICF,14.9,0.385770366199399,12_7.5_300
brain ICF,15,0.373903666922004,12_7.5_300
brain ICF,15.1,0.362401960978307,12_7.5_300
brain ICF,15.2,0.351254028732781,12_7.5_300
brain ICF,15.3,0.340448995798903,12_7.5_300
brain ICF,15.4,0.329976311966206,12_7.5_300
brain ICF,15.5,0.319825762022402,12_7.5_300
brain ICF,15.6,0.309987437813032,12_7.5_300
brain ICF,15.7,0.300451730192592,12_7.5_300
brain ICF,15.8,0.291209342556921,12_7.5_300
brain ICF,15.9,0.282251244136212,12_7.5_300
brain ICF,16,0.273568683770571,12_7.5_300
brain ICF,16.1,0.265153201072732,12_7.5_300
brain ICF,16.2,0.256996571130282,12_7.5_300
brain ICF,16.3,0.249090831015567,12_7.5_300
brain ICF,16.4,0.241428277193039,12_7.5_300
brain ICF,16.5,0.234001422807378,12_7.5_300
brain ICF,16.6,0.226803016201017,12_7.5_300
brain ICF,16.7,0.2198260431281,12_7.5_300
brain ICF,16.8,0.213063686406331,12_7.5_300
brain ICF,16.9,0.206509340087496,12_7.5_300
brain ICF,17,0.200156617674749,12_7.5_300
brain ICF,17.1,0.19399931028355,12_7.5_300
brain ICF,17.2,0.18803139918414,12_7.5_300
brain ICF,17.3,0.182247067264987,12_7.5_300
brain ICF,17.4,0.176640667355598,12_7.5_300
brain ICF,17.5,0.171206717278516,12_7.5_300
brain ICF,17.6,0.165939916269138,12_7.5_300
brain ICF,17.7,0.160835130598749,12_7.5_300
brain ICF,17.8,0.155887370718914,12_7.5_300
brain ICF,17.9,0.15109180774845,12_7.5_300
brain ICF,18,0.146443767552914,12_7.5_300
brain ICF,18.1,0.141938709305389,12_7.5_300
brain ICF,18.2,0.13757223443022,12_7.5_300
brain ICF,18.3,0.133340085474745,12_7.5_300
brain ICF,18.4,0.129238125647786,12_7.5_300
brain ICF,18.5,0.125262345103052,12_7.5_300
brain ICF,18.6,0.12140887425842,12_7.5_300
brain ICF,18.7,0.117673941682046,12_7.5_300
brain ICF,18.8,0.114053894882394,12_7.5_300
brain ICF,18.9,0.110545206989846,12_7.5_300
brain ICF,19,0.107144454576416,12_7.5_300
brain ICF,19.1,0.103848311922004,12_7.5_300
brain ICF,19.2,0.100653562189065,12_7.5_300
brain ICF,19.3,0.0975570937439874,12_7.5_300
brain ICF,19.4,0.0945558806902835,12_7.5_300
brain ICF,19.5,0.0916469930630374,12_7.5_300
brain ICF,19.6,0.0888275945091273,12_7.5_300
brain ICF,19.7,0.08609493009884,12_7.5_300
brain ICF,19.8,0.0834463291404804,12_7.5_300
brain ICF,19.9,0.0808792095054572,12_7.5_300
brain ICF,20,0.0783910623898209,12_7.5_300
brain ICF,20.1,0.0759794528090021,12_7.5_300
brain ICF,20.2,0.0736420270628037,12_7.5_300
brain ICF,20.3,0.0713765088337655,12_7.5_300
brain ICF,20.4,0.0691806801448255,12_7.5_300
brain ICF,20.5,0.0670523958953065,12_7.5_300
brain ICF,20.6,0.0649895862300743,12_7.5_300
brain ICF,20.7,0.0629902348334153,12_7.5_300
brain ICF,20.8,0.0610523906488956,12_7.5_300
brain ICF,20.9,0.0591741636945539,12_7.5_300
brain ICF,21,0.0573537204199975,12_7.5_300
brain ICF,21.1,0.0555892828815735,12_7.5_300
brain ICF,21.2,0.0538791272364616,12_7.5_300
brain ICF,21.3,0.0522215873930087,12_7.5_300
brain ICF,21.4,0.0506150398604033,12_7.5_300
brain ICF,21.5,0.0490579112949675,12_7.5_300
brain ICF,21.6,0.0475486810538422,12_7.5_300
brain ICF,21.7,0.0460858841233139,12_7.5_300
brain ICF,21.8,0.0446680834654414,12_7.5_300
brain ICF,21.9,0.043293890855237,12_7.5_300
brain ICF,22,0.0419619704317944,12_7.5_300
brain ICF,22.1,0.0406710263323818,12_7.5_300
brain ICF,22.2,0.0394197954080647,12_7.5_300
brain ICF,22.3,0.0382070569838087,12_7.5_300
brain ICF,22.4,0.0370316294651949,12_7.5_300
brain ICF,22.5,0.0358923661890896,12_7.5_300
brain ICF,22.6,0.0347881555803044,12_7.5_300
brain ICF,22.7,0.0337179196972781,12_7.5_300
brain ICF,22.8,0.0326806123574218,12_7.5_300
brain ICF,22.9,0.03167521865564,12_7.5_300
brain ICF,23,0.0307007529587416,12_7.5_300
brain ICF,23.1,0.0297562627009982,12_7.5_300
brain ICF,23.2,0.0288408309451324,12_7.5_300
brain ICF,23.3,0.027953556122481,12_7.5_300
brain ICF,23.4,0.0270935674547206,12_7.5_300
brain ICF,23.5,0.0262600306165091,12_7.5_300
brain ICF,23.6,0.0254521364158038,12_7.5_300
brain ICF,23.7,0.0246690935665426,12_7.5_300
brain ICF,23.8,0.0239101393547899,12_7.5_300
brain ICF,23.9,0.0231745328108009,12_7.5_300
brain ICF,24,0.0224615581517662,12_7.5_300
brain ICF,24.1,0.0217705215508051,12_7.5_300
brain ICF,24.2,0.0211007504489456,12_7.5_300
brain ICF,24.3,0.0204515897106698,12_7.5_300
brain ICF,24.4,0.0198224040762869,12_7.5_300
brain ICF,24.5,0.019212579282416,12_7.5_300
brain ICF,24.6,0.0186215174367605,12_7.5_300
brain ICF,24.7,0.0180486396075512,12_7.5_300
brain ICF,24.8,0.0174933887207074,12_7.5_300
brain ICF,24.9,0.0169552177546269,12_7.5_300
brain ICF,25,0.0164335977576495,12_7.5_300
sCSF,0,0,12_7.5_300
sCSF,0.1,0,12_7.5_300
sCSF,0.2,0,12_7.5_300
sCSF,0.3,0.00481824416526068,12_7.5_300
sCSF,0.4,0.0816800068702636,12_7.5_300
sCSF,0.5,0.262597887701614,12_7.5_300
sCSF,0.6,0.538578116026506,12_7.5_300
sCSF,0.7,0.895541002037585,12_7.5_300
sCSF,0.8,1.31826981486685,12_7.5_300
sCSF,0.9,1.79173340841027,12_7.5_300
sCSF,1,2.30183977578425,12_7.5_300
sCSF,1.1,2.83585243309949,12_7.5_300
sCSF,1.2,3.38258114930655,12_7.5_300
sCSF,1.3,3.93242475899876,12_7.5_300
sCSF,1.4,4.47732064143004,12_7.5_300
sCSF,1.5,5.01063885173982,12_7.5_300
sCSF,1.6,5.52704686940001,12_7.5_300
sCSF,1.7,6.02236236592626,12_7.5_300
sCSF,1.8,6.49340531007357,12_7.5_300
sCSF,1.9,6.93785645073875,12_7.5_300
sCSF,2,7.35412624447002,12_7.5_300
sCSF,2.1,7.74123629566109,12_7.5_300
sCSF,2.2,8.09871404065645,12_7.5_300
sCSF,2.3,8.4265004780014,12_7.5_300
sCSF,2.4,8.72487034717042,12_7.5_300
sCSF,2.5,8.99436371094879,12_7.5_300
sCSF,2.6,9.2357278422087,12_7.5_300
sCSF,2.7,9.4498683017155,12_7.5_300
sCSF,2.8,9.63780801506005,12_7.5_300
sCSF,2.9,9.80065330029968,12_7.5_300
sCSF,3,9.9395659377408,12_7.5_300
sCSF,3.1,10.0557403144022,12_7.5_300
sCSF,3.2,10.15038489074,12_7.5_300
sCSF,3.3,10.2247073710591,12_7.5_300
sCSF,3.4,10.2799029200714,12_7.5_300
sCSF,3.5,10.3171449305494,12_7.5_300
sCSF,3.6,10.3375779066713,12_7.5_300
sCSF,3.7,10.3423121291298,12_7.5_300
sCSF,3.8,10.3324197675047,12_7.5_300
sCSF,3.9,10.3089321446262,12_7.5_300
sCSF,4,10.2728379411301,12_7.5_300
sCSF,4.1,10.2250822278866,12_7.5_300
sCSF,4.2,10.1665661078233,12_7.5_300
sCSF,4.3,10.0981468100813,12_7.5_300
sCSF,4.4,10.0206382134867,12_7.5_300
sCSF,4.5,9.93481163394909,12_7.5_300
sCSF,4.6,9.84139687380885,12_7.5_300
sCSF,4.7,9.74108343485435,12_7.5_300
sCSF,4.8,9.63452184503847,12_7.5_300
sCSF,4.9,9.52232506943817,12_7.5_300
sCSF,5,9.40506998222976,12_7.5_300
sCSF,5.1,9.28329886334552,12_7.5_300
sCSF,5.2,9.15752090945628,12_7.5_300
sCSF,5.3,9.02821373538174,12_7.5_300
sCSF,5.4,8.8958248535807,12_7.5_300
sCSF,5.5,8.76077312605371,12_7.5_300
sCSF,5.6,8.62345017920212,12_7.5_300
sCSF,5.7,8.48422178748253,12_7.5_300
sCSF,5.8,8.34342920511665,12_7.5_300
sCSF,5.9,8.20139045013615,12_7.5_300
sCSF,6,8.05840153720725,12_7.5_300
sCSF,6.1,7.91473766884209,12_7.5_300
sCSF,6.2,7.77065436778861,12_7.5_300
sCSF,6.3,7.62638856462698,12_7.5_300
sCSF,6.4,7.48215963127612,12_7.5_300
sCSF,6.5,7.33817037071791,12_7.5_300
sCSF,6.6,7.19460798615154,12_7.5_300
sCSF,6.7,7.05164498601958,12_7.5_300
sCSF,6.8,6.90943996358952,12_7.5_300
sCSF,6.9,6.76813851631158,12_7.5_300
sCSF,7,6.62787392786458,12_7.5_300
sCSF,7.1,6.48876790902857,12_7.5_300
sCSF,7.2,6.35093136459915,12_7.5_300
sCSF,7.3,6.21446497657181,12_7.5_300
sCSF,7.4,6.07945984027621,12_7.5_300
sCSF,7.5,5.94599808570214,12_7.5_300
sCSF,7.6,5.81415340220654,12_7.5_300
sCSF,7.7,5.68399168003977,12_7.5_300
sCSF,7.8,5.5555712916924,12_7.5_300
sCSF,7.9,5.42894390626634,12_7.5_300
sCSF,8,5.30415447370942,12_7.5_300
sCSF,8.1,5.18124217893833,12_7.5_300
sCSF,8.2,5.06024028157718,12_7.5_300
sCSF,8.3,4.94117704334093,12_7.5_300
sCSF,8.4,4.82407557506162,12_7.5_300
sCSF,8.5,4.70895465588115,12_7.5_300
sCSF,8.6,4.59582859850583,12_7.5_300
sCSF,8.7,4.48470799864906,12_7.5_300
sCSF,8.8,4.37559956759251,12_7.5_300
sCSF,8.9,4.26850685130314,12_7.5_300
sCSF,9,4.16343000977363,12_7.5_300
sCSF,9.1,4.06036656887326,12_7.5_300
sCSF,9.2,3.95931112099105,12_7.5_300
sCSF,9.3,3.86025599698613,12_7.5_300
sCSF,9.4,3.7631911382158,12_7.5_300
sCSF,9.5,3.66810442089217,12_7.5_300
sCSF,9.6,3.57498186151155,12_7.5_300
sCSF,9.7,3.48380763156075,12_7.5_300
sCSF,9.8,3.39456444282228,12_7.5_300
sCSF,9.9,3.30723341400787,12_7.5_300
sCSF,10,3.22179451672624,12_7.5_300
sCSF,10.1,3.13822637647584,12_7.5_300
sCSF,10.2,3.05650672283958,12_7.5_300
sCSF,10.3,2.97661219031017,12_7.5_300
sCSF,10.4,2.89851868558496,12_7.5_300
sCSF,10.5,2.82220130274849,12_7.5_300
sCSF,10.6,2.74763449937157,12_7.5_300
sCSF,10.7,2.67479219717528,12_7.5_300
sCSF,10.8,2.60364776475485,12_7.5_300
sCSF,10.9,2.53417425054146,12_7.5_300
sCSF,11,2.46634425590915,12_7.5_300
sCSF,11.1,2.40013021615622,12_7.5_300
sCSF,11.2,2.33550424043981,12_7.5_300
sCSF,11.3,2.27243837277109,12_7.5_300
sCSF,11.4,2.2109044911935,12_7.5_300
sCSF,11.5,2.15087443011772,12_7.5_300
sCSF,11.6,2.09232002480744,12_7.5_300
sCSF,11.7,2.03521309944758,12_7.5_300
sCSF,11.8,1.9795255955573,12_7.5_300
sCSF,11.9,1.92522949379078,12_7.5_300
sCSF,12,1.87229697168186,12_7.5_300
sCSF,12.1,1.82070029337634,12_7.5_300
sCSF,12.2,1.77041198751084,12_7.5_300
sCSF,12.3,1.72140476631379,12_7.5_300
sCSF,12.4,1.6736515543564,12_7.5_300
sCSF,12.5,1.62712560123683,12_7.5_300
sCSF,12.6,1.58180034348544,12_7.5_300
sCSF,12.7,1.53764959080205,12_7.5_300
sCSF,12.8,1.49464742968561,12_7.5_300
sCSF,12.9,1.45276824695932,12_7.5_300
sCSF,13,1.41198681285426,12_7.5_300
sCSF,13.1,1.37227818457496,12_7.5_300
sCSF,13.2,1.33361782413582,12_7.5_300
sCSF,13.3,1.29598153674393,12_7.5_300
sCSF,13.4,1.25934548432376,12_7.5_300
sCSF,13.5,1.2236862391426,12_7.5_300
sCSF,13.6,1.1889807106306,12_7.5_300
sCSF,13.7,1.15520623294338,12_7.5_300
sCSF,13.8,1.12234051292879,12_7.5_300
sCSF,13.9,1.09036163726738,12_7.5_300
sCSF,14,1.05924811086458,12_7.5_300
sCSF,14.1,1.02897879448445,12_7.5_300
sCSF,14.2,0.999532980140452,12_7.5_300
sCSF,14.3,0.970890347117629,12_7.5_300
sCSF,14.4,0.94303093617979,12_7.5_300
sCSF,14.5,0.915935220690684,12_7.5_300
sCSF,14.6,0.889584050253014,12_7.5_300
sCSF,14.7,0.863958639332168,12_7.5_300
sCSF,14.8,0.839040621213921,12_7.5_300
sCSF,14.9,0.814811994888824,12_7.5_300
sCSF,15,0.791255129043807,12_7.5_300
sCSF,15.1,0.768352788029371,12_7.5_300
sCSF,15.2,0.746088093454793,12_7.5_300
sCSF,15.3,0.724444535300772,12_7.5_300
sCSF,15.4,0.703405977181055,12_7.5_300
sCSF,15.5,0.682956628311467,12_7.5_300
sCSF,15.6,0.663081059711778,12_7.5_300
sCSF,15.7,0.643764196096803,12_7.5_300
sCSF,15.8,0.624991292583704,12_7.5_300
sCSF,15.9,0.606747957188341,12_7.5_300
sCSF,16,0.589020129694019,12_7.5_300
sCSF,16.1,0.571794070572357,12_7.5_300
sCSF,16.2,0.555056373530706,12_7.5_300
sCSF,16.3,0.538793947494239,12_7.5_300
sCSF,16.4,0.522994010252296,12_7.5_300
sCSF,16.5,0.507644093492156,12_7.5_300
sCSF,16.6,0.492732029521328,12_7.5_300
sCSF,16.7,0.478245942127169,12_7.5_300
sCSF,16.8,0.464174252387425,12_7.5_300
sCSF,16.9,0.450505665706991,12_7.5_300
sCSF,17,0.437229163597795,12_7.5_300
sCSF,17.1,0.424334005742629,12_7.5_300
sCSF,17.2,0.411809720166537,12_7.5_300
sCSF,17.3,0.39964609789036,12_7.5_300
sCSF,17.4,0.387833188095984,12_7.5_300
sCSF,17.5,0.376361292589449,12_7.5_300
sCSF,17.6,0.365220961745434,12_7.5_300
sCSF,17.7,0.354402988541389,12_7.5_300
sCSF,17.8,0.343898401003324,12_7.5_300
sCSF,17.9,0.333698460540355,12_7.5_300
sCSF,18,0.323794657636706,12_7.5_300
sCSF,18.1,0.314178700771065,12_7.5_300
sCSF,18.2,0.304842516492735,12_7.5_300
sCSF,18.3,0.29577824685048,12_7.5_300
sCSF,18.4,0.286978236185745,12_7.5_300
sCSF,18.5,0.27843503183638,12_7.5_300
sCSF,18.6,0.270141384487039,12_7.5_300
sCSF,18.7,0.2620902309111,12_7.5_300
sCSF,18.8,0.254274697282282,12_7.5_300
sCSF,18.9,0.24668809844861,12_7.5_300
sCSF,19,0.239323926596557,12_7.5_300
sCSF,19.1,0.232175845846457,12_7.5_300
sCSF,19.2,0.225237694630588,12_7.5_300
sCSF,19.3,0.218503482344886,12_7.5_300
sCSF,19.4,0.211967373449583,12_7.5_300
sCSF,19.5,0.205623693221571,12_7.5_300
sCSF,19.6,0.199466929609293,12_7.5_300
sCSF,19.7,0.193491712046283,12_7.5_300
sCSF,19.8,0.187692818970626,12_7.5_300
sCSF,19.9,0.182065178119244,12_7.5_300
sCSF,20,0.176603852754455,12_7.5_300
sCSF,20.1,0.171304040519567,12_7.5_300
sCSF,20.2,0.166161075511061,12_7.5_300
sCSF,20.3,0.161170423520799,12_7.5_300
sCSF,20.4,0.156327669908579,12_7.5_300
sCSF,20.5,0.151628525149379,12_7.5_300
sCSF,20.6,0.147068826641464,12_7.5_300
sCSF,20.7,0.142644518831192,12_7.5_300
sCSF,20.8,0.138351661501273,12_7.5_300
sCSF,20.9,0.134186433936402,12_7.5_300
sCSF,21,0.130145113697968,12_7.5_300
sCSF,21.1,0.126224083282938,12_7.5_300
sCSF,21.2,0.122419827813519,12_7.5_300
sCSF,21.3,0.118728942916788,12_7.5_300
sCSF,21.4,0.115148105558383,12_7.5_300
sCSF,21.5,0.111674090217382,12_7.5_300
sCSF,21.6,0.108303766230159,12_7.5_300
sCSF,21.7,0.105034098449545,12_7.5_300
sCSF,21.8,0.101862125346092,12_7.5_300
sCSF,21.9,0.0987849728772966,12_7.5_300
sCSF,22,0.0957998564047641,12_7.5_300
sCSF,22.1,0.0929040693215246,12_7.5_300
sCSF,22.2,0.0900949757851536,12_7.5_300
sCSF,22.3,0.0873700172225655,12_7.5_300
sCSF,22.4,0.0847267189504113,12_7.5_300
sCSF,22.5,0.0821626673888872,12_7.5_300
sCSF,22.6,0.0796755188525128,12_7.5_300
sCSF,22.7,0.0772629979711022,12_7.5_300
sCSF,22.8,0.0749229037586239,12_7.5_300
sCSF,22.9,0.0726530873398788,12_7.5_300
sCSF,23,0.070451464622138,12_7.5_300
sCSF,23.1,0.0683160140054966,12_7.5_300
sCSF,23.2,0.0662447770403829,12_7.5_300
sCSF,23.3,0.0642358430424198,12_7.5_300
sCSF,23.4,0.0622873587908113,12_7.5_300
sCSF,23.5,0.060397530472753,12_7.5_300
sCSF,23.6,0.058564615397263,12_7.5_300
sCSF,23.7,0.0567869162599136,12_7.5_300
sCSF,23.8,0.0550627865611338,12_7.5_300
sCSF,23.9,0.0533906382264855,12_7.5_300
sCSF,24,0.0517689187529941,12_7.5_300
sCSF,24.1,0.0501961217674307,12_7.5_300
sCSF,24.2,0.0486707848531979,12_7.5_300
sCSF,24.3,0.0471914953836054,12_7.5_300
sCSF,24.4,0.0457568804903088,12_7.5_300
sCSF,24.5,0.0443656004851054,12_7.5_300
sCSF,24.6,0.0430163571793424,12_7.5_300
sCSF,24.7,0.0417078919788279,12_7.5_300
sCSF,24.8,0.0404389892482349,12_7.5_300
sCSF,24.9,0.0392084609410624,12_7.5_300
sCSF,25,0.0380151564885647,12_7.5_300
brain ECF,0,0,15_1.5_250
brain ECF,0.1,0,15_1.5_250
brain ECF,0.2,0,15_1.5_250
brain ECF,0.3,0.150053540152145,15_1.5_250
brain ECF,0.4,0.879880792601471,15_1.5_250
brain ECF,0.5,1.94848079053071,15_1.5_250
brain ECF,0.6,3.16363425936088,15_1.5_250
brain ECF,0.7,4.39882875348222,15_1.5_250
brain ECF,0.8,5.57467278614722,15_1.5_250
brain ECF,0.9,6.64469280367686,15_1.5_250
brain ECF,1,7.58496727351375,15_1.5_250
brain ECF,1.1,8.38667315047682,15_1.5_250
brain ECF,1.2,9.05078061640176,15_1.5_250
brain ECF,1.3,9.58431883257636,15_1.5_250
brain ECF,1.4,9.99778365266746,15_1.5_250
brain ECF,1.5,10.3033699090724,15_1.5_250
brain ECF,1.6,10.5137946869361,15_1.5_250
brain ECF,1.7,10.6415405971665,15_1.5_250
brain ECF,1.8,10.6983933057022,15_1.5_250
brain ECF,1.9,10.6951834250009,15_1.5_250
brain ECF,2,10.6416664503366,15_1.5_250
brain ECF,2.1,10.5464945675958,15_1.5_250
brain ECF,2.2,10.4172468121239,15_1.5_250
brain ECF,2.3,10.2604943366708,15_1.5_250
brain ECF,2.4,10.0818849613403,15_1.5_250
brain ECF,2.5,9.88623595015913,15_1.5_250
brain ECF,2.6,9.67762801891753,15_1.5_250
brain ECF,2.7,9.45949604229927,15_1.5_250
brain ECF,2.8,9.23471377850636,15_1.5_250
brain ECF,2.9,9.00567123926486,15_1.5_250
brain ECF,3,8.77434406003671,15_1.5_250
brain ECF,3.1,8.54235495396858,15_1.5_250
brain ECF,3.2,8.31102758835218,15_1.5_250
brain ECF,3.3,8.0814332870595,15_1.5_250
brain ECF,3.4,7.8544313396195,15_1.5_250
brain ECF,3.5,7.63070356149299,15_1.5_250
brain ECF,3.6,7.41078377762837,15_1.5_250
brain ECF,3.7,7.19508279713958,15_1.5_250
brain ECF,3.8,6.98390950694949,15_1.5_250
brain ECF,3.9,6.777488695585,15_1.5_250
brain ECF,4,6.57597610298012,15_1.5_250
brain ECF,4.1,6.37947086525523,15_1.5_250
brain ECF,4.2,6.1880259291909,15_1.5_250
brain ECF,4.3,6.00165684906111,15_1.5_250
brain ECF,4.4,5.82034897172232,15_1.5_250
brain ECF,4.5,5.64406353105198,15_1.5_250
brain ECF,4.6,5.47274257325401,15_1.5_250
brain ECF,4.7,5.30631304460076,15_1.5_250
brain ECF,4.8,5.14469018593802,15_1.5_250
brain ECF,4.9,4.98778033680452,15_1.5_250
brain ECF,5,4.83548320569312,15_1.5_250
brain ECF,5.1,4.68769376301118,15_1.5_250
brain ECF,5.2,4.54430373657399,15_1.5_250
brain ECF,5.3,4.40520283253384,15_1.5_250
brain ECF,5.4,4.27027974528017,15_1.5_250
brain ECF,5.5,4.13942297574609,15_1.5_250
brain ECF,5.6,4.01252146315959,15_1.5_250
brain ECF,5.7,3.88946512119413,15_1.5_250
brain ECF,5.8,3.77014523210484,15_1.5_250
brain ECF,5.9,3.65445475572543,15_1.5_250
brain ECF,6,3.54228856639853,15_1.5_250
brain ECF,6.1,3.43354364278804,15_1.5_250
brain ECF,6.2,3.32811920177348,15_1.5_250
brain ECF,6.3,3.22591679899273,15_1.5_250
brain ECF,6.4,3.12684038639862,15_1.5_250
brain ECF,6.5,3.03079635013637,15_1.5_250
brain ECF,6.6,2.93769354184906,15_1.5_250
brain ECF,6.7,2.84744327401747,15_1.5_250
brain ECF,6.8,2.75995927296562,15_1.5_250
brain ECF,6.9,2.67515770060439,15_1.5_250
brain ECF,7,2.59295708194742,15_1.5_250
brain ECF,7.1,2.51327828451023,15_1.5_250
brain ECF,7.2,2.43604448224564,15_1.5_250
brain ECF,7.3,2.36118109883697,15_1.5_250
brain ECF,7.4,2.28861575818906,15_1.5_250
brain ECF,7.5,2.21827823717982,15_1.5_250
brain ECF,7.6,2.15010040529175,15_1.5_250
brain ECF,7.7,2.08401618228495,15_1.5_250
brain ECF,7.8,2.01996146519005,15_1.5_250
brain ECF,7.9,1.95787409580395,15_1.5_250
brain ECF,8,1.89769378568031,15_1.5_250
brain ECF,8.1,1.83936207903467,15_1.5_250
brain ECF,8.2,1.78282229454985,15_1.5_250
brain ECF,8.3,1.72801947115163,15_1.5_250
brain ECF,8.4,1.67490033005702,15_1.5_250
brain ECF,8.5,1.62341320836446,15_1.5_250
brain ECF,8.6,1.57350803083942,15_1.5_250
brain ECF,8.7,1.52513624224274,15_1.5_250
brain ECF,8.8,1.47825078208335,15_1.5_250
brain ECF,8.9,1.43280601856289,15_1.5_250
brain ECF,9,1.38875772956891,15_1.5_250
brain ECF,9.1,1.34606302984799,15_1.5_250
brain ECF,9.2,1.30468036637128,15_1.5_250
brain ECF,9.3,1.26456944131671,15_1.5_250
brain ECF,9.4,1.22569120371819,15_1.5_250
brain ECF,9.5,1.18800779631094,15_1.5_250
brain ECF,9.6,1.15148251972554,15_1.5_250
brain ECF,9.7,1.11607980816633,15_1.5_250
brain ECF,9.8,1.08176517562996,15_1.5_250
brain ECF,9.9,1.04850520778398,15_1.5_250
brain ECF,10,1.01626750010964,15_1.5_250
brain ECF,10.1,0.985020658407683,15_1.5_250
brain ECF,10.2,0.95473423477569,15_1.5_250
brain ECF,10.3,0.925378733022823,15_1.5_250
brain ECF,10.4,0.896925547573183,15_1.5_250
brain ECF,10.5,0.869346960269472,15_1.5_250
brain ECF,10.6,0.842616100523515,15_1.5_250
brain ECF,10.7,0.816706919953202,15_1.5_250
brain ECF,10.8,0.791594176906329,15_1.5_250
brain ECF,10.9,0.767253393737317,15_1.5_250
brain ECF,11,0.743660858014601,15_1.5_250
brain ECF,11.1,0.720793570268682,15_1.5_250
brain ECF,11.2,0.698629253292294,15_1.5_250
brain ECF,11.3,0.677146300063612,15_1.5_250
brain ECF,11.4,0.656323776238674,15_1.5_250
brain ECF,11.5,0.636141387159608,15_1.5_250
brain ECF,11.6,0.616579459918289,15_1.5_250
brain ECF,11.7,0.597618930458632,15_1.5_250
brain ECF,11.8,0.579241312450561,15_1.5_250
brain ECF,11.9,0.56142869700469,15_1.5_250
brain ECF,12,0.544163713987983,15_1.5_250
brain ECF,12.1,0.527429541247516,15_1.5_250
brain ECF,12.2,0.511209858642947,15_1.5_250
brain ECF,12.3,0.495488853975641,15_1.5_250
brain ECF,12.4,0.480251204935859,15_1.5_250
brain ECF,12.5,0.465482047337805,15_1.5_250
brain ECF,12.6,0.451166991555265,15_1.5_250
brain ECF,12.7,0.437292073699989,15_1.5_250
brain ECF,12.8,0.423843765677632,15_1.5_250
brain ECF,12.9,0.410808958537655,15_1.5_250
brain ECF,13,0.398174935699661,15_1.5_250
brain ECF,13.1,0.385929386134238,15_1.5_250
brain ECF,13.2,0.374060363509739,15_1.5_250
brain ECF,13.3,0.362556293857784,15_1.5_250
brain ECF,13.4,0.351405961205333,15_1.5_250
brain ECF,13.5,0.340598485437186,15_1.5_250
brain ECF,13.6,0.330123334204359,15_1.5_250
brain ECF,13.7,0.319970286182308,15_1.5_250
brain ECF,13.8,0.310129440120403,15_1.5_250
brain ECF,13.9,0.30059120270837,15_1.5_250
brain ECF,14,0.291346267646185,15_1.5_250
brain ECF,14.1,0.282385625540812,15_1.5_250
brain ECF,14.2,0.273700532867351,15_1.5_250
brain ECF,14.3,0.265282516328941,15_1.5_250
brain ECF,14.4,0.257123372056777,15_1.5_250
brain ECF,14.5,0.249215133981613,15_1.5_250
brain ECF,14.6,0.241550085691602,15_1.5_250
brain ECF,14.7,0.23412075766961,15_1.5_250
brain ECF,14.8,0.226919893478318,15_1.5_250
brain ECF,14.9,0.219940469482224,15_1.5_250
brain ECF,15,0.213175683252323,15_1.5_250
brain ECF,15.1,0.206618929595751,15_1.5_250
brain ECF,15.2,0.20026381581196,15_1.5_250
brain ECF,15.3,0.19410414479505,15_1.5_250
brain ECF,15.4,0.188133904738007,15_1.5_250
brain ECF,15.5,0.182347275084972,15_1.5_250
brain ECF,15.6,0.176738609188175,15_1.5_250
brain ECF,15.7,0.171302431249912,15_1.5_250
brain ECF,15.8,0.166033444026991,15_1.5_250
brain ECF,15.9,0.160926500986238,15_1.5_250
brain ECF,16,0.155976615690551,15_1.5_250
brain ECF,16.1,0.151178966510761,15_1.5_250
brain ECF,16.2,0.146528866577645,15_1.5_250
brain ECF,16.3,0.142021778421504,15_1.5_250
brain ECF,16.4,0.13765331121249,15_1.5_250
brain ECF,16.5,0.133419198428361,15_1.5_250
brain ECF,16.6,0.129315307466796,15_1.5_250
brain ECF,16.7,0.125337640620198,15_1.5_250
brain ECF,16.8,0.12148231246132,15_1.5_250
brain ECF,16.9,0.11774555780161,15_1.5_250
brain ECF,17,0.114123737785606,15_1.5_250
brain ECF,17.1,0.110613312815623,15_1.5_250
brain ECF,17.2,0.107210852785071,15_1.5_250
brain ECF,17.3,0.103913043079564,15_1.5_250
brain ECF,17.4,0.100716664421352,15_1.5_250
brain ECF,17.5,0.0976185926744419,15_1.5_250
brain ECF,17.6,0.0946158071512245,15_1.5_250
brain ECF,17.7,0.0917053811245275,15_1.5_250
brain ECF,17.8,0.0888844710280345,15_1.5_250
brain ECF,17.9,0.0861503247278163,15_1.5_250
brain ECF,18,0.0835002776727506,15_1.5_250
brain ECF,18.1,0.0809317415610763,15_1.5_250
brain ECF,18.2,0.078442209220799,15_1.5_250
brain ECF,18.3,0.0760292540582437,15_1.5_250
brain ECF,18.4,0.0736905178677724,15_1.5_250
brain ECF,18.5,0.0714237151989614,15_1.5_250
brain ECF,18.6,0.0692266404027143,15_1.5_250
brain ECF,18.7,0.0670971437835963,15_1.5_250
brain ECF,18.8,0.0650331435276349,15_1.5_250
brain ECF,18.9,0.0630326297973866,15_1.5_250
brain ECF,19,0.0610936504929641,15_1.5_250
brain ECF,19.1,0.0592143102715818,15_1.5_250
brain ECF,19.2,0.0573927756996056,15_1.5_250
brain ECF,19.3,0.0556272725443702,15_1.5_250
brain ECF,19.4,0.0539160759608636,15_1.5_250
brain ECF,19.5,0.0522575156435134,15_1.5_250
brain ECF,19.6,0.050649974864156,15_1.5_250
brain ECF,19.7,0.0490918829017149,15_1.5_250
brain ECF,19.8,0.0475817171320944,15_1.5_250
brain ECF,19.9,0.0461180061522616,15_1.5_250
brain ECF,20,0.0446993194271367,15_1.5_250
brain ECF,20.1,0.0433242690478835,15_1.5_250
brain ECF,20.2,0.0419915137182932,15_1.5_250
brain ECF,20.3,0.0406997553365081,15_1.5_250
brain ECF,20.4,0.0394477298569537,15_1.5_250
brain ECF,20.5,0.0382342147147591,15_1.5_250
brain ECF,20.6,0.0370580294453623,15_1.5_250
brain ECF,20.7,0.0359180247170394,15_1.5_250
brain ECF,20.8,0.034813088122829,15_1.5_250
brain ECF,20.9,0.0337421423939758,15_1.5_250
brain ECF,21,0.0327041419318902,15_1.5_250
brain ECF,21.1,0.0316980729290877,15_1.5_250
brain ECF,21.2,0.0307229525826466,15_1.5_250
brain ECF,21.3,0.0297778314089219,15_1.5_250
brain ECF,21.4,0.028861783588701,15_1.5_250
brain ECF,21.5,0.027973912147579,15_1.5_250
brain ECF,21.6,0.0271133506883675,15_1.5_250
brain ECF,21.7,0.0262792635727251,15_1.5_250
brain ECF,21.8,0.0254708318529683,15_1.5_250
brain ECF,21.9,0.0246872642858785,15_1.5_250
brain ECF,22,0.0239277995984232,15_1.5_250
brain ECF,22.1,0.0231916983163448,15_1.5_250
brain ECF,22.2,0.0224782406339921,15_1.5_250
brain ECF,22.3,0.02178673058114,15_1.5_250
brain ECF,22.4,0.0211164944103458,15_1.5_250
brain ECF,22.5,0.0204668781542255,15_1.5_250
brain ECF,22.6,0.01983724785952,15_1.5_250
brain ECF,22.7,0.0192269887395154,15_1.5_250
brain ECF,22.8,0.0186355047856412,15_1.5_250
brain ECF,22.9,0.0180622169945034,15_1.5_250
brain ECF,23,0.0175065633450902,15_1.5_250
brain ECF,23.1,0.016968001160123,15_1.5_250
brain ECF,23.2,0.0164460075137052,15_1.5_250
brain ECF,23.3,0.0159400686163139,15_1.5_250
brain ECF,23.4,0.0154496882625118,15_1.5_250
brain ECF,23.5,0.0149743911146843,15_1.5_250
brain ECF,23.6,0.0145137151795545,15_1.5_250
brain ECF,23.7,0.0140672097734455,15_1.5_250
brain ECF,23.8,0.0136344401245402,15_1.5_250
brain ECF,23.9,0.0132149831872159,15_1.5_250
brain ECF,24,0.0128084309466524,15_1.5_250
brain ECF,24.1,0.0124143875394206,15_1.5_250
brain ECF,24.2,0.0120324691391431,15_1.5_250
brain ECF,24.3,0.01166230255267,15_1.5_250
brain ECF,24.4,0.0113035259626266,15_1.5_250
brain ECF,24.5,0.0109557887150951,15_1.5_250
brain ECF,24.6,0.0106187498935964,15_1.5_250
brain ECF,24.7,0.010292079624363,15_1.5_250
brain ECF,24.8,0.00997546020942576,15_1.5_250
brain ECF,24.9,0.00966857984592487,15_1.5_250
brain ECF,25,0.00937113703992548,15_1.5_250
brain ICF,0,0,15_1.5_250
brain ICF,0.1,0,15_1.5_250
brain ICF,0.2,0,15_1.5_250
brain ICF,0.3,0.147204345502079,15_1.5_250
brain ICF,0.4,1.2512222392826,15_1.5_250
brain ICF,0.5,3.02806693217529,15_1.5_250
brain ICF,0.6,5.11614029597956,15_1.5_250
brain ICF,0.7,7.27515939489481,15_1.5_250
brain ICF,0.8,9.35274537825507,15_1.5_250
brain ICF,0.9,11.2581968168763,15_1.5_250
brain ICF,1,12.9432367169526,15_1.5_250
brain ICF,1.1,14.3881356038117,15_1.5_250
brain ICF,1.2,15.59181402356,15_1.5_250
brain ICF,1.3,16.5648593631149,15_1.5_250
brain ICF,1.4,17.3246636261326,15_1.5_250
brain ICF,1.5,17.8920947756145,15_1.5_250
brain ICF,1.6,18.2892689625913,15_1.5_250
brain ICF,1.7,18.5381066786016,15_1.5_250
brain ICF,1.8,18.659439483004,15_1.5_250
brain ICF,1.9,18.6725002972341,15_1.5_250
brain ICF,2,18.5946739115604,15_1.5_250
brain ICF,2.1,18.4414216292655,15_1.5_250
brain ICF,2.2,18.2263174870731,15_1.5_250
brain ICF,2.3,17.9611525214945,15_1.5_250
brain ICF,2.4,17.6560773494929,15_1.5_250
brain ICF,2.5,17.3197622226436,15_1.5_250
brain ICF,2.6,16.9595612618062,15_1.5_250
brain ICF,2.7,16.5816721838247,15_1.5_250
brain ICF,2.8,16.1912863206949,15_1.5_250
brain ICF,2.9,15.7927261622501,15_1.5_250
brain ICF,3,15.3895690502172,15_1.5_250
brain ICF,3.1,14.9847570159453,15_1.5_250
brain ICF,3.2,14.5806932674784,15_1.5_250
brain ICF,3.3,14.1793259558389,15_1.5_250
brain ICF,3.4,13.7822205642312,15_1.5_250
brain ICF,3.5,13.390622052033,15_1.5_250
brain ICF,3.6,13.0055079169737,15_1.5_250
brain ICF,3.7,12.6276331779617,15_1.5_250
brain ICF,3.8,12.2575683987398,15_1.5_250
brain ICF,3.9,11.8957318347298,15_1.5_250
brain ICF,4,11.5424165965892,15_1.5_250
brain ICF,4.1,11.197813124355,15_1.5_250
brain ICF,4.2,10.8620280001023,15_1.5_250
brain ICF,4.3,10.5350998484161,15_1.5_250
brain ICF,4.4,10.2170123303495,15_1.5_250
brain ICF,4.5,9.907705168155,15_1.5_250
brain ICF,4.6,9.60708305940376,15_1.5_250
brain ICF,4.7,9.31502307864452,15_1.5_250
brain ICF,4.8,9.03138082633089,15_1.5_250
brain ICF,4.9,8.75599551083594,15_1.5_250
brain ICF,5,8.4886940635721,15_1.5_250
brain ICF,5.1,8.22929457441093,15_1.5_250
brain ICF,5.2,7.97760900709976,15_1.5_250
brain ICF,5.3,7.73344541633343,15_1.5_250
brain ICF,5.4,7.49660978354889,15_1.5_250
brain ICF,5.5,7.26690750627272,15_1.5_250
brain ICF,5.6,7.04414454950319,15_1.5_250
brain ICF,5.7,6.82812842367096,15_1.5_250
brain ICF,5.8,6.61866890512685,15_1.5_250
brain ICF,5.9,6.41557860236716,15_1.5_250
brain ICF,6,6.21867339157124,15_1.5_250
brain ICF,6.1,6.02777276664784,15_1.5_250
brain ICF,6.2,5.84270008781872,15_1.5_250
brain ICF,6.3,5.66328276962184,15_1.5_250
brain ICF,6.4,5.48935239090019,15_1.5_250
brain ICF,6.5,5.3207447681526,15_1.5_250
brain ICF,6.6,5.15730001854851,15_1.5_250
brain ICF,6.7,4.99886255642587,15_1.5_250
brain ICF,6.8,4.84528101300353,15_1.5_250
brain ICF,6.9,4.69640828073047,15_1.5_250
brain ICF,7,4.55210138623756,15_1.5_250
brain ICF,7.1,4.41222145757409,15_1.5_250
brain ICF,7.2,4.27663366354744,15_1.5_250
brain ICF,7.3,4.14520711506463,15_1.5_250
brain ICF,7.4,4.01781477962039,15_1.5_250
brain ICF,7.5,3.89433339971772,15_1.5_250
brain ICF,7.6,3.77464338730314,15_1.5_250
brain ICF,7.7,3.65862875121677,15_1.5_250
brain ICF,7.8,3.54617696756173,15_1.5_250
brain ICF,7.9,3.43717892582774,15_1.5_250
brain ICF,8,3.33152879441934,15_1.5_250
brain ICF,8.1,3.22912395891699,15_1.5_250
brain ICF,8.2,3.12986491765831,15_1.5_250
brain ICF,8.3,3.03365518869967,15_1.5_250
brain ICF,8.4,2.94040124208354,15_1.5_250
brain ICF,8.5,2.85001238437777,15_1.5_250
brain ICF,8.6,2.76240070842559,15_1.5_250
brain ICF,8.7,2.67748097550079,15_1.5_250
brain ICF,8.8,2.59517057012749,15_1.5_250
brain ICF,8.9,2.51538938508511,15_1.5_250
brain ICF,9,2.43805978725313,15_1.5_250
brain ICF,9.1,2.36310649053784,15_1.5_250
brain ICF,9.2,2.29045654722079,15_1.5_250
brain ICF,9.3,2.22003921315112,15_1.5_250
brain ICF,9.4,2.15178593284264,15_1.5_250
brain ICF,9.5,2.08563024629172,15_1.5_250
brain ICF,9.6,2.0215077262407,15_1.5_250
brain ICF,9.7,1.95935593546709,15_1.5_250
brain ICF,9.8,1.89911433226929,15_1.5_250
brain ICF,9.9,1.84072425605014,15_1.5_250
brain ICF,10,1.78412881912764,15_1.5_250
brain ICF,10.1,1.72927290764272,15_1.5_250
brain ICF,10.2,1.67610306890403,15_1.5_250
brain ICF,10.3,1.62456752054203,15_1.5_250
brain ICF,10.4,1.57461604384898,15_1.5_250
brain ICF,10.5,1.52619997826709,15_1.5_250
brain ICF,10.6,1.47927215123908,15_1.5_250
brain ICF,10.7,1.43378683347534,15_1.5_250
brain ICF,10.8,1.38969971189761,15_1.5_250
brain ICF,10.9,1.34696781478738,15_1.5_250
brain ICF,11,1.30554951343528,15_1.5_250
brain ICF,11.1,1.26540443086082,15_1.5_250
brain ICF,11.2,1.22649345824357,15_1.5_250
brain ICF,11.3,1.18877866306567,15_1.5_250
brain ICF,11.4,1.15222329393157,15_1.5_250
brain ICF,11.5,1.11679172251293,15_1.5_250
brain ICF,11.6,1.08244941194557,15_1.5_250
brain ICF,11.7,1.04916289418097,15_1.5_250
brain ICF,11.8,1.0168997155068,15_1.5_250
brain ICF,11.9,0.985628435713045,15_1.5_250
brain ICF,12,0.955318560466736,15_1.5_250
brain ICF,12.1,0.925940557516602,15_1.5_250
brain ICF,12.2,0.897465775743804,15_1.5_250
brain ICF,12.3,0.869866455873491,15_1.5_250
brain ICF,12.4,0.843115698793349,15_1.5_250
brain ICF,12.5,0.817187409542947,15_1.5_250
brain ICF,12.6,0.792056326075967,15_1.5_250
brain ICF,12.7,0.767697933935976,15_1.5_250
brain ICF,12.8,0.744088483786268,15_1.5_250
brain ICF,12.9,0.721204962285711,15_1.5_250
brain ICF,13,0.699025044828177,15_1.5_250
brain ICF,13.1,0.677527118158296,15_1.5_250
brain ICF,13.2,0.656690209640498,15_1.5_250
brain ICF,13.3,0.636494000566434,15_1.5_250
brain ICF,13.4,0.61691880122923,15_1.5_250
brain ICF,13.5,0.597945511161509,15_1.5_250
brain ICF,13.6,0.57955563929965,15_1.5_250
brain ICF,13.7,0.561731241428187,15_1.5_250
brain ICF,13.8,0.544454935081379,15_1.5_250
brain ICF,13.9,0.527709878605625,15_1.5_250
brain ICF,14,0.511479733823596,15_1.5_250
brain ICF,14.1,0.495748684756894,15_1.5_250
brain ICF,14.2,0.48050138166546,15_1.5_250
brain ICF,14.3,0.465722949480849,15_1.5_250
brain ICF,14.4,0.451398985499458,15_1.5_250
brain ICF,14.5,0.437515505254372,15_1.5_250
brain ICF,14.6,0.424058962160647,15_1.5_250
brain ICF,14.7,0.41101624250543,15_1.5_250
brain ICF,14.8,0.398374607010256,15_1.5_250
brain ICF,14.9,0.386121725075249,15_1.5_250
brain ICF,15,0.374245654609418,15_1.5_250
brain ICF,15.1,0.362734799304394,15_1.5_250
brain ICF,15.2,0.351577936507372,15_1.5_250
brain ICF,15.3,0.340764187040659,15_1.5_250
brain ICF,15.4,0.330282996939641,15_1.5_250
brain ICF,15.5,0.320124147768002,15_1.5_250
brain ICF,15.6,0.310277726741335,15_1.5_250
brain ICF,15.7,0.3007341211138,15_1.5_250
brain ICF,15.8,0.291484030724869,15_1.5_250
brain ICF,15.9,0.282518420604437,15_1.5_250
brain ICF,16,0.273828536539566,15_1.5_250
brain ICF,16.1,0.265405913858588,15_1.5_250
brain ICF,16.2,0.257242324066459,15_1.5_250
brain ICF,16.3,0.249329801172561,15_1.5_250
brain ICF,16.4,0.241660637180075,15_1.5_250
brain ICF,16.5,0.234227341678357,15_1.5_250
brain ICF,16.6,0.227022659658239,15_1.5_250
brain ICF,16.7,0.220039573008979,15_1.5_250
brain ICF,16.8,0.213271260825275,15_1.5_250
brain ICF,16.9,0.206711113398391,15_1.5_250
brain ICF,17,0.200352742002709,15_1.5_250
brain ICF,17.1,0.194189932910193,15_1.5_250
brain ICF,17.2,0.188216664366819,15_1.5_250
brain ICF,17.3,0.182427117180916,15_1.5_250
brain ICF,17.4,0.176815639501824,15_1.5_250
brain ICF,17.5,0.171376746426212,15_1.5_250
brain ICF,17.6,0.166105134956858,15_1.5_250
brain ICF,17.7,0.160995667125326,15_1.5_250
brain ICF,17.8,0.156043350620562,15_1.5_250
brain ICF,17.9,0.151243353918877,15_1.5_250
brain ICF,18,0.146590999470698,15_1.5_250
brain ICF,18.1,0.14208174347995,15_1.5_250
brain ICF,18.2,0.137711184640246,15_1.5_250
brain ICF,18.3,0.133475062614481,15_1.5_250
brain ICF,18.4,0.129369237730064,15_1.5_250
brain ICF,18.5,0.125389697832984,15_1.5_250
brain ICF,18.6,0.121532570396635,15_1.5_250
brain ICF,18.7,0.117794081472288,15_1.5_250
brain ICF,18.8,0.114170576048266,15_1.5_250
brain ICF,18.9,0.110658525813286,15_1.5_250
brain ICF,19,0.107254503613116,15_1.5_250
brain ICF,19.1,0.103955181783364,15_1.5_250
brain ICF,19.2,0.100757341619539,15_1.5_250
brain ICF,19.3,0.0976578686374802,15_1.5_250
brain ICF,19.4,0.094653734751688,15_1.5_250
brain ICF,19.5,0.0917420078110138,15_1.5_250
brain ICF,19.6,0.0889198493722401,15_1.5_250
brain ICF,19.7,0.0861845022454415,15_1.5_250
brain ICF,19.8,0.083533293583156,15_1.5_250
brain ICF,19.9,0.0809636399081612,15_1.5_250
brain ICF,20,0.0784730297922726,15_1.5_250
brain ICF,20.1,0.076059026579446,15_1.5_250
brain ICF,20.2,0.0737192754583739,15_1.5_250
brain ICF,20.3,0.071451497466715,15_1.5_250
brain ICF,20.4,0.0692534731828915,15_1.5_250
brain ICF,20.5,0.0671230561510812,15_1.5_250
brain ICF,20.6,0.0650581744092093,15_1.5_250
brain ICF,20.7,0.0630568100588816,15_1.5_250
brain ICF,20.8,0.0611170103147196,15_1.5_250
brain ICF,20.9,0.0592368838787001,15_1.5_250
brain ICF,21,0.0574145953802393,15_1.5_250
brain ICF,21.1,0.0556483652763706,15_1.5_250
brain ICF,21.2,0.0539364683874268,15_1.5_250
brain ICF,21.3,0.052277237220742,15_1.5_250
brain ICF,21.4,0.0506690467983711,15_1.5_250
brain ICF,21.5,0.0491103224075808,15_1.5_250
brain ICF,21.6,0.0475995429306023,15_1.5_250
brain ICF,21.7,0.0461352411429911,15_1.5_250
brain ICF,21.8,0.0447159791292287,15_1.5_250
brain ICF,21.9,0.0433403674960169,15_1.5_250
brain ICF,22,0.0420070700131141,15_1.5_250
brain ICF,22.1,0.0407147885501207,15_1.5_250
brain ICF,22.2,0.0394622592125053,15_1.5_250
brain ICF,22.3,0.0382482601509733,15_1.5_250
brain ICF,22.4,0.0370716088703,15_1.5_250
brain ICF,22.5,0.0359311574085265,15_1.5_250
brain ICF,22.6,0.0348257930918288,15_1.5_250
brain ICF,22.7,0.0337544368724856,15_1.5_250
brain ICF,22.8,0.0327160418625561,15_1.5_250
brain ICF,22.9,0.0317095920373228,15_1.5_250
brain ICF,23,0.0307341008304348,15_1.5_250
brain ICF,23.1,0.0297886154216357,15_1.5_250
brain ICF,23.2,0.0288722173772933,15_1.5_250
brain ICF,23.3,0.0279840045909402,15_1.5_250
brain ICF,23.4,0.0271231055638066,15_1.5_250
brain ICF,23.5,0.0262886859987573,15_1.5_250
brain ICF,23.6,0.0254799348252262,15_1.5_250
brain ICF,23.7,0.0246960604579241,15_1.5_250
brain ICF,23.8,0.023936299430231,15_1.5_250
brain ICF,23.9,0.0231999099135594,15_1.5_250
brain ICF,24,0.0224861755175984,15_1.5_250
brain ICF,24.1,0.0217944015360356,15_1.5_250
brain ICF,24.2,0.0211239145701451,15_1.5_250
brain ICF,24.3,0.0204740588281393,15_1.5_250
brain ICF,24.4,0.0198441988555051,15_1.5_250
brain ICF,24.5,0.019233719477765,15_1.5_250
brain ICF,24.6,0.0186420222000439,15_1.5_250
brain ICF,24.7,0.0180685278954909,15_1.5_250
brain ICF,24.8,0.0175126788016353,15_1.5_250
brain ICF,24.9,0.0169739274431432,15_1.5_250
brain ICF,25,0.0164517444134741,15_1.5_250
sCSF,0,0,15_1.5_250
sCSF,0.1,0,15_1.5_250
sCSF,0.2,0,15_1.5_250
sCSF,0.3,0.00140406677177371,15_1.5_250
sCSF,0.4,0.0327579987693493,15_1.5_250
sCSF,0.5,0.128226660290439,15_1.5_250
sCSF,0.6,0.300777620548766,15_1.5_250
sCSF,0.7,0.551455138762211,15_1.5_250
sCSF,0.8,0.874436164826605,15_1.5_250
sCSF,0.9,1.26010049742714,15_1.5_250
sCSF,1,1.69705039233196,15_1.5_250
sCSF,1.1,2.17343190036936,15_1.5_250
sCSF,1.2,2.67777004110498,15_1.5_250
sCSF,1.3,3.19946572775327,15_1.5_250
sCSF,1.4,3.72906059143558,15_1.5_250
sCSF,1.5,4.25834590111622,15_1.5_250
sCSF,1.6,4.78036979564264,15_1.5_250
sCSF,1.7,5.28938101481798,15_1.5_250
sCSF,1.8,5.78073580540415,15_1.5_250
sCSF,1.9,6.25078607161166,15_1.5_250
sCSF,2,6.69676099893206,15_1.5_250
sCSF,2.1,7.1166499328388,15_1.5_250
sCSF,2.2,7.50909139549432,15_1.5_250
sCSF,2.3,7.87327093254702,15_1.5_250
sCSF,2.4,8.20882916331842,15_1.5_250
sCSF,2.5,8.51578036588839,15_1.5_250
sCSF,2.6,8.7944413636789,15_1.5_250
sCSF,2.7,9.04537016803708,15_1.5_250
sCSF,2.8,9.26931350533956,15_1.5_250
sCSF,2.9,9.46716234607575,15_1.5_250
sCSF,3,9.63991460039376,15_1.5_250
sCSF,3.1,9.78864398900957,15_1.5_250
sCSF,3.2,9.91447428309135,15_1.5_250
sCSF,3.3,10.0185582373031,15_1.5_250
sCSF,3.4,10.1020604487965,15_1.5_250
sCSF,3.5,10.1661435545186,15_1.5_250
sCSF,3.6,10.2119572403705,15_1.5_250
sCSF,3.7,10.2406296499687,15_1.5_250
sCSF,3.8,10.2532607698433,15_1.5_250
sCSF,3.9,10.2509174143778,15_1.5_250
sCSF,4,10.2346295263608,15_1.5_250
sCSF,4.1,10.2053876621975,15_1.5_250
sCSF,4.2,10.1641413591712,15_1.5_250
sCSF,4.3,10.1117981753864,15_1.5_250
sCSF,4.4,10.0492233750454,15_1.5_250
sCSF,4.5,9.97724002267883,15_1.5_250
sCSF,4.6,9.89662949729661,15_1.5_250
sCSF,4.7,9.80813227877389,15_1.5_250
sCSF,4.8,9.71244893936092,15_1.5_250
sCSF,4.9,9.61024129559093,15_1.5_250
sCSF,5,9.5021336903958,15_1.5_250
sCSF,5.1,9.38871434669819,15_1.5_250
sCSF,5.2,9.27053678494348,15_1.5_250
sCSF,5.3,9.14812126428978,15_1.5_250
sCSF,5.4,9.02195622658799,15_1.5_250
sCSF,5.5,8.89249973464133,15_1.5_250
sCSF,5.6,8.76018089410498,15_1.5_250
sCSF,5.7,8.62540125446395,15_1.5_250
sCSF,5.8,8.48853617225581,15_1.5_250
sCSF,5.9,8.3499361344424,15_1.5_250
sCSF,6,8.20992803671784,15_1.5_250
sCSF,6.1,8.06881642257653,15_1.5_250
sCSF,6.2,7.926884669325,15_1.5_250
sCSF,6.3,7.78439612812595,15_1.5_250
sCSF,6.4,7.641595213254,15_1.5_250
sCSF,6.5,7.49870844911736,15_1.5_250
sCSF,6.6,7.35594549042979,15_1.5_250
sCSF,6.7,7.2135000892682,15_1.5_250
sCSF,6.8,7.07155092348092,15_1.5_250
sCSF,6.9,6.93026256854881,15_1.5_250
sCSF,7,6.78978623655194,15_1.5_250
sCSF,7.1,6.65026055966287,15_1.5_250
sCSF,7.2,6.51181240910385,15_1.5_250
sCSF,7.3,6.37455752499755,15_1.5_250
sCSF,7.4,6.2386011940298,15_1.5_250
sCSF,7.5,6.10403891382869,15_1.5_250
sCSF,7.6,5.9709569667392,15_1.5_250
sCSF,7.7,5.83943308943645,15_1.5_250
sCSF,7.8,5.70953680272751,15_1.5_250
sCSF,7.9,5.58133025493006,15_1.5_250
sCSF,8,5.45486824091505,15_1.5_250
sCSF,8.1,5.33019919477731,15_1.5_250
sCSF,8.2,5.20736504943845,15_1.5_250
sCSF,8.3,5.08640220921732,15_1.5_250
sCSF,8.4,4.96734140814024,15_1.5_250
sCSF,8.5,4.85020857475163,15_1.5_250
sCSF,8.6,4.73502470426393,15_1.5_250
sCSF,8.7,4.62180665254968,15_1.5_250
sCSF,8.8,4.51056697082108,15_1.5_250
sCSF,8.9,4.40131466896813,15_1.5_250
sCSF,9,4.29405499220798,15_1.5_250
sCSF,9.1,4.18879022517863,15_1.5_250
sCSF,9.2,4.08551936100123,15_1.5_250
sCSF,9.3,3.98423886142958,15_1.5_250
sCSF,9.4,3.88494247405488,15_1.5_250
sCSF,9.5,3.78762162740806,15_1.5_250
sCSF,9.6,3.69226561873441,15_1.5_250
sCSF,9.7,3.59886165959701,15_1.5_250
sCSF,9.8,3.50739527187664,15_1.5_250
sCSF,9.9,3.41785016189594,15_1.5_250
sCSF,10,3.33020869140138,15_1.5_250
sCSF,10.1,3.24445167326215,15_1.5_250
sCSF,10.2,3.16055885549083,15_1.5_250
sCSF,10.3,3.07850870078391,15_1.5_250
sCSF,10.4,2.99827880599454,15_1.5_250
sCSF,10.5,2.919845784472,15_1.5_250
sCSF,10.6,2.84318548371381,15_1.5_250
sCSF,10.7,2.76827307498411,15_1.5_250
sCSF,10.8,2.6950830528232,15_1.5_250
sCSF,10.9,2.6235894760876,15_1.5_250
sCSF,11,2.55376584140945,15_1.5_250
sCSF,11.1,2.4855853827663,15_1.5_250
sCSF,11.2,2.41902090334092,15_1.5_250
sCSF,11.3,2.35404505908507,15_1.5_250
sCSF,11.4,2.29063024654049,15_1.5_250
sCSF,11.5,2.22874874751115,15_1.5_250
sCSF,11.6,2.16837276575662,15_1.5_250
sCSF,11.7,2.10947442680688,15_1.5_250
sCSF,11.8,2.052025910321,15_1.5_250
sCSF,11.9,1.99599937263069,15_1.5_250
sCSF,12,1.94136711525954,15_1.5_250
sCSF,12.1,1.888101469452,15_1.5_250
sCSF,12.2,1.83617498992197,15_1.5_250
sCSF,12.3,1.78556036495345,15_1.5_250
sCSF,12.4,1.73623045680067,15_1.5_250
sCSF,12.5,1.68815841688235,15_1.5_250
sCSF,12.6,1.64131754256089,15_1.5_250
sCSF,12.7,1.59568147945214,15_1.5_250
sCSF,12.8,1.55122411514405,15_1.5_250
sCSF,12.9,1.50791961243327,15_1.5_250
sCSF,13,1.46574249433348,15_1.5_250
sCSF,13.1,1.42466754408192,15_1.5_250
sCSF,13.2,1.38466993419131,15_1.5_250
sCSF,13.3,1.34572515820375,15_1.5_250
sCSF,13.4,1.30780905104968,15_1.5_250
sCSF,13.5,1.27089784418488,15_1.5_250
sCSF,13.6,1.2349680893911,15_1.5_250
sCSF,13.7,1.19999675529987,15_1.5_250
sCSF,13.8,1.16596116960368,15_1.5_250
sCSF,13.9,1.13283903154558,15_1.5_250
sCSF,14,1.10060845141471,15_1.5_250
sCSF,14.1,1.0692478855979,15_1.5_250
sCSF,14.2,1.03873621971189,15_1.5_250
sCSF,14.3,1.00905272014482,15_1.5_250
sCSF,14.4,0.980177009205765,15_1.5_250
sCSF,14.5,0.952089142606662,15_1.5_250
sCSF,14.6,0.924769547485921,15_1.5_250
sCSF,14.7,0.89819901375112,15_1.5_250
sCSF,14.8,0.872358752511505,15_1.5_250
sCSF,14.9,0.847230337287218,15_1.5_250
sCSF,15,0.82279571241584,15_1.5_250
sCSF,15.1,0.799037220690249,15_1.5_250
sCSF,15.2,0.775937560806908,15_1.5_250
sCSF,15.3,0.75347980366897,15_1.5_250
sCSF,15.4,0.731647396614024,15_1.5_250
sCSF,15.5,0.710424133052267,15_1.5_250
sCSF,15.6,0.689794174176082,15_1.5_250
sCSF,15.7,0.66974203768956,15_1.5_250
sCSF,15.8,0.65025257371483,15_1.5_250
sCSF,15.9,0.631310992075227,15_1.5_250
sCSF,16,0.612902837761029,15_1.5_250
sCSF,16.1,0.595013979502771,15_1.5_250
sCSF,16.2,0.577630626214217,15_1.5_250
sCSF,16.3,0.560739305887925,15_1.5_250
sCSF,16.4,0.544326859649787,15_1.5_250
sCSF,16.5,0.528380449439986,15_1.5_250
sCSF,16.6,0.512887542591828,15_1.5_250
sCSF,16.7,0.497835902245475,15_1.5_250
sCSF,16.8,0.483213596112146,15_1.5_250
sCSF,16.9,0.46900898166985,15_1.5_250
sCSF,17,0.45521069641617,15_1.5_250
sCSF,17.1,0.441807664084536,15_1.5_250
sCSF,17.2,0.428789082008836,15_1.5_250
sCSF,17.3,0.416144415180786,15_1.5_250
sCSF,17.4,0.403863393452961,15_1.5_250
sCSF,17.5,0.39193600555254,15_1.5_250
sCSF,17.6,0.380352493905246,15_1.5_250
sCSF,17.7,0.369103349005599,15_1.5_250
sCSF,17.8,0.358179303139518,15_1.5_250
sCSF,17.9,0.347571327461235,15_1.5_250
sCSF,18,0.337270627383766,15_1.5_250
sCSF,18.1,0.327268632751573,15_1.5_250
sCSF,18.2,0.317556997130849,15_1.5_250
sCSF,18.3,0.308127594807218,15_1.5_250
sCSF,18.4,0.298972508493713,15_1.5_250
sCSF,18.5,0.290084029574954,15_1.5_250
sCSF,18.6,0.281454657336101,15_1.5_250
sCSF,18.7,0.273077083586183,15_1.5_250
sCSF,18.8,0.264944194723605,15_1.5_250
sCSF,18.9,0.257049070922061,15_1.5_250
sCSF,19,0.249384974346581,15_1.5_250
sCSF,19.1,0.241945345070221,15_1.5_250
sCSF,19.2,0.234723802537653,15_1.5_250
sCSF,19.3,0.22771414130301,15_1.5_250
sCSF,19.4,0.22091031656444,15_1.5_250
sCSF,19.5,0.214306449265211,15_1.5_250
sCSF,19.6,0.207896827588722,15_1.5_250
sCSF,19.7,0.201675885935007,15_1.5_250
sCSF,19.8,0.195638212380856,15_1.5_250
sCSF,19.9,0.189778549319893,15_1.5_250
sCSF,20,0.184091778214591,15_1.5_250
sCSF,20.1,0.178572920057249,15_1.5_250
sCSF,20.2,0.173217136624508,15_1.5_250
sCSF,20.3,0.168019724704449,15_1.5_250
sCSF,20.4,0.162976105584588,15_1.5_250
sCSF,20.5,0.158081829756744,15_1.5_250
sCSF,20.6,0.153332577906028,15_1.5_250
sCSF,20.7,0.148724142060259,15_1.5_250
sCSF,20.8,0.144252433206145,15_1.5_250
sCSF,20.9,0.139913486753008,15_1.5_250
sCSF,21,0.135703438047882,15_1.5_250
sCSF,21.1,0.131618532123327,15_1.5_250
sCSF,21.2,0.127655120389358,15_1.5_250
sCSF,21.3,0.123809667796389,15_1.5_250
sCSF,21.4,0.120078724015609,15_1.5_250
sCSF,21.5,0.116458939593783,15_1.5_250
sCSF,21.6,0.112947063743569,15_1.5_250
sCSF,21.7,0.109539942973718,15_1.5_250
sCSF,21.8,0.106234501508621,15_1.5_250
sCSF,21.9,0.103027753761563,15_1.5_250
sCSF,22,0.0999168071018819,15_1.5_250
sCSF,22.1,0.0968988481851081,15_1.5_250
sCSF,22.2,0.0939711383657852,15_1.5_250
sCSF,22.3,0.0911310185774992,15_1.5_250
sCSF,22.4,0.0883759176862702,15_1.5_250
sCSF,22.5,0.0857033259250933,15_1.5_250
sCSF,22.6,0.0831108073122371,15_1.5_250
sCSF,22.7,0.0805959967703101,15_1.5_250
sCSF,22.8,0.0781566060377814,15_1.5_250
sCSF,22.9,0.0757904009657002,15_1.5_250
sCSF,23,0.073495214691091,15_1.5_250
sCSF,23.1,0.0712689455296495,15_1.5_250
sCSF,23.2,0.0691095562117974,15_1.5_250
sCSF,23.3,0.0670150600762065,15_1.5_250
sCSF,23.4,0.0649835298192365,15_1.5_250
sCSF,23.5,0.0630130999151198,15_1.5_250
sCSF,23.6,0.0611019567041061,15_1.5_250
sCSF,23.7,0.059248334787155,15_1.5_250
sCSF,23.8,0.057450521046511,15_1.5_250
sCSF,23.9,0.0557068641300507,15_1.5_250
sCSF,24,0.0540157474312656,15_1.5_250
sCSF,24.1,0.0523756036352005,15_1.5_250
sCSF,24.2,0.0507849106789307,15_1.5_250
sCSF,24.3,0.0492421994479769,15_1.5_250
sCSF,24.4,0.047746040362927,15_1.5_250
sCSF,24.5,0.0462950392284748,15_1.5_250
sCSF,24.6,0.0448878448556068,15_1.5_250
sCSF,24.7,0.0435231476851657,15_1.5_250
sCSF,24.8,0.0421996820485626,15_1.5_250
sCSF,24.9,0.040916211347795,15_1.5_250
sCSF,25,0.0396715378746695,15_1.5_250
brain ECF,0,0,15_1.5_300
brain ECF,0.1,0,15_1.5_300
brain ECF,0.2,0,15_1.5_300
brain ECF,0.3,0.14200493900536,15_1.5_300
brain ECF,0.4,0.862623039098568,15_1.5_300
brain ECF,0.5,1.92968175924591,15_1.5_300
brain ECF,0.6,3.1472760759787,15_1.5_300
brain ECF,0.7,4.38665619861532,15_1.5_300
brain ECF,0.8,5.56711515092174,15_1.5_300
brain ECF,0.9,6.64145503346738,15_1.5_300
brain ECF,1,7.58540209637886,15_1.5_300
brain ECF,1.1,8.39000766072663,15_1.5_300
brain ECF,1.2,9.05624729767574,15_1.5_300
brain ECF,1.3,9.59122506725958,15_1.5_300
brain ECF,1.4,10.0055427136253,15_1.5_300
brain ECF,1.5,10.3115087535406,15_1.5_300
brain ECF,1.6,10.5219486020783,15_1.5_300
brain ECF,1.7,10.6494411373609,15_1.5_300
brain ECF,1.8,10.7058535251544,15_1.5_300
brain ECF,1.9,10.7020827974606,15_1.5_300
brain ECF,2,10.6479368011594,15_1.5_300
brain ECF,2.1,10.5521076724128,15_1.5_300
brain ECF,2.2,10.422203894395,15_1.5_300
brain ECF,2.3,10.2648174519932,15_1.5_300
brain ECF,2.4,10.0856101179131,15_1.5_300
brain ECF,2.5,9.88940775439213,15_1.5_300
brain ECF,2.6,9.68029561345729,15_1.5_300
brain ECF,2.7,9.46171010777262,15_1.5_300
brain ECF,2.8,9.23652439348561,15_1.5_300
brain ECF,2.9,9.00712641665416,15_1.5_300
brain ECF,3,8.77548880417902,15_1.5_300
brain ECF,3.1,8.54323071246665,15_1.5_300
brain ECF,3.2,8.31167199624007,15_1.5_300
brain ECF,3.3,8.08188011913749,15_1.5_300
brain ECF,3.4,7.85471060762143,15_1.5_300
brain ECF,3.5,7.63084170778309,15_1.5_300
brain ECF,3.6,7.4108039276139,15_1.5_300
brain ECF,3.7,7.19500504228421,15_1.5_300
brain ECF,3.8,6.98375119955775,15_1.5_300
brain ECF,3.9,6.77726474110972,15_1.5_300
brain ECF,4,6.57569924134513,15_1.5_300
brain ECF,4.1,6.37915193373772,15_1.5_300
brain ECF,4.2,6.18767410493186,15_1.5_300
brain ECF,4.3,6.00127986896821,15_1.5_300
brain ECF,4.4,5.8199533295347,15_1.5_300
brain ECF,4.5,5.64365465331404,15_1.5_300
brain ECF,4.6,5.47232497311763,15_1.5_300
brain ECF,4.7,5.30589045704921,15_1.5_300
brain ECF,4.8,5.14426568521518,15_1.5_300
brain ECF,4.9,4.98735643837904,15_1.5_300
brain ECF,5,4.83506195351754,15_1.5_300
brain ECF,5.1,4.68727680452364,15_1.5_300
brain ECF,5.2,4.54389238675027,15_1.5_300
brain ECF,5.3,4.40479812843288,15_1.5_300
brain ECF,5.4,4.26988249235427,15_1.5_300
brain ECF,5.5,4.1390337870134,15_1.5_300
brain ECF,5.6,4.01214079225006,15_1.5_300
brain ECF,5.7,3.88909329022426,15_1.5_300
brain ECF,5.8,3.76978245493095,15_1.5_300
brain ECF,5.9,3.65410115746021,15_1.5_300
brain ECF,6,3.54194419987618,15_1.5_300
brain ECF,6.1,3.43320850206505,15_1.5_300
brain ECF,6.2,3.32779323380198,15_1.5_300
brain ECF,6.3,3.2255999129525,15_1.5_300
brain ECF,6.4,3.1265324615227,15_1.5_300
brain ECF,6.5,3.03049724238357,15_1.5_300
brain ECF,6.6,2.93740308877115,15_1.5_300
brain ECF,6.7,2.84716129956691,15_1.5_300
brain ECF,6.8,2.75968559112619,15_1.5_300
brain ECF,6.9,2.67489211799327,15_1.5_300
brain ECF,7,2.59269940068684,15_1.5_300
brain ECF,7.1,2.51302830407867,15_1.5_300
brain ECF,7.2,2.43580200096181,15_1.5_300
brain ECF,7.3,2.36094591528676,15_1.5_300
brain ECF,7.4,2.28838767223591,15_1.5_300
brain ECF,7.5,2.21805705069439,15_1.5_300
brain ECF,7.6,2.14988592298384,15_1.5_300
brain ECF,7.7,2.08380821190064,15_1.5_300
brain ECF,7.8,2.01975981822782,15_1.5_300
brain ECF,7.9,1.95767858743617,15_1.5_300
brain ECF,8,1.89750423531911,15_1.5_300
brain ECF,8.1,1.83917831020988,15_1.5_300
brain ECF,8.2,1.78264413521769,15_1.5_300
brain ECF,8.3,1.72784675364109,15_1.5_300
brain ECF,8.4,1.67473289114096,15_1.5_300
brain ECF,8.5,1.62325088923136,15_1.5_300
brain ECF,8.6,1.57335067705857,15_1.5_300
brain ECF,8.7,1.52498370369732,15_1.5_300
brain ECF,8.8,1.4781029129239,15_1.5_300
brain ECF,8.9,1.43266267711661,15_1.5_300
brain ECF,9,1.38861877827172,15_1.5_300
brain ECF,9.1,1.34592833507139,15_1.5_300
brain ECF,9.2,1.30454979864032,15_1.5_300
brain ECF,9.3,1.26444287472112,15_1.5_300
brain ECF,9.4,1.22556851632868,15_1.5_300
brain ECF,9.5,1.1878888696457,15_1.5_300
brain ECF,9.6,1.15136723900989,15_1.5_300
brain ECF,9.7,1.11596806196979,15_1.5_300
brain ECF,9.8,1.08165685596796,15_1.5_300
brain ECF,9.9,1.04840020986302,15_1.5_300
brain ECF,10,1.01616572234387,15_1.5_300
brain ECF,10.1,0.98492200227766,15_1.5_300
brain ECF,10.2,0.954638604710347,15_1.5_300
brain ECF,10.3,0.92528603651899,15_1.5_300
brain ECF,10.4,0.896835694705879,15_1.5_300
brain ECF,10.5,0.869259864047908,15_1.5_300
brain ECF,10.6,0.842531676466049,15_1.5_300
brain ECF,10.7,0.816625086279431,15_1.5_300
brain ECF,10.8,0.79151485423272,15_1.5_300
brain ECF,10.9,0.767176505182111,15_1.5_300
brain ECF,11,0.743586328975706,15_1.5_300
brain ECF,11.1,0.720721328439295,15_1.5_300
brain ECF,11.2,0.698559228572892,15_1.5_300
brain ECF,11.3,0.677078424452879,15_1.5_300
brain ECF,11.4,0.656257983931461,15_1.5_300
brain ECF,11.5,0.636077614240464,15_1.5_300
brain ECF,11.6,0.616517644536602,15_1.5_300
brain ECF,11.7,0.59755901257179,15_1.5_300
brain ECF,11.8,0.579183233920937,15_1.5_300
brain ECF,11.9,0.561372401419957,15_1.5_300
brain ECF,12,0.544109146693837,15_1.5_300
brain ECF,12.1,0.527376649240896,15_1.5_300
brain ECF,12.2,0.51115859049813,15_1.5_300
brain ECF,12.3,0.495439159953852,15_1.5_300
brain ECF,12.4,0.480203036704523,15_1.5_300
brain ECF,12.5,0.465435358125259,15_1.5_300
brain ECF,12.6,0.451121735978531,15_1.5_300
brain ECF,12.7,0.437248207743125,15_1.5_300
brain ECF,12.8,0.423801246776586,15_1.5_300
brain ECF,12.9,0.41076774533534,15_1.5_300
brain ECF,13,0.398134988179687,15_1.5_300
brain ECF,13.1,0.385890665450726,15_1.5_300
brain ECF,13.2,0.374022831972582,15_1.5_300
brain ECF,13.3,0.362519915017573,15_1.5_300
brain ECF,13.4,0.351370699676825,15_1.5_300
brain ECF,13.5,0.340564306995539,15_1.5_300
brain ECF,13.6,0.330090205589466,15_1.5_300
brain ECF,13.7,0.319938175127085,15_1.5_300
brain ECF,13.8,0.310098315430793,15_1.5_300
brain ECF,13.9,0.300561034059148,15_1.5_300
brain ECF,14,0.291317025682643,15_1.5_300
brain ECF,14.1,0.282357281816371,15_1.5_300
brain ECF,14.2,0.273673059805337,15_1.5_300
brain ECF,14.3,0.265255887290344,15_1.5_300
brain ECF,14.4,0.257097561112461,15_1.5_300
brain ECF,14.5,0.249190116009326,15_1.5_300
brain ECF,14.6,0.241525836458133,15_1.5_300
brain ECF,14.7,0.234097253523024,15_1.5_300
brain ECF,14.8,0.226897111466438,15_1.5_300
brain ECF,14.9,0.219918387504217,15_1.5_300
brain ECF,15,0.213154279742552,15_1.5_300
brain ECF,15.1,0.206598183647117,15_1.5_300
brain ECF,15.2,0.200243707292491,15_1.5_300
brain ECF,15.3,0.19408465408709,15_1.5_300
brain ECF,15.4,0.188115012878533,15_1.5_300
brain ECF,15.5,0.18232896375938,15_1.5_300
brain ECF,15.6,0.176720860547075,15_1.5_300
brain ECF,15.7,0.171285228084148,15_1.5_300
brain ECF,15.8,0.166016769584589,15_1.5_300
brain ECF,15.9,0.160910339001016,15_1.5_300
brain ECF,16,0.15596095044214,15_1.5_300
brain ECF,16.1,0.15116378272133,15_1.5_300
brain ECF,16.2,0.146514149398008,15_1.5_300
brain ECF,16.3,0.142007513539899,15_1.5_300
brain ECF,16.4,0.137639484701256,15_1.5_300
brain ECF,16.5,0.133405796795689,15_1.5_300
brain ECF,16.6,0.129302317708582,15_1.5_300
brain ECF,16.7,0.125325050062267,15_1.5_300
brain ECF,16.8,0.121470108847818,15_1.5_300
brain ECF,16.9,0.117733729257392,15_1.5_300
brain ECF,17,0.114112272919608,15_1.5_300
brain ECF,17.1,0.110602200380054,15_1.5_300
brain ECF,17.2,0.107200081907672,15_1.5_300
brain ECF,17.3,0.10390260341139,15_1.5_300
brain ECF,17.4,0.10070654568468,15_1.5_300
brain ECF,17.5,0.09760878493018,15_1.5_300
brain ECF,17.6,0.0946063009151858,15_1.5_300
brain ECF,17.7,0.0916961670696162,15_1.5_300
brain ECF,17.8,0.0888755401422441,15_1.5_300
brain ECF,17.9,0.0861416683450184,15_1.5_300
brain ECF,18,0.0834918873388308,15_1.5_300
brain ECF,18.1,0.0809236091159143,15_1.5_300
brain ECF,18.2,0.0784343268095204,15_1.5_300
brain ECF,18.3,0.0760216139859577,15_1.5_300
brain ECF,18.4,0.0736831126919315,15_1.5_300
brain ECF,18.5,0.071416537758746,15_1.5_300
brain ECF,18.6,0.069219683690247,15_1.5_300
brain ECF,18.7,0.067090400984251,15_1.5_300
brain ECF,18.8,0.0650266079885308,15_1.5_300
brain ECF,18.9,0.0630262952569803,15_1.5_300
brain ECF,19,0.0610875106877016,15_1.5_300
brain ECF,19.1,0.0592083591678875,15_1.5_300
brain ECF,19.2,0.05738700752563,15_1.5_300
brain ECF,19.3,0.0556216816543473,15_1.5_300
brain ECF,19.4,0.0539106569145621,15_1.5_300
brain ECF,19.5,0.0522522632090039,15_1.5_300
brain ECF,19.6,0.0506448839131257,15_1.5_300
brain ECF,19.7,0.0490869484885909,15_1.5_300
brain ECF,19.8,0.0475769344589891,15_1.5_300
brain ECF,19.9,0.0461133706366755,15_1.5_300
brain ECF,20,0.0446948264959883,15_1.5_300
brain ECF,20.1,0.0433199142704127,15_1.5_300
brain ECF,20.2,0.041987292906245,15_1.5_300
brain ECF,20.3,0.040695664321333,15_1.5_300
brain ECF,20.4,0.0394437646004061,15_1.5_300
brain ECF,20.5,0.0382303713448031,15_1.5_300
brain ECF,20.6,0.0370543042013851,15_1.5_300
brain ECF,20.7,0.0359144139654932,15_1.5_300
brain ECF,20.8,0.0348095883636055,15_1.5_300
brain ECF,20.9,0.0337387502177869,15_1.5_300
brain ECF,21,0.0327008540387234,15_1.5_300
brain ECF,21.1,0.0316948861432026,15_1.5_300
brain ECF,21.2,0.0307198638722376,15_1.5_300
brain ECF,21.3,0.0297748377363128,15_1.5_300
brain ECF,21.4,0.0288588820285525,15_1.5_300
brain ECF,21.5,0.027971099835927,15_1.5_300
brain ECF,21.6,0.0271106249656346,15_1.5_300
brain ECF,21.7,0.0262766217235237,15_1.5_300
brain ECF,21.8,0.0254682712509014,15_1.5_300
brain ECF,21.9,0.024684782350892,15_1.5_300
brain ECF,22,0.0239253939894372,15_1.5_300
brain ECF,22.1,0.0231893666291283,15_1.5_300
brain ECF,22.2,0.0224759805812096,15_1.5_300
brain ECF,22.3,0.0217845399591161,15_1.5_300
brain ECF,22.4,0.0211143710943918,15_1.5_300
brain ECF,22.5,0.0204648200895758,15_1.5_300
brain ECF,22.6,0.0198352530831975,15_1.5_300
brain ECF,22.7,0.0192250553670635,15_1.5_300
brain ECF,22.8,0.0186336309209679,15_1.5_300
brain ECF,22.9,0.0180604008202535,15_1.5_300
brain ECF,23,0.0175048030795384,15_1.5_300
brain ECF,23.1,0.0169662951580431,15_1.5_300
brain ECF,23.2,0.0164443540611097,15_1.5_300
brain ECF,23.3,0.0159384660481898,15_1.5_300
brain ECF,23.4,0.0154481349222091,15_1.5_300
brain ECF,23.5,0.0149728855594969,15_1.5_300
brain ECF,23.6,0.0145122558760276,15_1.5_300
brain ECF,23.7,0.0140657952696512,15_1.5_300
brain ECF,23.8,0.0136330690219949,15_1.5_300
brain ECF,23.9,0.0132136541213134,15_1.5_300
brain ECF,24,0.012807142656992,15_1.5_300
brain ECF,24.1,0.0124131388229382,15_1.5_300
brain ECF,24.2,0.0120312588737667,15_1.5_300
brain ECF,24.3,0.0116611295597281,15_1.5_300
brain ECF,24.4,0.0113023890918646,15_1.5_300
brain ECF,24.5,0.0109546868680629,15_1.5_300
brain ECF,24.6,0.0106176819854159,15_1.5_300
brain ECF,24.7,0.0102910446458823,15_1.5_300
brain ECF,24.8,0.00997445715620901,15_1.5_300
brain ECF,24.9,0.00966760771824685,15_1.5_300
brain ECF,25,0.00937019484105541,15_1.5_300
brain ICF,0,0,15_1.5_300
brain ICF,0.1,0,15_1.5_300
brain ICF,0.2,0,15_1.5_300
brain ICF,0.3,0.150727860840634,15_1.5_300
brain ICF,0.4,1.26652416947964,15_1.5_300
brain ICF,0.5,3.05556384420749,15_1.5_300
brain ICF,0.6,5.15376080157974,15_1.5_300
brain ICF,0.7,7.32001042838651,15_1.5_300
brain ICF,0.8,9.40186031450814,15_1.5_300
brain ICF,0.9,11.3089048899057,15_1.5_300
brain ICF,1,12.9933259446592,15_1.5_300
brain ICF,1.1,14.435896093641,15_1.5_300
brain ICF,1.2,15.6360144090484,15_1.5_300
brain ICF,1.3,16.6046894841491,15_1.5_300
brain ICF,1.4,17.359663868819,15_1.5_300
brain ICF,1.5,17.9220841134456,15_1.5_300
brain ICF,1.6,18.3142783366333,15_1.5_300
brain ICF,1.7,18.5583208919553,15_1.5_300
brain ICF,1.8,18.675148679203,15_1.5_300
brain ICF,1.9,18.6840608557041,15_1.5_300
brain ICF,2,18.6024779292744,15_1.5_300
brain ICF,2.1,18.4458738580025,15_1.5_300
brain ICF,2.2,18.2278185094862,15_1.5_300
brain ICF,2.3,17.9600870027365,15_1.5_300
brain ICF,2.4,17.6528063035723,15_1.5_300
brain ICF,2.5,17.3146183832462,15_1.5_300
brain ICF,2.6,16.9528467898435,15_1.5_300
brain ICF,2.7,16.5736580828409,15_1.5_300
brain ICF,2.8,16.1822130610269,15_1.5_300
brain ICF,2.9,15.7828051210434,15_1.5_300
brain ICF,3,15.3789844635643,15_1.5_300
brain ICF,3.1,14.9736682195691,15_1.5_300
brain ICF,3.2,14.5692370599383,15_1.5_300
brain ICF,3.3,14.1676189638578,15_1.5_300
brain ICF,3.4,13.7703615311988,15_1.5_300
brain ICF,3.5,13.3786939968973,15_1.5_300
brain ICF,3.6,12.9935801315679,15_1.5_300
brain ICF,3.7,12.6157630465783,15_1.5_300
brain ICF,3.8,12.245803036711,15_1.5_300
brain ICF,3.9,11.8841095484169,15_1.5_300
brain ICF,4,11.5309681730968,15_1.5_300
brain ICF,4.1,11.1865629611866,15_1.5_300
brain ICF,4.2,10.8509950910632,15_1.5_300
brain ICF,4.3,10.5242986365725,15_1.5_300
brain ICF,4.4,10.206453443297,15_1.5_300
brain ICF,4.5,9.89739604974444,15_1.5_300
brain ICF,4.6,9.59702850778059,15_1.5_300
brain ICF,4.7,9.30522570558557,15_1.5_300
brain ICF,4.8,9.02184144650638,15_1.5_300
brain ICF,4.9,8.74671347135213,15_1.5_300
brain ICF,5,8.47966752107395,15_1.5_300
brain ICF,5.1,8.22052072780469,15_1.5_300
brain ICF,5.2,7.96908429260904,15_1.5_300
brain ICF,5.3,7.72516567078511,15_1.5_300
brain ICF,5.4,7.4885703803744,15_1.5_300
brain ICF,5.5,7.25910346823282,15_1.5_300
brain ICF,5.6,7.03657064206878,15_1.5_300
brain ICF,5.7,6.82077923188853,15_1.5_300
brain ICF,5.8,6.6115388965953,15_1.5_300
brain ICF,5.9,6.4086621788858,15_1.5_300
brain ICF,6,6.21196493152894,15_1.5_300
brain ICF,6.1,6.0212666588644,15_1.5_300
brain ICF,6.2,5.83639075954637,15_1.5_300
brain ICF,6.3,5.65716470818648,15_1.5_300
brain ICF,6.4,5.48342016099423,15_1.5_300
brain ICF,6.5,5.31499302579983,15_1.5_300
brain ICF,6.6,5.15172352039808,15_1.5_300
brain ICF,6.7,4.99345616813816,15_1.5_300
brain ICF,6.8,4.84003971520461,15_1.5_300
brain ICF,6.9,4.69132717202127,15_1.5_300
brain ICF,7,4.54717568678021,15_1.5_300
brain ICF,7.1,4.40744651028768,15_1.5_300
brain ICF,7.2,4.27200493424865,15_1.5_300
brain ICF,7.3,4.14072019245151,15_1.5_300
brain ICF,7.4,4.01346537434794,15_1.5_300
brain ICF,7.5,3.89011734281036,15_1.5_300
brain ICF,7.6,3.77055662879234,15_1.5_300
brain ICF,7.7,3.65466735739044,15_1.5_300
brain ICF,7.8,3.54233711954463,15_1.5_300
brain ICF,7.9,3.43345691621605,15_1.5_300
brain ICF,8,3.3279210257072,15_1.5_300
brain ICF,8.1,3.225626940144,15_1.5_300
brain ICF,8.2,3.12647526234064,15_1.5_300
brain ICF,8.3,3.03036961181352,15_1.5_300
brain ICF,8.4,2.93721655754376,15_1.5_300
brain ICF,8.5,2.84692550224491,15_1.5_300
brain ICF,8.6,2.75940863228479,15_1.5_300
brain ICF,8.7,2.67458079972395,15_1.5_300
brain ICF,8.8,2.5923594773726,15_1.5_300
brain ICF,8.9,2.51266464365372,15_1.5_300
brain ICF,9,2.43541874866618,15_1.5_300
brain ICF,9.1,2.36054658690911,15_1.5_300
brain ICF,9.2,2.28797528941782,15_1.5_300
brain ICF,9.3,2.21763418760453,15_1.5_300
brain ICF,9.4,2.149454800169,15_1.5_300
brain ICF,9.5,2.08337073832501,15_1.5_300
brain ICF,9.6,2.01931764449327,15_1.5_300
brain ICF,9.7,1.95723314854434,15_1.5_300
brain ICF,9.8,1.8970567742032,15_1.5_300
brain ICF,9.9,1.83872992405016,15_1.5_300
brain ICF,10,1.78219577184887,15_1.5_300
brain ICF,10.1,1.72739926317766,15_1.5_300
brain ICF,10.2,1.67428700295959,15_1.5_300
brain ICF,10.3,1.62280726507356,15_1.5_300
brain ICF,10.4,1.5729098846541,15_1.5_300
brain ICF,10.5,1.52454625404638,15_1.5_300
brain ICF,10.6,1.47766925137805,15_1.5_300
brain ICF,10.7,1.43223319698843,15_1.5_300
brain ICF,10.8,1.38819382550785,15_1.5_300
brain ICF,10.9,1.34550821177835,15_1.5_300
brain ICF,11,1.30413477200639,15_1.5_300
brain ICF,11.1,1.26403317290834,15_1.5_300
brain ICF,11.2,1.22516434793285,15_1.5_300
brain ICF,11.3,1.18749040552438,15_1.5_300
brain ICF,11.4,1.15097463423037,15_1.5_300
brain ICF,11.5,1.1155814440128,15_1.5_300
brain ICF,11.6,1.08127633554189,15_1.5_300
brain ICF,11.7,1.04802587681386,15_1.5_300
brain ICF,11.8,1.01579764931576,15_1.5_300
brain ICF,11.9,0.9845602467648,15_1.5_300
brain ICF,12,0.954283207873298,15_1.5_300
brain ICF,12.1,0.924937032292525,15_1.5_300
brain ICF,12.2,0.896493099839448,15_1.5_300
brain ICF,12.3,0.868923681473957,15_1.5_300
brain ICF,12.4,0.842201906956613,15_1.5_300
brain ICF,12.5,0.816301709700592,15_1.5_300
brain ICF,12.6,0.791197854943682,15_1.5_300
brain ICF,12.7,0.766865854712917,15_1.5_300
brain ICF,12.8,0.743281985546212,15_1.5_300
brain ICF,12.9,0.720423258796965,15_1.5_300
brain ICF,13,0.698267374124576,15_1.5_300
brain ICF,13.1,0.676792741636458,15_1.5_300
brain ICF,13.2,0.655978411348151,15_1.5_300
brain ICF,13.3,0.635804086684385,15_1.5_300
brain ICF,13.4,0.616250099054213,15_1.5_300
brain ICF,13.5,0.597297368754875,15_1.5_300
brain ICF,13.6,0.578927424712199,15_1.5_300
brain ICF,13.7,0.561122342088985,15_1.5_300
brain ICF,13.8,0.543864757420798,15_1.5_300
brain ICF,13.9,0.527137847133866,15_1.5_300
brain ICF,14,0.510925290877317,15_1.5_300
brain ICF,14.1,0.495211289706318,15_1.5_300
brain ICF,14.2,0.479980510488352,15_1.5_300
brain ICF,14.3,0.465218094361545,15_1.5_300
brain ICF,14.4,0.450909654066351,15_1.5_300
brain ICF,14.5,0.437041220217502,15_1.5_300
brain ICF,14.6,0.423599261085284,15_1.5_300
brain ICF,14.7,0.410570676950616,15_1.5_300
brain ICF,14.8,0.397942742299749,15_1.5_300
brain ICF,14.9,0.38570314017559,15_1.5_300
brain ICF,15,0.373839941158248,15_1.5_300
brain ICF,15.1,0.36234156156985,15_1.5_300
brain ICF,15.2,0.351196791131627,15_1.5_300
brain ICF,15.3,0.340394762216985,15_1.5_300
brain ICF,15.4,0.329924932364387,15_1.5_300
brain ICF,15.5,0.319777094323285,15_1.5_300
brain ICF,15.6,0.309941345831194,15_1.5_300
brain ICF,15.7,0.300408084647204,15_1.5_300
brain ICF,15.8,0.291168020637349,15_1.5_300
brain ICF,15.9,0.282212128544237,15_1.5_300
brain ICF,16,0.273531663748635,15_1.5_300
brain ICF,16.1,0.265118170674219,15_1.5_300
brain ICF,16.2,0.256963429727965,15_1.5_300
brain ICF,16.3,0.249059483725256,15_1.5_300
brain ICF,16.4,0.24139863285154,15_1.5_300
brain ICF,16.5,0.233973394868289,15_1.5_300
brain ICF,16.6,0.226776522748279,15_1.5_300
brain ICF,16.7,0.219801005835159,15_1.5_300
brain ICF,16.8,0.213040030629705,15_1.5_300
brain ICF,16.9,0.206486994536111,15_1.5_300
brain ICF,17,0.200135516023811,15_1.5_300
brain ICF,17.1,0.193979387691271,15_1.5_300
brain ICF,17.2,0.188012594352577,15_1.5_300
brain ICF,17.3,0.182229323480391,15_1.5_300
brain ICF,17.4,0.176623928937412,15_1.5_300
brain ICF,17.5,0.171190931848432,15_1.5_300
brain ICF,17.6,0.165925035231347,15_1.5_300
brain ICF,17.7,0.160821106423089,15_1.5_300
brain ICF,17.8,0.155874158615679,15_1.5_300
brain ICF,17.9,0.151079365640308,15_1.5_300
brain ICF,18,0.14643205487522,15_1.5_300
brain ICF,18.1,0.14192768748749,15_1.5_300
brain ICF,18.2,0.137561866996799,15_1.5_300
brain ICF,18.3,0.133330337583712,15_1.5_300
brain ICF,18.4,0.129228964035751,15_1.5_300
brain ICF,18.5,0.125253738616094,15_1.5_300
brain ICF,18.6,0.121400792934954,15_1.5_300
brain ICF,18.7,0.117666357091967,15_1.5_300
brain ICF,18.8,0.114046779990632,15_1.5_300
brain ICF,18.9,0.110538537467361,15_1.5_300
brain ICF,19,0.107138205745163,15_1.5_300
brain ICF,19.1,0.103842460879881,15_1.5_300
brain ICF,19.2,0.100648087794331,15_1.5_300
brain ICF,19.3,0.097551975234538,15_1.5_300
brain ICF,19.4,0.094551098457227,15_1.5_300
brain ICF,19.5,0.0916425285284559,15_1.5_300
brain ICF,19.6,0.0888234300046034,15_1.5_300
brain ICF,19.7,0.0860910486762657,15_1.5_300
brain ICF,19.8,0.0834427145463806,15_1.5_300
brain ICF,19.9,0.0808758471004998,15_1.5_300
brain ICF,20,0.0783879374081723,15_1.5_300
brain ICF,20.1,0.075976551467435,15_1.5_300
brain ICF,20.2,0.0736393372227664,15_1.5_300
brain ICF,20.3,0.0713740179939406,15_1.5_300
brain ICF,20.4,0.0691783768193102,15_1.5_300
brain ICF,20.5,0.0670502696768704,15_1.5_300
brain ICF,20.6,0.0649876267647909,15_1.5_300
brain ICF,20.7,0.0629884324222926,15_1.5_300
brain ICF,20.8,0.0610507360009925,15_1.5_300
brain ICF,20.9,0.0591726482280067,15_1.5_300
brain ICF,21,0.0573523356957402,15_1.5_300
brain ICF,21.1,0.0555880207852517,15_1.5_300
brain ICF,21.2,0.053877980226323,15_1.5_300
brain ICF,21.3,0.0522205482596153,15_1.5_300
brain ICF,21.4,0.0506141016405291,15_1.5_300
brain ICF,21.5,0.0490570673125914,15_1.5_300
brain ICF,21.6,0.0475479260265081,15_1.5_300
brain ICF,21.7,0.0460852119379074,15_1.5_300
brain ICF,21.8,0.0446674887303785,15_1.5_300
brain ICF,21.9,0.0432933685075551,15_1.5_300
brain ICF,22,0.0419615167458805,15_1.5_300
brain ICF,22.1,0.0406706364584584,15_1.5_300
brain ICF,22.2,0.0394194652407874,15_1.5_300
brain ICF,22.3,0.0382067825981302,15_1.5_300
brain ICF,22.4,0.0370314072873142,15_1.5_300
brain ICF,22.5,0.0358921925756241,15_1.5_300
brain ICF,22.6,0.0347880270031995,15_1.5_300
brain ICF,22.7,0.0337178326732226,15_1.5_300
brain ICF,22.8,0.0326805638007469,15_1.5_300
brain ICF,22.9,0.0316752054220719,15_1.5_300
brain ICF,23,0.0307007719852422,15_1.5_300
brain ICF,23.1,0.0297563118588086,15_1.5_300
brain ICF,23.2,0.0288409074626038,15_1.5_300
brain ICF,23.3,0.0279536576764664,15_1.5_300
brain ICF,23.4,0.0270936919321475,15_1.5_300
brain ICF,23.5,0.0262601771108871,15_1.5_300
brain ICF,23.6,0.0254523027695576,15_1.5_300
brain ICF,23.7,0.0246692783111627,15_1.5_300
brain ICF,23.8,0.0239103411473927,15_1.5_300
brain ICF,23.9,0.0231747501109053,15_1.5_300
brain ICF,24,0.0224617896993376,15_1.5_300
brain ICF,24.1,0.0217707659577813,15_1.5_300
brain ICF,24.2,0.0211010062244183,15_1.5_300
brain ICF,24.3,0.0204518553285636,15_1.5_300
brain ICF,24.4,0.0198226785549605,15_1.5_300
brain ICF,24.5,0.0192128613475126,15_1.5_300
brain ICF,24.6,0.0186218058193148,15_1.5_300
brain ICF,24.7,0.01804893354775,15_1.5_300
brain ICF,24.8,0.017493687336955,15_1.5_300
brain ICF,24.9,0.0169555202702511,15_1.5_300
brain ICF,25,0.0164339034880504,15_1.5_300
sCSF,0,0,15_1.5_300
sCSF,0.1,0,15_1.5_300
sCSF,0.2,0,15_1.5_300
sCSF,0.3,0.00137725267560865,15_1.5_300
sCSF,0.4,0.0322630327844185,15_1.5_300
sCSF,0.5,0.126833202571236,15_1.5_300
sCSF,0.6,0.298409530017699,15_1.5_300
sCSF,0.7,0.548270430726222,15_1.5_300
sCSF,0.8,0.870697087682717,15_1.5_300
sCSF,0.9,1.25609022221784,15_1.5_300
sCSF,1,1.69302720108043,15_1.5_300
sCSF,1.1,2.16960783102018,15_1.5_300
sCSF,1.2,2.67430435204686,15_1.5_300
sCSF,1.3,3.1964667593934,15_1.5_300
sCSF,1.4,3.72659191002968,15_1.5_300
sCSF,1.5,4.25643418094566,15_1.5_300
sCSF,1.6,4.77901293473393,15_1.5_300
sCSF,1.7,5.28855565795202,15_1.5_300
sCSF,1.8,5.78040387713642,15_1.5_300
sCSF,1.9,6.25090018430033,15_1.5_300
sCSF,2,6.69726875439305,15_1.5_300
sCSF,2.1,7.11749721770076,15_1.5_300
sCSF,2.2,7.51022480756672,15_1.5_300
sCSF,2.3,7.87463948491037,15_1.5_300
sCSF,2.4,8.21038540722608,15_1.5_300
sCSF,2.5,8.5174810593958,15_1.5_300
sCSF,2.6,8.79624779474697,15_1.5_300
sCSF,2.7,9.0472482239633,15_1.5_300
sCSF,2.8,9.2712335616899,15_1.5_300
sCSF,2.9,9.46909903379003,15_1.5_300
sCSF,3,9.64184649670272,15_1.5_300
sCSF,3.1,9.79055326596824,15_1.5_300
sCSF,3.2,9.91634633887615,15_1.5_300
sCSF,3.3,10.0203813287623,15_1.5_300
sCSF,3.4,10.1038253372452,15_1.5_300
sCSF,3.5,10.1678431727666,15_1.5_300
sCSF,3.6,10.2135863858884,15_1.5_300
sCSF,3.7,10.2421847066426,15_1.5_300
sCSF,3.8,10.2547394585679,15_1.5_300
sCSF,3.9,10.2523185721719,15_1.5_300
sCSF,4,10.2359529124893,15_1.5_300
sCSF,4.1,10.2066337897593,15_1.5_300
sCSF,4.2,10.165311349301,15_1.5_300
sCSF,4.3,10.1128936325248,15_1.5_300
sCSF,4.4,10.0502462807252,15_1.5_300
sCSF,4.5,9.97819264544589,15_1.5_300
sCSF,4.6,9.89751431740541,15_1.5_300
sCSF,4.7,9.80895192505371,15_1.5_300
sCSF,4.8,9.71320613693456,15_1.5_300
sCSF,4.9,9.61093882279384,15_1.5_300
sCSF,5,9.50277434373257,15_1.5_300
sCSF,5.1,9.38930091252783,15_1.5_300
sCSF,5.2,9.27107201681816,15_1.5_300
sCSF,5.3,9.1486078650243,15_1.5_300
sCSF,5.4,9.02239683435245,15_1.5_300
sCSF,5.5,8.89289691243445,15_1.5_300
sCSF,5.6,8.76053712195282,15_1.5_300
sCSF,5.7,8.62571892401983,15_1.5_300
sCSF,5.8,8.48881758323245,15_1.5_300
sCSF,5.9,8.35018349254002,15_1.5_300
sCSF,6,8.2101434528101,15_1.5_300
sCSF,6.1,8.06900191271873,15_1.5_300
sCSF,6.2,7.92704215589794,15_1.5_300
sCSF,6.3,7.78452744135065,15_1.5_300
sCSF,6.4,7.64170209316801,15_1.5_300
sCSF,6.5,7.498792548317,15_1.5_300
sCSF,6.6,7.35600837611798,15_1.5_300
sCSF,6.7,7.21354324703359,15_1.5_300
sCSF,6.8,7.07157575986363,15_1.5_300
sCSF,6.9,6.93027041360752,15_1.5_300
sCSF,7,6.78977834785101,15_1.5_300
sCSF,7.1,6.65023812492436,15_1.5_300
sCSF,7.2,6.51177654900545,15_1.5_300
sCSF,7.3,6.37450929685317,15_1.5_300
sCSF,7.4,6.2385415944187,15_1.5_300
sCSF,7.5,6.10396888087077,15_1.5_300
sCSF,7.6,5.97087738470806,15_1.5_300
sCSF,7.7,5.8393447888791,15_1.5_300
sCSF,7.8,5.70944056620886,15_1.5_300
sCSF,7.9,5.58122681608495,15_1.5_300
sCSF,8,5.45475829023551,15_1.5_300
sCSF,8.1,5.33008337877956,15_1.5_300
sCSF,8.2,5.20724397559638,15_1.5_300
sCSF,8.3,5.0862764457888,15_1.5_300
sCSF,8.4,4.96721148815981,15_1.5_300
sCSF,8.5,4.85007499629254,15_1.5_300
sCSF,8.6,4.73488793379116,15_1.5_300
sCSF,8.7,4.62166712532807,15_1.5_300
sCSF,8.8,4.51042509378743,15_1.5_300
sCSF,8.9,4.40117082112182,15_1.5_300
sCSF,9,4.29390952729202,15_1.5_300
sCSF,9.1,4.1886434732519,15_1.5_300
sCSF,9.2,4.08537162626842,15_1.5_300
sCSF,9.3,3.98409043000916,15_1.5_300
sCSF,9.4,3.8847936085764,15_1.5_300
sCSF,9.5,3.78747257356694,15_1.5_300
sCSF,9.6,3.69211660217175,15_1.5_300
sCSF,9.7,3.59871289016264,15_1.5_300
sCSF,9.8,3.50724694223599,15_1.5_300
sCSF,9.9,3.41770245023251,15_1.5_300
sCSF,10,3.33006176106572,15_1.5_300
sCSF,10.1,3.24430567446237,15_1.5_300
sCSF,10.2,3.16041392616979,15_1.5_300
sCSF,10.3,3.07836496529935,15_1.5_300
sCSF,10.4,2.99813637962917,15_1.5_300
sCSF,10.5,2.91970477026244,15_1.5_300
sCSF,10.6,2.84304597625347,15_1.5_300
sCSF,10.7,2.76813515851653,15_1.5_300
sCSF,10.8,2.69494680374871,15_1.5_300
sCSF,10.9,2.6234549620865,15_1.5_300
sCSF,11,2.55363312294986,15_1.5_300
sCSF,11.1,2.48545451296273,15_1.5_300
sCSF,11.2,2.41889192875665,15_1.5_300
sCSF,11.3,2.35391802030946,15_1.5_300
sCSF,11.4,2.29050517753684,15_1.5_300
sCSF,11.5,2.2286256778179,15_1.5_300
sCSF,11.6,2.16825171910922,15_1.5_300
sCSF,11.7,2.10935542280122,15_1.5_300
sCSF,11.8,2.05190896378076,15_1.5_300
sCSF,11.9,1.995884494585,15_1.5_300
sCSF,12,1.94125431273729,15_1.5_300
sCSF,12.1,1.88799074614961,15_1.5_300
sCSF,12.2,1.83606634647162,15_1.5_300
sCSF,12.3,1.78545379837469,15_1.5_300
sCSF,12.4,1.73612596205905,15_1.5_300
sCSF,12.5,1.68805598598588,15_1.5_300
sCSF,12.6,1.64121716533266,15_1.5_300
sCSF,12.7,1.59558314369679,15_1.5_300
sCSF,12.8,1.55112780617376,15_1.5_300
sCSF,12.9,1.50782531430945,15_1.5_300
sCSF,13,1.46565018917988,15_1.5_300
sCSF,13.1,1.42457721263389,15_1.5_300
sCSF,13.2,1.38458155592821,15_1.5_300
sCSF,13.3,1.34563871103137,15_1.5_300
sCSF,13.4,1.30772451217219,15_1.5_300
sCSF,13.5,1.27081518960394,15_1.5_300
sCSF,13.6,1.23488729432401,15_1.5_300
sCSF,13.7,1.19991779427053,15_1.5_300
sCSF,13.8,1.16588401616549,15_1.5_300
sCSF,13.9,1.13276365897896,15_1.5_300
sCSF,14,1.10053483227697,15_1.5_300
sCSF,14.1,1.06917599213992,15_1.5_300
sCSF,14.2,1.0386660238806,15_1.5_300
sCSF,14.3,1.00898419337318,15_1.5_300
sCSF,14.4,0.980110122918835,15_1.5_300
sCSF,14.5,0.952023868088003,15_1.5_300
sCSF,14.6,0.924705855618387,15_1.5_300
sCSF,14.7,0.898136875639088,15_1.5_300
sCSF,14.8,0.872298139226047,15_1.5_300
sCSF,14.9,0.847171219648816,15_1.5_300
sCSF,15,0.822738061593944,15_1.5_300
sCSF,15.1,0.798981007913402,15_1.5_300
sCSF,15.2,0.775882757208826,15_1.5_300
sCSF,15.3,0.753426380805512,15_1.5_300
sCSF,15.4,0.731595326189202,15_1.5_300
sCSF,15.5,0.710373386776812,15_1.5_300
sCSF,15.6,0.689744724266297,15_1.5_300
sCSF,15.7,0.669693856488249,15_1.5_300
sCSF,15.8,0.650205633890951,15_1.5_300
sCSF,15.9,0.631265266616928,15_1.5_300
sCSF,16,0.612858299912027,15_1.5_300
sCSF,16.1,0.594970602884806,15_1.5_300
sCSF,16.2,0.577588384796936,15_1.5_300
sCSF,16.3,0.560698173930921,15_1.5_300
sCSF,16.4,0.544286811840968,15_1.5_300
sCSF,16.5,0.528341460830271,15_1.5_300
sCSF,16.6,0.512849588565616,15_1.5_300
sCSF,16.7,0.497798958619315,15_1.5_300
sCSF,16.8,0.48317763908858,15_1.5_300
sCSF,16.9,0.46897398785575,15_1.5_300
sCSF,17,0.455176642732298,15_1.5_300
sCSF,17.1,0.441774527962028,15_1.5_300
sCSF,17.2,0.428756841253065,15_1.5_300
sCSF,17.3,0.41611304796669,15_1.5_300
sCSF,17.4,0.403832878394875,15_1.5_300
sCSF,17.5,0.391906321658383,15_1.5_300
sCSF,17.6,0.380323620600333,15_1.5_300
sCSF,17.7,0.36907526609392,15_1.5_300
sCSF,17.8,0.358151990825317,15_1.5_300
sCSF,17.9,0.347544766379521,15_1.5_300
sCSF,18,0.337244798530827,15_1.5_300
sCSF,18.1,0.327243517517853,15_1.5_300
sCSF,18.2,0.317532577326189,15_1.5_300
sCSF,18.3,0.308103852602165,15_1.5_300
sCSF,18.4,0.298949426442489,15_1.5_300
sCSF,18.5,0.290061590641727,15_1.5_300
sCSF,18.6,0.281432844828357,15_1.5_300
sCSF,18.7,0.273055881182577,15_1.5_300
sCSF,18.8,0.264923586458633,15_1.5_300
sCSF,18.9,0.257029041280662,15_1.5_300
sCSF,19,0.249365508048293,15_1.5_300
sCSF,19.1,0.241926427207676,15_1.5_300
sCSF,19.2,0.2347054186337,15_1.5_300
sCSF,19.3,0.227696277121442,15_1.5_300
sCSF,19.4,0.220892958215359,15_1.5_300
sCSF,19.5,0.214289583245295,15_1.5_300
sCSF,19.6,0.207880440665297,15_1.5_300
sCSF,19.7,0.201659965193823,15_1.5_300
sCSF,19.8,0.195622745206611,15_1.5_300
sCSF,19.9,0.189763523525743,15_1.5_300
sCSF,20,0.184077181762111,15_1.5_300
sCSF,20.1,0.178558741241585,15_1.5_300
sCSF,20.2,0.173203364121702,15_1.5_300
sCSF,20.3,0.168006347361477,15_1.5_300
sCSF,20.4,0.162963112546445,15_1.5_300
sCSF,20.5,0.158069210511209,15_1.5_300
sCSF,20.6,0.153320322132474,15_1.5_300
sCSF,20.7,0.148712239703139,15_1.5_300
sCSF,20.8,0.144240874445818,15_1.5_300
sCSF,20.9,0.139902262207643,15_1.5_300
sCSF,21,0.135692538335326,15_1.5_300
sCSF,21.1,0.131607948164196,15_1.5_300
sCSF,21.2,0.127644843450675,15_1.5_300
sCSF,21.3,0.123799689257404,15_1.5_300
sCSF,21.4,0.120069035498171,15_1.5_300
sCSF,21.5,0.116449532923039,15_1.5_300
sCSF,21.6,0.112937931116511,15_1.5_300
sCSF,21.7,0.109531076609091,15_1.5_300
sCSF,21.8,0.106225893874342,15_1.5_300
sCSF,21.9,0.103019397507201,15_1.5_300
sCSF,22,0.0999086952626355,15_1.5_300
sCSF,22.1,0.0968909737457057,15_1.5_300
sCSF,22.2,0.0939634945587949,15_1.5_300
sCSF,22.3,0.0911235987951841,15_1.5_300
sCSF,22.4,0.0883687157203133,15_1.5_300
sCSF,22.5,0.0856963354564309,15_1.5_300
sCSF,22.6,0.0831040222706968,15_1.5_300
sCSF,22.7,0.080589411340056,15_1.5_300
sCSF,22.8,0.0781502144737789,15_1.5_300
sCSF,22.9,0.0757841976944781,15_1.5_300
sCSF,23,0.0734891942814533,15_1.5_300
sCSF,23.1,0.0712631028093762,15_1.5_300
sCSF,23.2,0.0691038860209566,15_1.5_300
sCSF,23.3,0.0670095574278714,15_1.5_300
sCSF,23.4,0.0649781898508965,15_1.5_300
sCSF,23.5,0.0630079180416236,15_1.5_300
sCSF,23.6,0.0610969282850281,15_1.5_300
sCSF,23.7,0.0592434553555194,15_1.5_300
sCSF,23.8,0.0574457862401955,15_1.5_300
sCSF,23.9,0.0557022699305287,15_1.5_300
sCSF,24,0.0540112896412925,15_1.5_300
sCSF,24.1,0.0523712782569783,15_1.5_300
sCSF,24.2,0.0507807138064377,15_1.5_300
sCSF,24.3,0.04923812749581,15_1.5_300
sCSF,24.4,0.0477420895925608,15_1.5_300
sCSF,24.5,0.046291206079043,15_1.5_300
sCSF,24.6,0.0448841258547386,15_1.5_300
sCSF,24.7,0.0435195395795202,15_1.5_300
sCSF,24.8,0.0421961816006977,15_1.5_300
sCSF,24.9,0.0409128154103855,15_1.5_300
sCSF,25,0.0396682433673636,15_1.5_300
brain ECF,0,0,15_7.5_250
brain ECF,0.1,0,15_7.5_250
brain ECF,0.2,0,15_7.5_250
brain ECF,0.3,0.161545320943358,15_7.5_250
brain ECF,0.4,0.98153859524555,15_7.5_250
brain ECF,0.5,2.17900321000643,15_7.5_250
brain ECF,0.6,3.51800179898119,15_7.5_250
brain ECF,0.7,4.85118575193401,15_7.5_250
brain ECF,0.8,6.09217613968336,15_7.5_250
brain ECF,0.9,7.19507686425005,15_7.5_250
brain ECF,1,8.14025919682678,15_7.5_250
brain ECF,1.1,8.92462283017919,15_7.5_250
brain ECF,1.2,9.55499777195788,15_7.5_250
brain ECF,1.3,10.0437377915272,15_7.5_250
brain ECF,1.4,10.4058331866503,15_7.5_250
brain ECF,1.5,10.657068337408,15_7.5_250
brain ECF,1.6,10.8128905746004,15_7.5_250
brain ECF,1.7,10.8877575816607,15_7.5_250
brain ECF,1.8,10.8948003530651,15_7.5_250
brain ECF,1.9,10.8456907681841,15_7.5_250
brain ECF,2,10.7506363450929,15_7.5_250
brain ECF,2.1,10.6184510985202,15_7.5_250
brain ECF,2.2,10.4566677035834,15_7.5_250
brain ECF,2.3,10.2716685157665,15_7.5_250
brain ECF,2.4,10.0688212909538,15_7.5_250
brain ECF,2.5,9.8526107818202,15_7.5_250
brain ECF,2.6,9.62676135198367,15_7.5_250
brain ECF,2.7,9.39434807108919,15_7.5_250
brain ECF,2.8,9.15789544818392,15_7.5_250
brain ECF,2.9,8.91946389562368,15_7.5_250
brain ECF,3,8.68072448087964,15_7.5_250
brain ECF,3.1,8.44302310802624,15_7.5_250
brain ECF,3.2,8.20743520481482,15_7.5_250
brain ECF,3.3,7.97481190270713,15_7.5_250
brain ECF,3.4,7.74581898000861,15_7.5_250
brain ECF,3.5,7.52096953728837,15_7.5_250
brain ECF,3.6,7.30065131501643,15_7.5_250
brain ECF,3.7,7.0851493971438,15_7.5_250
brain ECF,3.8,6.87466505322059,15_7.5_250
brain ECF,3.9,6.6693314171196,15_7.5_250
brain ECF,4,6.46922650936061,15_7.5_250
brain ECF,4.1,6.27438385327847,15_7.5_250
brain ECF,4.2,6.08480122275318,15_7.5_250
brain ECF,4.3,5.90044795977794,15_7.5_250
brain ECF,4.4,5.72127086283081,15_7.5_250
brain ECF,4.5,5.54719911970742,15_7.5_250
brain ECF,4.6,5.37814825455771,15_7.5_250
brain ECF,4.7,5.21402335798514,15_7.5_250
brain ECF,4.8,5.05472174672497,15_7.5_250
brain ECF,4.9,4.90013513189584,15_7.5_250
brain ECF,5,4.75015135825606,15_7.5_250
brain ECF,5.1,4.60465583581533,15_7.5_250
brain ECF,5.2,4.46353265565862,15_7.5_250
brain ECF,5.3,4.32666548849198,15_7.5_250
brain ECF,5.4,4.19393831978809,15_7.5_250
brain ECF,5.5,4.06523603722662,15_7.5_250
brain ECF,5.6,3.94044487427042,15_7.5_250
brain ECF,5.7,3.81945277868455,15_7.5_250
brain ECF,5.8,3.70214967625834,15_7.5_250
brain ECF,5.9,3.58842767005389,15_7.5_250
brain ECF,6,3.4781811858049,15_7.5_250
brain ECF,6.1,3.37130708458523,15_7.5_250
brain ECF,6.2,3.26770473101173,15_7.5_250
brain ECF,6.3,3.16727604192307,15_7.5_250
brain ECF,6.4,3.06992550129464,15_7.5_250
brain ECF,6.5,2.97556016100482,15_7.5_250
brain ECF,6.6,2.88408964150413,15_7.5_250
brain ECF,6.7,2.79542609879203,15_7.5_250
brain ECF,6.8,2.70948417176234,15_7.5_250
brain ECF,6.9,2.6261809727385,15_7.5_250
brain ECF,7,2.54543601135536,15_7.5_250
brain ECF,7.1,2.46717116100193,15_7.5_250
brain ECF,7.2,2.39131060938675,15_7.5_250
brain ECF,7.3,2.31778079868384,15_7.5_250
brain ECF,7.4,2.2465103701814,15_7.5_250
brain ECF,7.5,2.17743011068145,15_7.5_250
brain ECF,7.6,2.11047288985932,15_7.5_250
brain ECF,7.7,2.0455736116049,15_7.5_250
brain ECF,7.8,1.9826691462165,15_7.5_250
brain ECF,7.9,1.92169828518346,15_7.5_250
brain ECF,8,1.86260167934639,15_7.5_250
brain ECF,8.1,1.80532178560002,15_7.5_250
brain ECF,8.2,1.74980282219315,15_7.5_250
brain ECF,8.3,1.69599070211844,15_7.5_250
brain ECF,8.4,1.64383300361834,15_7.5_250
brain ECF,8.5,1.59327889700436,15_7.5_250
brain ECF,8.6,1.54427912159343,15_7.5_250
brain ECF,8.7,1.49678591339162,15_7.5_250
brain ECF,8.8,1.45075298502584,15_7.5_250
brain ECF,8.9,1.40613545491976,15_7.5_250
brain ECF,9,1.36288983374218,15_7.5_250
brain ECF,9.1,1.32097394779058,15_7.5_250
brain ECF,9.2,1.28034693542274,15_7.5_250
brain ECF,9.3,1.24096917445593,15_7.5_250
brain ECF,9.4,1.20280226717241,15_7.5_250
brain ECF,9.5,1.16580899487532,15_7.5_250
brain ECF,9.6,1.12995327612451,15_7.5_250
brain ECF,9.7,1.09520014790052,15_7.5_250
brain ECF,9.8,1.06151570832202,15_7.5_250
brain ECF,9.9,1.02886711206189,15_7.5_250
brain ECF,10,0.997222506477403,15_7.5_250
brain ECF,10.1,0.966551034309451,15_7.5_250
brain ECF,10.2,0.93682276939702,15_7.5_250
brain ECF,10.3,0.908008720645645,15_7.5_250
brain ECF,10.4,0.880080776441271,15_7.5_250
brain ECF,10.5,0.853011695117375,15_7.5_250
brain ECF,10.6,0.826775071627451,15_7.5_250
brain ECF,10.7,0.801345307602564,15_7.5_250
brain ECF,10.8,0.776697599977304,15_7.5_250
brain ECF,10.9,0.752807895877594,15_7.5_250
brain ECF,11,0.72965289622808,15_7.5_250
brain ECF,11.1,0.707210002561969,15_7.5_250
brain ECF,11.2,0.685457326816387,15_7.5_250
brain ECF,11.3,0.664373641014484,15_7.5_250
brain ECF,11.4,0.643938377032487,15_7.5_250
brain ECF,11.5,0.624131597931418,15_7.5_250
brain ECF,11.6,0.604933976292135,15_7.5_250
brain ECF,11.7,0.586326784673543,15_7.5_250
brain ECF,11.8,0.568291862638602,15_7.5_250
brain ECF,11.9,0.550811618323601,15_7.5_250
brain ECF,12,0.533868988774992,15_7.5_250
brain ECF,12.1,0.517447450533029,15_7.5_250
brain ECF,12.2,0.501530973597431,15_7.5_250
brain ECF,12.3,0.486104026190319,15_7.5_250
brain ECF,12.4,0.471151560065282,15_7.5_250
brain ECF,12.5,0.456658975765204,15_7.5_250
brain ECF,12.6,0.442612140873458,15_7.5_250
brain ECF,12.7,0.428997341724458,15_7.5_250
brain ECF,12.8,0.415801291795062,15_7.5_250
brain ECF,12.9,0.403011118069896,15_7.5_250
brain ECF,13,0.390614331825518,15_7.5_250
brain ECF,13.1,0.378598843658758,15_7.5_250
brain ECF,13.2,0.36695292255949,15_7.5_250
brain ECF,13.3,0.355665202546785,15_7.5_250
brain ECF,13.4,0.344724670790238,15_7.5_250
brain ECF,13.5,0.334120643322225,15_7.5_250
brain ECF,13.6,0.323842778458893,15_7.5_250
brain ECF,13.7,0.313881040264712,15_7.5_250
brain ECF,13.8,0.304225706340297,15_7.5_250
brain ECF,13.9,0.294867358488619,15_7.5_250
brain ECF,14,0.285796859314395,15_7.5_250
brain ECF,14.1,0.277005363391994,15_7.5_250
brain ECF,14.2,0.268484286920607,15_7.5_250
brain ECF,14.3,0.260225310687751,15_7.5_250
brain ECF,14.4,0.252220380726118,15_7.5_250
brain ECF,14.5,0.244461676542519,15_7.5_250
brain ECF,14.6,0.236941621638101,15_7.5_250
brain ECF,14.7,0.229652884275115,15_7.5_250
brain ECF,14.8,0.222588340557738,15_7.5_250
brain ECF,14.9,0.215741094391392,15_7.5_250
brain ECF,15,0.209104469832463,15_7.5_250
brain ECF,15.1,0.202671982932235,15_7.5_250
brain ECF,15.2,0.196437357740035,15_7.5_250
brain ECF,15.3,0.190394512368013,15_7.5_250
brain ECF,15.4,0.184537546054369,15_7.5_250
brain ECF,15.5,0.178860744637217,15_7.5_250
brain ECF,15.6,0.173358566443074,15_7.5_250
brain ECF,15.7,0.168025636445815,15_7.5_250
brain ECF,15.8,0.16285675458759,15_7.5_250
brain ECF,15.9,0.157846870247629,15_7.5_250
brain ECF,16,0.152991087963825,15_7.5_250
brain ECF,16.1,0.148284676428919,15_7.5_250
brain ECF,16.2,0.143723035450525,15_7.5_250
brain ECF,16.3,0.139301711147607,15_7.5_250
brain ECF,16.4,0.135016394980882,15_7.5_250
brain ECF,16.5,0.130862900020484,15_7.5_250
brain ECF,16.6,0.126837170517861,15_7.5_250
brain ECF,16.7,0.122935282847535,15_7.5_250
brain ECF,16.8,0.119153424416091,15_7.5_250
brain ECF,16.9,0.11548790038881,15_7.5_250
brain ECF,17,0.111935138173627,15_7.5_250
brain ECF,17.1,0.1084916657005,15_7.5_250
brain ECF,17.2,0.105154116127402,15_7.5_250
brain ECF,17.3,0.101919235432089,15_7.5_250
brain ECF,17.4,0.0987838662977974,15_7.5_250
brain ECF,17.5,0.0957449422988815,15_7.5_250
brain ECF,17.6,0.0927994982633515,15_7.5_250
brain ECF,17.7,0.0899446637742807,15_7.5_250
brain ECF,17.8,0.0871776484737343,15_7.5_250
brain ECF,17.9,0.0844957515585781,15_7.5_250
brain ECF,18,0.0818963586118727,15_7.5_250
brain ECF,18.1,0.0793769302779254,15_7.5_250
brain ECF,18.2,0.0769350062976306,15_7.5_250
brain ECF,18.3,0.0745682055161048,15_7.5_250
brain ECF,18.4,0.0722742140334044,15_7.5_250
brain ECF,18.5,0.0700507886739389,15_7.5_250
brain ECF,18.6,0.0678957657398039,15_7.5_250
brain ECF,18.7,0.0658070359298724,15_7.5_250
brain ECF,18.8,0.0637825563600684,15_7.5_250
brain ECF,18.9,0.0618203539925058,15_7.5_250
brain ECF,19,0.0599185152823577,15_7.5_250
brain ECF,19.1,0.058075180295988,15_7.5_250
brain ECF,19.2,0.0562885498079855,15_7.5_250
brain ECF,19.3,0.054556883490206,15_7.5_250
brain ECF,19.4,0.0528784893903017,15_7.5_250
brain ECF,19.5,0.0512517289074512,15_7.5_250
brain ECF,19.6,0.0496750153768544,15_7.5_250
brain ECF,19.7,0.0481468080008186,15_7.5_250
brain ECF,19.8,0.0466656128294015,15_7.5_250
brain ECF,19.9,0.0452299856123631,15_7.5_250
brain ECF,20,0.0438385236213845,15_7.5_250
brain ECF,20.1,0.042489864657259,15_7.5_250
brain ECF,20.2,0.0411826919681664,15_7.5_250
brain ECF,20.3,0.0399157334008644,15_7.5_250
brain ECF,20.4,0.0386877484969162,15_7.5_250
brain ECF,20.5,0.0374975376781549,15_7.5_250
brain ECF,20.6,0.0363439431675386,15_7.5_250
brain ECF,20.7,0.0352258377586118,15_7.5_250
brain ECF,20.8,0.0341421305771539,15_7.5_250
brain ECF,20.9,0.0330917640708268,15_7.5_250
brain ECF,21,0.0320737129034101,15_7.5_250
brain ECF,21.1,0.0310869826606963,15_7.5_250
brain ECF,21.2,0.0301306089185276,15_7.5_250
brain ECF,21.3,0.0292036603166395,15_7.5_250
brain ECF,21.4,0.0283052284627441,15_7.5_250
brain ECF,21.5,0.0274344332080241,15_7.5_250
brain ECF,21.6,0.0265904235767404,15_7.5_250
brain ECF,21.7,0.0257723815178724,15_7.5_250
brain ECF,21.8,0.0249795029716824,15_7.5_250
brain ECF,21.9,0.0242110118250689,15_7.5_250
brain ECF,22,0.0234661604684335,15_7.5_250
brain ECF,22.1,0.0227442249756648,15_7.5_250
brain ECF,22.2,0.0220444991436649,15_7.5_250
brain ECF,22.3,0.0213663007335804,15_7.5_250
brain ECF,22.4,0.0207089681245321,15_7.5_250
brain ECF,22.5,0.020071860205579,15_7.5_250
brain ECF,22.6,0.019454355313547,15_7.5_250
brain ECF,22.7,0.0188558504113229,15_7.5_250
brain ECF,22.8,0.018275760438354,15_7.5_250
brain ECF,22.9,0.0177135173824852,15_7.5_250
brain ECF,23,0.0171685696212617,15_7.5_250
brain ECF,23.1,0.0166403839490373,15_7.5_250
brain ECF,23.2,0.0161284488825044,15_7.5_250
brain ECF,23.3,0.0156322596658949,15_7.5_250
brain ECF,23.4,0.015151329511503,15_7.5_250
brain ECF,23.5,0.0146851914213373,15_7.5_250
brain ECF,23.6,0.0142333938369399,15_7.5_250
brain ECF,23.7,0.0137954945228849,15_7.5_250
brain ECF,23.8,0.013371067571588,15_7.5_250
brain ECF,23.9,0.0129596972998318,15_7.5_250
brain ECF,24,0.0125609836286666,15_7.5_250
brain ECF,24.1,0.01217453886729,15_7.5_250
brain ECF,24.2,0.0117999868378188,15_7.5_250
brain ECF,24.3,0.0114369612954015,15_7.5_250
brain ECF,24.4,0.011085106664369,15_7.5_250
brain ECF,24.5,0.0107440792434527,15_7.5_250
brain ECF,24.6,0.0104135443651186,15_7.5_250
brain ECF,24.7,0.0100931778355923,15_7.5_250
brain ECF,24.8,0.00978266861010389,15_7.5_250
brain ECF,24.9,0.0094817104841622,15_7.5_250
brain ECF,25,0.00919000769151445,15_7.5_250
brain ICF,0,0,15_7.5_250
brain ICF,0.1,0,15_7.5_250
brain ICF,0.2,0,15_7.5_250
brain ICF,0.3,0.157006006264641,15_7.5_250
brain ICF,0.4,1.39251351426477,15_7.5_250
brain ICF,0.5,3.38724050750708,15_7.5_250
brain ICF,0.6,5.69603949988094,15_7.5_250
brain ICF,0.7,8.03573032831511,15_7.5_250
brain ICF,0.8,10.2379695704382,15_7.5_250
brain ICF,0.9,12.2110616786413,15_7.5_250
brain ICF,1,13.9132911785105,15_7.5_250
brain ICF,1.1,15.3346138922843,15_7.5_250
brain ICF,1.2,16.4842224467394,15_7.5_250
brain ICF,1.3,17.3822156290845,15_7.5_250
brain ICF,1.4,18.054116728713,15_7.5_250
brain ICF,1.5,18.5273544551924,15_7.5_250
brain ICF,1.6,18.8290829204027,15_7.5_250
brain ICF,1.7,18.9849050226433,15_7.5_250
brain ICF,1.8,19.0181937846022,15_7.5_250
brain ICF,1.9,18.9498034098169,15_7.5_250
brain ICF,2,18.7980244480997,15_7.5_250
brain ICF,2.1,18.5786867332092,15_7.5_250
brain ICF,2.2,18.3053442997558,15_7.5_250
brain ICF,2.3,17.9894995990905,15_7.5_250
brain ICF,2.4,17.6408399419685,15_7.5_250
brain ICF,2.5,17.2674691418375,15_7.5_250
brain ICF,2.6,16.8761248120942,15_7.5_250
brain ICF,2.7,16.4723761654674,15_7.5_250
brain ICF,2.8,16.0608004221038,15_7.5_250
brain ICF,2.9,15.6451376998707,15_7.5_250
brain ICF,3,15.2284251937831,15_7.5_250
brain ICF,3.1,14.8131125691759,15_7.5_250
brain ICF,3.2,14.4011604244112,15_7.5_250
brain ICF,3.3,13.9941235228957,15_7.5_250
brain ICF,3.4,13.593221039699,15_7.5_250
brain ICF,3.5,13.1993955597761,15_7.5_250
brain ICF,3.6,12.8133624306404,15_7.5_250
brain ICF,3.7,12.4356507996892,15_7.5_250
brain ICF,3.8,12.0666376928472,15_7.5_250
brain ICF,3.9,11.7065763812433,15_7.5_250
brain ICF,4,11.3556199552118,15_7.5_250
brain ICF,4.1,11.0138405504059,15_7.5_250
brain ICF,4.2,10.6812451906493,15_7.5_250
brain ICF,4.3,10.3577890481074,15_7.5_250
brain ICF,4.4,10.043386118632,15_7.5_250
brain ICF,4.5,9.73791816595569,15_7.5_250
brain ICF,4.6,9.44124188114959,15_7.5_250
brain ICF,4.7,9.15319474453828,15_7.5_250
brain ICF,4.8,8.8735998542104,15_7.5_250
brain ICF,4.9,8.60226986429921,15_7.5_250
brain ICF,5,8.33901014420569,15_7.5_250
brain ICF,5.1,8.08362138305709,15_7.5_250
brain ICF,5.2,7.83590162101397,15_7.5_250
brain ICF,5.3,7.59564788490653,15_7.5_250
brain ICF,5.4,7.36265752814397,15_7.5_250
brain ICF,5.5,7.13672930343787,15_7.5_250
brain ICF,5.6,6.91766417453001,15_7.5_250
brain ICF,5.7,6.70526599133326,15_7.5_250
brain ICF,5.8,6.49934197465265,15_7.5_250
brain ICF,5.9,6.29970308401826,15_7.5_250
brain ICF,6,6.10616428772337,15_7.5_250
brain ICF,6.1,5.91854477335689,15_7.5_250
brain ICF,6.2,5.7366680775318,15_7.5_250
brain ICF,6.3,5.56036218000767,15_7.5_250
brain ICF,6.4,5.38945953650256,15_7.5_250
brain ICF,6.5,5.2237970847448,15_7.5_250
brain ICF,6.6,5.06321625207851,15_7.5_250
brain ICF,6.7,4.90756290052749,15_7.5_250
brain ICF,6.8,4.75668723627108,15_7.5_250
brain ICF,6.9,4.6104437974397,15_7.5_250
brain ICF,7,4.46869132031918,15_7.5_250
brain ICF,7.1,4.33129268311492,15_7.5_250
brain ICF,7.2,4.19811482104132,15_7.5_250
brain ICF,7.3,4.06902862191287,15_7.5_250
brain ICF,7.4,3.94390883004994,15_7.5_250
brain ICF,7.5,3.82263395313519,15_7.5_250
brain ICF,7.6,3.70508615239918,15_7.5_250
brain ICF,7.7,3.59115115873613,15_7.5_250
brain ICF,7.8,3.48071815214117,15_7.5_250
brain ICF,7.9,3.37367968510732,15_7.5_250
brain ICF,8,3.26993157166243,15_7.5_250
brain ICF,8.1,3.16937279646212,15_7.5_250
brain ICF,8.2,3.07190543465265,15_7.5_250
brain ICF,8.3,2.97743453642229,15_7.5_250
brain ICF,8.4,2.88586807449132,15_7.5_250
brain ICF,8.5,2.79711681642092,15_7.5_250
brain ICF,8.6,2.7110942835538,15_7.5_250
brain ICF,8.7,2.62771662482546,15_7.5_250
brain ICF,8.8,2.54690258083832,15_7.5_250
brain ICF,8.9,2.46857336026261,15_7.5_250
brain ICF,9,2.39265261548325,15_7.5_250
brain ICF,9.1,2.31906630861307,15_7.5_250
brain ICF,9.2,2.24774270492745,15_7.5_250
brain ICF,9.3,2.17861224562286,15_7.5_250
brain ICF,9.4,2.11160752135287,15_7.5_250
brain ICF,9.5,2.04666319250646,15_7.5_250
brain ICF,9.6,1.98371591603759,15_7.5_250
brain ICF,9.7,1.92270431239142,15_7.5_250
brain ICF,9.8,1.8635688648101,15_7.5_250
brain ICF,9.9,1.8062519111313,15_7.5_250
brain ICF,10,1.75069753204885,15_7.5_250
brain ICF,10.1,1.69685155592827,15_7.5_250
brain ICF,10.2,1.64466144561937,15_7.5_250
brain ICF,10.3,1.59407630513034,15_7.5_250
brain ICF,10.4,1.54504678252946,15_7.5_250
brain ICF,10.5,1.49752505340698,15_7.5_250
brain ICF,10.6,1.45146476220932,15_7.5_250
brain ICF,10.7,1.40682096937472,15_7.5_250
brain ICF,10.8,1.36355013151413,15_7.5_250
brain ICF,10.9,1.32161002238056,15_7.5_250
brain ICF,11,1.28095973863819,15_7.5_250
brain ICF,11.1,1.24155960702681,15_7.5_250
brain ICF,11.2,1.20337120164929,15_7.5_250
brain ICF,11.3,1.16635725517532,15_7.5_250
brain ICF,11.4,1.13048165890953,15_7.5_250
brain ICF,11.5,1.0957094123598,15_7.5_250
brain ICF,11.6,1.06200658502006,15_7.5_250
brain ICF,11.7,1.02934029959939,15_7.5_250
brain ICF,11.8,0.997678674379202,15_7.5_250
brain ICF,11.9,0.966990825506529,15_7.5_250
brain ICF,12,0.93724679774265,15_7.5_250
brain ICF,12.1,0.908417583080756,15_7.5_250
brain ICF,12.2,0.880475039579142,15_7.5_250
brain ICF,12.3,0.853391900095968,15_7.5_250
brain ICF,12.4,0.827141746572129,15_7.5_250
brain ICF,12.5,0.801698948681352,15_7.5_250
brain ICF,12.6,0.777038695781378,15_7.5_250
brain ICF,12.7,0.753136912604474,15_7.5_250
brain ICF,12.8,0.729970273788692,15_7.5_250
brain ICF,12.9,0.707516180104932,15_7.5_250
brain ICF,13,0.685752706889411,15_7.5_250
brain ICF,13.1,0.664658629848134,15_7.5_250
brain ICF,13.2,0.644213354251535,15_7.5_250
brain ICF,13.3,0.624396926373717,15_7.5_250
brain ICF,13.4,0.605190013158085,15_7.5_250
brain ICF,13.5,0.586573858451244,15_7.5_250
brain ICF,13.6,0.568530305788893,15_7.5_250
brain ICF,13.7,0.551041736358419,15_7.5_250
brain ICF,13.8,0.534091081547437,15_7.5_250
brain ICF,13.9,0.517661807061428,15_7.5_250
brain ICF,14,0.501737871085056,15_7.5_250
brain ICF,14.1,0.486303745562247,15_7.5_250
brain ICF,14.2,0.471344361088493,15_7.5_250
brain ICF,14.3,0.4568451131336,15_7.5_250
brain ICF,14.4,0.442791862060007,15_7.5_250
brain ICF,14.5,0.429170879004309,15_7.5_250
brain ICF,14.6,0.415968863032623,15_7.5_250
brain ICF,14.7,0.403172942115742,15_7.5_250
brain ICF,14.8,0.390770609613347,15_7.5_250
brain ICF,14.9,0.378749758702908,15_7.5_250
brain ICF,15,0.367098669384592,15_7.5_250
brain ICF,15.1,0.355805958058394,15_7.5_250
brain ICF,15.2,0.344860606963716,15_7.5_250
brain ICF,15.3,0.33425193930539,15_7.5_250
brain ICF,15.4,0.323969596062433,15_7.5_250
brain ICF,15.5,0.314003545579814,15_7.5_250
brain ICF,15.6,0.304344059310704,15_7.5_250
brain ICF,15.7,0.294981701504593,15_7.5_250
brain ICF,15.8,0.285907342548664,15_7.5_250
brain ICF,15.9,0.277112115750993,15_7.5_250
brain ICF,16,0.268587426528142,15_7.5_250
brain ICF,16.1,0.26032496882539,15_7.5_250
brain ICF,16.2,0.252316666194938,15_7.5_250
brain ICF,16.3,0.244554699282229,15_7.5_250
brain ICF,16.4,0.237031504691269,15_7.5_250
brain ICF,16.5,0.229739731682859,15_7.5_250
brain ICF,16.6,0.222672260196856,15_7.5_250
brain ICF,16.7,0.215822202122786,15_7.5_250
brain ICF,16.8,0.209182864484925,15_7.5_250
brain ICF,16.9,0.202747761137155,15_7.5_250
brain ICF,17,0.196510619662552,15_7.5_250
brain ICF,17.1,0.190465344777154,15_7.5_250
brain ICF,17.2,0.184606025801785,15_7.5_250
brain ICF,17.3,0.178926949915587,15_7.5_250
brain ICF,17.4,0.17342257398216,15_7.5_250
brain ICF,17.5,0.168087514337605,15_7.5_250
brain ICF,17.6,0.162916565374342,15_7.5_250
brain ICF,17.7,0.157904688099474,15_7.5_250
brain ICF,17.8,0.153046983547181,15_7.5_250
brain ICF,17.9,0.148338710294761,15_7.5_250
brain ICF,18,0.143775278838822,15_7.5_250
brain ICF,18.1,0.139352231354627,15_7.5_250
brain ICF,18.2,0.13506524898542,15_7.5_250
brain ICF,18.3,0.130910151018713,15_7.5_250
brain ICF,18.4,0.126882875629193,15_7.5_250
brain ICF,18.5,0.12297948488752,15_7.5_250
brain ICF,18.6,0.119196179877312,15_7.5_250
brain ICF,18.7,0.115529257511453,15_7.5_250
brain ICF,18.8,0.111975131058604,15_7.5_250
brain ICF,18.9,0.108530336776693,15_7.5_250
brain ICF,19,0.105191515276809,15_7.5_250
brain ICF,19.1,0.101955400981318,15_7.5_250
brain ICF,19.2,0.0988188351953771,15_7.5_250
brain ICF,19.3,0.0957787630512156,15_7.5_250
brain ICF,19.4,0.0928322142172727,15_7.5_250
brain ICF,19.5,0.089976312288056,15_7.5_250
brain ICF,19.6,0.0872082714770557,15_7.5_250
brain ICF,19.7,0.084525387207991,15_7.5_250
brain ICF,19.8,0.0819250369938238,15_7.5_250
brain ICF,19.9,0.0794046850550144,15_7.5_250
brain ICF,20,0.0769618686557093,15_7.5_250
brain ICF,20.1,0.0745941962665513,15_7.5_250
brain ICF,20.2,0.0722993561160366,15_7.5_250
brain ICF,20.3,0.0700751148623701,15_7.5_250
brain ICF,20.4,0.067919294409694,15_7.5_250
brain ICF,20.5,0.065829788576952,15_7.5_250
brain ICF,20.6,0.0638045653616669,15_7.5_250
brain ICF,20.7,0.0618416456830631,15_7.5_250
brain ICF,20.8,0.0599391146060425,15_7.5_250
brain ICF,20.9,0.0580951154156829,15_7.5_250
brain ICF,21,0.0563078483178178,15_7.5_250
brain ICF,21.1,0.0545755678916175,15_7.5_250
brain ICF,21.2,0.0528965813382468,15_7.5_250
brain ICF,21.3,0.0512692527573593,15_7.5_250
brain ICF,21.4,0.0496919878483363,15_7.5_250
brain ICF,21.5,0.0481632414078526,15_7.5_250
brain ICF,21.6,0.0466815193791353,15_7.5_250
brain ICF,21.7,0.0452453854174788,15_7.5_250
brain ICF,21.8,0.0438534276776246,15_7.5_250
brain ICF,21.9,0.0425042832714231,15_7.5_250
brain ICF,22,0.0411966398966091,15_7.5_250
brain ICF,22.1,0.0399292268967866,15_7.5_250
brain ICF,22.2,0.0387008041821713,15_7.5_250
brain ICF,22.3,0.0375101740379557,15_7.5_250
brain ICF,22.4,0.0363561752156385,15_7.5_250
brain ICF,22.5,0.0352376824142227,15_7.5_250
brain ICF,22.6,0.034153604578335,15_7.5_250
brain ICF,22.7,0.0331028834171801,15_7.5_250
brain ICF,22.8,0.0320844910328581,15_7.5_250
brain ICF,22.9,0.031097430799477,15_7.5_250
brain ICF,23,0.030140734392303,15_7.5_250
brain ICF,23.1,0.0292134656434848,15_7.5_250
brain ICF,23.2,0.028314726130919,15_7.5_250
brain ICF,23.3,0.0274436295650657,15_7.5_250
brain ICF,23.4,0.0265993209069727,15_7.5_250
brain ICF,23.5,0.0257809804291915,15_7.5_250
brain ICF,23.6,0.0249878155733218,15_7.5_250
brain ICF,23.7,0.0242190494769254,15_7.5_250
brain ICF,23.8,0.02347393424239,15_7.5_250
brain ICF,23.9,0.0227517408809434,15_7.5_250
brain ICF,24,0.0220517671501051,15_7.5_250
brain ICF,24.1,0.0213733326915182,15_7.5_250
brain ICF,24.2,0.020715777627175,15_7.5_250
brain ICF,24.3,0.020078458460061,15_7.5_250
brain ICF,24.4,0.0194607503305379,15_7.5_250
brain ICF,24.5,0.0188620504670144,15_7.5_250
brain ICF,24.6,0.0182817713354207,15_7.5_250
brain ICF,24.7,0.0177193437543135,15_7.5_250
brain ICF,24.8,0.0171742216040268,15_7.5_250
brain ICF,24.9,0.016645867182759,15_7.5_250
brain ICF,25,0.0161337610653614,15_7.5_250
sCSF,0,0,15_7.5_250
sCSF,0.1,0,15_7.5_250
sCSF,0.2,0,15_7.5_250
sCSF,0.3,0.00490014197335231,15_7.5_250
sCSF,0.4,0.0838592971290632,15_7.5_250
sCSF,0.5,0.271069910902305,15_7.5_250
sCSF,0.6,0.557650017594086,15_7.5_250
sCSF,0.7,0.928583381900142,15_7.5_250
sCSF,0.8,1.36735427030387,15_7.5_250
sCSF,0.9,1.85763695263778,15_7.5_250
sCSF,1,2.38422798360827,15_7.5_250
sCSF,1.1,2.93353058289583,15_7.5_250
sCSF,1.2,3.49375137328397,15_7.5_250
sCSF,1.3,4.05491745245953,15_7.5_250
sCSF,1.4,4.60878660712747,15_7.5_250
sCSF,1.5,5.14869916388579,15_7.5_250
sCSF,1.6,5.669403082866,15_7.5_250
sCSF,1.7,6.16687235964435,15_7.5_250
sCSF,1.8,6.63813093002947,15_7.5_250
sCSF,1.9,7.08108903211235,15_7.5_250
sCSF,2,7.49439546423638,15_7.5_250
sCSF,2.1,7.87730700604617,15_7.5_250
sCSF,2.2,8.22957487207781,15_7.5_250
sCSF,2.3,8.55134718706543,15_7.5_250
sCSF,2.4,8.8430862010077,15_7.5_250
sCSF,2.5,9.10549858352628,15_7.5_250
sCSF,2.6,9.3394772308391,15_7.5_250
sCSF,2.7,9.54605308832877,15_7.5_250
sCSF,2.8,9.72635549959535,15_7.5_250
sCSF,2.9,9.88157981676251,15_7.5_250
sCSF,3,10.012961203359,15_7.5_250
sCSF,3.1,10.1217535432456,15_7.5_250
sCSF,3.2,10.2092126301423,15_7.5_250
sCSF,3.3,10.2765829650018,15_7.5_250
sCSF,3.4,10.3250874746918,15_7.5_250
sCSF,3.5,10.3559196421896,15_7.5_250
sCSF,3.6,10.3702376085729,15_7.5_250
sCSF,3.7,10.3691599124158,15_7.5_250
sCSF,3.8,10.3537625402544,15_7.5_250
sCSF,3.9,10.3250770033596,15_7.5_250
sCSF,4,10.2840892466443,15_7.5_250
sCSF,4.1,10.2317392721922,15_7.5_250
sCSF,4.2,10.1689212851215,15_7.5_250
sCSF,4.3,10.0964842149596,15_7.5_250
sCSF,4.4,10.0152325911973,15_7.5_250
sCSF,4.5,9.92592763062298,15_7.5_250
sCSF,4.6,9.82928852694818,15_7.5_250
sCSF,4.7,9.72599386266487,15_7.5_250
sCSF,4.8,9.61668309828167,15_7.5_250
sCSF,4.9,9.50195811525689,15_7.5_250
sCSF,5,9.38238479152828,15_7.5_250
sCSF,5.1,9.25849458189915,15_7.5_250
sCSF,5.2,9.13078609155373,15_7.5_250
sCSF,5.3,8.99972662531686,15_7.5_250
sCSF,5.4,8.86575370365277,15_7.5_250
sCSF,5.5,8.7292765408981,15_7.5_250
sCSF,5.6,8.59067747684234,15_7.5_250
sCSF,5.7,8.45031337178064,15_7.5_250
sCSF,5.8,8.30851694291784,15_7.5_250
sCSF,5.9,8.16559804865483,15_7.5_250
sCSF,6,8.02184491792017,15_7.5_250
sCSF,6.1,7.87752533699201,15_7.5_250
sCSF,6.2,7.73288777233761,15_7.5_250
sCSF,6.3,7.5881624506224,15_7.5_250
sCSF,6.4,7.44356238142934,15_7.5_250
sCSF,6.5,7.29928433375267,15_7.5_250
sCSF,6.6,7.15550979847668,15_7.5_250
sCSF,6.7,7.01240587373701,15_7.5_250
sCSF,6.8,6.8701260368104,15_7.5_250
sCSF,6.9,6.72881105306239,15_7.5_250
sCSF,7,6.58858963812813,15_7.5_250
sCSF,7.1,6.44957919357011,15_7.5_250
sCSF,7.2,6.31188656059002,15_7.5_250
sCSF,7.3,6.17560858829286,15_7.5_250
sCSF,7.4,6.04083276255971,15_7.5_250
sCSF,7.5,5.90763781747217,15_7.5_250
sCSF,7.6,5.77609423974744,15_7.5_250
sCSF,7.7,5.64626491723812,15_7.5_250
sCSF,7.8,5.51820538937417,15_7.5_250
sCSF,7.9,5.39196467526456,15_7.5_250
sCSF,8,5.26758522701746,15_7.5_250
sCSF,8.1,5.14510389456106,15_7.5_250
sCSF,8.2,5.02455174199284,15_7.5_250
sCSF,8.3,4.90595497843865,15_7.5_250
sCSF,8.4,4.78933478969251,15_7.5_250
sCSF,8.5,4.67470815588125,15_7.5_250
sCSF,8.6,4.56208770616413,15_7.5_250
sCSF,8.7,4.45148246435742,15_7.5_250
sCSF,8.8,4.34289767410986,15_7.5_250
sCSF,8.9,4.23633551289894,15_7.5_250
sCSF,9,4.13179486587194,15_7.5_250
sCSF,9.1,4.02927206627409,15_7.5_250
sCSF,9.2,3.92876061595766,15_7.5_250
sCSF,9.3,3.83025180444802,15_7.5_250
sCSF,9.4,3.73373463391737,15_7.5_250
sCSF,9.5,3.63919609011142,15_7.5_250
sCSF,9.6,3.54662138004857,15_7.5_250
sCSF,9.7,3.4559939176742,15_7.5_250
sCSF,9.8,3.36729572194241,15_7.5_250
sCSF,9.9,3.28050727030448,15_7.5_250
sCSF,10,3.1956079460631,15_7.5_250
sCSF,10.1,3.11257583561116,15_7.5_250
sCSF,10.2,3.03138817120475,15_7.5_250
sCSF,10.3,2.95202114434145,15_7.5_250
sCSF,10.4,2.87445024205594,15_7.5_250
sCSF,10.5,2.79865019299665,15_7.5_250
sCSF,10.6,2.72459511250838,15_7.5_250
sCSF,10.7,2.65225862239308,15_7.5_250
sCSF,10.8,2.58161381686385,15_7.5_250
sCSF,10.9,2.51263350258649,15_7.5_250
sCSF,11,2.44529006537345,15_7.5_250
sCSF,11.1,2.37955574944473,15_7.5_250
sCSF,11.2,2.31540250213659,15_7.5_250
sCSF,11.3,2.25280221945809,15_7.5_250
sCSF,11.4,2.1917266617211,15_7.5_250
sCSF,11.5,2.13214755695747,15_7.5_250
sCSF,11.6,2.07403665848184,15_7.5_250
sCSF,11.7,2.01736572147733,15_7.5_250
sCSF,11.8,1.96210663653919,15_7.5_250
sCSF,11.9,1.90823134708811,15_7.5_250
sCSF,12,1.85571200716415,15_7.5_250
sCSF,12.1,1.80452087085563,15_7.5_250
sCSF,12.2,1.75463046589431,15_7.5_250
sCSF,12.3,1.70601351855255,15_7.5_250
sCSF,12.4,1.65864297296717,15_7.5_250
sCSF,12.5,1.61249210978691,15_7.5_250
sCSF,12.6,1.56753440583853,15_7.5_250
sCSF,12.7,1.52374371600497,15_7.5_250
sCSF,12.8,1.48109418292322,15_7.5_250
sCSF,12.9,1.43956025249318,15_7.5_250
sCSF,13,1.3991167616448,15_7.5_250
sCSF,13.1,1.35973884018858,15_7.5_250
sCSF,13.2,1.32140202561336,15_7.5_250
sCSF,13.3,1.28408220561208,15_7.5_250
sCSF,13.4,1.24775562604389,15_7.5_250
sCSF,13.5,1.21239894781367,15_7.5_250
sCSF,13.6,1.17798917264843,15_7.5_250
sCSF,13.7,1.14450372805131,15_7.5_250
sCSF,13.8,1.11192041884514,15_7.5_250
sCSF,13.9,1.08021742981035,15_7.5_250
sCSF,14,1.04937336680582,15_7.5_250
sCSF,14.1,1.01936719339446,15_7.5_250
sCSF,14.2,0.990178304154723,15_7.5_250
sCSF,14.3,0.961786483562021,15_7.5_250
sCSF,14.4,0.934171877634902,15_7.5_250
sCSF,14.5,0.907315064964897,15_7.5_250
sCSF,14.6,0.881197002332182,15_7.5_250
sCSF,14.7,0.855799010255036,15_7.5_250
sCSF,14.8,0.831102828067194,15_7.5_250
sCSF,14.9,0.807090562159957,15_7.5_250
sCSF,15,0.783744686729449,15_7.5_250
sCSF,15.1,0.761048071618405,15_7.5_250
sCSF,15.2,0.738983944661432,15_7.5_250
sCSF,15.3,0.717535899723082,15_7.5_250
sCSF,15.4,0.696687904188941,15_7.5_250
sCSF,15.5,0.676424271425682,15_7.5_250
sCSF,15.6,0.656729673693691,15_7.5_250
sCSF,15.7,0.637589136895906,15_7.5_250
sCSF,15.8,0.618988017495332,15_7.5_250
sCSF,15.9,0.600912021376662,15_7.5_250
sCSF,16,0.583347186618001,15_7.5_250
sCSF,16.1,0.566279870515169,15_7.5_250
sCSF,16.2,0.549696761960367,15_7.5_250
sCSF,16.3,0.533584864134145,15_7.5_250
sCSF,16.4,0.51793148770103,15_7.5_250
sCSF,16.5,0.502724255529096,15_7.5_250
sCSF,16.6,0.487951089936709,15_7.5_250
sCSF,16.7,0.47360020357691,15_7.5_250
sCSF,16.8,0.459660104449916,15_7.5_250
sCSF,16.9,0.446119583517141,15_7.5_250
sCSF,17,0.432967707070625,15_7.5_250
sCSF,17.1,0.420193817147871,15_7.5_250
sCSF,17.2,0.40778752306088,15_7.5_250
sCSF,17.3,0.39573869577938,15_7.5_250
sCSF,17.4,0.384037462805509,15_7.5_250
sCSF,17.5,0.372674202686252,15_7.5_250
sCSF,17.6,0.361639541045009,15_7.5_250
sCSF,17.7,0.350924344988813,15_7.5_250
sCSF,17.8,0.340519714805904,15_7.5_250
sCSF,17.9,0.330416982669031,15_7.5_250
sCSF,18,0.320607708869512,15_7.5_250
sCSF,18.1,0.311083669824255,15_7.5_250
sCSF,18.2,0.301836858548094,15_7.5_250
sCSF,18.3,0.292859482538839,15_7.5_250
sCSF,18.4,0.284143949893435,15_7.5_250
sCSF,18.5,0.275682870285749,15_7.5_250
sCSF,18.6,0.267469055423331,15_7.5_250
sCSF,18.7,0.259495501966197,15_7.5_250
sCSF,18.8,0.251755394391258,15_7.5_250
sCSF,18.9,0.244242104163037,15_7.5_250
sCSF,19,0.236949179770802,15_7.5_250
sCSF,19.1,0.229870339617188,15_7.5_250
sCSF,19.2,0.222999474942617,15_7.5_250
sCSF,19.3,0.216330647584417,15_7.5_250
sCSF,19.4,0.209858072622795,15_7.5_250
sCSF,19.5,0.203576124617009,15_7.5_250
sCSF,19.6,0.197479340134365,15_7.5_250
sCSF,19.7,0.19156239579309,15_7.5_250
sCSF,19.8,0.185820116161176,15_7.5_250
sCSF,19.9,0.18024747337988,15_7.5_250
sCSF,20,0.174839575193262,15_7.5_250
sCSF,20.1,0.169591661858221,15_7.5_250
sCSF,20.2,0.164499108749632,15_7.5_250
sCSF,20.3,0.159557422783206,15_7.5_250
sCSF,20.4,0.154762228860723,15_7.5_250
sCSF,20.5,0.150109275780203,15_7.5_250
sCSF,20.6,0.145594438943583,15_7.5_250
sCSF,20.7,0.141213699465299,15_7.5_250
sCSF,20.8,0.13696315297425,15_7.5_250
sCSF,20.9,0.132839012900927,15_7.5_250
sCSF,21,0.128837591752696,15_7.5_250
sCSF,21.1,0.124955304894203,15_7.5_250
sCSF,21.2,0.121188669265263,15_7.5_250
sCSF,21.3,0.117534312292459,15_7.5_250
sCSF,21.4,0.113988941514416,15_7.5_250
sCSF,21.5,0.11054936128621,15_7.5_250
sCSF,21.6,0.107212469264239,15_7.5_250
sCSF,21.7,0.103975259239457,15_7.5_250
sCSF,21.8,0.100834797017842,15_7.5_250
sCSF,21.9,0.0977882353769498,15_7.5_250
sCSF,22,0.0948328148817515,15_7.5_250
sCSF,22.1,0.0919658552633878,15_7.5_250
sCSF,22.2,0.0891847450701316,15_7.5_250
sCSF,22.3,0.0864869498039317,15_7.5_250
sCSF,22.4,0.0838700172627142,15_7.5_250
sCSF,22.5,0.0813315577151849,15_7.5_250
sCSF,22.6,0.0788692492906805,15_7.5_250
sCSF,22.7,0.0764808378126334,15_7.5_250
sCSF,22.8,0.0741641434818004,15_7.5_250
sCSF,22.9,0.0719170377912072,15_7.5_250
sCSF,23,0.069737456521145,15_7.5_250
sCSF,23.1,0.0676233968502118,15_7.5_250
sCSF,23.2,0.0655729195020666,15_7.5_250
sCSF,23.3,0.0635841319130914,15_7.5_250
sCSF,23.4,0.0616551986084496,15_7.5_250
sCSF,23.5,0.0597843423251791,15_7.5_250
sCSF,23.6,0.0579698378704858,15_7.5_250
sCSF,23.7,0.056210003984148,15_7.5_250
sCSF,23.8,0.054503210027606,15_7.5_250
sCSF,23.9,0.0528478824464065,15_7.5_250
sCSF,24,0.0512424848268731,15_7.5_250
sCSF,24.1,0.0496855249956947,15_7.5_250
sCSF,24.2,0.0481755547551133,15_7.5_250
sCSF,24.3,0.0467111743696141,15_7.5_250
sCSF,24.4,0.0452910252715667,15_7.5_250
sCSF,24.5,0.0439137805232305,15_7.5_250
sCSF,24.6,0.0425781546309906,15_7.5_250
sCSF,24.7,0.0412829007968545,15_7.5_250
sCSF,24.8,0.0400268154092417,15_7.5_250
sCSF,24.9,0.038808722057156,15_7.5_250
sCSF,25,0.037627481469576,15_7.5_250
brain ECF,0,0,15_7.5_300
brain ECF,0.1,0,15_7.5_300
brain ECF,0.2,0,15_7.5_300
brain ECF,0.3,0.152790255588176,15_7.5_300
brain ECF,0.4,0.962314271230824,15_7.5_300
brain ECF,0.5,2.15888495863014,15_7.5_300
brain ECF,0.6,3.50166339189334,15_7.5_300
brain ECF,0.7,4.84028043253674,15_7.5_300
brain ECF,0.8,6.08673584744211,15_7.5_300
brain ECF,0.9,7.19435947419203,15_7.5_300
brain ECF,1,8.14323710248721,15_7.5_300
brain ECF,1.1,8.9302489061124,15_7.5_300
brain ECF,1.2,9.56233661941364,15_7.5_300
brain ECF,1.3,10.0520181866364,15_7.5_300
brain ECF,1.4,10.4144567021321,15_7.5_300
brain ECF,1.5,10.6655955184673,15_7.5_300
brain ECF,1.6,10.8210173704426,15_7.5_300
brain ECF,1.7,10.8952892477367,15_7.5_300
brain ECF,1.8,10.9016266483178,15_7.5_300
brain ECF,1.9,10.8517642394361,15_7.5_300
brain ECF,2,10.7559543027644,15_7.5_300
brain ECF,2.1,10.6230412431306,15_7.5_300
brain ECF,2.2,10.4605770385974,15_7.5_300
brain ECF,2.3,10.2749550566421,15_7.5_300
brain ECF,2.4,10.0715480543038,15_7.5_300
brain ECF,2.5,9.854841580409,15_7.5_300
brain ECF,2.6,9.62855798042757,15_7.5_300
brain ECF,2.7,9.39576853344662,15_7.5_300
brain ECF,2.8,9.15899295098376,15_7.5_300
brain ECF,2.9,8.92028638595268,15_7.5_300
brain ECF,3,8.68131455865016,15_7.5_300
brain ECF,3.1,8.44341818705251,15_7.5_300
brain ECF,3.2,8.20766782949557,15_7.5_300
brain ECF,3.3,7.97491015063942,15_7.5_300
brain ECF,3.4,7.74580690379713,15_7.5_300
brain ECF,3.5,7.5208676141698,15_7.5_300
brain ECF,3.6,7.30047688221314,15_7.5_300
brain ECF,3.7,7.08491705945154,15_7.5_300
brain ECF,3.8,6.87438705678661,15_7.5_300
brain ECF,3.9,6.66901798506962,15_7.5_300
brain ECF,4,6.46888614080089,15_7.5_300
brain ECF,4.1,6.274023584165,15_7.5_300
brain ECF,4.2,6.08442685354014,15_7.5_300
brain ECF,4.3,5.90006425138252,15_7.5_300
brain ECF,4.4,5.72088170457573,15_7.5_300
brain ECF,4.5,5.54680767303841,15_7.5_300
brain ECF,4.6,5.37775707398873,15_7.5_300
brain ECF,4.7,5.21363449387309,15_7.5_300
brain ECF,4.8,5.05433683162086,15_7.5_300
brain ECF,4.9,4.89975545324531,15_7.5_300
brain ECF,5,4.74977791880752,15_7.5_300
brain ECF,5.1,4.60428940416294,15_7.5_300
brain ECF,5.2,4.46317380836509,15_7.5_300
brain ECF,5.3,4.32631464509482,15_7.5_300
brain ECF,5.4,4.19359577181522,15_7.5_300
brain ECF,5.5,4.0649019722021,15_7.5_300
brain ECF,5.6,3.94011939555472,15_7.5_300
brain ECF,5.7,3.81913592188845,15_7.5_300
brain ECF,5.8,3.70184142262486,15_7.5_300
brain ECF,5.9,3.58812795748865,15_7.5_300
brain ECF,6,3.47788991804406,15_7.5_300
brain ECF,6.1,3.37102413854267,15_7.5_300
brain ECF,6.2,3.26742996309811,15_7.5_300
brain ECF,6.3,3.16700929292878,15_7.5_300
brain ECF,6.4,3.06966660043127,15_7.5_300
brain ECF,6.5,2.97530892932137,15_7.5_300
brain ECF,6.6,2.88384589422257,15_7.5_300
brain ECF,6.7,2.79518964777331,15_7.5_300
brain ECF,6.8,2.70925482721968,15_7.5_300
brain ECF,6.9,2.62595854440733,15_7.5_300
brain ECF,7,2.54522030988319,15_7.5_300
brain ECF,7.1,2.46696199872945,15_7.5_300
brain ECF,7.2,2.39110780097793,15_7.5_300
brain ECF,7.3,2.31758416174679,15_7.5_300
brain ECF,7.4,2.24631972566601,15_7.5_300
brain ECF,7.5,2.17724528313699,15_7.5_300
brain ECF,7.6,2.11029370776138,15_7.5_300
brain ECF,7.7,2.04539990735957,15_7.5_300
brain ECF,7.8,1.98250075640203,15_7.5_300
brain ECF,7.9,1.92153505045943,15_7.5_300
brain ECF,8,1.86244344461086,15_7.5_300
brain ECF,8.1,1.80516839989822,15_7.5_300
brain ECF,8.2,1.74965413875625,15_7.5_300
brain ECF,8.3,1.69584657831301,15_7.5_300
brain ECF,8.4,1.64369330087111,15_7.5_300
brain ECF,8.5,1.59314348076914,15_7.5_300
brain ECF,8.6,1.54414786122714,15_7.5_300
brain ECF,8.7,1.4966586821008,15_7.5_300
brain ECF,8.8,1.45062965975321,15_7.5_300
brain ECF,8.9,1.40601591627563,15_7.5_300
brain ECF,9,1.36277396589194,15_7.5_300
brain ECF,9.1,1.32086163830405,15_7.5_300
brain ECF,9.2,1.28023807546209,15_7.5_300
brain ECF,9.3,1.24086365821568,15_7.5_300
brain ECF,9.4,1.2026999922721,15_7.5_300
brain ECF,9.5,1.16570986185568,15_7.5_300
brain ECF,9.6,1.12985718869302,15_7.5_300
brain ECF,9.7,1.09510701259683,15_7.5_300
brain ECF,9.8,1.06142543461501,15_7.5_300
brain ECF,9.9,1.02877961211588,15_7.5_300
brain ECF,10,0.9971376951705,15_7.5_300
brain ECF,10.1,0.966468829113082,15_7.5_300
brain ECF,10.2,0.936743090265885,15_7.5_300
brain ECF,10.3,0.907931490138223,15_7.5_300
brain ECF,10.4,0.880005919263607,15_7.5_300
brain ECF,10.5,0.852939138462505,15_7.5_300
brain ECF,10.6,0.826704744792963,15_7.5_300
brain ECF,10.7,0.801277142167417,15_7.5_300
brain ECF,10.8,0.776631529530302,15_7.5_300
brain ECF,10.9,0.752743856116546,15_7.5_300
brain ECF,11,0.729590824759544,15_7.5_300
brain ECF,11.1,0.707149838855809,15_7.5_300
brain ECF,11.2,0.685399012378929,15_7.5_300
brain ECF,11.3,0.664317118927978,15_7.5_300
brain ECF,11.4,0.643883592291938,15_7.5_300
brain ECF,11.5,0.624078497114355,15_7.5_300
brain ECF,11.6,0.604882507717429,15_7.5_300
brain ECF,11.7,0.586276898169929,15_7.5_300
brain ECF,11.8,0.568243509637244,15_7.5_300
brain ECF,11.9,0.550764751696871,15_7.5_300
brain ECF,12,0.5338235628435,15_7.5_300
brain ECF,12.1,0.51740342106627,15_7.5_300
brain ECF,12.2,0.501488297616097,15_7.5_300
brain ECF,12.3,0.486062662155451,15_7.5_300
brain ECF,12.4,0.471111467615465,15_7.5_300
brain ECF,12.5,0.456620115823016,15_7.5_300
brain ECF,12.6,0.44257447560713,15_7.5_300
brain ECF,12.7,0.428960834359765,15_7.5_300
brain ECF,12.8,0.415765906808033,15_7.5_300
brain ECF,12.9,0.402976820942988,15_7.5_300
brain ECF,13,0.390581089136284,15_7.5_300
brain ECF,13.1,0.378566623048912,15_7.5_300
brain ECF,13.2,0.366921692541441,15_7.5_300
brain ECF,13.3,0.355634932701164,15_7.5_300
brain ECF,13.4,0.344695331597773,15_7.5_300
brain ECF,13.5,0.334092206209694,15_7.5_300
brain ECF,13.6,0.323815215741817,15_7.5_300
brain ECF,13.7,0.313854324991727,15_7.5_300
brain ECF,13.8,0.30419981249066,15_7.5_300
brain ECF,13.9,0.29484226076655,15_7.5_300
brain ECF,14,0.285772533199503,15_7.5_300
brain ECF,14.1,0.276981785222812,15_7.5_300
brain ECF,14.2,0.268461433679393,15_7.5_300
brain ECF,14.3,0.260203160180831,15_7.5_300
brain ECF,14.4,0.252198911338292,15_7.5_300
brain ECF,14.5,0.244440867335792,15_7.5_300
brain ECF,14.6,0.236921452428941,15_7.5_300
brain ECF,14.7,0.229633335342051,15_7.5_300
brain ECF,14.8,0.222569392750027,15_7.5_300
brain ECF,14.9,0.215722729277894,15_7.5_300
brain ECF,15,0.209086669433264,15_7.5_300
brain ECF,15.1,0.202654729806966,15_7.5_300
brain ECF,15.2,0.196420635105045,15_7.5_300
brain ECF,15.3,0.19037830388201,15_7.5_300
brain ECF,15.4,0.18452183593532,15_7.5_300
brain ECF,15.5,0.178845517638552,15_7.5_300
brain ECF,15.6,0.173343807702385,15_7.5_300
brain ECF,15.7,0.168011331583676,15_7.5_300
brain ECF,15.8,0.162842889777702,15_7.5_300
brain ECF,15.9,0.157833431869633,15_7.5_300
brain ECF,16,0.152978062903817,15_7.5_300
brain ECF,16.1,0.148272051961643,15_7.5_300
brain ECF,16.2,0.143710799189563,15_7.5_300
brain ECF,16.3,0.139289851156799,15_7.5_300
brain ECF,16.4,0.135004899660069,15_7.5_300
brain ECF,16.5,0.130851758137473,15_7.5_300
brain ECF,16.6,0.126826371260159,15_7.5_300
brain ECF,16.7,0.122924815660896,15_7.5_300
brain ECF,16.8,0.11914327910956,15_7.5_300
brain ECF,16.9,0.115478067093094,15_7.5_300
brain ECF,17,0.111925607424727,15_7.5_300
brain ECF,17.1,0.108482428126407,15_7.5_300
brain ECF,17.2,0.105145162659723,15_7.5_300
brain ECF,17.3,0.101910557470004,15_7.5_300
brain ECF,17.4,0.0987754552684432,15_7.5_300
brain ECF,17.5,0.0957367899033922,15_7.5_300
brain ECF,17.6,0.0927915965966991,15_7.5_300
brain ECF,17.7,0.0899370050700166,15_7.5_300
brain ECF,17.8,0.0871702252312168,15_7.5_300
brain ECF,17.9,0.0844885565696143,15_7.5_300
brain ECF,18,0.0818893848440409,15_7.5_300
brain ECF,18.1,0.0793701709565415,15_7.5_300
brain ECF,18.2,0.0769284549115277,15_7.5_300
brain ECF,18.3,0.0745618556641747,15_7.5_300
brain ECF,18.4,0.072268059525732,15_7.5_300
brain ECF,18.5,0.0700448234768669,15_7.5_300
brain ECF,18.6,0.0678899841794011,15_7.5_300
brain ECF,18.7,0.0658014322467192,15_7.5_300
brain ECF,18.8,0.0637771249900049,15_7.5_300
brain ECF,18.9,0.0618150897252649,15_7.5_300
brain ECF,19,0.059913412897818,15_7.5_300
brain ECF,19.1,0.0580702347672197,15_7.5_300
brain ECF,19.2,0.0562837563288155,15_7.5_300
brain ECF,19.3,0.0545522373669739,15_7.5_300
brain ECF,19.4,0.0528739861113971,15_7.5_300
brain ECF,19.5,0.0512473641450122,15_7.5_300
brain ECF,19.6,0.0496707848660438,15_7.5_300
brain ECF,19.7,0.0481427076376384,15_7.5_300
brain ECF,19.8,0.0466616386269093,15_7.5_300
brain ECF,19.9,0.0452261337762305,15_7.5_300
brain ECF,20,0.0438347903362013,15_7.5_300
brain ECF,20.1,0.042486246216569,15_7.5_300
brain ECF,20.2,0.0411791848800001,15_7.5_300
brain ECF,20.3,0.0399123341928983,15_7.5_300
brain ECF,20.4,0.0386844537975232,15_7.5_300
brain ECF,20.5,0.037494344254122,15_7.5_300
brain ECF,20.6,0.0363408478923598,15_7.5_300
brain ECF,20.7,0.0352228376183588,15_7.5_300
brain ECF,20.8,0.0341392226835363,15_7.5_300
brain ECF,20.9,0.0330889455799462,15_7.5_300
brain ECF,21,0.0320709810839108,15_7.5_300
brain ECF,21.1,0.0310843348871924,15_7.5_300
brain ECF,21.2,0.0301280426934055,15_7.5_300
brain ECF,21.3,0.0292011731111559,15_7.5_300
brain ECF,21.4,0.0283028178414961,15_7.5_300
brain ECF,21.5,0.0274320967731957,15_7.5_300
brain ECF,21.6,0.0265881591157742,15_7.5_300
brain ECF,21.7,0.0257701867690096,15_7.5_300
brain ECF,21.8,0.024977375734202,15_7.5_300
brain ECF,21.9,0.024208949930148,15_7.5_300
brain ECF,22,0.0234641619626623,15_7.5_300
brain ECF,22.1,0.0227422878614034,15_7.5_300
brain ECF,22.2,0.0220426215245032,15_7.5_300
brain ECF,22.3,0.0213644807959495,15_7.5_300
brain ECF,22.4,0.0207072040903031,15_7.5_300
brain ECF,22.5,0.0200701503850649,15_7.5_300
brain ECF,22.6,0.0194526980953207,15_7.5_300
brain ECF,22.7,0.0188542442559084,15_7.5_300
brain ECF,22.8,0.0182742037670198,15_7.5_300
brain ECF,22.9,0.0177120086855779,15_7.5_300
brain ECF,23,0.0171671074059647,15_7.5_300
brain ECF,23.1,0.0166389668509233,15_7.5_300
brain ECF,23.2,0.0161270754697182,15_7.5_300
brain ECF,23.3,0.0156309285338713,15_7.5_300
brain ECF,23.4,0.0151500392516425,15_7.5_300
brain ECF,23.5,0.0146839408251357,15_7.5_300
brain ECF,23.6,0.0142321816279735,15_7.5_300
brain ECF,23.7,0.0137943194944665,15_7.5_300
brain ECF,23.8,0.0133699285749253,15_7.5_300
brain ECF,23.9,0.0129585931679742,15_7.5_300
brain ECF,24,0.0125599133400284,15_7.5_300
brain ECF,24.1,0.0121735014484528,15_7.5_300
brain ECF,24.2,0.0117989813988976,15_7.5_300
brain ECF,24.3,0.011435986874004,15_7.5_300
brain ECF,24.4,0.0110841622971911,15_7.5_300
brain ECF,24.5,0.0107431640205996,15_7.5_300
brain ECF,24.6,0.010412657374991,15_7.5_300
brain ECF,24.7,0.0100923182272421,15_7.5_300
brain ECF,24.8,0.00978183555059717,15_7.5_300
brain ECF,24.9,0.00948090312495177,15_7.5_300
brain ECF,25,0.0091892251776463,15_7.5_300
brain ICF,0,0,15_7.5_300
brain ICF,0.1,0,15_7.5_300
brain ICF,0.2,0,15_7.5_300
brain ICF,0.3,0.160817907750681,15_7.5_300
brain ICF,0.4,1.4100337297927,15_7.5_300
brain ICF,0.5,3.41929199825385,15_7.5_300
brain ICF,0.6,5.7399282208544,15_7.5_300
brain ICF,0.7,8.0875757532026,15_7.5_300
brain ICF,0.8,10.293867736545,15_7.5_300
brain ICF,0.9,12.2676362660456,15_7.5_300
brain ICF,1,13.9678967938739,15_7.5_300
brain ICF,1.1,15.3853502716114,15_7.5_300
brain ICF,1.2,16.529855309961,15_7.5_300
brain ICF,1.3,17.4220601700244,15_7.5_300
brain ICF,1.4,18.0879149046533,15_7.5_300
brain ICF,1.5,18.5551620229036,15_7.5_300
brain ICF,1.6,18.8511731748876,15_7.5_300
brain ICF,1.7,19.0016910424835,15_7.5_300
brain ICF,1.8,19.0301682805198,15_7.5_300
brain ICF,1.9,18.9574939906928,15_7.5_300
brain ICF,2,18.801961691793,15_7.5_300
brain ICF,2.1,18.5793824728471,15_7.5_300
brain ICF,2.2,18.3032777911224,15_7.5_300
brain ICF,2.3,17.9851095917,15_7.5_300
brain ICF,2.4,17.6345210263488,15_7.5_300
brain ICF,2.5,17.2595710963922,15_7.5_300
brain ICF,2.6,16.8669539607373,15_7.5_300
brain ICF,2.7,16.4621980014545,15_7.5_300
brain ICF,2.8,16.0498429577615,15_7.5_300
brain ICF,2.9,15.6335951534219,15_7.5_300
brain ICF,3,15.2164617435701,15_7.5_300
brain ICF,3.1,14.8008660009171,15_7.5_300
brain ICF,3.2,14.388745560049,15_7.5_300
brain ICF,3.3,13.9816353667873,15_7.5_300
brain ICF,3.4,13.5807376155765,15_7.5_300
brain ICF,3.5,13.1869804324149,15_7.5_300
brain ICF,3.6,12.8010669208919,15_7.5_300
brain ICF,3.7,12.423515911928,15_7.5_300
brain ICF,3.8,12.0546957804444,15_7.5_300
brain ICF,3.9,11.6948525739982,15_7.5_300
brain ICF,4,11.3441333777594,15_7.5_300
brain ICF,4.1,11.0026053536486,15_7.5_300
brain ICF,4.2,10.6702714257158,15_7.5_300
brain ICF,4.3,10.3470834001933,15_7.5_300
brain ICF,4.4,10.0329525225945,15_7.5_300
brain ICF,4.5,9.72775832122139,15_7.5_300
brain ICF,4.6,9.43135567944894,15_7.5_300
brain ICF,4.7,9.14358062661085,15_7.5_300
brain ICF,4.8,8.86425510505913,15_7.5_300
brain ICF,4.9,8.59319085753156,15_7.5_300
brain ICF,5,8.33019254304184,15_7.5_300
brain ICF,5.1,8.07506030549922,15_7.5_300
brain ICF,5.2,7.82759177544196,15_7.5_300
brain ICF,5.3,7.58758368130557,15_7.5_300
brain ICF,5.4,7.3548331687975,15_7.5_300
brain ICF,5.5,7.12913885644838,15_7.5_300
brain ICF,5.6,6.9103016333943,15_7.5_300
brain ICF,5.7,6.69812532285297,15_7.5_300
brain ICF,5.8,6.49241715717947,15_7.5_300
brain ICF,5.9,6.29298813800983,15_7.5_300
brain ICF,6,6.09965330014535,15_7.5_300
brain ICF,6.1,5.91223191641354,15_7.5_300
brain ICF,6.2,5.73054762370363,15_7.5_300
brain ICF,6.3,5.55442851292371,15_7.5_300
brain ICF,6.4,5.38370715912572,15_7.5_300
brain ICF,6.5,5.21822062560604,15_7.5_300
brain ICF,6.6,5.05781046847197,15_7.5_300
brain ICF,6.7,4.90232268146944,15_7.5_300
brain ICF,6.8,4.75160760385064,15_7.5_300
brain ICF,6.9,4.60551990645009,15_7.5_300
brain ICF,7,4.46391845844708,15_7.5_300
brain ICF,7.1,4.32666626962517,15_7.5_300
brain ICF,7.2,4.19363040495217,15_7.5_300
brain ICF,7.3,4.0646818801443,15_7.5_300
brain ICF,7.4,3.93969556507819,15_7.5_300
brain ICF,7.5,3.8185500903181,15_7.5_300
brain ICF,7.6,3.70112773751672,15_7.5_300
brain ICF,7.7,3.58731435475206,15_7.5_300
brain ICF,7.8,3.47699923679085,15_7.5_300
brain ICF,7.9,3.37007504746397,15_7.5_300
brain ICF,8,3.26643770969145,15_7.5_300
brain ICF,8.1,3.16598631374126,15_7.5_300
brain ICF,8.2,3.06862303770863,15_7.5_300
brain ICF,8.3,2.97425303174781,15_7.5_300
brain ICF,8.4,2.88278436570867,15_7.5_300
brain ICF,8.5,2.79412790150032,15_7.5_300
brain ICF,8.6,2.70819725201596,15_7.5_300
brain ICF,8.7,2.62490865505461,15_7.5_300
brain ICF,8.8,2.54418093744919,15_7.5_300
brain ICF,8.9,2.46593539153562,15_7.5_300
brain ICF,9,2.39009575084857,15_7.5_300
brain ICF,9.1,2.3165880561054,15_7.5_300
brain ICF,9.2,2.24534064929539,15_7.5_300
brain ICF,9.3,2.17628404521516,15_7.5_300
brain ICF,9.4,2.10935090672094,15_7.5_300
brain ICF,9.5,2.04447596350755,15_7.5_300
brain ICF,9.6,1.98159594029809,15_7.5_300
brain ICF,9.7,1.92064952278679,15_7.5_300
brain ICF,9.8,1.86157725781842,15_7.5_300
brain ICF,9.9,1.80432154464088,15_7.5_300
brain ICF,10,1.74882652365731,15_7.5_300
brain ICF,10.1,1.69503808098461,15_7.5_300
brain ICF,10.2,1.64290373544138,15_7.5_300
brain ICF,10.3,1.59237264565914,15_7.5_300
brain ICF,10.4,1.54339551200906,15_7.5_300
brain ICF,10.5,1.49592456143912,15_7.5_300
brain ICF,10.6,1.44991348761735,15_7.5_300
brain ICF,10.7,1.4053173991495,15_7.5_300
brain ICF,10.8,1.36209279896649,15_7.5_300
brain ICF,10.9,1.32019750600145,15_7.5_300
brain ICF,11,1.27959066052087,15_7.5_300
brain ICF,11.1,1.24023263155541,15_7.5_300
brain ICF,11.2,1.20208503455096,15_7.5_300
brain ICF,11.3,1.16511064160822,15_7.5_300
brain ICF,11.4,1.12927338288544,15_7.5_300
brain ICF,11.5,1.09453829505253,15_7.5_300
brain ICF,11.6,1.06087148400353,15_7.5_300
brain ICF,11.7,1.02824010742097,15_7.5_300
brain ICF,11.8,0.996612317715325,15_7.5_300
brain ICF,11.9,0.965957263949296,15_7.5_300
brain ICF,12,0.936245022885791,15_7.5_300
brain ICF,12.1,0.907446617573352,15_7.5_300
brain ICF,12.2,0.879533935962947,15_7.5_300
brain ICF,12.3,0.852479740259231,15_7.5_300
brain ICF,12.4,0.826257640416502,15_7.5_300
brain ICF,12.5,0.800842033559733,15_7.5_300
brain ICF,12.6,0.776208135658687,15_7.5_300
brain ICF,12.7,0.752331896972047,15_7.5_300
brain ICF,12.8,0.729190017261315,15_7.5_300
brain ICF,12.9,0.706759921248459,15_7.5_300
brain ICF,13,0.685019707725542,15_7.5_300
brain ICF,13.1,0.663948175208136,15_7.5_300
brain ICF,13.2,0.643524750766923,15_7.5_300
brain ICF,13.3,0.623729502171384,15_7.5_300
brain ICF,13.4,0.604543116841453,15_7.5_300
brain ICF,13.5,0.58594685868376,15_7.5_300
brain ICF,13.6,0.56792259077243,15_7.5_300
brain ICF,13.7,0.550452712915898,15_7.5_300
brain ICF,13.8,0.533520174961799,15_7.5_300
brain ICF,13.9,0.517108460153362,15_7.5_300
brain ICF,14,0.50120154389259,15_7.5_300
brain ICF,14.1,0.485783914784195,15_7.5_300
brain ICF,14.2,0.470840519364652,15_7.5_300
brain ICF,14.3,0.456356768843312,15_7.5_300
brain ICF,14.4,0.442318538552305,15_7.5_300
brain ICF,14.5,0.428712114226528,15_7.5_300
brain ICF,14.6,0.415524209304692,15_7.5_300
brain ICF,14.7,0.402741965336895,15_7.5_300
brain ICF,14.8,0.390352888999387,15_7.5_300
brain ICF,14.9,0.378344886682788,15_7.5_300
brain ICF,15,0.36670625068703,15_7.5_300
brain ICF,15.1,0.355425609647868,15_7.5_300
brain ICF,15.2,0.344491957782995,15_7.5_300
brain ICF,15.3,0.333894629505405,15_7.5_300
brain ICF,15.4,0.32362327694051,15_7.5_300
brain ICF,15.5,0.31366787923621,15_7.5_300
brain ICF,15.6,0.304018718054132,15_7.5_300
brain ICF,15.7,0.294666367689302,15_7.5_300
brain ICF,15.8,0.285601708553503,15_7.5_300
brain ICF,15.9,0.276815883039998,15_7.5_300
brain ICF,16,0.268300305941753,15_7.5_300
brain ICF,16.1,0.260046680041585,15_7.5_300
brain ICF,16.2,0.252046937505192,15_7.5_300
brain ICF,16.3,0.244293267505619,15_7.5_300
brain ICF,16.4,0.236778114581498,15_7.5_300
brain ICF,16.5,0.229494135919538,15_7.5_300
brain ICF,16.6,0.222434219186127,15_7.5_300
brain ICF,16.7,0.215591483479963,15_7.5_300
brain ICF,16.8,0.208959242999987,15_7.5_300
brain ICF,16.9,0.202531018480359,15_7.5_300
brain ICF,17,0.196300544447272,15_7.5_300
brain ICF,17.1,0.190261731755494,15_7.5_300
brain ICF,17.2,0.184408676055717,15_7.5_300
brain ICF,17.3,0.178735670989929,15_7.5_300
brain ICF,17.4,0.173237178961832,15_7.5_300
brain ICF,17.5,0.167907822134026,15_7.5_300
brain ICF,17.6,0.162742400724214,15_7.5_300
brain ICF,17.7,0.157735880895976,15_7.5_300
brain ICF,17.8,0.152883369019569,15_7.5_300
brain ICF,17.9,0.148180128847747,15_7.5_300
brain ICF,18,0.143621575649491,15_7.5_300
brain ICF,18.1,0.139203256409366,15_7.5_300
brain ICF,18.2,0.134920856927701,15_7.5_300
brain ICF,18.3,0.130770200866409,15_7.5_300
brain ICF,18.4,0.126747230701189,15_7.5_300
brain ICF,18.5,0.12284801262715,15_7.5_300
brain ICF,18.6,0.119068752154185,15_7.5_300
brain ICF,18.7,0.115405749699906,15_7.5_300
brain ICF,18.8,0.111855422446684,15_7.5_300
brain ICF,18.9,0.108414310678499,15_7.5_300
brain ICF,19,0.105079058289811,15_7.5_300
brain ICF,19.1,0.101846403310351,15_7.5_300
brain ICF,19.2,0.0987131905498906,15_7.5_300
brain ICF,19.3,0.0956763682731357,15_7.5_300
brain ICF,19.4,0.0927329693925276,15_7.5_300
brain ICF,19.5,0.0898801206084304,15_7.5_300
brain ICF,19.6,0.0871150390293373,15_7.5_300
brain ICF,19.7,0.0844350229569722,15_7.5_300
brain ICF,19.8,0.0818374526478312,15_7.5_300
brain ICF,19.9,0.0793197951924549,15_7.5_300
brain ICF,20,0.0768795902715941,15_7.5_300
brain ICF,20.1,0.0745144489071924,15_7.5_300
brain ICF,20.2,0.0722220620006786,15_7.5_300
brain ICF,20.3,0.0700001984369614,15_7.5_300
brain ICF,20.4,0.0678466825005444,15_7.5_300
brain ICF,20.5,0.0657594103695083,15_7.5_300
brain ICF,20.6,0.0637363521334437,15_7.5_300
brain ICF,20.7,0.0617755308903885,15_7.5_300
brain ICF,20.8,0.0598750337846848,15_7.5_300
brain ICF,20.9,0.0580330060136481,15_7.5_300
brain ICF,21,0.05624764971819,15_7.5_300
brain ICF,21.1,0.0545172213237505,15_7.5_300
brain ICF,21.2,0.0528400298612891,15_7.5_300
brain ICF,21.3,0.0512144411240407,15_7.5_300
brain ICF,21.4,0.0496388624676191,15_7.5_300
brain ICF,21.5,0.0481117502781004,15_7.5_300
brain ICF,21.6,0.046631612309044,15_7.5_300
brain ICF,21.7,0.0451970135768946,15_7.5_300
brain ICF,21.8,0.0438065437706022,15_7.5_300
brain ICF,21.9,0.0424588414563389,15_7.5_300
brain ICF,22,0.0411525959853016,15_7.5_300
brain ICF,22.1,0.039886537821305,15_7.5_300
brain ICF,22.2,0.0386594283267156,15_7.5_300
brain ICF,22.3,0.0374700711125331,15_7.5_300
brain ICF,22.4,0.0363173060908237,15_7.5_300
brain ICF,22.5,0.035200009186456,15_7.5_300
brain ICF,22.6,0.0341170905068028,15_7.5_300
brain ICF,22.7,0.0330674928585067,15_7.5_300
brain ICF,22.8,0.0320501894156547,15_7.5_300
brain ICF,22.9,0.0310641845607893,15_7.5_300
brain ICF,23,0.0301085109341064,15_7.5_300
brain ICF,23.1,0.0291822335214972,15_7.5_300
brain ICF,23.2,0.0282844547499158,15_7.5_300
brain ICF,23.3,0.0274142892681541,15_7.5_300
brain ICF,23.4,0.0265708829410366,15_7.5_300
brain ICF,23.5,0.0257534171947188,15_7.5_300
brain ICF,23.6,0.0249611000881398,15_7.5_300
brain ICF,23.7,0.0241931557301573,15_7.5_300
brain ICF,23.8,0.0234488370937195,15_7.5_300
brain ICF,23.9,0.0227274157610421,15_7.5_300
brain ICF,24,0.0220281904013548,15_7.5_300
brain ICF,24.1,0.0213504813788561,15_7.5_300
brain ICF,24.2,0.0206936295296578,15_7.5_300
brain ICF,24.3,0.0200569919185119,15_7.5_300
brain ICF,24.4,0.019439944422765,15_7.5_300
brain ICF,24.5,0.0188418848478202,15_7.5_300
brain ICF,24.6,0.0182622262307356,15_7.5_300
brain ICF,24.7,0.0177004000605821,15_7.5_300
brain ICF,24.8,0.0171558608041491,15_7.5_300
brain ICF,24.9,0.016628071280944,15_7.5_300
brain ICF,25,0.0161165125985768,15_7.5_300
sCSF,0,0,15_7.5_300
sCSF,0.1,0,15_7.5_300
sCSF,0.2,0,15_7.5_300
sCSF,0.3,0.00487495494759184,15_7.5_300
sCSF,0.4,0.0834452448696098,15_7.5_300
sCSF,0.5,0.269999955033377,15_7.5_300
sCSF,0.6,0.555948935171437,15_7.5_300
sCSF,0.7,0.926421199559365,15_7.5_300
sCSF,0.8,1.36494270110438,15_7.5_300
sCSF,0.9,1.85517502500685,15_7.5_300
sCSF,1,2.3818779907189,15_7.5_300
sCSF,1.1,2.93141114507762,15_7.5_300
sCSF,1.2,3.49193946181722,15_7.5_300
sCSF,1.3,4.05345451829075,15_7.5_300
sCSF,1.4,4.60768603818655,15_7.5_300
sCSF,1.5,5.1479535818705,15_7.5_300
sCSF,1.6,5.66899076450795,15_7.5_300
sCSF,1.7,6.16676251866905,15_7.5_300
sCSF,1.8,6.63828784393679,15_7.5_300
sCSF,1.9,7.08147512248893,15_7.5_300
sCSF,2,7.49497349059091,15_7.5_300
sCSF,2.1,7.8780415441106,15_7.5_300
sCSF,2.2,8.23043323598336,15_7.5_300
sCSF,2.3,8.55229993416725,15_7.5_300
sCSF,2.4,8.84410733419318,15_7.5_300
sCSF,2.5,9.10656554288817,15_7.5_300
sCSF,2.6,9.34057074527756,15_7.5_300
sCSF,2.7,9.54715694118564,15_7.5_300
sCSF,2.8,9.72745624695533,15_7.5_300
sCSF,2.9,9.88266648651121,15_7.5_300
sCSF,3,10.0140249942371,15_7.5_300
sCSF,3.1,10.1227875361861,15_7.5_300
sCSF,3.2,10.210211519544,15_7.5_300
sCSF,3.3,10.2775428143038,15_7.5_300
sCSF,3.4,10.326005497688,15_7.5_300
sCSF,3.5,10.3567940101004,15_7.5_300
sCSF,3.6,10.3710672819163,15_7.5_300
sCSF,3.7,10.3699444959584,15_7.5_300
sCSF,3.8,10.3545021587137,15_7.5_300
sCSF,3.9,10.325772196073,15_7.5_300
sCSF,4,10.284740878467,15_7.5_300
sCSF,4.1,10.2323484592775,15_7.5_300
sCSF,4.2,10.1694893327719,15_7.5_300
sCSF,4.3,10.0970125664213,15_7.5_300
sCSF,4.4,10.0157227855681,15_7.5_300
sCSF,4.5,9.9263812683903,15_7.5_300
sCSF,4.6,9.82970724226113,15_7.5_300
sCSF,4.7,9.72637930091059,15_7.5_300
sCSF,4.8,9.61703689826279,15_7.5_300
sCSF,4.9,9.50228189515563,15_7.5_300
sCSF,5,9.38268013805291,15_7.5_300
sCSF,5.1,9.2587630420213,15_7.5_300
sCSF,5.2,9.13102916634325,15_7.5_300
sCSF,5.3,8.99994576548386,15_7.5_300
sCSF,5.4,8.86595030650545,15_7.5_300
sCSF,5.5,8.72945194845288,15_7.5_300
sCSF,5.6,8.59083297480827,15_7.5_300
sCSF,5.7,8.45045018936151,15_7.5_300
sCSF,5.8,8.30863625312724,15_7.5_300
sCSF,5.9,8.16570096905861,15_7.5_300
sCSF,6,8.0219325117675,15_7.5_300
sCSF,6.1,7.87759861441445,15_7.5_300
sCSF,6.2,7.73294769211165,15_7.5_300
sCSF,6.3,7.58820992178169,15_7.5_300
sCSF,6.4,7.44359826496826,15_7.5_300
sCSF,6.5,7.2993094447889,15_7.5_300
sCSF,6.6,7.15552490745627,15_7.5_300
sCSF,6.7,7.01241170915832,15_7.5_300
sCSF,6.8,6.87012328669743,15_7.5_300
sCSF,6.9,6.72880036628605,15_7.5_300
sCSF,7,6.58857162705598,15_7.5_300
sCSF,7.1,6.44955443538632,15_7.5_300
sCSF,7.2,6.31185559874367,15_7.5_300
sCSF,7.3,6.17557193472205,15_7.5_300
sCSF,7.4,6.04079089896811,15_7.5_300
sCSF,7.5,5.90759119630621,15_7.5_300
sCSF,7.6,5.77604328729665,15_7.5_300
sCSF,7.7,5.64621003269771,15_7.5_300
sCSF,7.8,5.51814694899574,15_7.5_300
sCSF,7.9,5.3919030305554,15_7.5_300
sCSF,8,5.26752070894082,15_7.5_300
sCSF,8.1,5.14503681196555,15_7.5_300
sCSF,8.2,5.02448238506069,15_7.5_300
sCSF,8.3,4.90588361781665,15_7.5_300
sCSF,8.4,4.78926167913715,15_7.5_300
sCSF,8.5,4.67463353186068,15_7.5_300
sCSF,8.6,4.562011789989,15_7.5_300
sCSF,8.7,4.45140546198398,15_7.5_300
sCSF,8.8,4.34281977789843,15_7.5_300
sCSF,8.9,4.2362569014749,15_7.5_300
sCSF,9,4.13171570575596,15_7.5_300
sCSF,9.1,4.02919251284024,15_7.5_300
sCSF,9.2,3.92868081095554,15_7.5_300
sCSF,9.3,3.83017188226838,15_7.5_300
sCSF,9.4,3.73365471648227,15_7.5_300
sCSF,9.5,3.63911629203935,15_7.5_300
sCSF,9.6,3.54654180563347,15_7.5_300
sCSF,9.7,3.45591466407004,15_7.5_300
sCSF,9.8,3.36721687769781,15_7.5_300
sCSF,9.9,3.28042891722843,15_7.5_300
sCSF,10,3.19553015870227,15_7.5_300
sCSF,10.1,3.11249868227332,15_7.5_300
sCSF,10.2,3.03131171451647,15_7.5_300
sCSF,10.3,2.9519454397713,15_7.5_300
sCSF,10.4,2.87437534153117,15_7.5_300
sCSF,10.5,2.79857614194517,15_7.5_300
sCSF,10.6,2.7245219528469,15_7.5_300
sCSF,10.7,2.65218639071598,15_7.5_300
sCSF,10.8,2.58154254631114,15_7.5_300
sCSF,10.9,2.51256322196541,15_7.5_300
sCSF,11,2.44522080017513,15_7.5_300
sCSF,11.1,2.3794875220106,15_7.5_300
sCSF,11.2,2.31533533055469,15_7.5_300
sCSF,11.3,2.25273612026442,15_7.5_300
sCSF,11.4,2.19166164763246,15_7.5_300
sCSF,11.5,2.13208363896766,15_7.5_300
sCSF,11.6,2.07397384459358,15_7.5_300
sCSF,11.7,2.01730401793995,15_7.5_300
sCSF,11.8,1.96204604724627,15_7.5_300
sCSF,11.9,1.90817187423458,15_7.5_300
sCSF,12,1.85565365111762,15_7.5_300
sCSF,12.1,1.80446363018702,15_7.5_300
sCSF,12.2,1.75457433812479,15_7.5_300
sCSF,12.3,1.70595849921389,15_7.5_300
sCSF,12.4,1.65858905689314,15_7.5_300
sCSF,12.5,1.61243929046977,15_7.5_300
sCSF,12.6,1.5674826753889,15_7.5_300
sCSF,12.7,1.52369306609892,15_7.5_300
sCSF,12.8,1.48104460377896,15_7.5_300
sCSF,12.9,1.43951173395705,15_7.5_300
sCSF,13,1.3990692927101,15_7.5_300
sCSF,13.1,1.35969240894214,15_7.5_300
sCSF,13.2,1.32135661994684,15_7.5_300
sCSF,13.3,1.28403781249463,15_7.5_300
sCSF,13.4,1.24771223228255,15_7.5_300
sCSF,13.5,1.21235653972714,15_7.5_300
sCSF,13.6,1.1779477359594,15_7.5_300
sCSF,13.7,1.1444632485209,15_7.5_300
sCSF,13.8,1.11188088163051,15_7.5_300
sCSF,13.9,1.0801788200803,15_7.5_300
sCSF,14,1.04933566946718,15_7.5_300
sCSF,14.1,1.01933039299444,15_7.5_300
sCSF,14.2,0.990142385456696,15_7.5_300
sCSF,14.3,0.961751430965341,15_7.5_300
sCSF,14.4,0.934137675634778,15_7.5_300
sCSF,14.5,0.907281698056169,15_7.5_300
sCSF,14.6,0.881164454772759,15_7.5_300
sCSF,14.7,0.855767266527022,15_7.5_300
sCSF,14.8,0.831071872685708,15_7.5_300
sCSF,14.9,0.807060379479441,15_7.5_300
sCSF,15,0.783715261388055,15_7.5_300
sCSF,15.1,0.761019388319059,15_7.5_300
sCSF,15.2,0.738955988032099,15_7.5_300
sCSF,15.3,0.717508654705666,15_7.5_300
sCSF,15.4,0.696661355828351,15_7.5_300
sCSF,15.5,0.676398404736565,15_7.5_300
sCSF,15.6,0.656704474051038,15_7.5_300
sCSF,15.7,0.637564589805018,15_7.5_300
sCSF,15.8,0.6189641084469,15_7.5_300
sCSF,15.9,0.600888736265004,15_7.5_300
sCSF,16,0.583324511412754,15_7.5_300
sCSF,16.1,0.566257791402687,15_7.5_300
sCSF,16.2,0.549675265329431,15_7.5_300
sCSF,16.3,0.533563936532744,15_7.5_300
sCSF,16.4,0.517911115920809,15_7.5_300
sCSF,16.5,0.502704426565957,15_7.5_300
sCSF,16.6,0.487931790968438,15_7.5_300
sCSF,16.7,0.473581422020701,15_7.5_300
sCSF,16.8,0.459641827937303,15_7.5_300
sCSF,16.9,0.446101799903136,15_7.5_300
sCSF,17,0.43295040437174,15_7.5_300
sCSF,17.1,0.420176983663843,15_7.5_300
sCSF,17.2,0.407771147291819,15_7.5_300
sCSF,17.3,0.395722766435887,15_7.5_300
sCSF,17.4,0.38402196881473,15_7.5_300
sCSF,17.5,0.37265913318895,15_7.5_300
sCSF,17.6,0.361624885428849,15_7.5_300
sCSF,17.7,0.350910092814671,15_7.5_300
sCSF,17.8,0.340505855851805,15_7.5_300
sCSF,17.9,0.330403506961863,15_7.5_300
sCSF,18,0.320594606607509,15_7.5_300
sCSF,18.1,0.311070931416191,15_7.5_300
sCSF,18.2,0.301824474639086,15_7.5_300
sCSF,18.3,0.292847443949742,15_7.5_300
sCSF,18.4,0.284132247647027,15_7.5_300
sCSF,18.5,0.275671495595904,15_7.5_300
sCSF,18.6,0.267457999790713,15_7.5_300
sCSF,18.7,0.25948475696159,15_7.5_300
sCSF,18.8,0.25174495180575,15_7.5_300
sCSF,18.9,0.244231956075825,15_7.5_300
sCSF,19,0.236939318319165,15_7.5_300
sCSF,19.1,0.229860757145239,15_7.5_300
sCSF,19.2,0.222990164057792,15_7.5_300
sCSF,19.3,0.216321600979839,15_7.5_300
sCSF,19.4,0.209849283176494,15_7.5_300
sCSF,19.5,0.203567585429705,15_7.5_300
sCSF,19.6,0.197471044429943,15_7.5_300
sCSF,19.7,0.191554336959216,15_7.5_300
sCSF,19.8,0.185812287734632,15_7.5_300
sCSF,19.9,0.180239869169946,15_7.5_300
sCSF,20,0.174832189022762,15_7.5_300
sCSF,20.1,0.169584487735359,15_7.5_300
sCSF,20.2,0.164492140922885,15_7.5_300
sCSF,20.3,0.159550655540333,15_7.5_300
sCSF,20.4,0.154755656649902,15_7.5_300
sCSF,20.5,0.150102893255553,15_7.5_300
sCSF,20.6,0.145588240833,15_7.5_300
sCSF,20.7,0.141207680632754,15_7.5_300
sCSF,20.8,0.136957308398035,15_7.5_300
sCSF,20.9,0.132833337854135,15_7.5_300
sCSF,21,0.128832081420022,15_7.5_300
sCSF,21.1,0.124949954637446,15_7.5_300
sCSF,21.2,0.121183474664516,15_7.5_300
sCSF,21.3,0.117529268945159,15_7.5_300
sCSF,21.4,0.113984045145353,15_7.5_300
sCSF,21.5,0.110544607716058,15_7.5_300
sCSF,21.6,0.107207854571192,15_7.5_300
sCSF,21.7,0.103970779438283,15_7.5_300
sCSF,21.8,0.10083044826505,15_7.5_300
sCSF,21.9,0.0977840139127372,15_7.5_300
sCSF,22,0.0948287172290403,15_7.5_300
sCSF,22.1,0.0919618778204426,15_7.5_300
sCSF,22.2,0.089180884386255,15_7.5_300
sCSF,22.3,0.0864832025018378,15_7.5_300
sCSF,22.4,0.083866380253527,15_7.5_300
sCSF,22.5,0.0813280277516056,15_7.5_300
sCSF,22.6,0.0788658232806133,15_7.5_300
sCSF,22.7,0.0764775128231713,15_7.5_300
sCSF,22.8,0.0741609165884036,15_7.5_300
sCSF,22.9,0.0719139061587256,15_7.5_300
sCSF,23,0.069734417381289,15_7.5_300
sCSF,23.1,0.0676204476125644,15_7.5_300
sCSF,23.2,0.0655700575298878,15_7.5_300
sCSF,23.3,0.0635813546669351,15_7.5_300
sCSF,23.4,0.0616525036045983,15_7.5_300
sCSF,23.5,0.0597817272895644,15_7.5_300
sCSF,23.6,0.0579673004210125,15_7.5_300
sCSF,23.7,0.0562075418462393,15_7.5_300
sCSF,23.8,0.0545008209730222,15_7.5_300
sCSF,23.9,0.0528455645052098,15_7.5_300
sCSF,24,0.0512402358332409,15_7.5_300
sCSF,24.1,0.0496833429149713,15_7.5_300
sCSF,24.2,0.048173437592868,15_7.5_300
sCSF,24.3,0.046709120363467,15_7.5_300
sCSF,24.4,0.0452890324983924,15_7.5_300
sCSF,24.5,0.0439118471718156,15_7.5_300
sCSF,24.6,0.0425762789294606,15_7.5_300
sCSF,24.7,0.0412810811216034,15_7.5_300
sCSF,24.8,0.0400250501342426,15_7.5_300
sCSF,24.9,0.0388070095913042,15_7.5_300
sCSF,25,0.0376258202435806,15_7.5_300
brain ECF,0,0,20_1.5_250
brain ECF,0.1,0,20_1.5_250
brain ECF,0.2,0,20_1.5_250
brain ECF,0.3,0.193242104432513,20_1.5_250
brain ECF,0.4,1.09779849629155,20_1.5_250
brain ECF,0.5,2.36968527443198,20_1.5_250
brain ECF,0.6,3.76190888850013,20_1.5_250
brain ECF,0.7,5.12562444263265,20_1.5_250
brain ECF,0.8,6.37696061094837,20_1.5_250
brain ECF,0.9,7.47410688559246,20_1.5_250
brain ECF,1,8.40178471620249,20_1.5_250
brain ECF,1.1,9.16085161245777,20_1.5_250
brain ECF,1.2,9.76143039128733,20_1.5_250
brain ECF,1.3,10.2184431666609,20_1.5_250
brain ECF,1.4,10.548773832292,20_1.5_250
brain ECF,1.5,10.7695232158973,20_1.5_250
brain ECF,1.6,10.8969889820463,20_1.5_250
brain ECF,1.7,10.9461193011174,20_1.5_250
brain ECF,1.8,10.9302689228678,20_1.5_250
brain ECF,1.9,10.8611438188604,20_1.5_250
brain ECF,2,10.7488571580058,20_1.5_250
brain ECF,2.1,10.6020471295844,20_1.5_250
brain ECF,2.2,10.4280240207722,20_1.5_250
brain ECF,2.3,10.2329264013935,20_1.5_250
brain ECF,2.4,10.0218743023177,20_1.5_250
brain ECF,2.5,9.79911242893697,20_1.5_250
brain ECF,2.6,9.56814001658365,20_1.5_250
brain ECF,2.7,9.33182598757914,20_1.5_250
brain ECF,2.8,9.09250951953272,20_1.5_250
brain ECF,2.9,8.85208681178083,20_1.5_250
brain ECF,3,8.61208513480701,20_1.5_250
brain ECF,3.1,8.37372570952163,20_1.5_250
brain ECF,3.2,8.13797675075389,20_1.5_250
brain ECF,3.3,7.9055978570325,20_1.5_250
brain ECF,3.4,7.677177155592,20_1.5_250
brain ECF,3.5,7.45316224382071,20_1.5_250
brain ECF,3.6,7.23388588822691,20_1.5_250
brain ECF,3.7,7.01958725580031,20_1.5_250
brain ECF,3.8,6.81042944135202,20_1.5_250
brain ECF,3.9,6.60651398160268,20_1.5_250
brain ECF,4,6.40789285790559,20_1.5_250
brain ECF,4.1,6.21457823177108,20_1.5_250
brain ECF,4.2,6.02655044304035,20_1.5_250
brain ECF,4.3,5.84376467689451,20_1.5_250
brain ECF,4.4,5.66615630732347,20_1.5_250
brain ECF,4.5,5.49364536283963,20_1.5_250
brain ECF,4.6,5.3261400842614,20_1.5_250
brain ECF,4.7,5.16353983061802,20_1.5_250
brain ECF,4.8,5.00573746417903,20_1.5_250
brain ECF,4.9,4.85262128955712,20_1.5_250
brain ECF,5,4.70407660336036,20_1.5_250
brain ECF,5.1,4.55998696638624,20_1.5_250
brain ECF,5.2,4.42023519027925,20_1.5_250
brain ECF,5.3,4.28470412947922,20_1.5_250
brain ECF,5.4,4.15327732685657,20_1.5_250
brain ECF,5.5,4.02583952684641,20_1.5_250
brain ECF,5.6,3.90227705943145,20_1.5_250
brain ECF,5.7,3.78247815758396,20_1.5_250
brain ECF,5.8,3.66633318078104,20_1.5_250
brain ECF,5.9,3.55373478161919,20_1.5_250
brain ECF,6,3.44457802481969,20_1.5_250
brain ECF,6.1,3.33876047690451,20_1.5_250
brain ECF,6.2,3.23618225732439,20_1.5_250
brain ECF,6.3,3.13674607137678,20_1.5_250
brain ECF,6.4,3.04035721388377,20_1.5_250
brain ECF,6.5,2.94692356119951,20_1.5_250
brain ECF,6.6,2.85635556163339,20_1.5_250
brain ECF,6.7,2.76856619842858,20_1.5_250
brain ECF,6.8,2.68347093373429,20_1.5_250
brain ECF,6.9,2.6009876916365,20_1.5_250
brain ECF,7,2.52103678334255,20_1.5_250
brain ECF,7.1,2.44354086926223,20_1.5_250
brain ECF,7.2,2.36842490717044,20_1.5_250
brain ECF,7.3,2.2956160923836,20_1.5_250
brain ECF,7.4,2.22504380108964,20_1.5_250
brain ECF,7.5,2.15663953572174,20_1.5_250
brain ECF,7.6,2.09033686292272,20_1.5_250
brain ECF,7.7,2.02607136290591,20_1.5_250
brain ECF,7.8,1.96378056453994,20_1.5_250
brain ECF,7.9,1.9034038967143,20_1.5_250
brain ECF,8,1.84488263072498,20_1.5_250
brain ECF,8.1,1.78815982354663,20_1.5_250
brain ECF,8.2,1.73318027645385,20_1.5_250
brain ECF,8.3,1.6798904666708,20_1.5_250
brain ECF,8.4,1.62823851943131,20_1.5_250
brain ECF,8.5,1.57817413459875,20_1.5_250
brain ECF,8.6,1.52964856436174,20_1.5_250
brain ECF,8.7,1.48261454106606,20_1.5_250
brain ECF,8.8,1.43702625804527,20_1.5_250
brain ECF,8.9,1.3928392988121,20_1.5_250
brain ECF,9,1.35001062438081,20_1.5_250
brain ECF,9.1,1.30849849669634,20_1.5_250
brain ECF,9.2,1.26826247626676,20_1.5_250
brain ECF,9.3,1.22926334864789,20_1.5_250
brain ECF,9.4,1.19146311156469,20_1.5_250
brain ECF,9.5,1.15482492823326,20_1.5_250
brain ECF,9.6,1.1193130874341,20_1.5_250
brain ECF,9.7,1.08489298378092,20_1.5_250
brain ECF,9.8,1.05153106196649,20_1.5_250
brain ECF,9.9,1.01919481167933,20_1.5_250
brain ECF,10,0.987852704748404,20_1.5_250
brain ECF,10.1,0.957474197571966,20_1.5_250
brain ECF,10.2,0.928029667665819,20_1.5_250
brain ECF,10.3,0.899490418159835,20_1.5_250
brain ECF,10.4,0.871828621546724,20_1.5_250
brain ECF,10.5,0.845017311695329,20_1.5_250
brain ECF,10.6,0.819030349589516,20_1.5_250
brain ECF,10.7,0.793842394878426,20_1.5_250
brain ECF,10.8,0.769428893672528,20_1.5_250
brain ECF,10.9,0.745766034668637,20_1.5_250
brain ECF,11,0.722830752336317,20_1.5_250
brain ECF,11.1,0.700600674370578,20_1.5_250
brain ECF,11.2,0.679054131843491,20_1.5_250
brain ECF,11.3,0.658170108352194,20_1.5_250
brain ECF,11.4,0.63792824110371,20_1.5_250
brain ECF,11.5,0.618308791357777,20_1.5_250
brain ECF,11.6,0.599292623992265,20_1.5_250
brain ECF,11.7,0.580861197256198,20_1.5_250
brain ECF,11.8,0.562996530779024,20_1.5_250
brain ECF,11.9,0.545681206780468,20_1.5_250
brain ECF,12,0.528898330997316,20_1.5_250
brain ECF,12.1,0.512631543150684,20_1.5_250
brain ECF,12.2,0.496864971221078,20_1.5_250
brain ECF,12.3,0.481583236637068,20_1.5_250
brain ECF,12.4,0.466771438923154,20_1.5_250
brain ECF,12.5,0.452415122216159,20_1.5_250
brain ECF,12.6,0.438500292827272,20_1.5_250
brain ECF,12.7,0.425013371409874,20_1.5_250
brain ECF,12.8,0.411941201702142,20_1.5_250
brain ECF,12.9,0.399271036276357,20_1.5_250
brain ECF,13,0.386990508413604,20_1.5_250
brain ECF,13.1,0.375087646856438,20_1.5_250
brain ECF,13.2,0.36355083479229,20_1.5_250
brain ECF,13.3,0.352368817029827,20_1.5_250
brain ECF,13.4,0.341530687482796,20_1.5_250
brain ECF,13.5,0.331025865972384,20_1.5_250
brain ECF,13.6,0.320844111419367,20_1.5_250
brain ECF,13.7,0.310975485046439,20_1.5_250
brain ECF,13.8,0.301410358908296,20_1.5_250
brain ECF,13.9,0.29213940587645,20_1.5_250
brain ECF,14,0.283153577162279,20_1.5_250
brain ECF,14.1,0.274444112534294,20_1.5_250
brain ECF,14.2,0.266002510993392,20_1.5_250
brain ECF,14.3,0.257820533582261,20_1.5_250
brain ECF,14.4,0.249890203656259,20_1.5_250
brain ECF,14.5,0.242203775735127,20_1.5_250
brain ECF,14.6,0.234753746226405,20_1.5_250
brain ECF,14.7,0.227532853777065,20_1.5_250
brain ECF,14.8,0.220534042720204,20_1.5_250
brain ECF,14.9,0.213750483427199,20_1.5_250
brain ECF,15,0.20717556377924,20_1.5_250
brain ECF,15.1,0.200802862156358,20_1.5_250
brain ECF,15.2,0.19462616284638,20_1.5_250
brain ECF,15.3,0.188639441826922,20_1.5_250
brain ECF,15.4,0.18283685487663,20_1.5_250
brain ECF,15.5,0.177212742367109,20_1.5_250
brain ECF,15.6,0.171761615134023,20_1.5_250
brain ECF,15.7,0.166478149151998,20_1.5_250
brain ECF,15.8,0.161357194318716,20_1.5_250
brain ECF,15.9,0.156393747465204,20_1.5_250
brain ECF,16,0.151582959815409,20_1.5_250
brain ECF,16.1,0.146920145124873,20_1.5_250
brain ECF,16.2,0.142400746910221,20_1.5_250
brain ECF,16.3,0.138020353825009,20_1.5_250
brain ECF,16.4,0.133774697900074,20_1.5_250
brain ECF,16.5,0.129659632170764,20_1.5_250
brain ECF,16.6,0.125671139542385,20_1.5_250
brain ECF,16.7,0.121805333063178,20_1.5_250
brain ECF,16.8,0.118058436292658,20_1.5_250
brain ECF,16.9,0.114426789157042,20_1.5_250
brain ECF,17,0.110906853114119,20_1.5_250
brain ECF,17.1,0.107495188300051,20_1.5_250
brain ECF,17.2,0.104188459501372,20_1.5_250
brain ECF,17.3,0.100983443875064,20_1.5_250
brain ECF,17.4,0.0978770134913718,20_1.5_250
brain ECF,17.5,0.0948661308834109,20_1.5_250
brain ECF,17.6,0.0919478591044128,20_1.5_250
brain ECF,17.7,0.0891193545477965,20_1.5_250
brain ECF,17.8,0.0863778533600386,20_1.5_250
brain ECF,17.9,0.083720680288745,20_1.5_250
brain ECF,18,0.0811452451281793,20_1.5_250
brain ECF,18.1,0.0786490325003327,20_1.5_250
brain ECF,18.2,0.0762296052319773,20_1.5_250
brain ECF,18.3,0.0738846043335082,20_1.5_250
brain ECF,18.4,0.0716117374171263,20_1.5_250
brain ECF,18.5,0.0694087820665142,20_1.5_250
brain ECF,18.6,0.0672735954907855,20_1.5_250
brain ECF,18.7,0.0652040874885338,20_1.5_250
brain ECF,18.8,0.0631982343639123,20_1.5_250
brain ECF,18.9,0.0612540819346019,20_1.5_250
brain ECF,19,0.0593697343116045,20_1.5_250
brain ECF,19.1,0.0575433491880253,20_1.5_250
brain ECF,19.2,0.0557731443296459,20_1.5_250
brain ECF,19.3,0.0540573953539403,20_1.5_250
brain ECF,19.4,0.052394426315692,20_1.5_250
brain ECF,19.5,0.05078261395159,20_1.5_250
brain ECF,19.6,0.0492203861417711,20_1.5_250
brain ECF,19.7,0.0477062163782849,20_1.5_250
brain ECF,19.8,0.0462386244085625,20_1.5_250
brain ECF,19.9,0.0448161797148824,20_1.5_250
brain ECF,20,0.0434374923321506,20_1.5_250
brain ECF,20.1,0.0421012126302331,20_1.5_250
brain ECF,20.2,0.0408060363515228,20_1.5_250
brain ECF,20.3,0.0395507031430733,20_1.5_250
brain ECF,20.4,0.0383339841925163,20_1.5_250
brain ECF,20.5,0.0371546912989818,20_1.5_250
brain ECF,20.6,0.03601167719429,20_1.5_250
brain ECF,20.7,0.0349038253890055,20_1.5_250
brain ECF,20.8,0.0338300552522193,20_1.5_250
brain ECF,20.9,0.0327893187791319,20_1.5_250
brain ECF,21,0.0317806001415777,20_1.5_250
brain ECF,21.1,0.0308029140649021,20_1.5_250
brain ECF,21.2,0.0298553049917444,20_1.5_250
brain ECF,21.3,0.0289368502616678,20_1.5_250
brain ECF,21.4,0.0280466496543107,20_1.5_250
brain ECF,21.5,0.027183830994705,20_1.5_250
brain ECF,21.6,0.0263475514215543,20_1.5_250
brain ECF,21.7,0.0255370005094773,20_1.5_250
brain ECF,21.8,0.0247513815977433,20_1.5_250
brain ECF,21.9,0.0239899258501483,20_1.5_250
brain ECF,22,0.0232518928323291,20_1.5_250
brain ECF,22.1,0.0225365651009485,20_1.5_250
brain ECF,22.2,0.0218432432816928,20_1.5_250
brain ECF,22.3,0.0211712516348974,20_1.5_250
brain ECF,22.4,0.0205199342608087,20_1.5_250
brain ECF,22.5,0.0198886560283103,20_1.5_250
brain ECF,22.6,0.0192768009762253,20_1.5_250
brain ECF,22.7,0.0186837715031353,20_1.5_250
brain ECF,22.8,0.0181089879550441,20_1.5_250
brain ECF,22.9,0.0175518872995108,20_1.5_250
brain ECF,23,0.0170119227593335,20_1.5_250
brain ECF,23.1,0.0164885661975461,20_1.5_250
brain ECF,23.2,0.015981311039243,20_1.5_250
brain ECF,23.3,0.015489657030589,20_1.5_250
brain ECF,23.4,0.0150131219428409,20_1.5_250
brain ECF,23.5,0.0145512434214503,20_1.5_250
brain ECF,23.6,0.0141035739342512,20_1.5_250
brain ECF,23.7,0.0136696756751871,20_1.5_250
brain ECF,23.8,0.0132491269679788,20_1.5_250
brain ECF,23.9,0.0128415151647712,20_1.5_250
brain ECF,24,0.0124464442164873,20_1.5_250
brain ECF,24.1,0.0120635300512119,20_1.5_250
brain ECF,24.2,0.0116923999096677,20_1.5_250
brain ECF,24.3,0.0113326908053585,20_1.5_250
brain ECF,24.4,0.0109840504367776,20_1.5_250
brain ECF,24.5,0.0106461380641936,20_1.5_250
brain ECF,24.6,0.0103186218988808,20_1.5_250
brain ECF,24.7,0.0100011807182853,20_1.5_250
brain ECF,24.8,0.00969350652250224,20_1.5_250
brain ECF,24.9,0.00939529575930744,20_1.5_250
brain ECF,25,0.00910625539454591,20_1.5_250
brain ICF,0,0,20_1.5_250
brain ICF,0.1,0,20_1.5_250
brain ICF,0.2,0,20_1.5_250
brain ICF,0.3,0.19031010972558,20_1.5_250
brain ICF,0.4,1.56779392647791,20_1.5_250
brain ICF,0.5,3.69755896056688,20_1.5_250
brain ICF,0.6,6.10661706449789,20_1.5_250
brain ICF,0.7,8.50689811618303,20_1.5_250
brain ICF,0.8,10.7334354174719,20_1.5_250
brain ICF,0.9,12.7013172357739,20_1.5_250
brain ICF,1,14.3764228849698,20_1.5_250
brain ICF,1.1,15.7557849506414,20_1.5_250
brain ICF,1.2,16.8545739852028,20_1.5_250
brain ICF,1.3,17.6976071265873,20_1.5_250
brain ICF,1.4,18.3139251513897,20_1.5_250
brain ICF,1.5,18.7334324659987,20_1.5_250
brain ICF,1.6,18.98490888681,20_1.5_250
brain ICF,1.7,19.0949212331868,20_1.5_250
brain ICF,1.8,19.0873119700189,20_1.5_250
brain ICF,1.9,18.9830501065864,20_1.5_250
brain ICF,2,18.8002982938587,20_1.5_250
brain ICF,2.1,18.5546021887313,20_1.5_250
brain ICF,2.2,18.2591400225981,20_1.5_250
brain ICF,2.3,17.9249937188337,20_1.5_250
brain ICF,2.4,17.5614181220515,20_1.5_250
brain ICF,2.5,17.1760946767217,20_1.5_250
brain ICF,2.6,16.7753626606109,20_1.5_250
brain ICF,2.7,16.3644250060678,20_1.5_250
brain ICF,2.8,15.947528565735,20_1.5_250
brain ICF,2.9,15.5281199707615,20_1.5_250
brain ICF,3,15.108978865355,20_1.5_250
brain ICF,3.1,14.6923311959992,20_1.5_250
brain ICF,3.2,14.2799448943001,20_1.5_250
brain ICF,3.3,13.8732100143279,20_1.5_250
brain ICF,3.4,13.4732058360402,20_1.5_250
brain ICF,3.5,13.0807568096041,20_1.5_250
brain ICF,3.6,12.6964790405078,20_1.5_250
brain ICF,3.7,12.320818708171,20_1.5_250
brain ICF,3.8,11.9540837994494,20_1.5_250
brain ICF,3.9,11.5964703921558,20_1.5_250
brain ICF,4,11.2480844030096,20_1.5_250
brain ICF,4.1,10.9089592325752,20_1.5_250
brain ICF,4.2,10.579070260489,20_1.5_250
brain ICF,4.3,10.2583469358318,20_1.5_250
brain ICF,4.4,9.9466824706943,20_1.5_250
brain ICF,4.5,9.64394194233065,20_1.5_250
brain ICF,4.6,9.34996875044722,20_1.5_250
brain ICF,4.7,9.0645898938149,20_1.5_250
brain ICF,4.8,8.78762030268846,20_1.5_250
brain ICF,4.9,8.51886636310454,20_1.5_250
brain ICF,5,8.25812873296519,20_1.5_250
brain ICF,5.1,8.00520465857524,20_1.5_250
brain ICF,5.2,7.75988977209466,20_1.5_250
brain ICF,5.3,7.52197953393437,20_1.5_250
brain ICF,5.4,7.29127041076412,20_1.5_250
brain ICF,5.5,7.06756081372925,20_1.5_250
brain ICF,5.6,6.85065180209091,20_1.5_250
brain ICF,5.7,6.64034766577603,20_1.5_250
brain ICF,5.8,6.43645633722452,20_1.5_250
brain ICF,5.9,6.2387897000177,20_1.5_250
brain ICF,6,6.04716381100339,20_1.5_250
brain ICF,6.1,5.86139906909175,20_1.5_250
brain ICF,6.2,5.68132031396834,20_1.5_250
brain ICF,6.3,5.50675689160751,20_1.5_250
brain ICF,6.4,5.33754266664382,20_1.5_250
brain ICF,6.5,5.17351601233801,20_1.5_250
brain ICF,6.6,5.01451979974979,20_1.5_250
brain ICF,6.7,4.86040133544373,20_1.5_250
brain ICF,6.8,4.71101226472259,20_1.5_250
brain ICF,6.9,4.56620854576311,20_1.5_250
brain ICF,7,4.42585031807837,20_1.5_250
brain ICF,7.1,4.28980183841319,20_1.5_250
brain ICF,7.2,4.15793139135844,20_1.5_250
brain ICF,7.3,4.03011118501107,20_1.5_250
brain ICF,7.4,3.90621725236896,20_1.5_250
brain ICF,7.5,3.78612935630411,20_1.5_250
brain ICF,7.6,3.66973088079355,20_1.5_250
brain ICF,7.7,3.55690874337732,20_1.5_250
brain ICF,7.8,3.44755327984342,20_1.5_250
brain ICF,7.9,3.34155816130585,20_1.5_250
brain ICF,8,3.2388202909482,20_1.5_250
brain ICF,8.1,3.13923970677205,20_1.5_250
brain ICF,8.2,3.04271950751827,20_1.5_250
brain ICF,8.3,2.94916573395849,20_1.5_250
brain ICF,8.4,2.858487319232,20_1.5_250
brain ICF,8.5,2.77059596069481,20_1.5_250
brain ICF,8.6,2.68540608025791,20_1.5_250
brain ICF,8.7,2.60283469838524,20_1.5_250
brain ICF,8.8,2.52280139980622,20_1.5_250
brain ICF,8.9,2.44522820987483,20_1.5_250
brain ICF,9,2.37003957181605,20_1.5_250
brain ICF,9.1,2.29716221275177,20_1.5_250
brain ICF,9.2,2.2265251392946,20_1.5_250
brain ICF,9.3,2.1580595086696,20_1.5_250
brain ICF,9.4,2.09169860595948,20_1.5_250
brain ICF,9.5,2.02737776222656,20_1.5_250
brain ICF,9.6,1.96503428457588,20_1.5_250
brain ICF,9.7,1.90460742151898,20_1.5_250
brain ICF,9.8,1.84603826492085,20_1.5_250
brain ICF,9.9,1.78926974091255,20_1.5_250
brain ICF,10,1.73424649998342,20_1.5_250
brain ICF,10.1,1.68091492136539,20_1.5_250
brain ICF,10.2,1.62922300121417,20_1.5_250
brain ICF,10.3,1.5791203601617,20_1.5_250
brain ICF,10.4,1.53055814516917,20_1.5_250
brain ICF,10.5,1.48348901572815,20_1.5_250
brain ICF,10.6,1.43786708350858,20_1.5_250
brain ICF,10.7,1.39364786205592,20_1.5_250
brain ICF,10.8,1.35078824551531,20_1.5_250
brain ICF,10.9,1.30924643185805,20_1.5_250
brain ICF,11,1.26898192784706,20_1.5_250
brain ICF,11.1,1.22995545733153,20_1.5_250
brain ICF,11.2,1.19212897927575,20_1.5_250
brain ICF,11.3,1.15546559787647,20_1.5_250
brain ICF,11.4,1.11992956502016,20_1.5_250
brain ICF,11.5,1.08548622826858,20_1.5_250
brain ICF,11.6,1.05210199480684,20_1.5_250
brain ICF,11.7,1.01974431340199,20_1.5_250
brain ICF,11.8,0.988381618527361,20_1.5_250
brain ICF,11.9,0.957983332025715,20_1.5_250
brain ICF,12,0.928519794858793,20_1.5_250
brain ICF,12.1,0.899962285577618,20_1.5_250
brain ICF,12.2,0.872282939645242,20_1.5_250
brain ICF,12.3,0.845454758956979,20_1.5_250
brain ICF,12.4,0.819451584941503,20_1.5_250
brain ICF,12.5,0.79424803943513,20_1.5_250
brain ICF,12.6,0.769819555360833,20_1.5_250
brain ICF,12.7,0.74614229330538,20_1.5_250
brain ICF,12.8,0.723193156649969,20_1.5_250
brain ICF,12.9,0.700949766739729,20_1.5_250
brain ICF,13,0.679390413163998,20_1.5_250
brain ICF,13.1,0.65849407898728,20_1.5_250
brain ICF,13.2,0.638240369984657,20_1.5_250
brain ICF,13.3,0.61860952699593,20_1.5_250
brain ICF,13.4,0.599582404516512,20_1.5_250
brain ICF,13.5,0.581140428689113,20_1.5_250
brain ICF,13.6,0.563265619497122,20_1.5_250
brain ICF,13.7,0.545940528713248,20_1.5_250
brain ICF,13.8,0.529148253557899,20_1.5_250
brain ICF,13.9,0.512872419736786,20_1.5_250
brain ICF,14,0.497097141009911,20_1.5_250
brain ICF,14.1,0.48180703892761,20_1.5_250
brain ICF,14.2,0.466987189549453,20_1.5_250
brain ICF,14.3,0.452623129328511,20_1.5_250
brain ICF,14.4,0.438700854257589,20_1.5_250
brain ICF,14.5,0.425206767221872,20_1.5_250
brain ICF,14.6,0.412127695255222,20_1.5_250
brain ICF,14.7,0.399450889928354,20_1.5_250
brain ICF,14.8,0.387163964322458,20_1.5_250
brain ICF,14.9,0.375254928322839,20_1.5_250
brain ICF,15,0.363712174046771,20_1.5_250
brain ICF,15.1,0.352524427331189,20_1.5_250
brain ICF,15.2,0.341680776213224,20_1.5_250
brain ICF,15.3,0.331170645501698,20_1.5_250
brain ICF,15.4,0.320983775517687,20_1.5_250
brain ICF,15.5,0.3111102303125,20_1.5_250
brain ICF,15.6,0.301540373549967,20_1.5_250
brain ICF,15.7,0.2922648590203,20_1.5_250
brain ICF,15.8,0.283274644791117,20_1.5_250
brain ICF,15.9,0.274560947476279,20_1.5_250
brain ICF,16,0.266115254417604,20_1.5_250
brain ICF,16.1,0.257929338723857,20_1.5_250
brain ICF,16.2,0.249995200659681,20_1.5_250
brain ICF,16.3,0.242305095570805,20_1.5_250
brain ICF,16.4,0.234851531301097,20_1.5_250
brain ICF,16.5,0.227627227314096,20_1.5_250
brain ICF,16.6,0.220625131455809,20_1.5_250
brain ICF,16.7,0.21383841995772,20_1.5_250
brain ICF,16.8,0.207260463368232,20_1.5_250
brain ICF,16.9,0.200884836591348,20_1.5_250
brain ICF,17,0.194705326930202,20_1.5_250
brain ICF,17.1,0.188715895667719,20_1.5_250
brain ICF,17.2,0.182910687615613,20_1.5_250
brain ICF,17.3,0.177284044701459,20_1.5_250
brain ICF,17.4,0.171830475376194,20_1.5_250
brain ICF,17.5,0.166544646784399,20_1.5_250
brain ICF,17.6,0.161421402902194,20_1.5_250
brain ICF,17.7,0.156455751824359,20_1.5_250
brain ICF,17.8,0.151642841135074,20_1.5_250
brain ICF,17.9,0.146977974296301,20_1.5_250
brain ICF,18,0.142456604299096,20_1.5_250
brain ICF,18.1,0.138074315462649,20_1.5_250
brain ICF,18.2,0.133826829472399,20_1.5_250
brain ICF,18.3,0.129710004488002,20_1.5_250
brain ICF,18.4,0.125719816461725,20_1.5_250
brain ICF,18.5,0.121852363885778,20_1.5_250
brain ICF,18.6,0.118103884556708,20_1.5_250
brain ICF,18.7,0.114470708893078,20_1.5_250
brain ICF,18.8,0.110949283812137,20_1.5_250
brain ICF,18.9,0.107536178718985,20_1.5_250
brain ICF,19,0.104228065220768,20_1.5_250
brain ICF,19.1,0.101021708689102,20_1.5_250
brain ICF,19.2,0.0979139802859038,20_1.5_250
brain ICF,19.3,0.0949018531366523,20_1.5_250
brain ICF,19.4,0.0919823850549667,20_1.5_250
brain ICF,19.5,0.089152726589372,20_1.5_250
brain ICF,19.6,0.0864101174352078,20_1.5_250
brain ICF,19.7,0.0837518781342714,20_1.5_250
brain ICF,19.8,0.0811754102408158,20_1.5_250
brain ICF,19.9,0.0786782020533043,20_1.5_250
brain ICF,20,0.0762578132429567,20_1.5_250
brain ICF,20.1,0.0739118743036041,20_1.5_250
brain ICF,20.2,0.0716380954044375,20_1.5_250
brain ICF,20.3,0.0694342639440826,20_1.5_250
brain ICF,20.4,0.0672982222493801,20_1.5_250
brain ICF,20.5,0.0652278841325198,20_1.5_250
brain ICF,20.6,0.0632212360548357,20_1.5_250
brain ICF,20.7,0.0612763177789302,20_1.5_250
brain ICF,20.8,0.0593912323944027,20_1.5_250
brain ICF,20.9,0.0575641398819583,20_1.5_250
brain ICF,21,0.0557932571863584,20_1.5_250
brain ICF,21.1,0.0540768549518387,20_1.5_250
brain ICF,21.2,0.0524132559364309,20_1.5_250
brain ICF,21.3,0.0508008394778424,20_1.5_250
brain ICF,21.4,0.0492380256198458,20_1.5_250
brain ICF,21.5,0.0477232831291224,20_1.5_250
brain ICF,21.6,0.0462551321816505,20_1.5_250
brain ICF,21.7,0.0448321498527259,20_1.5_250
brain ICF,21.8,0.0434529372416569,20_1.5_250
brain ICF,21.9,0.0421161442164097,20_1.5_250
brain ICF,22,0.0408204711257571,20_1.5_250
brain ICF,22.1,0.0395646586942235,20_1.5_250
brain ICF,22.2,0.0383474788399278,20_1.5_250
brain ICF,22.3,0.0371677452935076,20_1.5_250
brain ICF,22.4,0.0360243068274706,20_1.5_250
brain ICF,22.5,0.0349160486628417,20_1.5_250
brain ICF,22.6,0.0338418897910198,20_1.5_250
brain ICF,22.7,0.0328007814644032,20_1.5_250
brain ICF,22.8,0.0317917052175792,20_1.5_250
brain ICF,22.9,0.030813673179858,20_1.5_250
brain ICF,23,0.029865725504507,20_1.5_250
brain ICF,23.1,0.0289469348935529,20_1.5_250
brain ICF,23.2,0.0280564115698221,20_1.5_250
brain ICF,23.3,0.0271932770897209,20_1.5_250
brain ICF,23.4,0.026356684381597,20_1.5_250
brain ICF,23.5,0.0255458219339547,20_1.5_250
brain ICF,23.6,0.0247599042605537,20_1.5_250
brain ICF,23.7,0.0239981622809999,20_1.5_250
brain ICF,23.8,0.0232598555591318,20_1.5_250
brain ICF,23.9,0.0225442604471553,20_1.5_250
brain ICF,24,0.0218506817844495,20_1.5_250
brain ICF,24.1,0.0211784456361183,20_1.5_250
brain ICF,24.2,0.0205268981853847,20_1.5_250
brain ICF,24.3,0.0198954015093674,20_1.5_250
brain ICF,24.4,0.0192833364691253,20_1.5_250
brain ICF,24.5,0.0186901055047975,20_1.5_250
brain ICF,24.6,0.0181151260865286,20_1.5_250
brain ICF,24.7,0.0175578342298479,20_1.5_250
brain ICF,24.8,0.0170176892739839,20_1.5_250
brain ICF,24.9,0.0164941581401417,20_1.5_250
brain ICF,25,0.0159867262379646,20_1.5_250
sCSF,0,0,20_1.5_250
sCSF,0.1,0,20_1.5_250
sCSF,0.2,0,20_1.5_250
sCSF,0.3,0.00151589982034858,20_1.5_250
sCSF,0.4,0.0364872574515788,20_1.5_250
sCSF,0.5,0.144587136673044,20_1.5_250
sCSF,0.6,0.340286607795273,20_1.5_250
sCSF,0.7,0.623015091449211,20_1.5_250
sCSF,0.8,0.983970433620172,20_1.5_250
sCSF,0.9,1.41031278835731,20_1.5_250
sCSF,1,1.887769836471,20_1.5_250
sCSF,1.1,2.40220465425314,20_1.5_250
sCSF,1.2,2.94050382278885,20_1.5_250
sCSF,1.3,3.49102612666212,20_1.5_250
sCSF,1.4,4.04377382643758,20_1.5_250
sCSF,1.5,4.59039491129487,20_1.5_250
sCSF,1.6,5.12408794601996,20_1.5_250
sCSF,1.7,5.63945607734336,20_1.5_250
sCSF,1.8,6.13233989098762,20_1.5_250
sCSF,1.9,6.59964729732383,20_1.5_250
sCSF,2,7.0391911675647,20_1.5_250
sCSF,2.1,7.4495404463309,20_1.5_250
sCSF,2.2,7.82988736241698,20_1.5_250
sCSF,2.3,8.17993129068494,20_1.5_250
sCSF,2.4,8.49977882448001,20_1.5_250
sCSF,2.5,8.78985877323491,20_1.5_250
sCSF,2.6,9.05085061561282,20_1.5_250
sCSF,2.7,9.28362486155167,20_1.5_250
sCSF,2.8,9.48919367130916,20_1.5_250
sCSF,2.9,9.66867028725581,20_1.5_250
sCSF,3,9.82323602674195,20_1.5_250
sCSF,3.1,9.95411353778691,20_1.5_250
sCSF,3.2,10.0625453236278,20_1.5_250
sCSF,3.3,10.1497767224959,20_1.5_250
sCSF,3.4,10.2170425005842,20_1.5_250
sCSF,3.5,10.2655564340224,20_1.5_250
sCSF,3.6,10.2965033429552,20_1.5_250
sCSF,3.7,10.3110331644901,20_1.5_250
sCSF,3.8,10.310256661709,20_1.5_250
sCSF,3.9,10.2952424204445,20_1.5_250
sCSF,4,10.2670148908494,20_1.5_250
sCSF,4.1,10.2265533348561,20_1.5_250
sCSF,4.2,10.1747914375892,20_1.5_250
sCSF,4.3,10.1126174022968,20_1.5_250
sCSF,4.4,10.0408745044563,20_1.5_250
sCSF,4.5,9.96036192590305,20_1.5_250
sCSF,4.6,9.87183586180737,20_1.5_250
sCSF,4.7,9.77601079756201,20_1.5_250
sCSF,4.8,9.67356090132312,20_1.5_250
sCSF,4.9,9.56512150201751,20_1.5_250
sCSF,5,9.45129062729104,20_1.5_250
sCSF,5.1,9.33263056440742,20_1.5_250
sCSF,5.2,9.20966943286904,20_1.5_250
sCSF,5.3,9.08290274472226,20_1.5_250
sCSF,5.4,8.95279493980105,20_1.5_250
sCSF,5.5,8.81978089020346,20_1.5_250
sCSF,5.6,8.68426736463955,20_1.5_250
sCSF,5.7,8.54663445938318,20_1.5_250
sCSF,5.8,8.40723697417211,20_1.5_250
sCSF,5.9,8.26640573762804,20_1.5_250
sCSF,6,8.124448878756,20_1.5_250
sCSF,6.1,7.98165305564974,20_1.5_250
sCSF,6.2,7.83828462135005,20_1.5_250
sCSF,6.3,7.69459074503977,20_1.5_250
sCSF,6.4,7.5508004761715,20_1.5_250
sCSF,6.5,7.40712576215421,20_1.5_250
sCSF,6.6,7.26376244861914,20_1.5_250
sCSF,6.7,7.12089120647337,20_1.5_250
sCSF,6.8,6.97867833673744,20_1.5_250
sCSF,6.9,6.83727671739439,20_1.5_250
sCSF,7,6.69682650070896,20_1.5_250
sCSF,7.1,6.55745587899887,20_1.5_250
sCSF,7.2,6.41928187304745,20_1.5_250
sCSF,7.3,6.28241092958845,20_1.5_250
sCSF,7.4,6.14693957811624,20_1.5_250
sCSF,7.5,6.01295507074007,20_1.5_250
sCSF,7.6,5.88053591617299,20_1.5_250
sCSF,7.7,5.749752550306,20_1.5_250
sCSF,7.8,5.62066761232672,20_1.5_250
sCSF,7.9,5.49333679798148,20_1.5_250
sCSF,8,5.36780882803603,20_1.5_250
sCSF,8.1,5.24412644470091,20_1.5_250
sCSF,8.2,5.12232623440965,20_1.5_250
sCSF,8.3,5.00243959277525,20_1.5_250
sCSF,8.4,4.88449255919875,20_1.5_250
sCSF,8.5,4.7685066670626,20_1.5_250
sCSF,8.6,4.65449879989417,20_1.5_250
sCSF,8.7,4.54248196800426,20_1.5_250
sCSF,8.8,4.43246513250145,20_1.5_250
sCSF,8.9,4.32445394984741,20_1.5_250
sCSF,9,4.21845054154404,20_1.5_250
sCSF,9.1,4.11445426913492,20_1.5_250
sCSF,9.2,4.01246143710812,20_1.5_250
sCSF,9.3,3.91246596040285,20_1.5_250
sCSF,9.4,3.81445926478921,20_1.5_250
sCSF,9.5,3.71843059327436,20_1.5_250
sCSF,9.6,3.62436724024617,20_1.5_250
sCSF,9.7,3.53225455083171,20_1.5_250
sCSF,9.8,3.44207633028741,20_1.5_250
sCSF,9.9,3.35381469887977,20_1.5_250
sCSF,10,3.26745055765279,20_1.5_250
sCSF,10.1,3.18296338052809,20_1.5_250
sCSF,10.2,3.10033167931382,20_1.5_250
sCSF,10.3,3.01953280523128,20_1.5_250
sCSF,10.4,2.94054331368943,20_1.5_250
sCSF,10.5,2.86333889568003,20_1.5_250
sCSF,10.6,2.78789454360757,20_1.5_250
sCSF,10.7,2.71418466866283,20_1.5_250
sCSF,10.8,2.64218307385471,20_1.5_250
sCSF,10.9,2.57186320193603,20_1.5_250
sCSF,11,2.50319800033489,20_1.5_250
sCSF,11.1,2.43616021437926,20_1.5_250
sCSF,11.2,2.37072222232392,20_1.5_250
sCSF,11.3,2.30685630286016,20_1.5_250
sCSF,11.4,2.24453453717236,20_1.5_250
sCSF,11.5,2.18372892785688,20_1.5_250
sCSF,11.6,2.12441145379339,20_1.5_250
sCSF,11.7,2.06655405167905,20_1.5_250
sCSF,11.8,2.01012875398111,20_1.5_250
sCSF,11.9,1.95510760545877,20_1.5_250
sCSF,12,1.90146282896386,20_1.5_250
sCSF,12.1,1.84916671022353,20_1.5_250
sCSF,12.2,1.79819178296106,20_1.5_250
sCSF,12.3,1.74851074772619,20_1.5_250
sCSF,12.4,1.70009649731657,20_1.5_250
sCSF,12.5,1.65292223920827,20_1.5_250
sCSF,12.6,1.60696134983317,20_1.5_250
sCSF,12.7,1.5621875685653,20_1.5_250
sCSF,12.8,1.51857490031555,20_1.5_250
sCSF,12.9,1.47609763642657,20_1.5_250
sCSF,13,1.43473044531415,20_1.5_250
sCSF,13.1,1.39444827039085,20_1.5_250
sCSF,13.2,1.3552264535075,20_1.5_250
sCSF,13.3,1.31704067256401,20_1.5_250
sCSF,13.4,1.27986695328373,20_1.5_250
sCSF,13.5,1.24368172830846,20_1.5_250
sCSF,13.6,1.2084617597201,20_1.5_250
sCSF,13.7,1.17418423097279,20_1.5_250
sCSF,13.8,1.14082669413771,20_1.5_250
sCSF,13.9,1.108367075509,20_1.5_250
sCSF,14,1.07678371853999,20_1.5_250
sCSF,14.1,1.04605531755238,20_1.5_250
sCSF,14.2,1.01616099726199,20_1.5_250
sCSF,14.3,0.987080268096532,20_1.5_250
sCSF,14.4,0.95879299832581,20_1.5_250
sCSF,14.5,0.931279489525173,20_1.5_250
sCSF,14.6,0.904520418798623,20_1.5_250
sCSF,14.7,0.878496825140825,20_1.5_250
sCSF,14.8,0.853190168357858,20_1.5_250
sCSF,14.9,0.828582273505286,20_1.5_250
sCSF,15,0.804655333593703,20_1.5_250
sCSF,15.1,0.781391939581656,20_1.5_250
sCSF,15.2,0.758775039836661,20_1.5_250
sCSF,15.3,0.736787950793838,20_1.5_250
sCSF,15.4,0.715414364577444,20_1.5_250
sCSF,15.5,0.694638320012997,20_1.5_250
sCSF,15.6,0.674444218248612,20_1.5_250
sCSF,15.7,0.654816816459397,20_1.5_250
sCSF,15.8,0.63574120333772,20_1.5_250
sCSF,15.9,0.617202821932422,20_1.5_250
sCSF,16,0.59918744964114,20_1.5_250
sCSF,16.1,0.581681184862762,20_1.5_250
sCSF,16.2,0.564670462385097,20_1.5_250
sCSF,16.3,0.548142033897846,20_1.5_250
sCSF,16.4,0.532082961229194,20_1.5_250
sCSF,16.5,0.516480623011433,20_1.5_250
sCSF,16.6,0.501322700542795,20_1.5_250
sCSF,16.7,0.486597168446011,20_1.5_250
sCSF,16.8,0.472292301300651,20_1.5_250
sCSF,16.9,0.458396660312692,20_1.5_250
sCSF,17,0.444899084864563,20_1.5_250
sCSF,17.1,0.431788695030212,20_1.5_250
sCSF,17.2,0.419054881903497,20_1.5_250
sCSF,17.3,0.406687301270433,20_1.5_250
sCSF,17.4,0.394675869674468,20_1.5_250
sCSF,17.5,0.383010759025721,20_1.5_250
sCSF,17.6,0.37168239164743,20_1.5_250
sCSF,17.7,0.360681434811887,20_1.5_250
sCSF,17.8,0.349998793489123,20_1.5_250
sCSF,17.9,0.339625608151696,20_1.5_250
sCSF,18,0.329553250914991,20_1.5_250
sCSF,18.1,0.319773314104325,20_1.5_250
sCSF,18.2,0.31027761042446,20_1.5_250
sCSF,18.3,0.30105817064635,20_1.5_250
sCSF,18.4,0.292107230078497,20_1.5_250
sCSF,18.5,0.283417229337612,20_1.5_250
sCSF,18.6,0.274980814229361,20_1.5_250
sCSF,18.7,0.266790819474409,20_1.5_250
sCSF,18.8,0.25884027128661,20_1.5_250
sCSF,18.9,0.251122386047129,20_1.5_250
sCSF,19,0.24363056025947,20_1.5_250
sCSF,19.1,0.236358364281518,20_1.5_250
sCSF,19.2,0.229299544596054,20_1.5_250
sCSF,19.3,0.222448021165624,20_1.5_250
sCSF,19.4,0.215797870697685,20_1.5_250
sCSF,19.5,0.209343332625668,20_1.5_250
sCSF,19.6,0.203078811673705,20_1.5_250
sCSF,19.7,0.196998855521127,20_1.5_250
sCSF,19.8,0.191098162970521,20_1.5_250
sCSF,19.9,0.185371583576334,20_1.5_250
sCSF,20,0.179814105044845,20_1.5_250
sCSF,20.1,0.174420850903781,20_1.5_250
sCSF,20.2,0.169187082568462,20_1.5_250
sCSF,20.3,0.164108195190018,20_1.5_250
sCSF,20.4,0.159179705204638,20_1.5_250
sCSF,20.5,0.154397255550882,20_1.5_250
sCSF,20.6,0.14975661805505,20_1.5_250
sCSF,20.7,0.145253672956097,20_1.5_250
sCSF,20.8,0.140884417413303,20_1.5_250
sCSF,20.9,0.136644969681006,20_1.5_250
sCSF,21,0.132531548351282,20_1.5_250
sCSF,21.1,0.128540477784467,20_1.5_250
sCSF,21.2,0.124668186389781,20_1.5_250
sCSF,21.3,0.120911215286849,20_1.5_250
sCSF,21.4,0.117266187813623,20_1.5_250
sCSF,21.5,0.11372982640185,20_1.5_250
sCSF,21.6,0.110298949145411,20_1.5_250
sCSF,21.7,0.106970471526757,20_1.5_250
sCSF,21.8,0.103741383797981,20_1.5_250
sCSF,21.9,0.100608764925615,20_1.5_250
sCSF,22,0.0975697838531188,20_1.5_250
sCSF,22.1,0.0946216897523473,20_1.5_250
sCSF,22.2,0.0917618030324346,20_1.5_250
sCSF,22.3,0.088987522599323,20_1.5_250
sCSF,22.4,0.0862963323486881,20_1.5_250
sCSF,22.5,0.0836857790416275,20_1.5_250
sCSF,22.6,0.081153479594817,20_1.5_250
sCSF,22.7,0.0786971203499383,20_1.5_250
sCSF,22.8,0.0763144638895192,20_1.5_250
sCSF,22.9,0.0740033252426211,20_1.5_250
sCSF,23,0.071761585458729,20_1.5_250
sCSF,23.1,0.0695871886337448,20_1.5_250
sCSF,23.2,0.0674781432532555,20_1.5_250
sCSF,23.3,0.0654325065121673,20_1.5_250
sCSF,23.4,0.0634483938893486,20_1.5_250
sCSF,23.5,0.0615239804844862,20_1.5_250
sCSF,23.6,0.059657494105094,20_1.5_250
sCSF,23.7,0.0578472083040665,20_1.5_250
sCSF,23.8,0.0560914482091438,20_1.5_250
sCSF,23.9,0.0543885983420587,20_1.5_250
sCSF,24,0.0527370799577826,20_1.5_250
sCSF,24.1,0.0511353603385872,20_1.5_250
sCSF,24.2,0.0495819517166803,20_1.5_250
sCSF,24.3,0.0480754168034231,20_1.5_250
sCSF,24.4,0.0466143597823101,20_1.5_250
sCSF,24.5,0.0451974174926094,20_1.5_250
sCSF,24.6,0.0438232693854292,20_1.5_250
sCSF,24.7,0.042490634824595,20_1.5_250
sCSF,24.8,0.0411982770315025,20_1.5_250
sCSF,24.9,0.0399449874799106,20_1.5_250
sCSF,25,0.038729595679266,20_1.5_250
brain ECF,0,0,20_1.5_300
brain ECF,0.1,0,20_1.5_300
brain ECF,0.2,0,20_1.5_300
brain ECF,0.3,0.183234712778124,20_1.5_300
brain ECF,0.4,1.07830533832203,20_1.5_300
brain ECF,0.5,2.35055316382981,20_1.5_300
brain ECF,0.6,3.74729112426533,20_1.5_300
brain ECF,0.7,5.11668282475387,20_1.5_300
brain ECF,0.8,6.37337151112729,20_1.5_300
brain ECF,0.9,7.47491193422477,20_1.5_300
brain ECF,1,8.40585400962976,20_1.5_300
brain ECF,1.1,9.16711777189853,20_1.5_300
brain ECF,1.2,9.76899050085704,20_1.5_300
brain ECF,1.3,10.2265878000443,20_1.5_300
brain ECF,1.4,10.5569786433011,20_1.5_300
brain ECF,1.5,10.7774237265304,20_1.5_300
brain ECF,1.6,10.9043501085739,20_1.5_300
brain ECF,1.7,10.9528056419438,20_1.5_300
brain ECF,1.8,10.936218607469,20_1.5_300
brain ECF,1.9,10.8663468927455,20_1.5_300
brain ECF,2,10.7533385043494,20_1.5_300
brain ECF,2.1,10.6058534608005,20_1.5_300
brain ECF,2.2,10.431214293812,20_1.5_300
brain ECF,2.3,10.2355649915298,20_1.5_300
brain ECF,2.4,10.0240263203293,20_1.5_300
brain ECF,2.5,9.80084066103958,20_1.5_300
brain ECF,2.6,9.56950305910853,20_1.5_300
brain ECF,2.7,9.33287723477041,20_1.5_300
brain ECF,2.8,9.09329674727291,20_1.5_300
brain ECF,2.9,8.85265215993223,20_1.5_300
brain ECF,3,8.61246534247925,20_1.5_300
brain ECF,3.1,8.373952501314,20_1.5_300
brain ECF,3.2,8.13807730178931,20_1.5_300
brain ECF,3.3,7.90559528504769,20_1.5_300
brain ECF,3.4,7.6770910087033,20_1.5_300
brain ECF,3.5,7.45300896457904,20_1.5_300
brain ECF,3.6,7.233679241266,20_1.5_300
brain ECF,3.7,7.01933871317867,20_1.5_300
brain ECF,3.8,6.81014852552293,20_1.5_300
brain ECF,3.9,6.60620856484229,20_1.5_300
brain ECF,4,6.40756942401393,20_1.5_300
brain ECF,4.1,6.21424209892153,20_1.5_300
brain ECF,4.2,6.02620595573798,20_1.5_300
brain ECF,4.3,5.84341536830366,20_1.5_300
brain ECF,4.4,5.66580503630417,20_1.5_300
brain ECF,4.5,5.49329443031009,20_1.5_300
brain ECF,4.6,5.32579132928423,20_1.5_300
brain ECF,4.7,5.16319471158427,20_1.5_300
brain ECF,4.8,5.00539712620619,20_1.5_300
brain ECF,4.9,4.85228662096241,20_1.5_300
brain ECF,5,4.70374828190076,20_1.5_300
brain ECF,5.1,4.55966549780705,20_1.5_300
brain ECF,5.2,4.41992094015541,20_1.5_300
brain ECF,5.3,4.28439734949581,20_1.5_300
brain ECF,5.4,4.15297817649527,20_1.5_300
brain ECF,5.5,4.02554809122943,20_1.5_300
brain ECF,5.6,3.90199336392422,20_1.5_300
brain ECF,5.7,3.78220217993079,20_1.5_300
brain ECF,5.8,3.66606486084441,20_1.5_300
brain ECF,5.9,3.55347402937099,20_1.5_300
brain ECF,6,3.44432472700817,20_1.5_300
brain ECF,6.1,3.33851450226395,20_1.5_300
brain ECF,6.2,3.23594346125758,20_1.5_300
brain ECF,6.3,3.13651429937682,20_1.5_300
brain ECF,6.4,3.04013230438401,20_1.5_300
brain ECF,6.5,2.94670534807703,20_1.5_300
brain ECF,6.6,2.85614387565213,20_1.5_300
brain ECF,6.7,2.76836086922944,20_1.5_300
brain ECF,6.8,2.68327179088389,20_1.5_300
brain ECF,6.9,2.60079456536718,20_1.5_300
brain ECF,7,2.52084950563499,20_1.5_300
brain ECF,7.1,2.44335927429941,20_1.5_300
brain ECF,7.2,2.36824883176166,20_1.5_300
brain ECF,7.3,2.29544537641078,20_1.5_300
brain ECF,7.4,2.2248782877389,20_1.5_300
brain ECF,7.5,2.15647907162303,20_1.5_300
brain ECF,7.6,2.09018129839051,20_1.5_300
brain ECF,7.7,2.02592055188212,20_1.5_300
brain ECF,7.8,1.96363436474128,20_1.5_300
brain ECF,7.9,1.9032621695696,20_1.5_300
brain ECF,8,1.84474524140326,20_1.5_300
brain ECF,8.1,1.78802664095372,20_1.5_300
brain ECF,8.2,1.73305117314253,20_1.5_300
brain ECF,8.3,1.67976531888433,20_1.5_300
brain ECF,8.4,1.62811720693325,20_1.5_300
brain ECF,8.5,1.57805654071712,20_1.5_300
brain ECF,8.6,1.52953457579866,20_1.5_300
brain ECF,8.7,1.48250404791293,20_1.5_300
brain ECF,8.8,1.43691915361507,20_1.5_300
brain ECF,8.9,1.39273547964192,20_1.5_300
brain ECF,9,1.34990999006284,20_1.5_300
brain ECF,9.1,1.30840094973778,20_1.5_300
brain ECF,9.2,1.26816792245882,20_1.5_300
brain ECF,9.3,1.22917169619112,20_1.5_300
brain ECF,9.4,1.19137427181943,20_1.5_300
brain ECF,9.5,1.15473881493125,20_1.5_300
brain ECF,9.6,1.11922961717423,20_1.5_300
brain ECF,9.7,1.08481207552254,20_1.5_300
brain ECF,9.8,1.05145263727876,20_1.5_300
brain ECF,9.9,1.01911879440835,20_1.5_300
brain ECF,10,0.987779021124388,20_1.5_300
brain ECF,10.1,0.957402776049457,20_1.5_300
brain ECF,10.2,0.927960438814541,20_1.5_300
brain ECF,10.3,0.899423314944105,20_1.5_300
brain ECF,10.4,0.871763578604482,20_1.5_300
brain ECF,10.5,0.844954265967914,20_1.5_300
brain ECF,10.6,0.81896923972417,20_1.5_300
brain ECF,10.7,0.793783161592257,20_1.5_300
brain ECF,10.8,0.769371479342417,20_1.5_300
brain ECF,10.9,0.745710383554591,20_1.5_300
brain ECF,11,0.722776810308964,20_1.5_300
brain ECF,11.1,0.700548388950325,20_1.5_300
brain ECF,11.2,0.679003452260625,20_1.5_300
brain ECF,11.3,0.658120985228518,20_1.5_300
brain ECF,11.4,0.637880626787448,20_1.5_300
brain ECF,11.5,0.618262639466796,20_1.5_300
brain ECF,11.6,0.599247889732024,20_1.5_300
brain ECF,11.7,0.580817837073644,20_1.5_300
brain ECF,11.8,0.562954502553996,20_1.5_300
brain ECF,11.9,0.545640469606689,20_1.5_300
brain ECF,12,0.528858845267248,20_1.5_300
brain ECF,12.1,0.512593270444448,20_1.5_300
brain ECF,12.2,0.496827874226473,20_1.5_300
brain ECF,12.3,0.481547279362427,20_1.5_300
brain ECF,12.4,0.466736586300519,20_1.5_300
brain ECF,12.5,0.452381340375231,20_1.5_300
brain ECF,12.6,0.438467548879155,20_1.5_300
brain ECF,12.7,0.424981633433162,20_1.5_300
brain ECF,12.8,0.411910438909943,20_1.5_300
brain ECF,12.9,0.399241218674324,20_1.5_300
brain ECF,13,0.38696160703347,20_1.5_300
brain ECF,13.1,0.375059633551585,20_1.5_300
brain ECF,13.2,0.363523682223396,20_1.5_300
brain ECF,13.3,0.352342498819414,20_1.5_300
brain ECF,13.4,0.341505177974756,20_1.5_300
brain ECF,13.5,0.331001140409375,20_1.5_300
brain ECF,13.6,0.320820145696439,20_1.5_300
brain ECF,13.7,0.31095225575537,20_1.5_300
brain ECF,13.8,0.301387843495235,20_1.5_300
brain ECF,13.9,0.292117582355251,20_1.5_300
brain ECF,14,0.283132424284808,20_1.5_300
brain ECF,14.1,0.274423609707216,20_1.5_300
brain ECF,14.2,0.265982638245653,20_1.5_300
brain ECF,14.3,0.257801271685569,20_1.5_300
brain ECF,14.4,0.249871533811287,20_1.5_300
brain ECF,14.5,0.242185679713543,20_1.5_300
brain ECF,14.6,0.234736206550217,20_1.5_300
brain ECF,14.7,0.227515853266159,20_1.5_300
brain ECF,14.8,0.220517564679679,20_1.5_300
brain ECF,14.9,0.213734511918517,20_1.5_300
brain ECF,15,0.207160083140118,20_1.5_300
brain ECF,15.1,0.200787857219023,20_1.5_300
brain ECF,15.2,0.194611619097136,20_1.5_300
brain ECF,15.3,0.188625345050678,20_1.5_300
brain ECF,15.4,0.182823191367453,20_1.5_300
brain ECF,15.5,0.177199498926236,20_1.5_300
brain ECF,15.6,0.171748778815173,20_1.5_300
brain ECF,15.7,0.166465707419579,20_1.5_300
brain ECF,15.8,0.161345135255212,20_1.5_300
brain ECF,15.9,0.156382059139987,20_1.5_300
brain ECF,16,0.151571630851109,20_1.5_300
brain ECF,16.1,0.146909164444065,20_1.5_300
brain ECF,16.2,0.142390103725988,20_1.5_300
brain ECF,16.3,0.13801003781051,20_1.5_300
brain ECF,16.4,0.133764698959118,20_1.5_300
brain ECF,16.5,0.129649940544153,20_1.5_300
brain ECF,16.6,0.125661745873238,20_1.5_300
brain ECF,16.7,0.121796228171655,20_1.5_300
brain ECF,16.8,0.118049611314165,20_1.5_300
brain ECF,16.9,0.114418235485655,20_1.5_300
brain ECF,17,0.110898562620629,20_1.5_300
brain ECF,17.1,0.10748715275411,20_1.5_300
brain ECF,17.2,0.104180670960419,20_1.5_300
brain ECF,17.3,0.100975894979998,20_1.5_300
brain ECF,17.4,0.0978696967040309,20_1.5_300
brain ECF,17.5,0.0948590389504972,20_1.5_300
brain ECF,17.6,0.0919409852334274,20_1.5_300
brain ECF,17.7,0.0891126919521973,20_1.5_300
brain ECF,17.8,0.0863713955217605,20_1.5_300
brain ECF,17.9,0.083714420979529,20_1.5_300
brain ECF,18,0.0811391782306164,20_1.5_300
brain ECF,18.1,0.0786431521289623,20_1.5_300
brain ECF,18.2,0.0762239057520579,20_1.5_300
brain ECF,18.3,0.0738790801665321,20_1.5_300
brain ECF,18.4,0.0716063831569128,20_1.5_300
brain ECF,18.5,0.0694035925532023,20_1.5_300
brain ECF,18.6,0.0672685656401014,20_1.5_300
brain ECF,18.7,0.0651992123281339,20_1.5_300
brain ECF,18.8,0.0631935090066116,20_1.5_300
brain ECF,18.9,0.0612495019520492,20_1.5_300
brain ECF,19,0.0593652951078727,20_1.5_300
brain ECF,19.1,0.05753904638685,20_1.5_300
brain ECF,19.2,0.0557689737920312,20_1.5_300
brain ECF,19.3,0.0540533529940015,20_1.5_300
brain ECF,19.4,0.0523905082223186,20_1.5_300
brain ECF,19.5,0.0507788163808612,20_1.5_300
brain ECF,19.6,0.0492167053817428,20_1.5_300
brain ECF,19.7,0.0477026488500096,20_1.5_300
brain ECF,19.8,0.0462351666164191,20_1.5_300
brain ECF,19.9,0.0448128284181173,20_1.5_300
brain ECF,20,0.043434244153976,20_1.5_300
brain ECF,20.1,0.0420980643047147,20_1.5_300
brain ECF,20.2,0.0408029849020454,20_1.5_300
brain ECF,20.3,0.0395477455119234,20_1.5_300
brain ECF,20.4,0.0383311174381289,20_1.5_300
brain ECF,20.5,0.0371519126357317,20_1.5_300
brain ECF,20.6,0.036008983904798,20_1.5_300
brain ECF,20.7,0.0349012148680787,20_1.5_300
brain ECF,20.8,0.0338275250096784,20_1.5_300
brain ECF,20.9,0.0327868663338185,20_1.5_300
brain ECF,21,0.0317782231275453,20_1.5_300
brain ECF,21.1,0.0308006101943631,20_1.5_300
brain ECF,21.2,0.0298530721117271,20_1.5_300
brain ECF,21.3,0.0289346861531971,20_1.5_300
brain ECF,21.4,0.0280445521723241,20_1.5_300
brain ECF,21.5,0.027181798007757,20_1.5_300
brain ECF,21.6,0.0263455810767232,20_1.5_300
brain ECF,21.7,0.0255350907900474,20_1.5_300
brain ECF,21.8,0.0247495305689286,20_1.5_300
brain ECF,21.9,0.0239881315995942,20_1.5_300
brain ECF,22,0.0232501537429631,20_1.5_300
brain ECF,22.1,0.0225348794070527,20_1.5_300
brain ECF,22.2,0.0218416093508233,20_1.5_300
brain ECF,22.3,0.0211696679146491,20_1.5_300
brain ECF,22.4,0.0205183991928259,20_1.5_300
brain ECF,22.5,0.0198871681641822,20_1.5_300
brain ECF,22.6,0.0192753589222558,20_1.5_300
brain ECF,22.7,0.0186823739230112,20_1.5_300
brain ECF,22.8,0.0181076334633928,20_1.5_300
brain ECF,22.9,0.0175505745585674,20_1.5_300
brain ECF,23,0.0170106504273862,20_1.5_300
brain ECF,23.1,0.0164873331410757,20_1.5_300
brain ECF,23.2,0.0159801159644306,20_1.5_300
brain ECF,23.3,0.0154884986880829,20_1.5_300
brain ECF,23.4,0.0150119990729881,20_1.5_300
brain ECF,23.5,0.0145501550591261,20_1.5_300
brain ECF,23.6,0.0141025189392988,20_1.5_300
brain ECF,23.7,0.0136686530194291,20_1.5_300
brain ECF,23.8,0.0132481356872051,20_1.5_300
brain ECF,23.9,0.0128405541850521,20_1.5_300
brain ECF,24,0.0124455127057555,20_1.5_300
brain ECF,24.1,0.0120626271873562,20_1.5_300
brain ECF,24.2,0.0116915249472136,20_1.5_300
brain ECF,24.3,0.011331842883668,20_1.5_300
brain ECF,24.4,0.010983228720606,20_1.5_300
brain ECF,24.5,0.0106453417425238,20_1.5_300
brain ECF,24.6,0.0103178501406742,20_1.5_300
brain ECF,24.7,0.0100004327975433,20_1.5_300
brain ECF,24.8,0.00969278171493731,20_1.5_300
brain ECF,24.9,0.00939459331580501,20_1.5_300
brain ECF,25,0.00910557455541277,20_1.5_300
brain ICF,0,0,20_1.5_300
brain ICF,0.1,0,20_1.5_300
brain ICF,0.2,0,20_1.5_300
brain ICF,0.3,0.195168116312542,20_1.5_300
brain ICF,0.4,1.58909183837274,20_1.5_300
brain ICF,0.5,3.73494504853071,20_1.5_300
brain ICF,0.6,6.15607326886418,20_1.5_300
brain ICF,0.7,8.56362687663673,20_1.5_300
brain ICF,0.8,10.7930310906482,20_1.5_300
brain ICF,0.9,12.7602196384406,20_1.5_300
brain ICF,1,14.4320164166498,20_1.5_300
brain ICF,1.1,15.8063259915726,20_1.5_300
brain ICF,1.2,16.8990469072009,20_1.5_300
brain ICF,1.3,17.735563202548,20_1.5_300
brain ICF,1.4,18.3453317428095,20_1.5_300
brain ICF,1.5,18.7585443060132,20_1.5_300
brain ICF,1.6,19.0041647446016,20_1.5_300
brain ICF,1.7,19.1088647787269,20_1.5_300
brain ICF,1.8,19.0965336965858,20_1.5_300
brain ICF,1.9,18.9881465170147,20_1.5_300
brain ICF,2,18.8018446557588,20_1.5_300
brain ICF,2.1,18.5531355766363,20_1.5_300
brain ICF,2.2,18.255149907394,20_1.5_300
brain ICF,2.3,17.9189179189664,20_1.5_300
brain ICF,2.4,17.5536424108735,20_1.5_300
brain ICF,2.5,17.1669547717779,20_1.5_300
brain ICF,2.6,16.7651476553466,20_1.5_300
brain ICF,2.7,16.3533815706846,20_1.5_300
brain ICF,2.8,15.9358654564958,20_1.5_300
brain ICF,2.9,15.5160125357404,20_1.5_300
brain ICF,3,15.0965733487203,20_1.5_300
brain ICF,3.1,14.6797487275933,20_1.5_300
brain ICF,3.2,14.2672851046406,20_1.5_300
brain ICF,3.3,13.8605542532765,20_1.5_300
brain ICF,3.4,13.4606200024989,20_1.5_300
brain ICF,3.5,13.0682938119355,20_1.5_300
brain ICF,3.6,12.6841809160727,20_1.5_300
brain ICF,3.7,12.3087184361405,20_1.5_300
brain ICF,3.8,11.9422068437573,20_1.5_300
brain ICF,3.9,11.5848360044108,20_1.5_300
brain ICF,4,11.236706721657,20_1.5_300
brain ICF,4.1,10.8978482007411,20_1.5_300
brain ICF,4.2,10.5682323968476,20_1.5_300
brain ICF,4.3,10.2477859745733,20_1.5_300
brain ICF,4.4,9.93639989315114,20_1.5_300
brain ICF,4.5,9.63393741867162,20_1.5_300
brain ICF,4.6,9.34024050243113,20_1.5_300
brain ICF,4.7,9.05513499561274,20_1.5_300
brain ICF,4.8,8.77843492777079,20_1.5_300
brain ICF,4.9,8.50994598745581,20_1.5_300
brain ICF,5,8.2494683007022,20_1.5_300
brain ICF,5.1,7.99679871727809,20_1.5_300
brain ICF,5.2,7.75173258304239,20_1.5_300
brain ICF,5.3,7.51406516198495,20_1.5_300
brain ICF,5.4,7.28359279717523,20_1.5_300
brain ICF,5.5,7.06011383472058,20_1.5_300
brain ICF,5.6,6.84342931581526,20_1.5_300
brain ICF,5.7,6.6333435499354,20_1.5_300
brain ICF,5.8,6.42966451862295,20_1.5_300
brain ICF,5.9,6.23220417789454,20_1.5_300
brain ICF,6,6.0407786754967,20_1.5_300
brain ICF,6.1,5.85520851495803,20_1.5_300
brain ICF,6.2,5.67531865171873,20_1.5_300
brain ICF,6.3,5.50093855498258,20_1.5_300
brain ICF,6.4,5.33190221802729,20_1.5_300
brain ICF,6.5,5.1680481468572,20_1.5_300
brain ICF,6.6,5.00921934647338,20_1.5_300
brain ICF,6.7,4.85526325915567,20_1.5_300
brain ICF,6.8,4.70603166580685,20_1.5_300
brain ICF,6.9,4.56138065888627,20_1.5_300
brain ICF,7,4.42117051165997,20_1.5_300
brain ICF,7.1,4.28526561259521,20_1.5_300
brain ICF,7.2,4.15353437573378,20_1.5_300
brain ICF,7.3,4.02584913637988,20_1.5_300
brain ICF,7.4,3.90208605205146,20_1.5_300
brain ICF,7.5,3.78212500722461,20_1.5_300
brain ICF,7.6,3.66584950484542,20_1.5_300
brain ICF,7.7,3.55314657807733,20_1.5_300
brain ICF,7.8,3.44390667573272,20_1.5_300
brain ICF,7.9,3.33802357859498,20_1.5_300
brain ICF,8,3.23539429682624,20_1.5_300
brain ICF,8.1,3.13591897231913,20_1.5_300
brain ICF,8.2,3.03950080481205,20_1.5_300
brain ICF,8.3,2.94604593329033,20_1.5_300
brain ICF,8.4,2.85546338611452,20_1.5_300
brain ICF,8.5,2.76766495324629,20_1.5_300
brain ICF,8.6,2.68256514630672,20_1.5_300
brain ICF,8.7,2.60008107293383,20_1.5_300
brain ICF,8.8,2.52013240232193,20_1.5_300
brain ICF,8.9,2.44264124188088,20_1.5_300
brain ICF,9,2.36753211429434,20_1.5_300
brain ICF,9.1,2.29473182364652,20_1.5_300
brain ICF,9.2,2.22416945195766,20_1.5_300
brain ICF,9.3,2.15577622822161,20_1.5_300
brain ICF,9.4,2.0894855085414,20_1.5_300
brain ICF,9.5,2.02523269162915,20_1.5_300
brain ICF,9.6,1.96295515116134,20_1.5_300
brain ICF,9.7,1.90259219941817,20_1.5_300
brain ICF,9.8,1.84408499067659,20_1.5_300
brain ICF,9.9,1.78737651113963,20_1.5_300
brain ICF,10,1.73241146984085,20_1.5_300
brain ICF,10.1,1.67913630253985,20_1.5_300
brain ICF,10.2,1.62749906016213,20_1.5_300
brain ICF,10.3,1.57744941706583,20_1.5_300
brain ICF,10.4,1.52893857117512,20_1.5_300
brain ICF,10.5,1.48191923251577,20_1.5_300
brain ICF,10.6,1.43634556078783,20_1.5_300
brain ICF,10.7,1.39217311686415,20_1.5_300
brain ICF,10.8,1.34935884015016,20_1.5_300
brain ICF,10.9,1.30786097296177,20_1.5_300
brain ICF,11,1.26763906472234,20_1.5_300
brain ICF,11.1,1.22865388079561,20_1.5_300
brain ICF,11.2,1.19086742051159,20_1.5_300
brain ICF,11.3,1.15424282679466,20_1.5_300
brain ICF,11.4,1.11874438968612,20_1.5_300
brain ICF,11.5,1.08433749300168,20_1.5_300
brain ICF,11.6,1.05098857970709,20_1.5_300
brain ICF,11.7,1.01866513274112,20_1.5_300
brain ICF,11.8,0.987335620084469,20_1.5_300
brain ICF,11.9,0.956969495782703,20_1.5_300
brain ICF,12,0.927537132236769,20_1.5_300
brain ICF,12.1,0.899009838298677,20_1.5_300
brain ICF,12.2,0.871359778790269,20_1.5_300
brain ICF,12.3,0.844559984468087,20_1.5_300
brain ICF,12.4,0.818584324062066,20_1.5_300
brain ICF,12.5,0.793407446447716,20_1.5_300
brain ICF,12.6,0.769004810454142,20_1.5_300
brain ICF,12.7,0.745352601794871,20_1.5_300
brain ICF,12.8,0.722427748539389,20_1.5_300
brain ICF,12.9,0.700207895375856,20_1.5_300
brain ICF,13,0.678671355004319,20_1.5_300
brain ICF,13.1,0.65779713267919,20_1.5_300
brain ICF,13.2,0.637564855658858,20_1.5_300
brain ICF,13.3,0.617954785899076,20_1.5_300
brain ICF,13.4,0.598947797846649,20_1.5_300
brain ICF,13.5,0.580525337423575,20_1.5_300
brain ICF,13.6,0.562669443593982,20_1.5_300
brain ICF,13.7,0.54536268650685,20_1.5_300
brain ICF,13.8,0.528588181552358,20_1.5_300
brain ICF,13.9,0.512329571518991,20_1.5_300
brain ICF,14,0.49657098716872,20_1.5_300
brain ICF,14.1,0.48129706619189,20_1.5_300
brain ICF,14.2,0.466492900402209,20_1.5_300
brain ICF,14.3,0.452144041690503,20_1.5_300
brain ICF,14.4,0.438236500643009,20_1.5_300
brain ICF,14.5,0.42475669441707,20_1.5_300
brain ICF,14.6,0.411691464285601,20_1.5_300
brain ICF,14.7,0.399028074985472,20_1.5_300
brain ICF,14.8,0.386754152652964,20_1.5_300
brain ICF,14.9,0.374857720338655,20_1.5_300
brain ICF,15,0.363327182026551,20_1.5_300
brain ICF,15.1,0.352151275602498,20_1.5_300
brain ICF,15.2,0.341319100971263,20_1.5_300
brain ICF,15.3,0.330820093791555,20_1.5_300
brain ICF,15.4,0.320644005335768,20_1.5_300
brain ICF,15.5,0.310780910311412,20_1.5_300
brain ICF,15.6,0.301221182272275,20_1.5_300
brain ICF,15.7,0.291955484835176,20_1.5_300
brain ICF,15.8,0.282974786115588,20_1.5_300
brain ICF,15.9,0.274270311352628,20_1.5_300
brain ICF,16,0.265833557270164,20_1.5_300
brain ICF,16.1,0.257656305571737,20_1.5_300
brain ICF,16.2,0.249730564978675,20_1.5_300
brain ICF,16.3,0.242048599308867,20_1.5_300
brain ICF,16.4,0.234602924079049,20_1.5_300
brain ICF,16.5,0.227386266551674,20_1.5_300
brain ICF,16.6,0.220391582194372,20_1.5_300
brain ICF,16.7,0.213612054248584,20_1.5_300
brain ICF,16.8,0.207041060282546,20_1.5_300
brain ICF,16.9,0.200672181906082,20_1.5_300
brain ICF,17,0.194499213431476,20_1.5_300
brain ICF,17.1,0.188516121891659,20_1.5_300
brain ICF,17.2,0.182717058346372,20_1.5_300
brain ICF,17.3,0.177096371334433,20_1.5_300
brain ICF,17.4,0.17164857443239,20_1.5_300
brain ICF,17.5,0.166368340584867,20_1.5_300
brain ICF,17.6,0.161250519663857,20_1.5_300
brain ICF,17.7,0.156290124631889,20_1.5_300
brain ICF,17.8,0.151482308368315,20_1.5_300
brain ICF,17.9,0.146822379458477,20_1.5_300
brain ICF,18,0.142305795511041,20_1.5_300
brain ICF,18.1,0.137928145561198,20_1.5_300
brain ICF,18.2,0.133685155882346,20_1.5_300
brain ICF,18.3,0.129572688885797,20_1.5_300
brain ICF,18.4,0.125586724715845,20_1.5_300
brain ICF,18.5,0.121723366110195,20_1.5_300
brain ICF,18.6,0.117978854764492,20_1.5_300
brain ICF,18.7,0.114349524910261,20_1.5_300
brain ICF,18.8,0.110831827159897,20_1.5_300
brain ICF,18.9,0.107422335096689,20_1.5_300
brain ICF,19,0.104117723295872,20_1.5_300
brain ICF,19.1,0.100914760755145,20_1.5_300
brain ICF,19.2,0.0978103221400333,20_1.5_300
brain ICF,19.3,0.0948013835737863,20_1.5_300
brain ICF,19.4,0.0918850060689454,20_1.5_300
brain ICF,19.5,0.0890583432166533,20_1.5_300
brain ICF,19.6,0.0863186375385462,20_1.5_300
brain ICF,19.7,0.0836632123750364,20_1.5_300
brain ICF,19.8,0.0810894719414047,20_1.5_300
brain ICF,19.9,0.0785949074903261,20_1.5_300
brain ICF,20,0.0761770808919703,20_1.5_300
brain ICF,20.1,0.0738336251763216,20_1.5_300
brain ICF,20.2,0.0715622532987961,20_1.5_300
brain ICF,20.3,0.0693607546791525,20_1.5_300
brain ICF,20.4,0.0672269740367662,20_1.5_300
brain ICF,20.5,0.0651588275558358,20_1.5_300
brain ICF,20.6,0.063154303698186,20_1.5_300
brain ICF,20.7,0.0612114443838514,20_1.5_300
brain ICF,20.8,0.0593283547400391,20_1.5_300
brain ICF,20.9,0.0575031965843788,20_1.5_300
brain ICF,21,0.0557341887865102,20_1.5_300
brain ICF,21.1,0.0540196037664237,20_1.5_300
brain ICF,21.2,0.052357766103454,20_1.5_300
brain ICF,21.3,0.0507470567647921,20_1.5_300
brain ICF,21.4,0.0491858973995695,20_1.5_300
brain ICF,21.5,0.0476727583117043,20_1.5_300
brain ICF,21.6,0.0462061616400304,20_1.5_300
brain ICF,21.7,0.0447846856005413,20_1.5_300
brain ICF,21.8,0.0434069328574745,20_1.5_300
brain ICF,21.9,0.0420715547067754,20_1.5_300
brain ICF,22,0.0407772532802938,20_1.5_300
brain ICF,22.1,0.0395227702168182,20_1.5_300
brain ICF,22.2,0.0383068789330611,20_1.5_300
brain ICF,22.3,0.037128394464675,20_1.5_300
brain ICF,22.4,0.0359861666654244,20_1.5_300
brain ICF,22.5,0.0348790820065119,20_1.5_300
brain ICF,22.6,0.0338060605857106,20_1.5_300
brain ICF,22.7,0.0327660547103216,20_1.5_300
brain ICF,22.8,0.0317580469765506,20_1.5_300
brain ICF,22.9,0.0307810504708439,20_1.5_300
brain ICF,23,0.0298341062700822,20_1.5_300
brain ICF,23.1,0.0289162883633274,20_1.5_300
brain ICF,23.2,0.0280267076488805,20_1.5_300
brain ICF,23.3,0.0271644866510515,20_1.5_300
brain ICF,23.4,0.0263287791882307,20_1.5_300
brain ICF,23.5,0.0255187750627701,20_1.5_300
brain ICF,23.6,0.0247336891962319,20_1.5_300
brain ICF,23.7,0.0239727535508897,20_1.5_300
brain ICF,23.8,0.0232352285603187,20_1.5_300
brain ICF,23.9,0.0225203909870247,20_1.5_300
brain ICF,24,0.021827546734537,20_1.5_300
brain ICF,24.1,0.0211560225110695,20_1.5_300
brain ICF,24.2,0.0205051651875589,20_1.5_300
brain ICF,24.3,0.0198743373216384,20_1.5_300
brain ICF,24.4,0.0192629205833248,20_1.5_300
brain ICF,24.5,0.0186703179206511,20_1.5_300
brain ICF,24.6,0.0180959473441484,20_1.5_300
brain ICF,24.7,0.0175392456187996,20_1.5_300
brain ICF,24.8,0.0169996726188892,20_1.5_300
brain ICF,24.9,0.016476695770877,20_1.5_300
brain ICF,25,0.0159698009996383,20_1.5_300
sCSF,0,0,20_1.5_300
sCSF,0.1,0,20_1.5_300
sCSF,0.2,0,20_1.5_300
sCSF,0.3,0.00148177921077036,20_1.5_300
sCSF,0.4,0.0358896475663333,20_1.5_300
sCSF,0.5,0.142988791604723,20_1.5_300
sCSF,0.6,0.337706728246976,20_1.5_300
sCSF,0.7,0.61972217235966,20_1.5_300
sCSF,0.8,0.980305813359021,20_1.5_300
sCSF,0.9,1.40659510543388,20_1.5_300
sCSF,1,1.88425406970821,20_1.5_300
sCSF,1.1,2.3990718247991,20_1.5_300
sCSF,1.2,2.93786611807434,20_1.5_300
sCSF,1.3,3.48893856397668,20_1.5_300
sCSF,1.4,4.04224757979495,20_1.5_300
sCSF,1.5,4.58940983702626,20_1.5_300
sCSF,1.6,5.12360323362933,20_1.5_300
sCSF,1.7,5.63941872737221,20_1.5_300
sCSF,1.8,6.13269111673189,20_1.5_300
sCSF,1.9,6.60032712694812,20_1.5_300
sCSF,2,7.04014157833223,20_1.5_300
sCSF,2.1,7.45070735589796,20_1.5_300
sCSF,2.2,7.83122176337588,20_1.5_300
sCSF,2.3,8.181389766574,20_1.5_300
sCSF,2.4,8.50132363658825,20_1.5_300
sCSF,2.5,8.79145766431351,20_1.5_300
sCSF,2.6,9.05247643827614,20_1.5_300
sCSF,2.7,9.28525511120376,20_1.5_300
sCSF,2.8,9.49080997781569,20_1.5_300
sCSF,2.9,9.67025790317247,20_1.5_300
sCSF,3,9.82478333625022,20_1.5_300
sCSF,3.1,9.95561160041542,20_1.5_300
sCSF,3.2,10.0639874603502,20_1.5_300
sCSF,3.3,10.1511581474829,20_1.5_300
sCSF,3.4,10.2183599979822,20_1.5_300
sCSF,3.5,10.2668080776493,20_1.5_300
sCSF,3.6,10.2976882558408,20_1.5_300
sCSF,3.7,10.3121513144077,20_1.5_300
sCSF,3.8,10.3113086881619,20_1.5_300
sCSF,3.9,10.2962294900615,20_1.5_300
sCSF,4,10.2679385762427,20_1.5_300
sCSF,4.1,10.2274155151921,20_1.5_300
sCSF,4.2,10.175594215963,20_1.5_300
sCSF,4.3,10.113363038531,20_1.5_300
sCSF,4.4,10.0415653604908,20_1.5_300
sCSF,4.5,9.96100042141435,20_1.5_300
sCSF,4.6,9.87242443911585,20_1.5_300
sCSF,4.7,9.77655189349345,20_1.5_300
sCSF,4.8,9.67405692518335,20_1.5_300
sCSF,4.9,9.56557481847708,20_1.5_300
sCSF,5,9.45170354345976,20_1.5_300
sCSF,5.1,9.33300532020874,20_1.5_300
sCSF,5.2,9.21000819409696,20_1.5_300
sCSF,5.3,9.0832075982457,20_1.5_300
sCSF,5.4,8.95306789053735,20_1.5_300
sCSF,5.5,8.82002385952461,20_1.5_300
sCSF,5.6,8.68448218984694,20_1.5_300
sCSF,5.7,8.5468228941925,20_1.5_300
sCSF,5.8,8.40740068979883,20_1.5_300
sCSF,5.9,8.26654632436913,20_1.5_300
sCSF,6,8.12456784804707,20_1.5_300
sCSF,6.1,7.98175184207622,20_1.5_300
sCSF,6.2,7.8383645855104,20_1.5_300
sCSF,6.3,7.69465317605289,20_1.5_300
sCSF,6.4,7.55084659427158,20_1.5_300
sCSF,6.5,7.4071567220302,20_1.5_300
sCSF,6.6,7.26377934102483,20_1.5_300
sCSF,6.7,7.12089506247665,20_1.5_300
sCSF,6.8,6.97867012980081,20_1.5_300
sCSF,6.9,6.83725736510918,20_1.5_300
sCSF,7,6.69679686893157,20_1.5_300
sCSF,7.1,6.55741678362291,20_1.5_300
sCSF,7.2,6.41923408198043,20_1.5_300
sCSF,7.3,6.28235516615716,20_1.5_300
sCSF,7.4,6.14687652279184,20_1.5_300
sCSF,7.5,6.01288536233119,20_1.5_300
sCSF,7.6,5.88046015683611,20_1.5_300
sCSF,7.7,5.74967130335421,20_1.5_300
sCSF,7.8,5.62058140918189,20_1.5_300
sCSF,7.9,5.4932461344472,20_1.5_300
sCSF,8,5.36771417141362,20_1.5_300
sCSF,8.1,5.24402823048661,20_1.5_300
sCSF,8.2,5.12222487211623,20_1.5_300
sCSF,8.3,5.00233546391866,20_1.5_300
sCSF,8.4,4.88438602171337,20_1.5_300
sCSF,8.5,4.76839805417186,20_1.5_300
sCSF,8.6,4.65438842363853,20_1.5_300
sCSF,8.7,4.54237011850355,20_1.5_300
sCSF,8.8,4.43235208085591,20_1.5_300
sCSF,8.9,4.32433994752928,20_1.5_300
sCSF,9,4.2183358231063,20_1.5_300
sCSF,9.1,4.11433905360798,20_1.5_300
sCSF,9.2,4.01234592330371,20_1.5_300
sCSF,9.3,3.91235033796439,20_1.5_300
sCSF,9.4,3.81434370472048,20_1.5_300
sCSF,9.5,3.71831525706838,20_1.5_300
sCSF,9.6,3.62425227418102,20_1.5_300
sCSF,9.7,3.53214009156098,20_1.5_300
sCSF,9.8,3.44196250195927,20_1.5_300
sCSF,9.9,3.35370161636977,20_1.5_300
sCSF,10,3.26733832540348,20_1.5_300
sCSF,10.1,3.18285209428046,20_1.5_300
sCSF,10.2,3.100221426924,20_1.5_300
sCSF,10.3,3.01942366386891,20_1.5_300
sCSF,10.4,2.94043535624869,20_1.5_300
sCSF,10.5,2.86323218527871,20_1.5_300
sCSF,10.6,2.78778913889144,20_1.5_300
sCSF,10.7,2.71408062038571,20_1.5_300
sCSF,10.8,2.64208042817637,20_1.5_300
sCSF,10.9,2.57176199869599,20_1.5_300
sCSF,11,2.50309827482643,20_1.5_300
sCSF,11.1,2.43606199705999,20_1.5_300
sCSF,11.2,2.37062553861339,20_1.5_300
sCSF,11.3,2.30676117514476,20_1.5_300
sCSF,11.4,2.24444098247488,20_1.5_300
sCSF,11.5,2.18363696111467,20_1.5_300
sCSF,11.6,2.12432108546448,20_1.5_300
sCSF,11.7,2.06646528994422,20_1.5_300
sCSF,11.8,2.01004160356244,20_1.5_300
sCSF,11.9,1.95502206877855,20_1.5_300
sCSF,12,1.90137890565885,20_1.5_300
sCSF,12.1,1.84908439785193,20_1.5_300
sCSF,12.2,1.79811107727063,20_1.5_300
sCSF,12.3,1.74843164157749,20_1.5_300
sCSF,12.4,1.70001898283893,20_1.5_300
sCSF,12.5,1.65284630631095,20_1.5_300
sCSF,12.6,1.60688698711004,20_1.5_300
sCSF,12.7,1.56211476347812,20_1.5_300
sCSF,12.8,1.51850363828421,20_1.5_300
sCSF,12.9,1.4760279025469,20_1.5_300
sCSF,13,1.43466222323932,20_1.5_300
sCSF,13.1,1.39438154296789,20_1.5_300
sCSF,13.2,1.35516120292172,20_1.5_300
sCSF,13.3,1.31697687972398,20_1.5_300
sCSF,13.4,1.27980459901798,20_1.5_300
sCSF,13.5,1.24362079255502,20_1.5_300
sCSF,13.6,1.20840222201007,20_1.5_300
sCSF,13.7,1.17412607053402,20_1.5_300
sCSF,13.8,1.14076988937903,20_1.5_300
sCSF,13.9,1.10831160497841,20_1.5_300
sCSF,14,1.0767295602136,20_1.5_300
sCSF,14.1,1.04600244935078,20_1.5_300
sCSF,14.2,1.01610939703865,20_1.5_300
sCSF,14.3,0.987029913255482,20_1.5_300
sCSF,14.4,0.958743866491586,20_1.5_300
sCSF,14.5,0.931231558343624,20_1.5_300
sCSF,14.6,0.904473665484428,20_1.5_300
sCSF,14.7,0.878451227339335,20_1.5_300
sCSF,14.8,0.853145703766379,20_1.5_300
sCSF,14.9,0.828538919495409,20_1.5_300
sCSF,15,0.804613068056137,20_1.5_300
sCSF,15.1,0.781350740491913,20_1.5_300
sCSF,15.2,0.7587348849862,20_1.5_300
sCSF,15.3,0.736748818522118,20_1.5_300
sCSF,15.4,0.715376233362699,20_1.5_300
sCSF,15.5,0.694601168223805,20_1.5_300
sCSF,15.6,0.674408024865403,20_1.5_300
sCSF,15.7,0.654781560641884,20_1.5_300
sCSF,15.8,0.635706864141004,20_1.5_300
sCSF,15.9,0.617169379106913,20_1.5_300
sCSF,16,0.599154882987533,20_1.5_300
sCSF,16.1,0.581649474516194,20_1.5_300
sCSF,16.2,0.564639588776425,20_1.5_300
sCSF,16.3,0.548111977661325,20_1.5_300
sCSF,16.4,0.532053703377733,20_1.5_300
sCSF,16.5,0.516452144850581,20_1.5_300
sCSF,16.6,0.501294983625578,20_1.5_300
sCSF,16.7,0.486570194686388,20_1.5_300
sCSF,16.8,0.472266052923356,20_1.5_300
sCSF,16.9,0.45837111987112,20_1.5_300
sCSF,17,0.444874235105148,20_1.5_300
sCSF,17.1,0.431764519159433,20_1.5_300
sCSF,17.2,0.419031363406023,20_1.5_300
sCSF,17.3,0.406664423902708,20_1.5_300
sCSF,17.4,0.394653617538815,20_1.5_300
sCSF,17.5,0.382989116523326,20_1.5_300
sCSF,17.6,0.371661343525066,20_1.5_300
sCSF,17.7,0.360660966071696,20_1.5_300
sCSF,17.8,0.349978889442265,20_1.5_300
sCSF,17.9,0.339606254475212,20_1.5_300
sCSF,18,0.329534433523296,20_1.5_300
sCSF,18.1,0.319755019216382,20_1.5_300
sCSF,18.2,0.310259824608365,20_1.5_300
sCSF,18.3,0.301040880715431,20_1.5_300
sCSF,18.4,0.292090423139498,20_1.5_300
sCSF,18.5,0.283400892835723,20_1.5_300
sCSF,18.6,0.274964935839525,20_1.5_300
sCSF,18.7,0.266775387150377,20_1.5_300
sCSF,18.8,0.258825273238782,20_1.5_300
sCSF,18.9,0.251107810910625,20_1.5_300
sCSF,19,0.243616396733825,20_1.5_300
sCSF,19.1,0.236344601365216,20_1.5_300
sCSF,19.2,0.229286171689076,20_1.5_300
sCSF,19.3,0.222435027762962,20_1.5_300
sCSF,19.4,0.215785246564088,20_1.5_300
sCSF,19.5,0.209331067866242,20_1.5_300
sCSF,19.6,0.203066896552257,20_1.5_300
sCSF,19.7,0.196987280539795,20_1.5_300
sCSF,19.8,0.191086918843667,20_1.5_300
sCSF,19.9,0.185360661439436,20_1.5_300
sCSF,20,0.179803496015728,20_1.5_300
sCSF,20.1,0.174410546377142,20_1.5_300
sCSF,20.2,0.169177074300767,20_1.5_300
sCSF,20.3,0.164098474970451,20_1.5_300
sCSF,20.4,0.159170265055634,20_1.5_300
sCSF,20.5,0.154388087809617,20_1.5_300
sCSF,20.6,0.149747715142544,20_1.5_300
sCSF,20.7,0.145245027489749,20_1.5_300
sCSF,20.8,0.140876022168832,20_1.5_300
sCSF,20.9,0.136636817921518,20_1.5_300
sCSF,21,0.132523633129467,20_1.5_300
sCSF,21.1,0.128532792431397,20_1.5_300
sCSF,21.2,0.124660724585166,20_1.5_300
sCSF,21.3,0.120903970698169,20_1.5_300
sCSF,21.4,0.117259154299257,20_1.5_300
sCSF,21.5,0.113722997954361,20_1.5_300
sCSF,21.6,0.110292320163688,20_1.5_300
sCSF,21.7,0.106964036272832,20_1.5_300
sCSF,21.8,0.103735136747906,20_1.5_300
sCSF,21.9,0.100602700670283,20_1.5_300
sCSF,22,0.0975638974376732,20_1.5_300
sCSF,22.1,0.0946159759794333,20_1.5_300
sCSF,22.2,0.0917562569368823,20_1.5_300
sCSF,22.3,0.0889821393146808,20_1.5_300
sCSF,22.4,0.0862911074982264,20_1.5_300
sCSF,22.5,0.0836807079246611,20_1.5_300
sCSF,22.6,0.0811485577627945,20_1.5_300
sCSF,22.7,0.0786923436144606,20_1.5_300
sCSF,22.8,0.0763098280428557,20_1.5_300
sCSF,22.9,0.0739988262129264,20_1.5_300
sCSF,23,0.0717572192681757,20_1.5_300
sCSF,23.1,0.0695829515838051,20_1.5_300
sCSF,23.2,0.0674740315484896,20_1.5_300
sCSF,23.3,0.065428516503559,20_1.5_300
sCSF,23.4,0.0634445220038399,20_1.5_300
sCSF,23.5,0.0615202234815322,20_1.5_300
sCSF,23.6,0.0596538485450537,20_1.5_300
sCSF,23.7,0.0578436709106265,20_1.5_300
sCSF,23.8,0.0560880157661763,20_1.5_300
sCSF,23.9,0.054385268084964,20_1.5_300
sCSF,24,0.0527338487326865,20_1.5_300
sCSF,24.1,0.0511322252129086,20_1.5_300
sCSF,24.2,0.0495789098101245,20_1.5_300
sCSF,24.3,0.0480724656458475,20_1.5_300
sCSF,24.4,0.0466114965781107,20_1.5_300
sCSF,24.5,0.0451946396369121,20_1.5_300
sCSF,24.6,0.0438205743272814,20_1.5_300
sCSF,24.7,0.0424880202591058,20_1.5_300
sCSF,24.8,0.0411957406251537,20_1.5_300
sCSF,24.9,0.0399425269500631,20_1.5_300
sCSF,25,0.0387272087681729,20_1.5_300
brain ECF,0,0,20_7.5_250
brain ECF,0.1,0,20_7.5_250
brain ECF,0.2,0,20_7.5_250
brain ECF,0.3,0.204375843819805,20_7.5_250
brain ECF,0.4,1.19245575438111,20_7.5_250
brain ECF,0.5,2.57508610104787,20_7.5_250
brain ECF,0.6,4.06354298660387,20_7.5_250
brain ECF,0.7,5.4932497904252,20_7.5_250
brain ECF,0.8,6.77846101279741,20_7.5_250
brain ECF,0.9,7.88174740249498,20_7.5_250
brain ECF,1,8.79434578265605,20_7.5_250
brain ECF,1.1,9.52368346014965,20_7.5_250
brain ECF,1.2,10.0855785419562,20_7.5_250
brain ECF,1.3,10.4994678289552,20_7.5_250
brain ECF,1.4,10.7855783871711,20_7.5_250
brain ECF,1.5,10.9633327483426,20_7.5_250
brain ECF,1.6,11.0505250234728,20_7.5_250
brain ECF,1.7,11.0629688148207,20_7.5_250
brain ECF,1.8,11.0144238244403,20_7.5_250
brain ECF,1.9,10.9166800496995,20_7.5_250
brain ECF,2,10.7797225812649,20_7.5_250
brain ECF,2.1,10.611930970817,20_7.5_250
brain ECF,2.2,10.420285323664,20_7.5_250
brain ECF,2.3,10.2105637377565,20_7.5_250
brain ECF,2.4,9.98752309486246,20_7.5_250
brain ECF,2.5,9.75505989048364,20_7.5_250
brain ECF,2.6,9.51635044736284,20_7.5_250
brain ECF,2.7,9.27397135902665,20_7.5_250
brain ECF,2.8,9.03000193939592,20_7.5_250
brain ECF,2.9,8.78611063609745,20_7.5_250
brain ECF,3,8.54362734894773,20_7.5_250
brain ECF,3.1,8.30360383399626,20_7.5_250
brain ECF,3.2,8.06686390992662,20_7.5_250
brain ECF,3.3,7.83404492695277,20_7.5_250
brain ECF,3.4,7.60563208451857,20_7.5_250
brain ECF,3.5,7.38198673371735,20_7.5_250
brain ECF,3.6,7.16336967355618,20_7.5_250
brain ECF,3.7,6.94996024546967,20_7.5_250
brain ECF,3.8,6.74187198566492,20_7.5_250
brain ECF,3.9,6.53916551583255,20_7.5_250
brain ECF,4,6.34185913002247,20_7.5_250
brain ECF,4.1,6.14993735134963,20_7.5_250
brain ECF,4.2,5.96335791368139,20_7.5_250
brain ECF,4.3,5.78205757244736,20_7.5_250
brain ECF,4.4,5.60595673804841,20_7.5_250
brain ECF,4.5,5.43496332751853,20_7.5_250
brain ECF,4.6,5.26897583262421,20_7.5_250
brain ECF,4.7,5.1078858085726,20_7.5_250
brain ECF,4.8,4.95157991361566,20_7.5_250
brain ECF,4.9,4.79994155761059,20_7.5_250
brain ECF,5,4.6528522183504,20_7.5_250
brain ECF,5.1,4.51019251489277,20_7.5_250
brain ECF,5.2,4.37184303584094,20_7.5_250
brain ECF,5.3,4.23768499928841,20_7.5_250
brain ECF,5.4,4.10760078811673,20_7.5_250
brain ECF,5.5,3.98147437257755,20_7.5_250
brain ECF,5.6,3.85919162235073,20_7.5_250
brain ECF,5.7,3.74064055996612,20_7.5_250
brain ECF,5.8,3.62571153643675,20_7.5_250
brain ECF,5.9,3.51429735793315,20_7.5_250
brain ECF,6,3.40629337181926,20_7.5_250
brain ECF,6.1,3.30159752923801,20_7.5_250
brain ECF,6.2,3.20011041264453,20_7.5_250
brain ECF,6.3,3.10173525126247,20_7.5_250
brain ECF,6.4,3.0063779102606,20_7.5_250
brain ECF,6.5,2.9139468700581,20_7.5_250
brain ECF,6.6,2.82435320723628,20_7.5_250
brain ECF,6.7,2.73751054722261,20_7.5_250
brain ECF,6.8,2.65333500776474,20_7.5_250
brain ECF,6.9,2.57174517121218,20_7.5_250
brain ECF,7,2.49266200856195,20_7.5_250
brain ECF,7.1,2.41600883794184,20_7.5_250
brain ECF,7.2,2.341711268316,20_7.5_250
brain ECF,7.3,2.26969713913182,20_7.5_250
brain ECF,7.4,2.1998964618655,20_7.5_250
brain ECF,7.5,2.13224136353692,20_7.5_250
brain ECF,7.6,2.06666602421559,20_7.5_250
brain ECF,7.7,2.00310662431283,20_7.5_250
brain ECF,7.8,1.94150128205126,20_7.5_250
brain ECF,7.9,1.88179000007397,20_7.5_250
brain ECF,8,1.82391461351706,20_7.5_250
brain ECF,8.1,1.76781872679977,20_7.5_250
brain ECF,8.2,1.71344767826907,20_7.5_250
brain ECF,8.3,1.66074846669981,20_7.5_250
brain ECF,8.4,1.60966972730988,20_7.5_250
brain ECF,8.5,1.56016165554774,20_7.5_250
brain ECF,8.6,1.51217598724631,20_7.5_250
brain ECF,8.7,1.46566592454526,20_7.5_250
brain ECF,8.8,1.42058611913482,20_7.5_250
brain ECF,8.9,1.3768925994228,20_7.5_250
brain ECF,9,1.33454276047651,20_7.5_250
brain ECF,9.1,1.29349528617404,20_7.5_250
brain ECF,9.2,1.25371014567784,20_7.5_250
brain ECF,9.3,1.21514852557962,20_7.5_250
brain ECF,9.4,1.17777280969203,20_7.5_250
brain ECF,9.5,1.14154653988797,20_7.5_250
brain ECF,9.6,1.10643437045648,20_7.5_250
brain ECF,9.7,1.07240205325249,20_7.5_250
brain ECF,9.8,1.03941637871396,20_7.5_250
brain ECF,9.9,1.00744517369888,20_7.5_250
brain ECF,10,0.976457236923698,20_7.5_250
brain ECF,10.1,0.946422342937974,20_7.5_250
brain ECF,10.2,0.917311178626655,20_7.5_250
brain ECF,10.3,0.889095345938739,20_7.5_250
brain ECF,10.4,0.861747310850093,20_7.5_250
brain ECF,10.5,0.835240389244066,20_7.5_250
brain ECF,10.6,0.809548718588907,20_7.5_250
brain ECF,10.7,0.784647225151612,20_7.5_250
brain ECF,10.8,0.760511615451964,20_7.5_250
brain ECF,10.9,0.737118330044911,20_7.5_250
brain ECF,11,0.714444548830717,20_7.5_250
brain ECF,11.1,0.692468137855158,20_7.5_250
brain ECF,11.2,0.671167658103142,20_7.5_250
brain ECF,11.3,0.650522319547337,20_7.5_250
brain ECF,11.4,0.63051197626005,20_7.5_250
brain ECF,11.5,0.611117102346118,20_7.5_250
brain ECF,11.6,0.592318767743739,20_7.5_250
brain ECF,11.7,0.574098630891787,20_7.5_250
brain ECF,11.8,0.556438904956172,20_7.5_250
brain ECF,11.9,0.539322360724115,20_7.5_250
brain ECF,12,0.522732286838043,20_7.5_250
brain ECF,12.1,0.506652499526729,20_7.5_250
brain ECF,12.2,0.491067300659255,20_7.5_250
brain ECF,12.3,0.475961477813553,20_7.5_250
brain ECF,12.4,0.461320293887371,20_7.5_250
brain ECF,12.5,0.447129450923893,20_7.5_250
brain ECF,12.6,0.433375106911116,20_7.5_250
brain ECF,12.7,0.420043832969048,20_7.5_250
brain ECF,12.8,0.40712261594563,20_7.5_250
brain ECF,12.9,0.394598849131986,20_7.5_250
brain ECF,13,0.382460301735356,20_7.5_250
brain ECF,13.1,0.370695133293151,20_7.5_250
brain ECF,13.2,0.359291856613423,20_7.5_250
brain ECF,13.3,0.348239339816276,20_7.5_250
brain ECF,13.4,0.337526798066141,20_7.5_250
brain ECF,13.5,0.327143768378968,20_7.5_250
brain ECF,13.6,0.317080122108021,20_7.5_250
brain ECF,13.7,0.307326032294524,20_7.5_250
brain ECF,13.8,0.297871976975746,20_7.5_250
brain ECF,13.9,0.288708733701195,20_7.5_250
brain ECF,14,0.279827354633787,20_7.5_250
brain ECF,14.1,0.271219176469379,20_7.5_250
brain ECF,14.2,0.262875794443686,20_7.5_250
brain ECF,14.3,0.254789061119405,20_7.5_250
brain ECF,14.4,0.246951089338146,20_7.5_250
brain ECF,14.5,0.23935422051984,20_7.5_250
brain ECF,14.6,0.231991034120289,20_7.5_250
brain ECF,14.7,0.224854351434446,20_7.5_250
brain ECF,14.8,0.217937195846546,20_7.5_250
brain ECF,14.9,0.211232813397814,20_7.5_250
brain ECF,15,0.204734668017681,20_7.5_250
brain ECF,15.1,0.198436410502909,20_7.5_250
brain ECF,15.2,0.192331894671051,20_7.5_250
brain ECF,15.3,0.186415165480976,20_7.5_250
brain ECF,15.4,0.180680445131808,20_7.5_250
brain ECF,15.5,0.175122137392406,20_7.5_250
brain ECF,15.6,0.169734815857566,20_7.5_250
brain ECF,15.7,0.164513216740148,20_7.5_250
brain ECF,15.8,0.159452247243475,20_7.5_250
brain ECF,15.9,0.154546962390073,20_7.5_250
brain ECF,16,0.149792567101477,20_7.5_250
brain ECF,16.1,0.145184429439433,20_7.5_250
brain ECF,16.2,0.140718044769083,20_7.5_250
brain ECF,16.3,0.136389051629718,20_7.5_250
brain ECF,16.4,0.132193231255359,20_7.5_250
brain ECF,16.5,0.128126484480954,20_7.5_250
brain ECF,16.6,0.124184840294824,20_7.5_250
brain ECF,16.7,0.120364455748898,20_7.5_250
brain ECF,16.8,0.116661598101082,20_7.5_250
brain ECF,16.9,0.113072649315629,20_7.5_250
brain ECF,17,0.109594110084666,20_7.5_250
brain ECF,17.1,0.106222581380874,20_7.5_250
brain ECF,17.2,0.102954765575309,20_7.5_250
brain ECF,17.3,0.0997874754488081,20_7.5_250
brain ECF,17.4,0.0967176210421671,20_7.5_250
brain ECF,17.5,0.0937421992027529,20_7.5_250
brain ECF,17.6,0.0908583058357715,20_7.5_250
brain ECF,17.7,0.0880631314475646,20_7.5_250
brain ECF,17.8,0.0853539441032105,20_7.5_250
brain ECF,17.9,0.0827280993389333,20_7.5_250
brain ECF,18,0.0801830367178116,20_7.5_250
brain ECF,18.1,0.0777162702943346,20_7.5_250
brain ECF,18.2,0.0753253908831159,20_7.5_250
brain ECF,18.3,0.0730080667314985,20_7.5_250
brain ECF,18.4,0.0707620318694192,20_7.5_250
brain ECF,18.5,0.0685850893530744,20_7.5_250
brain ECF,18.6,0.066475120229797,20_7.5_250
brain ECF,18.7,0.0644300600889359,20_7.5_250
brain ECF,18.8,0.0624479080111553,20_7.5_250
brain ECF,18.9,0.0605267313250221,20_7.5_250
brain ECF,19,0.0586646579347238,20_7.5_250
brain ECF,19.1,0.0568598666971763,20_7.5_250
brain ECF,19.2,0.055110595887683,20_7.5_250
brain ECF,19.3,0.0534151412437103,20_7.5_250
brain ECF,19.4,0.0517718466903209,20_7.5_250
brain ECF,19.5,0.0501791080174623,20_7.5_250
brain ECF,19.6,0.04863537095823,20_7.5_250
brain ECF,19.7,0.0471391269086189,20_7.5_250
brain ECF,19.8,0.0456889126750658,20_7.5_250
brain ECF,19.9,0.0442833137221427,20_7.5_250
brain ECF,20,0.0429209572191373,20_7.5_250
brain ECF,20.1,0.0416005087210033,20_7.5_250
brain ECF,20.2,0.0403206782636423,20_7.5_250
brain ECF,20.3,0.0390802216067035,20_7.5_250
brain ECF,20.4,0.0378779240260555,20_7.5_250
brain ECF,20.5,0.0367126111887211,20_7.5_250
brain ECF,20.6,0.0355831492079492,20_7.5_250
brain ECF,20.7,0.0344884350527633,20_7.5_250
brain ECF,20.8,0.0334274010688787,20_7.5_250
brain ECF,20.9,0.0323990111498005,20_7.5_250
brain ECF,21,0.0314022612897206,20_7.5_250
brain ECF,21.1,0.0304361779025879,20_7.5_250
brain ECF,21.2,0.0294998162199397,20_7.5_250
brain ECF,21.3,0.0285922647945129,20_7.5_250
brain ECF,21.4,0.0277126336398756,20_7.5_250
brain ECF,21.5,0.0268600606149222,20_7.5_250
brain ECF,21.6,0.0260337115640829,20_7.5_250
brain ECF,21.7,0.0252327874196447,20_7.5_250
brain ECF,21.8,0.0244565002346233,20_7.5_250
brain ECF,21.9,0.0237040903777063,20_7.5_250
brain ECF,22,0.022974825252223,20_7.5_250
brain ECF,22.1,0.0222679970635936,20_7.5_250
brain ECF,22.2,0.0215829146553506,20_7.5_250
brain ECF,22.3,0.0209189106440825,20_7.5_250
brain ECF,22.4,0.0202753364622656,20_7.5_250
brain ECF,22.5,0.019651564283718,20_7.5_250
brain ECF,22.6,0.0190469856451047,20_7.5_250
brain ECF,22.7,0.0184610099011346,20_7.5_250
brain ECF,22.8,0.0178930641124388,20_7.5_250
brain ECF,22.9,0.0173425916615486,20_7.5_250
brain ECF,23,0.0168090519106668,20_7.5_250
brain ECF,23.1,0.0162919218748041,20_7.5_250
brain ECF,23.2,0.0157907026962005,20_7.5_250
brain ECF,23.3,0.0153048992704454,20_7.5_250
brain ECF,23.4,0.0148340351325738,20_7.5_250
brain ECF,23.5,0.0143776525194005,20_7.5_250
brain ECF,23.6,0.0139353106283204,20_7.5_250
brain ECF,23.7,0.0135065767580575,20_7.5_250
brain ECF,23.8,0.0130910347188325,20_7.5_250
brain ECF,23.9,0.0126882764838897,20_7.5_250
brain ECF,24,0.0122979099987575,20_7.5_250
brain ECF,24.1,0.0119195564660208,20_7.5_250
brain ECF,24.2,0.0115528476614306,20_7.5_250
brain ECF,24.3,0.0111974249872748,20_7.5_250
brain ECF,24.4,0.0108529395556811,20_7.5_250
brain ECF,24.5,0.0105190547683863,20_7.5_250
brain ECF,24.6,0.0101954424482409,20_7.5_250
brain ECF,24.7,0.00988178441426385,20_7.5_250
brain ECF,24.8,0.00957777711398662,20_7.5_250
brain ECF,24.9,0.00928312032042888,20_7.5_250
brain ECF,25,0.00899752465891186,20_7.5_250
brain ICF,0,0,20_7.5_250
brain ICF,0.1,0,20_7.5_250
brain ICF,0.2,0,20_7.5_250
brain ICF,0.3,0.19983332656423,20_7.5_250
brain ICF,0.4,1.70015783734627,20_7.5_250
brain ICF,0.5,4.01998637037343,20_7.5_250
brain ICF,0.6,6.60423062115261,20_7.5_250
brain ICF,0.7,9.13021764203017,20_7.5_250
brain ICF,0.8,11.4261359579029,20_7.5_250
brain ICF,0.9,13.4132080709817,20_7.5_250
brain ICF,1,15.0682644223957,20_7.5_250
brain ICF,1.1,16.399918199464,20_7.5_250
brain ICF,1.2,17.4336176695849,20_7.5_250
brain ICF,1.3,18.2024552268538,20_7.5_250
brain ICF,1.4,18.741679219535,20_7.5_250
brain ICF,1.5,19.0855619352044,20_7.5_250
brain ICF,1.6,19.2657451355644,20_7.5_250
brain ICF,1.7,19.3104944066485,20_7.5_250
brain ICF,1.8,19.2444944042227,20_7.5_250
brain ICF,1.9,19.0889536725199,20_7.5_250
brain ICF,2,18.8618714968392,20_7.5_250
brain ICF,2.1,18.5783780626467,20_7.5_250
brain ICF,2.2,18.2510939159161,20_7.5_250
brain ICF,2.3,17.8904784648518,20_7.5_250
brain ICF,2.4,17.5051514604206,20_7.5_250
brain ICF,2.5,17.1021804016175,20_7.5_250
brain ICF,2.6,16.6873319745207,20_7.5_250
brain ICF,2.7,16.2652885688031,20_7.5_250
brain ICF,2.8,15.8398328129565,20_7.5_250
brain ICF,2.9,15.4140034470972,20_7.5_250
brain ICF,3,14.9902259108466,20_7.5_250
brain ICF,3.1,14.5704215144701,20_7.5_250
brain ICF,3.2,14.1560982540172,20_7.5_250
brain ICF,3.3,13.7484258563219,20_7.5_250
brain ICF,3.4,13.3482979049146,20_7.5_250
brain ICF,3.5,12.9563831107093,20_7.5_250
brain ICF,3.6,12.5731675215565,20_7.5_250
brain ICF,3.7,12.1989891243226,20_7.5_250
brain ICF,3.8,11.8340662213026,20_7.5_250
brain ICF,3.9,11.4785208013921,20_7.5_250
brain ICF,4,11.1323977431877,20_7.5_250
brain ICF,4.1,10.7956803390223,20_7.5_250
brain ICF,4.2,10.4683029580321,20_7.5_250
brain ICF,4.3,10.1501615923448,20_7.5_250
brain ICF,4.4,9.84112226954544,20_7.5_250
brain ICF,4.5,9.54102804562152,20_7.5_250
brain ICF,4.6,9.24970457708899,20_7.5_250
brain ICF,4.7,8.96696464340921,20_7.5_250
brain ICF,4.8,8.69261185467785,20_7.5_250
brain ICF,4.9,8.42644365011267,20_7.5_250
brain ICF,5,8.16825369173848,20_7.5_250
brain ICF,5.1,7.91783382085179,20_7.5_250
brain ICF,5.2,7.6749755688671,20_7.5_250
brain ICF,5.3,7.43947136052452,20_7.5_250
brain ICF,5.4,7.21111549176831,20_7.5_250
brain ICF,5.5,6.98970490393641,20_7.5_250
brain ICF,5.6,6.7750397572014,20_7.5_250
brain ICF,5.7,6.56692389704725,20_7.5_250
brain ICF,5.8,6.36516517920526,20_7.5_250
brain ICF,5.9,6.16957570586126,20_7.5_250
brain ICF,6,5.97997198800858,20_7.5_250
brain ICF,6.1,5.79617506511855,20_7.5_250
brain ICF,6.2,5.61801056106199,20_7.5_250
brain ICF,6.3,5.44530871789414,20_7.5_250
brain ICF,6.4,5.27790438194133,20_7.5_250
brain ICF,6.5,5.1156369706249,20_7.5_250
brain ICF,6.6,4.95835044441023,20_7.5_250
brain ICF,6.7,4.80589322582415,20_7.5_250
brain ICF,6.8,4.65811810179831,20_7.5_250
brain ICF,6.9,4.51488217827661,20_7.5_250
brain ICF,7,4.37604674647877,20_7.5_250
brain ICF,7.1,4.24147721227957,20_7.5_250
brain ICF,7.2,4.11104299871264,20_7.5_250
brain ICF,7.3,3.98461744066661,20_7.5_250
brain ICF,7.4,3.8620776830486,20_7.5_250
brain ICF,7.5,3.74330458235702,20_7.5_250
brain ICF,7.6,3.62818259695756,20_7.5_250
brain ICF,7.7,3.51659969595883,20_7.5_250
brain ICF,7.8,3.40844724787085,20_7.5_250
brain ICF,7.9,3.30361992939035,20_7.5_250
brain ICF,8,3.20201563213582,20_7.5_250
brain ICF,8.1,3.10353535382274,20_7.5_250
brain ICF,8.2,3.00808313498749,20_7.5_250
brain ICF,8.3,2.91556593096578,20_7.5_250
brain ICF,8.4,2.82589356932394,20_7.5_250
brain ICF,8.5,2.73897861663124,20_7.5_250
brain ICF,8.6,2.65473634311441,20_7.5_250
brain ICF,8.7,2.57308459329333,20_7.5_250
brain ICF,8.8,2.49394375595048,20_7.5_250
brain ICF,8.9,2.4172366368667,20_7.5_250
brain ICF,9,2.34288844076116,20_7.5_250
brain ICF,9.1,2.27082663495855,20_7.5_250
brain ICF,9.2,2.20098094304223,20_7.5_250
brain ICF,9.3,2.13328322584312,20_7.5_250
brain ICF,9.4,2.0676674458511,20_7.5_250
brain ICF,9.5,2.00406959849079,20_7.5_250
brain ICF,9.6,1.9424276321769,20_7.5_250
brain ICF,9.7,1.88268142225032,20_7.5_250
brain ICF,9.8,1.82477266724006,20_7.5_250
brain ICF,9.9,1.76864488489082,20_7.5_250
brain ICF,10,1.71424329926106,20_7.5_250
brain ICF,10.1,1.66151484786029,20_7.5_250
brain ICF,10.2,1.61040806970361,20_7.5_250
brain ICF,10.3,1.56087310981552,20_7.5_250
brain ICF,10.4,1.51286163010459,20_7.5_250
brain ICF,10.5,1.46632678490658,20_7.5_250
brain ICF,10.6,1.42122317111279,20_7.5_250
brain ICF,10.7,1.37750677014198,20_7.5_250
brain ICF,10.8,1.33513493312185,20_7.5_250
brain ICF,10.9,1.29406630003264,20_7.5_250
brain ICF,11,1.25426080829909,20_7.5_250
brain ICF,11.1,1.21567960003948,20_7.5_250
brain ICF,11.2,1.17828503764929,20_7.5_250
brain ICF,11.3,1.14204062260714,20_7.5_250
brain ICF,11.4,1.10691098735535,20_7.5_250
brain ICF,11.5,1.07286185302848,20_7.5_250
brain ICF,11.6,1.03985998671101,20_7.5_250
brain ICF,11.7,1.00787318847759,20_7.5_250
brain ICF,11.8,0.976870232494572,20_7.5_250
brain ICF,11.9,0.946820871502953,20_7.5_250
brain ICF,12,0.917695767441605,20_7.5_250
brain ICF,12.1,0.889466508632903,20_7.5_250
brain ICF,12.2,0.862105535705835,20_7.5_250
brain ICF,12.3,0.835586142110852,20_7.5_250
brain ICF,12.4,0.809882456055006,20_7.5_250
brain ICF,12.5,0.784969376514807,20_7.5_250
brain ICF,12.6,0.760822602618985,20_7.5_250
brain ICF,12.7,0.737418559020862,20_7.5_250
brain ICF,12.8,0.714734400264429,20_7.5_250
brain ICF,12.9,0.692747994679421,20_7.5_250
brain ICF,13,0.671437870414066,20_7.5_250
brain ICF,13.1,0.650783240143992,20_7.5_250
brain ICF,13.2,0.630763937057858,20_7.5_250
brain ICF,13.3,0.611360418353689,20_7.5_250
brain ICF,13.4,0.59255375144514,20_7.5_250
brain ICF,13.5,0.574325568164913,20_7.5_250
brain ICF,13.6,0.55665808593826,20_7.5_250
brain ICF,13.7,0.539534052655692,20_7.5_250
brain ICF,13.8,0.522936751530146,20_7.5_250
brain ICF,13.9,0.50684999200936,20_7.5_250
brain ICF,14,0.491258064967644,20_7.5_250
brain ICF,14.1,0.476145762095595,20_7.5_250
brain ICF,14.2,0.461498328447437,20_7.5_250
brain ICF,14.3,0.447301461175759,20_7.5_250
brain ICF,14.4,0.433541313274893,20_7.5_250
brain ICF,14.5,0.420204440233536,20_7.5_250
brain ICF,14.6,0.40727781492636,20_7.5_250
brain ICF,14.7,0.394748833841823,20_7.5_250
brain ICF,14.8,0.382605248804214,20_7.5_250
brain ICF,14.9,0.370835202401635,20_7.5_250
brain ICF,15,0.359427220349091,20_7.5_250
brain ICF,15.1,0.348370155489452,20_7.5_250
brain ICF,15.2,0.33765321785089,20_7.5_250
brain ICF,15.3,0.327265953470931,20_7.5_250
brain ICF,15.4,0.317198219288771,20_7.5_250
brain ICF,15.5,0.307440190692644,20_7.5_250
brain ICF,15.6,0.297982341425328,20_7.5_250
brain ICF,15.7,0.288815431107379,20_7.5_250
brain ICF,15.8,0.279930518426536,20_7.5_250
brain ICF,15.9,0.271318921985847,20_7.5_250
brain ICF,16,0.262972223313091,20_7.5_250
brain ICF,16.1,0.254882290950697,20_7.5_250
brain ICF,16.2,0.247041216075583,20_7.5_250
brain ICF,16.3,0.239441341505333,20_7.5_250
brain ICF,16.4,0.232075261600329,20_7.5_250
brain ICF,16.5,0.224935779710653,20_7.5_250
brain ICF,16.6,0.218015924651185,20_7.5_250
brain ICF,16.7,0.211308949798043,20_7.5_250
brain ICF,16.8,0.204808302500154,20_7.5_250
brain ICF,16.9,0.198507631504415,20_7.5_250
brain ICF,17,0.192400793020698,20_7.5_250
brain ICF,17.1,0.186481819861562,20_7.5_250
brain ICF,17.2,0.18074492282967,20_7.5_250
brain ICF,17.3,0.175184506389746,20_7.5_250
brain ICF,17.4,0.169795145631833,20_7.5_250
brain ICF,17.5,0.164571567861913,20_7.5_250
brain ICF,17.6,0.159508674637392,20_7.5_250
brain ICF,17.7,0.154601534098659,20_7.5_250
brain ICF,17.8,0.149845349815345,20_7.5_250
brain ICF,17.9,0.14523547930934,20_7.5_250
brain ICF,18,0.140767427823527,20_7.5_250
brain ICF,18.1,0.136436831410075,20_7.5_250
brain ICF,18.2,0.132239460997566,20_7.5_250
brain ICF,18.3,0.128171222396601,20_7.5_250
brain ICF,18.4,0.124228137991581,20_7.5_250
brain ICF,18.5,0.120406350962115,20_7.5_250
brain ICF,18.6,0.116702141006596,20_7.5_250
brain ICF,18.7,0.11311188370822,20_7.5_250
brain ICF,18.8,0.109632065922955,20_7.5_250
brain ICF,18.9,0.106259294753894,20_7.5_250
brain ICF,19,0.10299028371907,20_7.5_250
brain ICF,19.1,0.0998218352726319,20_7.5_250
brain ICF,19.2,0.0967508565454498,20_7.5_250
brain ICF,19.3,0.0937743560517799,20_7.5_250
brain ICF,19.4,0.0908894265193793,20_7.5_250
brain ICF,19.5,0.088093252056158,20_7.5_250
brain ICF,19.6,0.085383103544217,20_7.5_250
brain ICF,19.7,0.0827563330332424,20_7.5_250
brain ICF,19.8,0.0802103720266017,20_7.5_250
brain ICF,19.9,0.0777427369387055,20_7.5_250
brain ICF,20,0.0753510173871488,20_7.5_250
brain ICF,20.1,0.0730328705072426,20_7.5_250
brain ICF,20.2,0.0707860314855866,20_7.5_250
brain ICF,20.3,0.0686083161285769,20_7.5_250
brain ICF,20.4,0.0664975914127899,20_7.5_250
brain ICF,20.5,0.0644517954252954,20_7.5_250
brain ICF,20.6,0.0624689382266652,20_7.5_250
brain ICF,20.7,0.06054708320633,20_7.5_250
brain ICF,20.8,0.0586843562921886,20_7.5_250
brain ICF,20.9,0.056878938347565,20_7.5_250
brain ICF,21,0.0551290670097357,20_7.5_250
brain ICF,21.1,0.0534330335317817,20_7.5_250
brain ICF,21.2,0.0517891797363668,20_7.5_250
brain ICF,21.3,0.050195904431023,20_7.5_250
brain ICF,21.4,0.0486516456872045,20_7.5_250
brain ICF,21.5,0.0471548898458547,20_7.5_250
brain ICF,21.6,0.0457041723312637,20_7.5_250
brain ICF,21.7,0.0442980902271075,20_7.5_250
brain ICF,21.8,0.0429352598469816,20_7.5_250
brain ICF,21.9,0.0416143471784676,20_7.5_250
brain ICF,22,0.0403340662291513,20_7.5_250
brain ICF,22.1,0.0390931748851634,20_7.5_250
brain ICF,22.2,0.037890459423787,20_7.5_250
brain ICF,22.3,0.0367247482906113,20_7.5_250
brain ICF,22.4,0.035594903078289,20_7.5_250
brain ICF,22.5,0.0344998218844223,20_7.5_250
brain ICF,22.6,0.0334384369140049,20_7.5_250
brain ICF,22.7,0.0324097117758866,20_7.5_250
brain ICF,22.8,0.0314126395529347,20_7.5_250
brain ICF,22.9,0.0304462437200848,20_7.5_250
brain ICF,23,0.0295095751773224,20_7.5_250
brain ICF,23.1,0.0286017156788641,20_7.5_250
brain ICF,23.2,0.0277217889839785,20_7.5_250
brain ICF,23.3,0.026868925625137,20_7.5_250
brain ICF,23.4,0.0260422885907027,20_7.5_250
brain ICF,23.5,0.0252410743074774,20_7.5_250
brain ICF,23.6,0.0244645093653723,20_7.5_250
brain ICF,23.7,0.0237118335419747,20_7.5_250
brain ICF,23.8,0.0229823160655413,20_7.5_250
brain ICF,23.9,0.0222752412663924,20_7.5_250
brain ICF,24,0.0215899212021715,20_7.5_250
brain ICF,24.1,0.0209256912131629,20_7.5_250
brain ICF,24.2,0.0202819055284369,20_7.5_250
brain ICF,24.3,0.0196579341223696,20_7.5_250
brain ICF,24.4,0.0190531633543846,20_7.5_250
brain ICF,24.5,0.0184670031571386,20_7.5_250
brain ICF,24.6,0.0178988773103575,20_7.5_250
brain ICF,24.7,0.0173482271113483,20_7.5_250
brain ICF,24.8,0.0168145197247812,20_7.5_250
brain ICF,24.9,0.016297227843583,20_7.5_250
brain ICF,25,0.0157958432497123,20_7.5_250
sCSF,0,0,20_7.5_250
sCSF,0.1,0,20_7.5_250
sCSF,0.2,0,20_7.5_250
sCSF,0.3,0.00499804244130335,20_7.5_250
sCSF,0.4,0.0866906205627456,20_7.5_250
sCSF,0.5,0.282419334088524,20_7.5_250
sCSF,0.6,0.583356875019555,20_7.5_250
sCSF,0.7,0.972895272163719,20_7.5_250
sCSF,0.8,1.43248244399567,20_7.5_250
sCSF,0.9,1.94390857465967,20_7.5_250
sCSF,1,2.49048001139808,20_7.5_250
sCSF,1.1,3.0575565258077,20_7.5_250
sCSF,1.2,3.63270993125979,20_7.5_250
sCSF,1.3,4.20566669272511,20_7.5_250
sCSF,1.4,4.76813634045712,20_7.5_250
sCSF,1.5,5.31358826028461,20_7.5_250
sCSF,1.6,5.8370141441229,20_7.5_250
sCSF,1.7,6.33469737974351,20_7.5_250
sCSF,1.8,6.80400053633863,20_7.5_250
sCSF,1.9,7.24317601350169,20_7.5_250
sCSF,2,7.65120111547881,20_7.5_250
sCSF,2.1,8.02763684400077,20_7.5_250
sCSF,2.2,8.3725085454299,20_7.5_250
sCSF,2.3,8.68620599041825,20_7.5_250
sCSF,2.4,8.96940053729813,20_7.5_250
sCSF,2.5,9.2229768633534,20_7.5_250
sCSF,2.6,9.44797711240888,20_7.5_250
sCSF,2.7,9.64555552166433,20_7.5_250
sCSF,2.8,9.81694174190913,20_7.5_250
sCSF,2.9,9.96341139188031,20_7.5_250
sCSF,3,10.0862626526363,20_7.5_250
sCSF,3.1,10.1867977448663,20_7.5_250
sCSF,3.2,10.2663084332917,20_7.5_250
sCSF,3.3,10.3260648686145,20_7.5_250
sCSF,3.4,10.3673070917907,20_7.5_250
sCSF,3.5,10.3912387061458,20_7.5_250
sCSF,3.6,10.3990222986893,20_7.5_250
sCSF,3.7,10.3917762956002,20_7.5_250
sCSF,3.8,10.3705729518206,20_7.5_250
sCSF,3.9,10.3364372141619,20_7.5_250
sCSF,4,10.2903462901661,20_7.5_250
sCSF,4.1,10.233229806507,20_7.5_250
sCSF,4.2,10.1659703979458,20_7.5_250
sCSF,4.3,10.0894045941705,20_7.5_250
sCSF,4.4,10.0043239865205,20_7.5_250
sCSF,4.5,9.91147655692897,20_7.5_250
sCSF,4.6,9.81156815401988,20_7.5_250
sCSF,4.7,9.70526405451782,20_7.5_250
sCSF,4.8,9.59319057064286,20_7.5_250
sCSF,4.9,9.4759366850323,20_7.5_250
sCSF,5,9.35405569478876,20_7.5_250
sCSF,5.1,9.22806684434532,20_7.5_250
sCSF,5.2,9.09845693475405,20_7.5_250
sCSF,5.3,8.96568189747014,20_7.5_250
sCSF,5.4,8.8301683264725,20_7.5_250
sCSF,5.5,8.69231496519648,20_7.5_250
sCSF,5.6,8.55249414002927,20_7.5_250
sCSF,5.7,8.41105315323929,20_7.5_250
sCSF,5.8,8.26831561329541,20_7.5_250
sCSF,5.9,8.1245827100277,20_7.5_250
sCSF,6,7.98013443234961,20_7.5_250
sCSF,6.1,7.8352307440004,20_7.5_250
sCSF,6.2,7.69011269024628,20_7.5_250
sCSF,6.3,7.54500346572033,20_7.5_250
sCSF,6.4,7.400109422077,20_7.5_250
sCSF,6.5,7.25562102678114,20_7.5_250
sCSF,6.6,7.11171381712587,20_7.5_250
sCSF,6.7,6.96854926053288,20_7.5_250
sCSF,6.8,6.82627551942056,20_7.5_250
sCSF,6.9,6.68502834655996,20_7.5_250
sCSF,7,6.54493172442029,20_7.5_250
sCSF,7.1,6.40609859581557,20_7.5_250
sCSF,7.2,6.26863160224428,20_7.5_250
sCSF,7.3,6.13262363526201,20_7.5_250
sCSF,7.4,5.99815845834492,20_7.5_250
sCSF,7.5,5.86531130758929,20_7.5_250
sCSF,7.6,5.73414937188021,20_7.5_250
sCSF,7.7,5.60473245329445,20_7.5_250
sCSF,7.8,5.47711317900558,20_7.5_250
sCSF,7.9,5.35133785006575,20_7.5_250
sCSF,8,5.22744635599932,20_7.5_250
sCSF,8.1,5.10547315627137,20_7.5_250
sCSF,8.2,4.98544706736768,20_7.5_250
sCSF,8.3,4.86739220099878,20_7.5_250
sCSF,8.4,4.75132777649783,20_7.5_250
sCSF,8.5,4.63726893936215,20_7.5_250
sCSF,8.6,4.52522660282893,20_7.5_250
sCSF,8.7,4.41520819117726,20_7.5_250
sCSF,8.8,4.30721745593126,20_7.5_250
sCSF,8.9,4.20125518552372,20_7.5_250
sCSF,9,4.09731897249753,20_7.5_250
sCSF,9.1,3.99540394139405,20_7.5_250
sCSF,9.2,3.89550249549182,20_7.5_250
sCSF,9.3,3.79760486890447,20_7.5_250
sCSF,9.4,3.70169912129514,20_7.5_250
sCSF,9.5,3.60777134031893,20_7.5_250
sCSF,9.6,3.51580592273135,20_7.5_250
sCSF,9.7,3.42578552260366,20_7.5_250
sCSF,9.8,3.3376914677663,20_7.5_250
sCSF,9.9,3.25150359622414,20_7.5_250
sCSF,10,3.16720070706267,20_7.5_250
sCSF,10.1,3.08476035271761,20_7.5_250
sCSF,10.2,3.0041592737246,20_7.5_250
sCSF,10.3,2.92537322835208,20_7.5_250
sCSF,10.4,2.84837728992024,20_7.5_250
sCSF,10.5,2.77314583326878,20_7.5_250
sCSF,10.6,2.69965264026412,20_7.5_250
sCSF,10.7,2.62787104513648,20_7.5_250
sCSF,10.8,2.55777387877999,20_7.5_250
sCSF,10.9,2.48933371908042,20_7.5_250
sCSF,11,2.42252274912949,20_7.5_250
sCSF,11.1,2.35731303435312,20_7.5_250
sCSF,11.2,2.29367637833211,20_7.5_250
sCSF,11.3,2.23158453908851,20_7.5_250
sCSF,11.4,2.17100917625686,20_7.5_250
sCSF,11.5,2.11192192542723,20_7.5_250
sCSF,11.6,2.05429447403954,20_7.5_250
sCSF,11.7,1.99809852326092,20_7.5_250
sCSF,11.8,1.94330592874931,20_7.5_250
sCSF,11.9,1.88988861235852,20_7.5_250
sCSF,12,1.83781871889264,20_7.5_250
sCSF,12.1,1.78706851364909,20_7.5_250
sCSF,12.2,1.73761053385885,20_7.5_250
sCSF,12.3,1.68941753833539,20_7.5_250
sCSF,12.4,1.64246250614163,20_7.5_250
sCSF,12.5,1.59671876319168,20_7.5_250
sCSF,12.6,1.55215984881319,20_7.5_250
sCSF,12.7,1.50875967248495,20_7.5_250
sCSF,12.8,1.46649245142875,20_7.5_250
sCSF,12.9,1.42533270583262,20_7.5_250
sCSF,13,1.38525535380606,20_7.5_250
sCSF,13.1,1.34623561717077,20_7.5_250
sCSF,13.2,1.30824912009974,20_7.5_250
sCSF,13.3,1.27127184961083,20_7.5_250
sCSF,13.4,1.23528015014969,20_7.5_250
sCSF,13.5,1.20025078516923,20_7.5_250
sCSF,13.6,1.16616086649359,20_7.5_250
sCSF,13.7,1.13298792614433,20_7.5_250
sCSF,13.8,1.10070988251925,20_7.5_250
sCSF,13.9,1.06930503230378,20_7.5_250
sCSF,14,1.03875209537538,20_7.5_250
sCSF,14.1,1.00903015455343,20_7.5_250
sCSF,14.2,0.980118717466546,20_7.5_250
sCSF,14.3,0.951997688147589,20_7.5_250
sCSF,14.4,0.924647330756458,20_7.5_250
sCSF,14.5,0.898048341788774,20_7.5_250
sCSF,14.6,0.872181798033626,20_7.5_250
sCSF,14.7,0.847029138200468,20_7.5_250
sCSF,14.8,0.822572219724277,20_7.5_250
sCSF,14.9,0.798793268539222,20_7.5_250
sCSF,15,0.775674875804691,20_7.5_250
sCSF,15.1,0.753200028272459,20_7.5_250
sCSF,15.2,0.731352071434768,20_7.5_250
sCSF,15.3,0.710114713839071,20_7.5_250
sCSF,15.4,0.689472037419322,20_7.5_250
sCSF,15.5,0.669408470468879,20_7.5_250
sCSF,15.6,0.649908796596153,20_7.5_250
sCSF,15.7,0.630958153041247,20_7.5_250
sCSF,15.8,0.612542007748941,20_7.5_250
sCSF,15.9,0.594646173897972,20_7.5_250
sCSF,16,0.577256797446596,20_7.5_250
sCSF,16.1,0.56036034178958,20_7.5_250
sCSF,16.2,0.543943600036244,20_7.5_250
sCSF,16.3,0.527993678499169,20_7.5_250
sCSF,16.4,0.512497989400627,20_7.5_250
sCSF,16.5,0.4974442552295,20_7.5_250
sCSF,16.6,0.482820496590744,20_7.5_250
sCSF,16.7,0.468615023112805,20_7.5_250
sCSF,16.8,0.454816437605112,20_7.5_250
sCSF,16.9,0.441413624302717,20_7.5_250
sCSF,17,0.428395741824055,20_7.5_250
sCSF,17.1,0.415752221896583,20_7.5_250
sCSF,17.2,0.403472762304372,20_7.5_250
sCSF,17.3,0.391547320925105,20_7.5_250
sCSF,17.4,0.379966110453923,20_7.5_250
sCSF,17.5,0.368719592822311,20_7.5_250
sCSF,17.6,0.35779847530883,20_7.5_250
sCSF,17.7,0.347193705598666,20_7.5_250
sCSF,17.8,0.336896462389676,20_7.5_250
sCSF,17.9,0.326898154554901,20_7.5_250
sCSF,18,0.317190418169875,20_7.5_250
sCSF,18.1,0.307765103310667,20_7.5_250
sCSF,18.2,0.298614274993617,20_7.5_250
sCSF,18.3,0.289730211637729,20_7.5_250
sCSF,18.4,0.281105390419019,20_7.5_250
sCSF,18.5,0.272732488649958,20_7.5_250
sCSF,18.6,0.264604383567432,20_7.5_250
sCSF,18.7,0.256714137173025,20_7.5_250
sCSF,18.8,0.249054996853138,20_7.5_250
sCSF,18.9,0.241620395147789,20_7.5_250
sCSF,19,0.234403941593272,20_7.5_250
sCSF,19.1,0.227399413224971,20_7.5_250
sCSF,19.2,0.220600758225268,20_7.5_250
sCSF,19.3,0.214002095219856,20_7.5_250
sCSF,19.4,0.207597693954646,20_7.5_250
sCSF,19.5,0.201381982163029,20_7.5_250
sCSF,19.6,0.195349548910729,20_7.5_250
sCSF,19.7,0.189495121798176,20_7.5_250
sCSF,19.8,0.183813575204083,20_7.5_250
sCSF,19.9,0.178299929025612,20_7.5_250
sCSF,20,0.172949339150339,20_7.5_250
sCSF,20.1,0.167757091770318,20_7.5_250
sCSF,20.2,0.162718606653192,20_7.5_250
sCSF,20.3,0.15782943516908,20_7.5_250
sCSF,20.4,0.153085244821173,20_7.5_250
sCSF,20.5,0.148481825615591,20_7.5_250
sCSF,20.6,0.144015093994691,20_7.5_250
sCSF,20.7,0.139681070577651,20_7.5_250
sCSF,20.8,0.135475889638044,20_7.5_250
sCSF,20.9,0.131395801163108,20_7.5_250
sCSF,21,0.127437155574971,20_7.5_250
sCSF,21.1,0.123596403584366,20_7.5_250
sCSF,21.2,0.119870096298651,20_7.5_250
sCSF,21.3,0.116254895422222,20_7.5_250
sCSF,21.4,0.112747541431367,20_7.5_250
sCSF,21.5,0.109344870860804,20_7.5_250
sCSF,21.6,0.106043811662663,20_7.5_250
sCSF,21.7,0.102841388928699,20_7.5_250
sCSF,21.8,0.0997346978407505,20_7.5_250
sCSF,21.9,0.0967209200385458,20_7.5_250
sCSF,22,0.0937973229568674,20_7.5_250
sCSF,22.1,0.0909612549343212,20_7.5_250
sCSF,22.2,0.0882101306722504,20_7.5_250
sCSF,22.3,0.0855414415835008,20_7.5_250
sCSF,22.4,0.0829527593849293,20_7.5_250
sCSF,22.5,0.0804417202966589,20_7.5_250
sCSF,22.6,0.0780060258284615,20_7.5_250
sCSF,22.7,0.0756434445226389,20_7.5_250
sCSF,22.8,0.0733518193692077,20_7.5_250
sCSF,22.9,0.0711290437777,20_7.5_250
sCSF,23,0.0689730749015451,20_7.5_250
sCSF,23.1,0.0668819299788282,20_7.5_250
sCSF,23.2,0.0648536904280179,20_7.5_250
sCSF,23.3,0.0628864831320631,20_7.5_250
sCSF,23.4,0.0609784916810912,20_7.5_250
sCSF,23.5,0.0591279564014615,20_7.5_250
sCSF,23.6,0.0573331711171043,20_7.5_250
sCSF,23.7,0.0555924717311705,20_7.5_250
sCSF,23.8,0.0539042446527852,20_7.5_250
sCSF,23.9,0.0522669316683875,20_7.5_250
sCSF,24,0.0506790139751209,20_7.5_250
sCSF,24.1,0.0491390145612138,20_7.5_250
sCSF,24.2,0.0476455005317309,20_7.5_250
sCSF,24.3,0.0461970857737754,20_7.5_250
sCSF,24.4,0.0447924272862731,20_7.5_250
sCSF,24.5,0.043430211787006,20_7.5_250
sCSF,24.6,0.0421091674330939,20_7.5_250
sCSF,24.7,0.040828060019409,20_7.5_250
sCSF,24.8,0.0395856987696497,20_7.5_250
sCSF,24.9,0.0383809198007975,20_7.5_250
sCSF,25,0.0372125959695528,20_7.5_250
brain ECF,0,0,20_7.5_300
brain ECF,0.1,0,20_7.5_300
brain ECF,0.2,0,20_7.5_300
brain ECF,0.3,0.193705733002121,20_7.5_300
brain ECF,0.4,1.17138501124143,20_7.5_300
brain ECF,0.5,2.55531353152603,20_7.5_300
brain ECF,0.6,4.04961029965808,20_7.5_300
brain ECF,0.7,5.48596147586207,20_7.5_300
brain ECF,0.8,6.77696753810646,20_7.5_300
brain ECF,0.9,7.88464339780995,20_7.5_300
brain ECF,1,8.80020474136445,20_7.5_300
brain ECF,1.1,9.53128519596942,20_7.5_300
brain ECF,1.2,10.0939770491606,20_7.5_300
brain ECF,1.3,10.5079825098023,20_7.5_300
brain ECF,1.4,10.7937537199659,20_7.5_300
brain ECF,1.5,10.9708896482522,20_7.5_300
brain ECF,1.6,11.0573149504015,20_7.5_300
brain ECF,1.7,11.0689350402404,20_7.5_300
brain ECF,1.8,11.0195708764155,20_7.5_300
brain ECF,1.9,10.921050753393,20_7.5_300
brain ECF,2,10.7833814934902,20_7.5_300
brain ECF,2.1,10.6149528767638,20_7.5_300
brain ECF,2.2,10.4227475739929,20_7.5_300
brain ECF,2.3,10.212541402083,20_7.5_300
brain ECF,2.4,9.98908611228753,20_7.5_300
brain ECF,2.5,9.75627159808785,20_7.5_300
brain ECF,2.6,9.51726702595524,20_7.5_300
brain ECF,2.7,9.27464186081518,20_7.5_300
brain ECF,2.8,9.03046866818698,20_7.5_300
brain ECF,2.9,8.7864097185662,20_7.5_300
brain ECF,3,8.54378938955816,20_7.5_300
brain ECF,3.1,8.30365458705945,20_7.5_300
brain ECF,3.2,8.06682492765185,20_7.5_300
brain ECF,3.3,7.8339341582569,20_7.5_300
brain ECF,3.4,7.60546441417938,20_7.5_300
brain ECF,3.5,7.38177445921016,20_7.5_300
brain ECF,3.6,7.16312291953944,20_7.5_300
brain ECF,3.7,6.94968731976511,20_7.5_300
brain ECF,3.8,6.74157968354589,20_7.5_300
brain ECF,3.9,6.53885937643177,20_7.5_300
brain ECF,4,6.34154365369643,20_7.5_300
brain ECF,4.1,6.14961617985915,20_7.5_300
brain ECF,4.2,5.96303398182676,20_7.5_300
brain ECF,4.3,5.78173323351422,20_7.5_300
brain ECF,4.4,5.60563386775897,20_7.5_300
brain ECF,4.5,5.43464341089652,20_7.5_300
brain ECF,4.6,5.26866003446183,20_7.5_300
brain ECF,4.7,5.10757503229864,20_7.5_300
brain ECF,4.8,4.95127484953253,20_7.5_300
brain ECF,4.9,4.79964272290049,20_7.5_300
brain ECF,5,4.65255998941721,20_7.5_300
brain ECF,5.1,4.50990715413448,20_7.5_300
brain ECF,5.2,4.37156471359212,20_7.5_300
brain ECF,5.3,4.23741381176546,20_7.5_300
brain ECF,5.4,4.1073367721136,20_7.5_300
brain ECF,5.5,3.98121751749948,20_7.5_300
brain ECF,5.6,3.85894187999563,20_7.5_300
brain ECF,5.7,3.74039785264984,20_7.5_300
brain ECF,5.8,3.62547576341566,20_7.5_300
brain ECF,5.9,3.51406840064899,20_7.5_300
brain ECF,6,3.40607109827731,20_7.5_300
brain ECF,6.1,3.30138179738428,20_7.5_300
brain ECF,6.2,3.19990107345314,20_7.5_300
brain ECF,6.3,3.10153215091458,20_7.5_300
brain ECF,6.4,3.00618089195799,20_7.5_300
brain ECF,6.5,2.91375577563122,20_7.5_300
brain ECF,6.6,2.82416787798885,20_7.5_300
brain ECF,6.7,2.73733082527241,20_7.5_300
brain ECF,6.8,2.65316073663755,20_7.5_300
brain ECF,6.9,2.57157619627449,20_7.5_300
brain ECF,7,2.49249817769778,20_7.5_300
brain ECF,7.1,2.41585000178515,20_7.5_300
brain ECF,7.2,2.34155728049069,20_7.5_300
brain ECF,7.3,2.2695478565149,20_7.5_300
brain ECF,7.4,2.19975174469808,20_7.5_300
brain ECF,7.5,2.13210107548159,20_7.5_300
brain ECF,7.6,2.06653003246531,20_7.5_300
brain ECF,7.7,2.00297479954418,20_7.5_300
brain ECF,7.8,1.94137349842963,20_7.5_300
brain ECF,7.9,1.88166613524033,20_7.5_300
brain ECF,8,1.82379454851024,20_7.5_300
brain ECF,8.1,1.7677023460834,20_7.5_300
brain ECF,8.2,1.71333486959642,20_7.5_300
brain ECF,8.3,1.66063912116051,20_7.5_300
brain ECF,8.4,1.60956373914745,20_7.5_300
brain ECF,8.5,1.56005892220341,20_7.5_300
brain ECF,8.6,1.51207640916461,20_7.5_300
brain ECF,8.7,1.46556940519168,20_7.5_300
brain ECF,8.8,1.42049256483408,20_7.5_300
brain ECF,8.9,1.37680191935816,20_7.5_300
brain ECF,9,1.33445486654016,20_7.5_300
brain ECF,9.1,1.29341009282397,20_7.5_300
brain ECF,9.2,1.25362757030133,20_7.5_300
brain ECF,9.3,1.21506848766237,20_7.5_300
brain ECF,9.4,1.17769523153023,20_7.5_300
brain ECF,9.5,1.14147134585183,20_7.5_300
brain ECF,9.6,1.10636148745179,20_7.5_300
brain ECF,9.7,1.07233141025973,20_7.5_300
brain ECF,9.8,1.03934790701294,20_7.5_300
brain ECF,9.9,1.00737880657245,20_7.5_300
brain ECF,10,0.976392909745972,20_7.5_300
brain ECF,10.1,0.94635999304734,20_7.5_300
brain ECF,10.2,0.917250745210496,20_7.5_300
brain ECF,10.3,0.889036770309747,20_7.5_300
brain ECF,10.4,0.861690535765123,20_7.5_300
brain ECF,10.5,0.835185359497939,20_7.5_300
brain ECF,10.6,0.809495380468889,20_7.5_300
brain ECF,10.7,0.784595526768737,20_7.5_300
brain ECF,10.8,0.760461506370225,20_7.5_300
brain ECF,10.9,0.737069761483335,20_7.5_300
brain ECF,11,0.714397473419952,20_7.5_300
brain ECF,11.1,0.692422509599981,20_7.5_300
brain ECF,11.2,0.671123432709101,20_7.5_300
brain ECF,11.3,0.650479453741654,20_7.5_300
brain ECF,11.4,0.630470428357128,20_7.5_300
brain ECF,11.5,0.61107683177285,20_7.5_300
brain ECF,11.6,0.592279735326055,20_7.5_300
brain ECF,11.7,0.574060798538047,20_7.5_300
brain ECF,11.8,0.556402235831731,20_7.5_300
brain ECF,11.9,0.539286819057132,20_7.5_300
brain ECF,12,0.522697837882062,20_7.5_300
brain ECF,12.1,0.506619109894904,20_7.5_300
brain ECF,12.2,0.491034937615195,20_7.5_300
brain ECF,12.3,0.475930109886707,20_7.5_300
brain ECF,12.4,0.461289890420035,20_7.5_300
brain ECF,12.5,0.447099982189436,20_7.5_300
brain ECF,12.6,0.433346544405012,20_7.5_300
brain ECF,12.7,0.420016148668019,20_7.5_300
brain ECF,12.8,0.40709578294435,20_7.5_300
brain ECF,12.9,0.394572841217762,20_7.5_300
brain ECF,13,0.382435093480702,20_7.5_300
brain ECF,13.1,0.370670700324122,20_7.5_300
brain ECF,13.2,0.359268174921886,20_7.5_300
brain ECF,13.3,0.348216386343902,20_7.5_300
brain ECF,13.4,0.33750455039938,20_7.5_300
brain ECF,13.5,0.327122204789985,20_7.5_300
brain ECF,13.6,0.317059221749259,20_7.5_300
brain ECF,13.7,0.307305774606384,20_7.5_300
brain ECF,13.8,0.297852342252473,20_7.5_300
brain ECF,13.9,0.288689702738711,20_7.5_300
brain ECF,14,0.279808908790028,20_7.5_300
brain ECF,14.1,0.271201297907604,20_7.5_300
brain ECF,14.2,0.262858465654601,20_7.5_300
brain ECF,14.3,0.254772265325668,20_7.5_300
brain ECF,14.4,0.246934810123515,20_7.5_300
brain ECF,14.5,0.239338441964825,20_7.5_300
brain ECF,14.6,0.231975740972473,20_7.5_300
brain ECF,14.7,0.224839528686195,20_7.5_300
brain ECF,14.8,0.217922828896633,20_7.5_300
brain ECF,14.9,0.211218888314479,20_7.5_300
brain ECF,15,0.204721171125968,20_7.5_300
brain ECF,15.1,0.198423328550834,20_7.5_300
brain ECF,15.2,0.192319214982636,20_7.5_300
brain ECF,15.3,0.186402875658935,20_7.5_300
brain ECF,15.4,0.180668533234296,20_7.5_300
brain ECF,15.5,0.175110591912489,20_7.5_300
brain ECF,15.6,0.169723625499314,20_7.5_300
brain ECF,15.7,0.164502370560183,20_7.5_300
brain ECF,15.8,0.159441734863547,20_7.5_300
brain ECF,15.9,0.154536773370905,20_7.5_300
brain ECF,16,0.149782691483292,20_7.5_300
brain ECF,16.1,0.145174857556809,20_7.5_300
brain ECF,16.2,0.140708767193164,20_7.5_300
brain ECF,16.3,0.136380059335355,20_7.5_300
brain ECF,16.4,0.132184515435188,20_7.5_300
brain ECF,16.5,0.128118036631201,20_7.5_300
brain ECF,16.6,0.124176652275538,20_7.5_300
brain ECF,16.7,0.120356519551405,20_7.5_300
brain ECF,16.8,0.116653906003241,20_7.5_300
brain ECF,16.9,0.113065193817094,20_7.5_300
brain ECF,17,0.109586884115543,20_7.5_300
brain ECF,17.1,0.106215577742994,20_7.5_300
brain ECF,17.2,0.102947977307733,20_7.5_300
brain ECF,17.3,0.0997808961415653,20_7.5_300
brain ECF,17.4,0.0967112441016755,20_7.5_300
brain ECF,17.5,0.0937360182785108,20_7.5_300
brain ECF,17.6,0.0908523149915879,20_7.5_300
brain ECF,17.7,0.088057324767815,20_7.5_300
brain ECF,17.8,0.0853483159138362,20_7.5_300
brain ECF,17.9,0.0827226442196112,20_7.5_300
brain ECF,18,0.0801777493394715,20_7.5_300
brain ECF,18.1,0.0777111455404179,20_7.5_300
brain ECF,18.2,0.0753204238608304,20_7.5_300
brain ECF,18.3,0.0730032525772988,20_7.5_300
brain ECF,18.4,0.0707573658613108,20_7.5_300
brain ECF,18.5,0.0685805668431922,20_7.5_300
brain ECF,18.6,0.0664707370557575,20_7.5_300
brain ECF,18.7,0.0644258117630176,20_7.5_300
brain ECF,18.8,0.0624437902411344,20_7.5_300
brain ECF,18.9,0.0605227402454674,20_7.5_300
brain ECF,19,0.0586607895360598,20_7.5_300
brain ECF,19.1,0.0568561171674754,20_7.5_300
brain ECF,19.2,0.0551069616205164,20_7.5_300
brain ECF,19.3,0.0534116186838184,20_7.5_300
brain ECF,19.4,0.0517684324460186,20_7.5_300
brain ECF,19.5,0.0501757988486631,20_7.5_300
brain ECF,19.6,0.0486321636316975,20_7.5_300
brain ECF,19.7,0.0471360183053357,20_7.5_300
brain ECF,19.8,0.0456858997354185,20_7.5_300
brain ECF,19.9,0.0442803936364195,20_7.5_300
brain ECF,20,0.0429181270248065,20_7.5_300
brain ECF,20.1,0.041597765542939,20_7.5_300
brain ECF,20.2,0.0403180194931199,20_7.5_300
brain ECF,20.3,0.0390776445765759,20_7.5_300
brain ECF,20.4,0.0378754261672392,20_7.5_300
brain ECF,20.5,0.0367101900689146,20_7.5_300
brain ECF,20.6,0.0355808024627942,20_7.5_300
brain ECF,20.7,0.0344861604269803,20_7.5_300
brain ECF,20.8,0.0334251964209225,20_7.5_300
brain ECF,20.9,0.032396874309844,20_7.5_300
brain ECF,21,0.0314001902072085,20_7.5_300
brain ECF,21.1,0.0304341705898884,20_7.5_300
brain ECF,21.2,0.0294978708122646,20_7.5_300
brain ECF,21.3,0.0285903793558831,20_7.5_300
brain ECF,21.4,0.0277108062879295,20_7.5_300
brain ECF,21.5,0.0268582894637353,20_7.5_300
brain ECF,21.6,0.0260319949898197,20_7.5_300
brain ECF,21.7,0.025231123662829,20_7.5_300
brain ECF,21.8,0.0244548875950621,20_7.5_300
brain ECF,21.9,0.0237025271754113,20_7.5_300
brain ECF,22,0.0229733100705709,20_7.5_300
brain ECF,22.1,0.0222665283736669,20_7.5_300
brain ECF,22.2,0.0215814910506846,20_7.5_300
brain ECF,22.3,0.0209175308032388,20_7.5_300
brain ECF,22.4,0.020273999012033,20_7.5_300
brain ECF,22.5,0.0196502679824601,20_7.5_300
brain ECF,22.6,0.0190457292921242,20_7.5_300
brain ECF,22.7,0.0184597923495703,20_7.5_300
brain ECF,22.8,0.0178918841509624,20_7.5_300
brain ECF,22.9,0.0173414481138576,20_7.5_300
brain ECF,23,0.0168079435804889,20_7.5_300
brain ECF,23.1,0.0162908477685201,20_7.5_300
brain ECF,23.2,0.0157896616797632,20_7.5_300
brain ECF,23.3,0.0153038902354169,20_7.5_300
brain ECF,23.4,0.0148330569582051,20_7.5_300
brain ECF,23.5,0.0143767043552362,20_7.5_300
brain ECF,23.6,0.0139343914894297,20_7.5_300
brain ECF,23.7,0.0135056857633988,20_7.5_300
brain ECF,23.8,0.0130901710615071,20_7.5_300
brain ECF,23.9,0.0126874391847539,20_7.5_300
brain ECF,24,0.0122970983673799,20_7.5_300
brain ECF,24.1,0.0119187698116587,20_7.5_300
brain ECF,24.2,0.011552085369128,20_7.5_300
brain ECF,24.3,0.011196686327398,20_7.5_300
brain ECF,24.4,0.0108522237870618,20_7.5_300
brain ECF,24.5,0.010518361175297,20_7.5_300
brain ECF,24.6,0.0101947702791084,20_7.5_300
brain ECF,24.7,0.00988113300438667,20_7.5_300
brain ECF,24.8,0.00957714584001779,20_7.5_300
brain ECF,24.9,0.00928250851312946,20_7.5_300
brain ECF,25,0.00899693163872482,20_7.5_300
brain ICF,0,0,20_7.5_300
brain ICF,0.1,0,20_7.5_300
brain ICF,0.2,0,20_7.5_300
brain ICF,0.3,0.204988727498909,20_7.5_300
brain ICF,0.4,1.72379241747892,20_7.5_300
brain ICF,0.5,4.06196861597991,20_7.5_300
brain ICF,0.6,6.65957832126926,20_7.5_300
brain ICF,0.7,9.19294481384881,20_7.5_300
brain ICF,0.8,11.4909076109698,20_7.5_300
brain ICF,0.9,13.4759216286994,20_7.5_300
brain ICF,1,15.1261072781234,20_7.5_300
brain ICF,1.1,16.4511978135285,20_7.5_300
brain ICF,1.2,17.4775188659974,20_7.5_300
brain ICF,1.3,18.2387998043811,20_7.5_300
brain ICF,1.4,18.7707196478387,20_7.5_300
brain ICF,1.5,19.107818295126,20_7.5_300
brain ICF,1.6,19.2818836762761,20_7.5_300
brain ICF,1.7,19.3212415672719,20_7.5_300
brain ICF,1.8,19.2505790235319,20_7.5_300
brain ICF,1.9,19.0910704820547,20_7.5_300
brain ICF,2,18.860660057769,20_7.5_300
brain ICF,2.1,18.5744124756482,20_7.5_300
brain ICF,2.2,18.2448797494759,20_7.5_300
brain ICF,2.3,17.882454292214,20_7.5_300
brain ICF,2.4,17.4956931322805,20_7.5_300
brain ICF,2.5,17.0916067701003,20_7.5_300
brain ICF,2.6,16.6759112045779,20_7.5_300
brain ICF,2.7,16.2532444807863,20_7.5_300
brain ICF,2.8,15.8273509244236,20_7.5_300
brain ICF,2.9,15.4012365251293,20_7.5_300
brain ICF,3,14.9772989489975,20_7.5_300
brain ICF,3.1,14.5574361144251,20_7.5_300
brain ICF,3.2,14.1431364285571,20_7.5_300
brain ICF,3.3,13.7355532935168,20_7.5_300
brain ICF,3.4,13.3355667475793,20_7.5_300
brain ICF,3.5,12.9438343057977,20_7.5_300
brain ICF,3.6,12.5608327936643,20_7.5_300
brain ICF,3.7,12.1868926263366,20_7.5_300
brain ICF,3.8,11.8222259114464,20_7.5_300
brain ICF,3.9,11.4669495848029,20_7.5_300
brain ICF,4,11.1211044191289,20_7.5_300
brain ICF,4.1,10.7846703799861,20_7.5_300
brain ICF,4.2,10.4575791555263,20_7.5_300
brain ICF,4.3,10.1397245861288,20_7.5_300
brain ICF,4.4,9.83097098224596,20_7.5_300
brain ICF,4.5,9.53116004008288,20_7.5_300
brain ICF,4.6,9.24011634683681,20_7.5_300
brain ICF,4.7,8.95765185148475,20_7.5_300
brain ICF,4.8,8.6835695278791,20_7.5_300
brain ICF,4.9,8.41766633756123,20_7.5_300
brain ICF,5,8.1597355930309,20_7.5_300
brain ICF,5.1,7.90956888994293,20_7.5_300
brain ICF,5.2,7.66695759796749,20_7.5_300
brain ICF,5.3,7.43169404794616,20_7.5_300
brain ICF,5.4,7.20357249641614,20_7.5_300
brain ICF,5.5,6.98238988868829,20_7.5_300
brain ICF,5.6,6.76794642327414,20_7.5_300
brain ICF,5.7,6.56004601120808,20_7.5_300
brain ICF,5.8,6.35849659473929,20_7.5_300
brain ICF,5.9,6.1631103788103,20_7.5_300
brain ICF,6,5.97370398974675,20_7.5_300
brain ICF,6.1,5.79009859132211,20_7.5_300
brain ICF,6.2,5.6121199387994,20_7.5_300
brain ICF,6.3,5.43959840990383,20_7.5_300
brain ICF,6.4,5.27236898938756,20_7.5_300
brain ICF,6.5,5.11027123495993,20_7.5_300
brain ICF,6.6,4.95314924697694,20_7.5_300
brain ICF,6.7,4.80085158806873,20_7.5_300
brain ICF,6.8,4.65323118394676,20_7.5_300
brain ICF,6.9,4.51014527720613,20_7.5_300
brain ICF,7,4.37145529423516,20_7.5_300
brain ICF,7.1,4.2370267734665,20_7.5_300
brain ICF,7.2,4.10672926776568,20_7.5_300
brain ICF,7.3,3.98043623916335,20_7.5_300
brain ICF,7.4,3.85802495670877,20_7.5_300
brain ICF,7.5,3.73937639790882,20_7.5_300
brain ICF,7.6,3.62437513922267,20_7.5_300
brain ICF,7.7,3.51290926447808,20_7.5_300
brain ICF,7.8,3.40487025403257,20_7.5_300
brain ICF,7.9,3.30015289314936,20_7.5_300
brain ICF,8,3.19865517910251,20_7.5_300
brain ICF,8.1,3.10027821224844,20_7.5_300
brain ICF,8.2,3.00492613275594,20_7.5_300
brain ICF,8.3,2.9125059928389,20_7.5_300
brain ICF,8.4,2.82292771391678,20_7.5_300
brain ICF,8.5,2.73610395381011,20_7.5_300
brain ICF,8.6,2.6519500711011,20_7.5_300
brain ICF,8.7,2.57038399614886,20_7.5_300
brain ICF,8.8,2.49132620088132,20_7.5_300
brain ICF,8.9,2.41469957183251,20_7.5_300
brain ICF,9,2.34042939191271,20_7.5_300
brain ICF,9.1,2.26844320415905,20_7.5_300
brain ICF,9.2,2.19867080631255,20_7.5_300
brain ICF,9.3,2.13104412981068,20_7.5_300
brain ICF,9.4,2.06549720695252,20_7.5_300
brain ICF,9.5,2.00196609970452,20_7.5_300
brain ICF,9.6,1.94038882190266,20_7.5_300
brain ICF,9.7,1.88070531159538,20_7.5_300
brain ICF,9.8,1.82285732863616,20_7.5_300
brain ICF,9.9,1.76678844983164,20_7.5_300
brain ICF,10,1.71244395675793,20_7.5_300
brain ICF,10.1,1.6597708424914,20_7.5_300
brain ICF,10.2,1.60871769986018,20_7.5_300
brain ICF,10.3,1.55923472666239,20_7.5_300
brain ICF,10.4,1.51127363490699,20_7.5_300
brain ICF,10.5,1.46478762855352,20_7.5_300
brain ICF,10.6,1.41973135170135,20_7.5_300
brain ICF,10.7,1.37606083223808,20_7.5_300
brain ICF,10.8,1.33373346577007,20_7.5_300
brain ICF,10.9,1.29270793581218,20_7.5_300
brain ICF,11,1.25294422171143,20_7.5_300
brain ICF,11.1,1.21440350623273,20_7.5_300
brain ICF,11.2,1.17704819176244,20_7.5_300
brain ICF,11.3,1.14084181748553,20_7.5_300
brain ICF,11.4,1.10574905341108,20_7.5_300
brain ICF,11.5,1.07173565630033,20_7.5_300
brain ICF,11.6,1.03876842835083,20_7.5_300
brain ICF,11.7,1.00681520320778,20_7.5_300
brain ICF,11.8,0.975844787914943,20_7.5_300
brain ICF,11.9,0.945826966849417,20_7.5_300
brain ICF,12,0.916732432613077,20_7.5_300
brain ICF,12.1,0.888532803848861,20_7.5_300
brain ICF,12.2,0.861200549454537,20_7.5_300
brain ICF,12.3,0.83470899138333,20_7.5_300
brain ICF,12.4,0.809032284673686,20_7.5_300
brain ICF,12.5,0.784145354616919,20_7.5_300
brain ICF,12.6,0.760023926412701,20_7.5_300
brain ICF,12.7,0.736644448751154,20_7.5_300
brain ICF,12.8,0.713984100598233,20_7.5_300
brain ICF,12.9,0.692020773218874,20_7.5_300
brain ICF,13,0.670733017231444,20_7.5_300
brain ICF,13.1,0.650100067669235,20_7.5_300
brain ICF,13.2,0.630101778243698,20_7.5_300
brain ICF,13.3,0.610718627049454,20_7.5_300
brain ICF,13.4,0.591931701102014,20_7.5_300
brain ICF,13.5,0.573722651458171,20_7.5_300
brain ICF,13.6,0.556073714686453,20_7.5_300
brain ICF,13.7,0.538967656206515,20_7.5_300
brain ICF,13.8,0.522387777214873,20_7.5_300
brain ICF,13.9,0.50631790395259,20_7.5_300
brain ICF,14,0.490742343823635,20_7.5_300
brain ICF,14.1,0.475645904783642,20_7.5_300
brain ICF,14.2,0.46101384692717,20_7.5_300
brain ICF,14.3,0.446831882672218,20_7.5_300
brain ICF,14.4,0.433086179347395,20_7.5_300
brain ICF,14.5,0.419763306427456,20_7.5_300
brain ICF,14.6,0.406850250727971,20_7.5_300
brain ICF,14.7,0.394334421696216,20_7.5_300
brain ICF,14.8,0.382203583941735,20_7.5_300
brain ICF,14.9,0.370445892958279,20_7.5_300
brain ICF,15,0.359049886148337,20_7.5_300
brain ICF,15.1,0.348004428173362,20_7.5_300
brain ICF,15.2,0.337298740686606,20_7.5_300
brain ICF,15.3,0.326922380401006,20_7.5_300
brain ICF,15.4,0.316865214998306,20_7.5_300
brain ICF,15.5,0.307117430278262,20_7.5_300
brain ICF,15.6,0.297669509710237,20_7.5_300
brain ICF,15.7,0.288512222522763,20_7.5_300
brain ICF,15.8,0.279636637254144,20_7.5_300
brain ICF,15.9,0.271034080976241,20_7.5_300
brain ICF,16,0.262696144389059,20_7.5_300
brain ICF,16.1,0.254614704512481,20_7.5_300
brain ICF,16.2,0.246781860812908,20_7.5_300
brain ICF,16.3,0.239189964413567,20_7.5_300
brain ICF,16.4,0.231831617218842,20_7.5_300
brain ICF,16.5,0.224699630242667,20_7.5_300
brain ICF,16.6,0.217787039764722,20_7.5_300
brain ICF,16.7,0.211087106030513,20_7.5_300
brain ICF,16.8,0.204593283270977,20_7.5_300
brain ICF,16.9,0.198299226795222,20_7.5_300
brain ICF,17,0.192198799665403,20_7.5_300
brain ICF,17.1,0.186286040353458,20_7.5_300
brain ICF,17.2,0.180555165752992,20_7.5_300
brain ICF,17.3,0.175000586823472,20_7.5_300
brain ICF,17.4,0.16961688370926,20_7.5_300
brain ICF,17.5,0.164398789396049,20_7.5_300
brain ICF,17.6,0.15934121121577,20_7.5_300
brain ICF,17.7,0.154439222118186,20_7.5_300
brain ICF,17.8,0.149688030875092,20_7.5_300
brain ICF,17.9,0.145083000014487,20_7.5_300
brain ICF,18,0.140619639312168,20_7.5_300
brain ICF,18.1,0.136293589442841,20_7.5_300
brain ICF,18.2,0.132100625809487,20_7.5_300
brain ICF,18.3,0.128036658405228,20_7.5_300
brain ICF,18.4,0.124097713697898,20_7.5_300
brain ICF,18.5,0.120279938773864,20_7.5_300
brain ICF,18.6,0.11657961789075,20_7.5_300
brain ICF,18.7,0.112993129660173,20_7.5_300
brain ICF,18.8,0.109516964790632,20_7.5_300
brain ICF,18.9,0.106147734483431,20_7.5_300
brain ICF,19,0.102882155201406,20_7.5_300
brain ICF,19.1,0.0997170329622785,20_7.5_300
brain ICF,19.2,0.0966492783161598,20_7.5_300
brain ICF,19.3,0.0936759027260244,20_7.5_300
brain ICF,19.4,0.0907940020612194,20_7.5_300
brain ICF,19.5,0.0880007633949377,20_7.5_300
brain ICF,19.6,0.0852934603822787,20_7.5_300
brain ICF,19.7,0.0826694477974849,20_7.5_300
brain ICF,19.8,0.0801261597319421,20_7.5_300
brain ICF,19.9,0.0776611155081506,20_7.5_300
brain ICF,20,0.0752719069047358,20_7.5_300
brain ICF,20.1,0.0729561935271616,20_7.5_300
brain ICF,20.2,0.0707117132968706,20_7.5_300
brain ICF,20.3,0.0685362840342391,20_7.5_300
brain ICF,20.4,0.0664277750657347,20_7.5_300
brain ICF,20.5,0.0643841268054602,20_7.5_300
brain ICF,20.6,0.0624033512737646,20_7.5_300
brain ICF,20.7,0.0604835139902104,20_7.5_300
brain ICF,20.8,0.0586227428878624,20_7.5_300
brain ICF,20.9,0.0568192205779621,20_7.5_300
brain ICF,21,0.0550711866225081,20_7.5_300
brain ICF,21.1,0.0533769339885913,20_7.5_300
brain ICF,21.2,0.0517348062592723,20_7.5_300
brain ICF,21.3,0.0501432038776223,20_7.5_300
brain ICF,21.4,0.0486005664564621,20_7.5_300
brain ICF,21.5,0.0471053818319203,20_7.5_300
brain ICF,21.6,0.0456561873536463,20_7.5_300
brain ICF,21.7,0.0442515812652383,20_7.5_300
brain ICF,21.8,0.0428901814030028,20_7.5_300
brain ICF,21.9,0.041570655169243,20_7.5_300
brain ICF,22,0.0402917183036431,20_7.5_300
brain ICF,22.1,0.0390521296171937,20_7.5_300
brain ICF,22.2,0.0378506768649089,20_7.5_300
brain ICF,22.3,0.0366861897858572,20_7.5_300
brain ICF,22.4,0.0355575309664999,20_7.5_300
brain ICF,22.5,0.0344635997737655,20_7.5_300
brain ICF,22.6,0.0334033294737361,20_7.5_300
brain ICF,22.7,0.0323756846875315,20_7.5_300
brain ICF,22.8,0.0313796595587492,20_7.5_300
brain ICF,22.9,0.0304142784723055,20_7.5_300
brain ICF,23,0.029478593216899,20_7.5_300
brain ICF,23.1,0.0285716868140102,20_7.5_300
brain ICF,23.2,0.027692683722387,20_7.5_300
brain ICF,23.3,0.0268407154095316,20_7.5_300
brain ICF,23.4,0.0260149457494831,20_7.5_300
brain ICF,23.5,0.0252145724550402,20_7.5_300
brain ICF,23.6,0.0244388225404771,20_7.5_300
brain ICF,23.7,0.0236869368210358,20_7.5_300
brain ICF,23.8,0.0229581853993615,20_7.5_300
brain ICF,23.9,0.0222518529178125,20_7.5_300
brain ICF,24,0.0215672525425359,20_7.5_300
brain ICF,24.1,0.0209037202282321,20_7.5_300
brain ICF,24.2,0.0202606108696972,20_7.5_300
brain ICF,24.3,0.0196372948790748,20_7.5_300
brain ICF,24.4,0.0190331594352967,20_7.5_300
brain ICF,24.5,0.0184476149372262,20_7.5_300
brain ICF,24.6,0.0178800856745114,20_7.5_300
brain ICF,24.7,0.0173300136639977,20_7.5_300
brain ICF,24.8,0.0167968666682481,20_7.5_300
brain ICF,24.9,0.0162801178520688,20_7.5_300
brain ICF,25,0.0157792595160403,20_7.5_300
sCSF,0,0,20_7.5_300
sCSF,0.1,0,20_7.5_300
sCSF,0.2,0,20_7.5_300
sCSF,0.3,0.00496641379051296,20_7.5_300
sCSF,0.4,0.0862042223560633,20_7.5_300
sCSF,0.5,0.281232369742606,20_7.5_300
sCSF,0.6,0.581570024213051,20_7.5_300
sCSF,0.7,0.970743381387476,20_7.5_300
sCSF,0.8,1.43020977028649,20_7.5_300
sCSF,0.9,1.94171578824464,20_7.5_300
sCSF,1,2.48850930924328,20_7.5_300
sCSF,1.1,3.05589468058467,20_7.5_300
sCSF,1.2,3.63139839829499,20_7.5_300
sCSF,1.3,4.2047132574952,20_7.5_300
sCSF,1.4,4.76752576768723,20_7.5_300
sCSF,1.5,5.31329099812189,20_7.5_300
sCSF,1.6,5.83699293526282,20_7.5_300
sCSF,1.7,6.3349119944225,20_7.5_300
sCSF,1.8,6.80441096951021,20_7.5_300
sCSF,1.9,7.24374450160475,20_7.5_300
sCSF,2,7.65189328698971,20_7.5_300
sCSF,2.1,8.02842226208073,20_7.5_300
sCSF,2.2,8.37336084162392,20_7.5_300
sCSF,2.3,8.68710273831802,20_7.5_300
sCSF,2.4,8.97032297231157,20_7.5_300
sCSF,2.5,9.22390952325476,20_7.5_300
sCSF,2.6,9.44890744752869,20_7.5_300
sCSF,2.7,9.64647350734152,20_7.5_300
sCSF,2.8,9.81783951169998,20_7.5_300
sCSF,2.9,9.96428290240435,20_7.5_300
sCSF,3,10.0871033846661,20_7.5_300
sCSF,3.1,10.1876044414618,20_7.5_300
sCSF,3.2,10.2670788736235,20_7.5_300
sCSF,3.3,10.3267976750246,20_7.5_300
sCSF,3.4,10.3680015665187,20_7.5_300
sCSF,3.5,10.3918946942716,20_7.5_300
sCSF,3.6,10.3996400739957,20_7.5_300
sCSF,3.7,10.3923564660969,20_7.5_300
sCSF,3.8,10.3711163816827,20_7.5_300
sCSF,3.9,10.3369449600938,20_7.5_300
sCSF,4,10.2908195490942,20_7.5_300
sCSF,4.1,10.2336698737497,20_7.5_300
sCSF,4.2,10.1663786330071,20_7.5_300
sCSF,4.3,10.0897823935711,20_7.5_300
sCSF,4.4,10.0046727622113,20_7.5_300
sCSF,4.5,9.91179771908134,20_7.5_300
sCSF,4.6,9.81186309785535,20_7.5_300
sCSF,4.7,9.70553415000093,20_7.5_300
sCSF,4.8,9.59343715469726,20_7.5_300
sCSF,4.9,9.47616105576413,20_7.5_300
sCSF,5,9.35425910738504,20_7.5_300
sCSF,5.1,9.22825050827004,20_7.5_300
sCSF,5.2,9.09862201197772,20_7.5_300
sCSF,5.3,8.96582950151829,20_7.5_300
sCSF,5.4,8.83029952214037,20_7.5_300
sCSF,5.5,8.69243076879081,20_7.5_300
sCSF,5.6,8.55259551996271,20_7.5_300
sCSF,5.7,8.4111410310654,20_7.5_300
sCSF,5.8,8.26839086487134,20_7.5_300
sCSF,5.9,8.12464616682411,20_7.5_300
sCSF,6,7.98018688296851,20_7.5_300
sCSF,6.1,7.83527293544595,20_7.5_300
sCSF,6.2,7.69014532986863,20_7.5_300
sCSF,6.3,7.54502722268709,20_7.5_300
sCSF,6.4,7.40012492885412,20_7.5_300
sCSF,6.5,7.25562888128175,20_7.5_300
sCSF,6.6,7.11171458317327,20_7.5_300
sCSF,6.7,6.96854347081221,20_7.5_300
sCSF,6.8,6.82626367635741,20_7.5_300
sCSF,6.9,6.68501092294424,20_7.5_300
sCSF,7,6.54490916623257,20_7.5_300
sCSF,7.1,6.40607132287913,20_7.5_300
sCSF,7.2,6.26860000915492,20_7.5_300
sCSF,7.3,6.13258809357518,20_7.5_300
sCSF,7.4,5.99811931727611,20_7.5_300
sCSF,7.5,5.86526889429556,20_7.5_300
sCSF,7.6,5.73410399522216,20_7.5_300
sCSF,7.7,5.60468440110318,20_7.5_300
sCSF,7.8,5.47706272360762,20_7.5_300
sCSF,7.9,5.35128524430623,20_7.5_300
sCSF,8,5.22739183887427,20_7.5_300
sCSF,8.1,5.10541694948631,20_7.5_300
sCSF,8.2,4.98538937979702,20_7.5_300
sCSF,8.3,4.86733322650448,20_7.5_300
sCSF,8.4,4.75126769716358,20_7.5_300
sCSF,8.5,4.63720792416556,20_7.5_300
sCSF,8.6,4.52516481012128,20_7.5_300
sCSF,8.7,4.41514576776789,20_7.5_300
sCSF,8.8,4.30715453902828,20_7.5_300
sCSF,8.9,4.20119190199905,20_7.5_300
sCSF,9,4.09725544066912,20_7.5_300
sCSF,9.1,3.99534027212836,20_7.5_300
sCSF,9.2,3.89543878754598,20_7.5_300
sCSF,9.3,3.79754121842136,20_7.5_300
sCSF,9.4,3.70163561315209,20_7.5_300
sCSF,9.5,3.6077080557997,20_7.5_300
sCSF,9.6,3.51574293434729,20_7.5_300
sCSF,9.7,3.42572289860262,20_7.5_300
sCSF,9.8,3.33762926951228,20_7.5_300
sCSF,9.9,3.2514418806333,20_7.5_300
sCSF,10,3.16713952553796,20_7.5_300
sCSF,10.1,3.08469975227608,20_7.5_300
sCSF,10.2,3.00409929767873,20_7.5_300
sCSF,10.3,2.92531391356159,20_7.5_300
sCSF,10.4,2.84831867226412,20_7.5_300
sCSF,10.5,2.77308794267065,20_7.5_300
sCSF,10.6,2.69959550513639,20_7.5_300
sCSF,10.7,2.6278146893045,20_7.5_300
sCSF,10.8,2.5577183241307,20_7.5_300
sCSF,10.9,2.48927898403016,20_7.5_300
sCSF,11,2.42246884992259,20_7.5_300
sCSF,11.1,2.35725998521643,20_7.5_300
sCSF,11.2,2.29362418946714,20_7.5_300
sCSF,11.3,2.2315332208029,20_7.5_300
sCSF,11.4,2.17095873520188,20_7.5_300
sCSF,11.5,2.1118723677304,20_7.5_300
sCSF,11.6,2.05424580318971,20_7.5_300
sCSF,11.7,1.99805074186532,20_7.5_300
sCSF,11.8,1.94325903751162,20_7.5_300
sCSF,11.9,1.88984261091903,20_7.5_300
sCSF,12,1.83777360591271,20_7.5_300
sCSF,12.1,1.78702428532308,20_7.5_300
sCSF,12.2,1.73756718708032,20_7.5_300
sCSF,12.3,1.68937506774146,20_7.5_300
sCSF,12.4,1.64242090635791,20_7.5_300
sCSF,12.5,1.59667802816183,20_7.5_300
sCSF,12.6,1.55211997011668,20_7.5_300
sCSF,12.7,1.50872064299676,20_7.5_300
sCSF,12.8,1.46645426216478,20_7.5_300
sCSF,12.9,1.42529534791721,20_7.5_300
sCSF,13,1.38521881791663,20_7.5_300
sCSF,13.1,1.34619989249988,20_7.5_300
sCSF,13.2,1.30821419671248,20_7.5_300
sCSF,13.3,1.27123771640462,20_7.5_300
sCSF,13.4,1.23524679618114,20_7.5_300
sCSF,13.5,1.20021819928939,20_7.5_300
sCSF,13.6,1.16612903648507,20_7.5_300
sCSF,13.7,1.13295684061683,20_7.5_300
sCSF,13.8,1.10067952925477,20_7.5_300
sCSF,13.9,1.06927539931219,20_7.5_300
sCSF,14,1.03872317059265,20_7.5_300
sCSF,14.1,1.00900192512261,20_7.5_300
sCSF,14.2,0.980091171388611,20_7.5_300
sCSF,14.3,0.951970812847363,20_7.5_300
sCSF,14.4,0.924621113864541,20_7.5_300
sCSF,14.5,0.89802277101109,20_7.5_300
sCSF,14.6,0.872156860749248,20_7.5_300
sCSF,14.7,0.847004822132468,20_7.5_300
sCSF,14.8,0.822548512660083,20_7.5_300
sCSF,14.9,0.798770158001197,20_7.5_300
sCSF,15,0.775652349708112,20_7.5_300
sCSF,15.1,0.753178074596417,20_7.5_300
sCSF,15.2,0.731330677983231,20_7.5_300
sCSF,15.3,0.710093868822073,20_7.5_300
sCSF,15.4,0.689451729133296,20_7.5_300
sCSF,15.5,0.669388687067201,20_7.5_300
sCSF,15.6,0.64988952668424,20_7.5_300
sCSF,15.7,0.630939385322704,20_7.5_300
sCSF,15.8,0.612523730780779,20_7.5_300
sCSF,15.9,0.594628376734846,20_7.5_300
sCSF,16,0.577239469134421,20_7.5_300
sCSF,16.1,0.560343471564547,20_7.5_300
sCSF,16.2,0.54392717730928,20_7.5_300
sCSF,16.3,0.527977692786861,20_7.5_300
sCSF,16.4,0.512482430439714,20_7.5_300
sCSF,16.5,0.497429112924782,20_7.5_300
sCSF,16.6,0.482805760980209,20_7.5_300
sCSF,16.7,0.468600684437255,20_7.5_300
sCSF,16.8,0.454802486283224,20_7.5_300
sCSF,16.9,0.441400050939945,20_7.5_300
sCSF,17,0.428382537115384,20_7.5_300
sCSF,17.1,0.415739376803254,20_7.5_300
sCSF,17.2,0.40346026793655,20_7.5_300
sCSF,17.3,0.39153516856077,20_7.5_300
sCSF,17.4,0.379954291531182,20_7.5_300
sCSF,17.5,0.368708098946531,20_7.5_300
sCSF,17.6,0.357787298312212,20_7.5_300
sCSF,17.7,0.347182837410706,20_7.5_300
sCSF,17.8,0.336885895114942,20_7.5_300
sCSF,17.9,0.326887880528584,20_7.5_300
sCSF,18,0.317180429827455,20_7.5_300
sCSF,18.1,0.307755393256395,20_7.5_300
sCSF,18.2,0.298604836044084,20_7.5_300
sCSF,18.3,0.289721036721767,20_7.5_300
sCSF,18.4,0.281096472623382,20_7.5_300
sCSF,18.5,0.272723821202526,20_7.5_300
sCSF,18.6,0.264595959998676,20_7.5_300
sCSF,18.7,0.256705950959476,20_7.5_300
sCSF,18.8,0.249047041664905,20_7.5_300
sCSF,18.9,0.241612664967624,20_7.5_300
sCSF,19,0.234396430340838,20_7.5_300
sCSF,19.1,0.2273921149989,20_7.5_300
sCSF,19.2,0.220593667400644,20_7.5_300
sCSF,19.3,0.213995206165363,20_7.5_300
sCSF,19.4,0.207591001190562,20_7.5_300
sCSF,19.5,0.201375480419118,20_7.5_300
sCSF,19.6,0.195343232997138,20_7.5_300
sCSF,19.7,0.189488986630371,20_7.5_300
sCSF,19.8,0.183807615808048,20_7.5_300
sCSF,19.9,0.178294140731912,20_7.5_300
sCSF,20,0.172943717183515,20_7.5_300
sCSF,20.1,0.167751631520773,20_7.5_300
sCSF,20.2,0.162713303772325,20_7.5_300
sCSF,20.3,0.157824285254005,20_7.5_300
sCSF,20.4,0.153080243601856,20_7.5_300
sCSF,20.5,0.148476969034285,20_7.5_300
sCSF,20.6,0.144010378004975,20_7.5_300
sCSF,20.7,0.139676491235998,20_7.5_300
sCSF,20.8,0.135471443075248,20_7.5_300
sCSF,20.9,0.131391483875956,20_7.5_300
sCSF,21,0.127432963815272,20_7.5_300
sCSF,21.1,0.123592333783906,20_7.5_300
sCSF,21.2,0.119866145135454,20_7.5_300
sCSF,21.3,0.116251059510339,20_7.5_300
sCSF,21.4,0.112743817487627,20_7.5_300
sCSF,21.5,0.109341255659148,20_7.5_300
sCSF,21.6,0.10604030229605,20_7.5_300
sCSF,21.7,0.102837982307997,20_7.5_300
sCSF,21.8,0.0997313910085096,20_7.5_300
sCSF,21.9,0.0967177100833663,20_7.5_300
sCSF,22,0.093794207341708,20_7.5_300
sCSF,22.1,0.0909582308451287,20_7.5_300
sCSF,22.2,0.0882071954539186,20_7.5_300
sCSF,22.3,0.0855385926213304,20_7.5_300
sCSF,22.4,0.082949994452706,20_7.5_300
sCSF,22.5,0.0804390368434722,20_7.5_300
sCSF,22.6,0.0780034214787014,20_7.5_300
sCSF,22.7,0.0756409170822811,20_7.5_300
sCSF,22.8,0.0733493665944538,20_7.5_300
sCSF,22.9,0.0711266634971434,20_7.5_300
sCSF,23,0.0689707649835003,20_7.5_300
sCSF,23.1,0.0668796885098994,20_7.5_300
sCSF,23.2,0.0648515153665612,20_7.5_300
sCSF,23.3,0.0628843725248038,20_7.5_300
sCSF,23.4,0.0609764436024079,20_7.5_300
sCSF,23.5,0.0591259692088278,20_7.5_300
sCSF,23.6,0.0573312429429506,20_7.5_300
sCSF,23.7,0.0555906008226843,20_7.5_300
sCSF,23.8,0.0539024292791182,20_7.5_300
sCSF,23.9,0.0522651704643429,20_7.5_300
sCSF,24,0.0506773052119622,20_7.5_300
sCSF,24.1,0.0491373566719763,20_7.5_300
sCSF,24.2,0.0476438919675074,20_7.5_300
sCSF,24.3,0.0461955253065392,20_7.5_300
sCSF,24.4,0.044790913391561,20_7.5_300
sCSF,24.5,0.0434287430719128,20_7.5_300
sCSF,24.6,0.0421077425232107,20_7.5_300
sCSF,24.7,0.0408266777207056,20_7.5_300
sCSF,24.8,0.0395843578710329,20_7.5_300
sCSF,24.9,0.0383796190953195,20_7.5_300
sCSF,25,0.037211334243338,20_7.5_300
