site,time,conc,PS
brain ECF,0,0,12_1.5_250
brain ECF,0.1,0.00757551317068271,12_1.5_250
brain ECF,0.2,0.0248909090489114,12_1.5_250
brain ECF,0.3,0.0452018475943419,12_1.5_250
brain ECF,0.4,0.0574132696136434,12_1.5_250
brain ECF,0.5,0.0649634990668976,12_1.5_250
brain ECF,0.6,0.0703411827254091,12_1.5_250
brain ECF,0.7,0.0745334225221779,12_1.5_250
brain ECF,0.8,0.0779602912294061,12_1.5_250
brain ECF,0.9,0.0808235418019921,12_1.5_250
brain ECF,1,0.0832373241756691,12_1.5_250
brain ECF,1.1,0.0852776971440278,12_1.5_250
brain ECF,1.2,0.0870018177448115,12_1.5_250
brain ECF,1.3,0.0884557457465972,12_1.5_250
brain ECF,1.4,0.0896779203162653,12_1.5_250
brain ECF,1.5,0.0907009462525417,12_1.5_250
brain ECF,1.6,0.0915526819203666,12_1.5_250
brain ECF,1.7,0.0922570076476326,12_1.5_250
brain ECF,1.8,0.0928344238851141,12_1.5_250
brain ECF,1.9,0.0933025419125714,12_1.5_250
brain ECF,2,0.0936764966769075,12_1.5_250
brain ECF,2.1,0.0939692981202542,12_1.5_250
brain ECF,2.2,0.0941921316984266,12_1.5_250
brain ECF,2.3,0.0943546159628157,12_1.5_250
brain ECF,2.4,0.0944650236637811,12_1.5_250
brain ECF,2.5,0.0945304714478167,12_1.5_250
brain ECF,2.6,0.0945570828331018,12_1.5_250
brain ECF,2.7,0.0945501281100476,12_1.5_250
brain ECF,2.8,0.0945141444674364,12_1.5_250
brain ECF,2.9,0.0944530391844099,12_1.5_250
brain ECF,3,0.0943701782368488,12_1.5_250
brain ECF,3.1,0.094268462393359,12_1.5_250
brain ECF,3.2,0.0941503925727675,12_1.5_250
brain ECF,3.3,0.0940181259795392,12_1.5_250
brain ECF,3.4,0.0938735243052563,12_1.5_250
brain ECF,3.5,0.0937181951514894,12_1.5_250
brain ECF,3.6,0.0935535275916329,12_1.5_250
brain ECF,3.7,0.093380722723789,12_1.5_250
brain ECF,3.8,0.0932008199266767,12_1.5_250
brain ECF,3.9,0.0930147194027513,12_1.5_250
brain ECF,4,0.0928232015517794,12_1.5_250
brain ECF,4.1,0.0926269436205646,12_1.5_250
brain ECF,4.2,0.0924265340043345,12_1.5_250
brain ECF,4.3,0.0922224845386578,12_1.5_250
brain ECF,4.4,0.092015241064923,12_1.5_250
brain ECF,4.5,0.0918051925112637,12_1.5_250
brain ECF,4.6,0.0915926786984464,12_1.5_250
brain ECF,4.7,0.0913779970524428,12_1.5_250
brain ECF,4.8,0.0911614083759194,12_1.5_250
brain ECF,4.9,0.0909431418119833,12_1.5_250
brain ECF,5,0.0907233991153756,12_1.5_250
brain ECF,5.1,0.0905023583270237,12_1.5_250
brain ECF,5.2,0.0902801769358836,12_1.5_250
brain ECF,5.3,0.0900569946019279,12_1.5_250
brain ECF,5.4,0.0898329355009605,12_1.5_250
brain ECF,5.5,0.0896081103440227,12_1.5_250
brain ECF,5.6,0.0893826181181773,12_1.5_250
brain ECF,5.7,0.089156547587467,12_1.5_250
brain ECF,5.8,0.0889299785871922,12_1.5_250
brain ECF,5.9,0.0887029831410789,12_1.5_250
brain ECF,6,0.0884756264261274,12_1.5_250
brain ECF,6.1,0.0882479676062843,12_1.5_250
brain ECF,6.2,0.088020060553114,12_1.5_250
brain ECF,6.3,0.0877919544696961,12_1.5_250
brain ECF,6.4,0.0875636944310703,12_1.5_250
brain ECF,6.5,0.0873353218525721,12_1.5_250
brain ECF,6.6,0.0871068748964318,12_1.5_250
brain ECF,6.7,0.086878388825116,12_1.5_250
brain ECF,6.8,0.0866498963087263,12_1.5_250
brain ECF,6.9,0.0864214276927209,12_1.5_250
brain ECF,7,0.0861930112316727,12_1.5_250
brain ICF,0,0,12_1.5_250
brain ICF,0.1,0.000101472781997856,12_1.5_250
brain ICF,0.2,0.000694672871498376,12_1.5_250
brain ICF,0.3,0.002014911995715,12_1.5_250
brain ICF,0.4,0.00390835429912855,12_1.5_250
brain ICF,0.5,0.006092317189772,12_1.5_250
brain ICF,0.6,0.0084337513383593,12_1.5_250
brain ICF,0.7,0.0108658449170837,12_1.5_250
brain ICF,0.8,0.0133492457919836,12_1.5_250
brain ICF,0.9,0.0158572288997249,12_1.5_250
brain ICF,1,0.0183698261134759,12_1.5_250
brain ICF,1.1,0.0208713392673895,12_1.5_250
brain ICF,1.2,0.0233491546150527,12_1.5_250
brain ICF,1.3,0.0257930785165238,12_1.5_250
brain ICF,1.4,0.0281948989603463,12_1.5_250
brain ICF,1.5,0.0305480585417657,12_1.5_250
brain ICF,1.6,0.0328473924673335,12_1.5_250
brain ICF,1.7,0.0350889109734981,12_1.5_250
brain ICF,1.8,0.0372696156200841,12_1.5_250
brain ICF,1.9,0.0393873430721415,12_1.5_250
brain ICF,2,0.0414406318771499,12_1.5_250
brain ICF,2.1,0.0434286087492372,12_1.5_250
brain ICF,2.2,0.045350891496899,12_1.5_250
brain ICF,2.3,0.0472075062085761,12_1.5_250
brain ICF,2.4,0.0489988166130056,12_1.5_250
brain ICF,2.5,0.0507254639335773,12_1.5_250
brain ICF,2.6,0.0523883156652886,12_1.5_250
brain ICF,2.7,0.0539884220442408,12_1.5_250
brain ICF,2.8,0.0555269790947714,12_1.5_250
brain ICF,2.9,0.0570052972945477,12_1.5_250
brain ICF,3,0.0584247750639435,12_1.5_250
brain ICF,3.1,0.0597868763789137,12_1.5_250
brain ICF,3.2,0.0610931119095932,12_1.5_250
brain ICF,3.3,0.0623450231734243,12_1.5_250
brain ICF,3.4,0.0635441692688569,12_1.5_250
brain ICF,3.5,0.0646921158014965,12_1.5_250
brain ICF,3.6,0.0657904256940353,12_1.5_250
brain ICF,3.7,0.0668406515944804,12_1.5_250
brain ICF,3.8,0.0678443296445384,12_1.5_250
brain ICF,3.9,0.0688029744125498,12_1.5_250
brain ICF,4,0.0697180748101893,12_1.5_250
brain ICF,4.1,0.0705910908447908,12_1.5_250
brain ICF,4.2,0.0714234510825363,12_1.5_250
brain ICF,4.3,0.0722165507106564,12_1.5_250
brain ICF,4.4,0.0729717501054509,12_1.5_250
brain ICF,4.5,0.073690373826731,12_1.5_250
brain ICF,4.6,0.0743737099702351,12_1.5_250
brain ICF,4.7,0.0750230098190767,12_1.5_250
brain ICF,4.8,0.0756394877449619,12_1.5_250
brain ICF,4.9,0.0762243213163884,12_1.5_250
brain ICF,5,0.0767786515772369,12_1.5_250
brain ICF,5.1,0.0773035834653609,12_1.5_250
brain ICF,5.2,0.0778001863448499,12_1.5_250
brain ICF,5.3,0.0782694946292438,12_1.5_250
brain ICF,5.4,0.078712508477077,12_1.5_250
brain ICF,5.5,0.0791301945437468,12_1.5_250
brain ICF,5.6,0.07952348677592,12_1.5_250
brain ICF,5.7,0.0798932872371594,12_1.5_250
brain ICF,5.8,0.0802404669551896,12_1.5_250
brain ICF,5.9,0.0805658667826242,12_1.5_250
brain ICF,6,0.080870298264433,12_1.5_250
brain ICF,6.1,0.0811545445065577,12_1.5_250
brain ICF,6.2,0.0814193610409832,12_1.5_250
brain ICF,6.3,0.0816654766834244,12_1.5_250
brain ICF,6.4,0.0818935943805362,12_1.5_250
brain ICF,6.5,0.0821043920440434,12_1.5_250
brain ICF,6.6,0.0822985233697859,12_1.5_250
brain ICF,6.7,0.0824766186400853,12_1.5_250
brain ICF,6.8,0.0826392855081832,12_1.5_250
brain ICF,6.9,0.082787109763756,12_1.5_250
brain ICF,7,0.0829206560789505,12_1.5_250
sCSF,0,0,12_1.5_250
sCSF,0.1,0.000123818626923493,12_1.5_250
sCSF,0.2,0.000849170685000553,12_1.5_250
sCSF,0.3,0.00246041768207085,12_1.5_250
sCSF,0.4,0.00476238130673939,12_1.5_250
sCSF,0.5,0.00740233468945382,12_1.5_250
sCSF,0.6,0.0102145292932722,12_1.5_250
sCSF,0.7,0.0131161807781527,12_1.5_250
sCSF,0.8,0.0160590059715623,12_1.5_250
sCSF,0.9,0.0190106564983087,12_1.5_250
sCSF,1,0.0219473474254461,12_1.5_250
sCSF,1.1,0.0248507159701404,12_1.5_250
sCSF,1.2,0.0277063109182226,12_1.5_250
sCSF,1.3,0.0305027380075804,12_1.5_250
sCSF,1.4,0.0332310917697914,12_1.5_250
sCSF,1.5,0.0358845303696549,12_1.5_250
sCSF,1.6,0.0384579348924182,12_1.5_250
sCSF,1.7,0.0409476268391122,12_1.5_250
sCSF,1.8,0.0433511302380496,12_1.5_250
sCSF,1.9,0.0456669700277245,12_1.5_250
sCSF,2,0.0478945007847522,12_1.5_250
sCSF,2.1,0.0500337611716594,12_1.5_250
sCSF,2.2,0.0520853502991962,12_1.5_250
sCSF,2.3,0.0540503228303204,12_1.5_250
sCSF,2.4,0.0559301000565823,12_1.5_250
sCSF,2.5,0.0577263947118096,12_1.5_250
sCSF,2.6,0.0594411474372696,12_1.5_250
sCSF,2.7,0.0610764732651321,12_1.5_250
sCSF,2.8,0.0626346166421625,12_1.5_250
sCSF,2.9,0.0641179137231191,12_1.5_250
sCSF,3,0.0655287608837649,12_1.5_250
sCSF,3.1,0.0668695885277496,12_1.5_250
sCSF,3.2,0.0681428393990365,12_1.5_250
sCSF,3.3,0.0693509507266965,12_1.5_250
sCSF,3.4,0.0704963396313815,12_1.5_250
sCSF,3.5,0.0715813912849636,12_1.5_250
sCSF,3.6,0.0726084494186668,12_1.5_250
sCSF,3.7,0.0735798088073043,12_1.5_250
sCSF,3.8,0.0744977094198281,12_1.5_250
sCSF,3.9,0.0753643319817228,12_1.5_250
sCSF,4,0.0761817947157894,12_1.5_250
sCSF,4.1,0.0769521510705026,12_1.5_250
sCSF,4.2,0.0776773882755438,12_1.5_250
sCSF,4.3,0.0783594265818539,12_1.5_250
sCSF,4.4,0.0790001190678593,12_1.5_250
sCSF,4.5,0.0796012519115401,12_1.5_250
sCSF,4.6,0.0801645450424395,12_1.5_250
sCSF,4.7,0.0806916531003316,12_1.5_250
sCSF,4.8,0.0811841666396201,12_1.5_250
sCSF,4.9,0.0816436135271302,12_1.5_250
sCSF,5,0.0820714604891334,12_1.5_250
sCSF,5.1,0.0824691147711583,12_1.5_250
sCSF,5.2,0.0828379258794761,12_1.5_250
sCSF,5.3,0.0831791873780386,12_1.5_250
sCSF,5.4,0.0834941387195769,12_1.5_250
sCSF,5.5,0.0837839670928847,12_1.5_250
sCSF,5.6,0.0840498092713853,12_1.5_250
sCSF,5.7,0.0842927534509904,12_1.5_250
sCSF,5.8,0.0845138410673103,12_1.5_250
sCSF,5.9,0.0847140685842585,12_1.5_250
sCSF,6,0.0848943892477696,12_1.5_250
sCSF,6.1,0.0850557147996657,12_1.5_250
sCSF,6.2,0.0851989171477427,12_1.5_250
sCSF,6.3,0.0853248299893768,12_1.5_250
sCSF,6.4,0.085434250386654,12_1.5_250
sCSF,6.5,0.08552794029145,12_1.5_250
sCSF,6.6,0.0856066280198705,12_1.5_250
sCSF,6.7,0.085671009675729,12_1.5_250
sCSF,6.8,0.0857217505230987,12_1.5_250
sCSF,6.9,0.0857594863081865,12_1.5_250
sCSF,7,0.0857848245315024,12_1.5_250
brain ECF,0,0,12_1.5_300
brain ECF,0.1,0.00752349906399748,12_1.5_300
brain ECF,0.2,0.0245524586817444,12_1.5_300
brain ECF,0.3,0.0442690242157309,12_1.5_300
brain ECF,0.4,0.0557089646801698,12_1.5_300
brain ECF,0.5,0.062477408158622,12_1.5_300
brain ECF,0.6,0.0671292974044113,12_1.5_300
brain ECF,0.7,0.0706750083127914,12_1.5_300
brain ECF,0.8,0.0735407147519364,12_1.5_300
brain ECF,0.9,0.0759271094458108,12_1.5_300
brain ECF,1,0.0779441479767992,12_1.5_300
brain ECF,1.1,0.0796622871866844,12_1.5_300
brain ECF,1.2,0.0811324861446652,12_1.5_300
brain ECF,1.3,0.0823944354259941,12_1.5_300
brain ECF,1.4,0.0834802784952315,12_1.5_300
brain ECF,1.5,0.0844165476932165,12_1.5_300
brain ECF,1.6,0.0852253451786737,12_1.5_300
brain ECF,1.7,0.0859251670040329,12_1.5_300
brain ECF,1.8,0.0865315309583199,12_1.5_300
brain ECF,1.9,0.0870574784034297,12_1.5_300
brain ECF,2,0.0875139849794517,12_1.5_300
brain ECF,2.1,0.0879103004598445,12_1.5_300
brain ECF,2.2,0.0882542314218245,12_1.5_300
brain ECF,2.3,0.0885523768488717,12_1.5_300
brain ECF,2.4,0.0888103248295528,12_1.5_300
brain ECF,2.5,0.0890328166834336,12_1.5_300
brain ECF,2.6,0.0892238841469098,12_1.5_300
brain ECF,2.7,0.0893869639308575,12_1.5_300
brain ECF,2.8,0.0895249934302898,12_1.5_300
brain ECF,2.9,0.0896404907397409,12_1.5_300
brain ECF,3,0.089735621520782,12_1.5_300
brain ECF,3.1,0.0898122549067579,12_1.5_300
brain ECF,3.2,0.0898720102554031,12_1.5_300
brain ECF,3.3,0.089916296258342,12_1.5_300
brain ECF,3.4,0.089946343655832,12_1.5_300
brain ECF,3.5,0.0899632326377621,12_1.5_300
brain ECF,3.6,0.0899679157748709,12_1.5_300
brain ECF,3.7,0.08996123723541,12_1.5_300
brain ECF,3.8,0.089943948900844,12_1.5_300
brain ECF,3.9,0.0899167238745301,12_1.5_300
brain ECF,4,0.0898801678254588,12_1.5_300
brain ECF,4.1,0.0898348285206938,12_1.5_300
brain ECF,4.2,0.0897812038377332,12_1.5_300
brain ECF,4.3,0.0897197485107797,12_1.5_300
brain ECF,4.4,0.0896508798175241,12_1.5_300
brain ECF,4.5,0.089574982378435,12_1.5_300
brain ECF,4.6,0.0894924122133979,12_1.5_300
brain ECF,4.7,0.0894035001776109,12_1.5_300
brain ECF,4.8,0.0893085548763983,12_1.5_300
brain ECF,4.9,0.0892078651437347,12_1.5_300
brain ECF,5,0.0891017021555977,12_1.5_300
brain ECF,5.1,0.0889903212359851,12_1.5_300
brain ECF,5.2,0.0888739634048351,12_1.5_300
brain ECF,5.3,0.088752856709841,12_1.5_300
brain ECF,5.4,0.0886272173758758,12_1.5_300
brain ECF,5.5,0.0884972508006057,12_1.5_300
brain ECF,5.6,0.0883631524208708,12_1.5_300
brain ECF,5.7,0.0882251084697309,12_1.5_300
brain ECF,5.8,0.0880832966407785,12_1.5_300
brain ECF,5.9,0.0879378866741163,12_1.5_300
brain ECF,6,0.0877890408757792,12_1.5_300
brain ECF,6.1,0.0876369145804129,12_1.5_300
brain ECF,6.2,0.0874816565654528,12_1.5_300
brain ECF,6.3,0.0873234094239819,12_1.5_300
brain ECF,6.4,0.0871623099020294,12_1.5_300
brain ECF,6.5,0.0869984892051229,12_1.5_300
brain ECF,6.6,0.0868320732783987,12_1.5_300
brain ECF,6.7,0.0866631830637251,12_1.5_300
brain ECF,6.8,0.0864919347367603,12_1.5_300
brain ECF,6.9,0.0863184399264062,12_1.5_300
brain ECF,7,0.0861428059188869,12_1.5_300
brain ICF,0,0,12_1.5_300
brain ICF,0.1,0.00012090692060897,12_1.5_300
brain ICF,0.2,0.00082185551435971,12_1.5_300
brain ICF,0.3,0.00236708255941526,12_1.5_300
brain ICF,0.4,0.00455519377380699,12_1.5_300
brain ICF,0.5,0.00704147272250386,12_1.5_300
brain ICF,0.6,0.0096678916900904,12_1.5_300
brain ICF,0.7,0.0123585673149093,12_1.5_300
brain ICF,0.8,0.0150714425581542,12_1.5_300
brain ICF,0.9,0.0177797616060912,12_1.5_300
brain ICF,1,0.0204647156088875,12_1.5_300
brain ICF,1.1,0.0231123196638243,12_1.5_300
brain ICF,1.2,0.0257119278645131,12_1.5_300
brain ICF,1.3,0.0282554114758936,12_1.5_300
brain ICF,1.4,0.0307366287728065,12_1.5_300
brain ICF,1.5,0.0331510409498788,12_1.5_300
brain ICF,1.6,0.0354954137306409,12_1.5_300
brain ICF,1.7,0.0377675770227146,12_1.5_300
brain ICF,1.8,0.0399662279923942,12_1.5_300
brain ICF,1.9,0.0420907684943978,12_1.5_300
brain ICF,2,0.0441411704608258,12_1.5_300
brain ICF,2.1,0.0461178643468679,12_1.5_300
brain ICF,2.2,0.0480216466971148,12_1.5_300
brain ICF,2.3,0.0498536036314177,12_1.5_300
brain ICF,2.4,0.0516150475427611,12_1.5_300
brain ICF,2.5,0.0533074648633724,12_1.5_300
brain ICF,2.6,0.0549324729738096,12_1.5_300
brain ICF,2.7,0.0564917847745866,12_1.5_300
brain ICF,2.8,0.057987179621195,12_1.5_300
brain ICF,2.9,0.0594204795386444,12_1.5_300
brain ICF,3,0.0607935298403542,12_1.5_300
brain ICF,3.1,0.0621081834011022,12_1.5_300
brain ICF,3.2,0.0633662879630456,12_1.5_300
brain ICF,3.3,0.0645696759578095,12_1.5_300
brain ICF,3.4,0.065720156417344,12_1.5_300
brain ICF,3.5,0.0668195086048008,12_1.5_300
brain ICF,3.6,0.0678694770771861,12_1.5_300
brain ICF,3.7,0.0688717679231695,12_1.5_300
brain ICF,3.8,0.0698280459680785,12_1.5_300
brain ICF,3.9,0.0707399327785143,12_1.5_300
brain ICF,4,0.0716090053178888,12_1.5_300
brain ICF,4.1,0.0724367951342035,12_1.5_300
brain ICF,4.2,0.0732247879824657,12_1.5_300
brain ICF,4.3,0.0739744237974696,12_1.5_300
brain ICF,4.4,0.0746870969487109,12_1.5_300
brain ICF,4.5,0.0753641567209614,12_1.5_300
brain ICF,4.6,0.0760069079733542,12_1.5_300
brain ICF,4.7,0.076616611937812,12_1.5_300
brain ICF,4.8,0.0771944871249833,12_1.5_300
brain ICF,4.9,0.0777417103110367,12_1.5_300
brain ICF,5,0.078259417583418,12_1.5_300
brain ICF,5.1,0.0787487054278929,12_1.5_300
brain ICF,5.2,0.0792106318421641,12_1.5_300
brain ICF,5.3,0.0796462174640331,12_1.5_300
brain ICF,5.4,0.0800564467045515,12_1.5_300
brain ICF,5.5,0.0804422688782954,12_1.5_300
brain ICF,5.6,0.0808045993244765,12_1.5_300
brain ICF,5.7,0.0811443205139578,12_1.5_300
brain ICF,5.8,0.0814622831381946,12_1.5_300
brain ICF,5.9,0.0817593071770715,12_1.5_300
brain ICF,6,0.082036182943338,12_1.5_300
brain ICF,6.1,0.0822936721019103,12_1.5_300
brain ICF,6.2,0.0825325086627323,12_1.5_300
brain ICF,6.3,0.0827533999464552,12_1.5_300
brain ICF,6.4,0.0829570275224324,12_1.5_300
brain ICF,6.5,0.0831440481186691,12_1.5_300
brain ICF,6.6,0.083315094503812,12_1.5_300
brain ICF,6.7,0.0834707763413233,12_1.5_300
brain ICF,6.8,0.0836116810161084,12_1.5_300
brain ICF,6.9,0.0837383744339221,12_1.5_300
brain ICF,7,0.0838514017942183,12_1.5_300
sCSF,0,0,12_1.5_300
sCSF,0.1,0.00012319131973557,12_1.5_300
sCSF,0.2,0.000840631180329837,12_1.5_300
sCSF,0.3,0.00242382478655076,12_1.5_300
sCSF,0.4,0.00466636800752946,12_1.5_300
sCSF,0.5,0.00721310468902326,12_1.5_300
sCSF,0.6,0.00990117642230147,12_1.5_300
sCSF,0.7,0.012652486647976,12_1.5_300
sCSF,0.8,0.015423846893414,12_1.5_300
sCSF,0.9,0.0181878604273358,12_1.5_300
sCSF,1,0.0209253314004835,12_1.5_300
sCSF,1.1,0.0236220399848189,12_1.5_300
sCSF,1.2,0.026267208086902,12_1.5_300
sCSF,1.3,0.0288526497111058,12_1.5_300
sCSF,1.4,0.0313722226537404,12_1.5_300
sCSF,1.5,0.0338214312469922,12_1.5_300
sCSF,1.6,0.036197117803538,12_1.5_300
sCSF,1.7,0.0384972141788002,12_1.5_300
sCSF,1.8,0.0407205383160652,12_1.5_300
sCSF,1.9,0.0428666263860405,12_1.5_300
sCSF,2,0.0449355938916283,12_1.5_300
sCSF,2.1,0.0469280206548777,12_1.5_300
sCSF,2.2,0.0488448556044309,12_1.5_300
sCSF,2.3,0.0506873380439576,12_1.5_300
sCSF,2.4,0.0524569325940971,12_1.5_300
sCSF,2.5,0.0541552755849817,12_1.5_300
sCSF,2.6,0.0557841309034977,12_1.5_300
sCSF,2.7,0.0573453537605514,12_1.5_300
sCSF,2.8,0.0588408610318528,12_1.5_300
sCSF,2.9,0.060272607049074,12_1.5_300
sCSF,3,0.0616425639346265,12_1.5_300
sCSF,3.1,0.0629527057028713,12_1.5_300
sCSF,3.2,0.0642049954847155,12_1.5_300
sCSF,3.3,0.0654013753403555,12_1.5_300
sCSF,3.4,0.0665437582179162,12_1.5_300
sCSF,3.5,0.0676340216765853,12_1.5_300
sCSF,3.6,0.0686740030760927,12_1.5_300
sCSF,3.7,0.0696654959673459,12_1.5_300
sCSF,3.8,0.0706102474694228,12_1.5_300
sCSF,3.9,0.0715099564598758,12_1.5_300
sCSF,4,0.0723662724250013,12_1.5_300
sCSF,4.1,0.0731807948477673,12_1.5_300
sCSF,4.2,0.073955073032857,12_1.5_300
sCSF,4.3,0.0746906062821772,12_1.5_300
sCSF,4.4,0.0753888443507458,12_1.5_300
sCSF,4.5,0.0760511881250253,12_1.5_300
sCSF,4.6,0.0766789904754189,12_1.5_300
sCSF,4.7,0.0772735572429167,12_1.5_300
sCSF,4.8,0.0778361483274173,12_1.5_300
sCSF,4.9,0.0783679788506263,12_1.5_300
sCSF,5,0.0788702203713506,12_1.5_300
sCSF,5.1,0.0793440021353199,12_1.5_300
sCSF,5.2,0.0797904123447309,12_1.5_300
sCSF,5.3,0.0802104994355037,12_1.5_300
sCSF,5.4,0.0806052733527375,12_1.5_300
sCSF,5.5,0.0809757068165926,12_1.5_300
sCSF,5.6,0.0813227365724698,12_1.5_300
sCSF,5.7,0.0816472646207243,12_1.5_300
sCSF,5.8,0.0819501594221057,12_1.5_300
sCSF,5.9,0.0822322570761153,12_1.5_300
sCSF,6,0.0824943624702009,12_1.5_300
sCSF,6.1,0.0827372503982704,12_1.5_300
sCSF,6.2,0.0829616666474343,12_1.5_300
sCSF,6.3,0.0831683290524761,12_1.5_300
sCSF,6.4,0.0833579285177726,12_1.5_300
sCSF,6.5,0.0835311300064983,12_1.5_300
sCSF,6.6,0.0836885734974401,12_1.5_300
sCSF,6.7,0.0838308749097704,12_1.5_300
sCSF,6.8,0.0839586269962506,12_1.5_300
sCSF,6.9,0.0840724002053779,12_1.5_300
sCSF,7,0.0841727435133554,12_1.5_300
brain ECF,0,0,12_7.5_250
brain ECF,0.1,0.0109064790645443,12_7.5_250
brain ECF,0.2,0.0358444447442976,12_7.5_250
brain ECF,0.3,0.0650646729345153,12_7.5_250
brain ECF,0.4,0.0825515114036771,12_7.5_250
brain ECF,0.5,0.0932858263031828,12_7.5_250
brain ECF,0.6,0.100876878948517,12_7.5_250
brain ECF,0.7,0.106756647296653,12_7.5_250
brain ECF,0.8,0.111534697032605,12_7.5_250
brain ECF,0.9,0.115503794058898,12_7.5_250
brain ECF,1,0.118829477515701,12_7.5_250
brain ECF,1.1,0.121621896001316,12_7.5_250
brain ECF,1.2,0.123963673389392,12_7.5_250
brain ECF,1.3,0.125921260119039,12_7.5_250
brain ECF,1.4,0.127550002403251,12_7.5_250
brain ECF,1.5,0.128896754290045,12_7.5_250
brain ECF,1.6,0.130001472134423,12_7.5_250
brain ECF,1.7,0.130898341610186,12_7.5_250
brain ECF,1.8,0.131616654554242,12_7.5_250
brain ECF,1.9,0.132181527355162,12_7.5_250
brain ECF,2,0.132614504342599,12_7.5_250
brain ECF,2.1,0.132934070350903,12_7.5_250
brain ECF,2.2,0.133156088341074,12_7.5_250
brain ECF,2.3,0.133294173793063,12_7.5_250
brain ECF,2.4,0.133360015472864,12_7.5_250
brain ECF,2.5,0.133363650115997,12_7.5_250
brain ECF,2.6,0.133313697974432,12_7.5_250
brain ECF,2.7,0.133217564632243,12_7.5_250
brain ECF,2.8,0.133081613966736,12_7.5_250
brain ECF,2.9,0.132911316450254,12_7.5_250
brain ECF,3,0.132711376248166,12_7.5_250
brain ECF,3.1,0.132485840167937,12_7.5_250
brain ECF,3.2,0.13223819105642,12_7.5_250
brain ECF,3.3,0.131971427868573,12_7.5_250
brain ECF,3.4,0.131688134289966,12_7.5_250
brain ECF,3.5,0.131390537598319,12_7.5_250
brain ECF,3.6,0.13108055910206,12_7.5_250
brain ECF,3.7,0.130759857392975,12_7.5_250
brain ECF,3.8,0.13042986544675,12_7.5_250
brain ECF,3.9,0.130091822417413,12_7.5_250
brain ECF,4,0.129746800910794,12_7.5_250
brain ECF,4.1,0.129395730379813,12_7.5_250
brain ECF,4.2,0.129039417182884,12_7.5_250
brain ECF,4.3,0.128678561791963,12_7.5_250
brain ECF,4.4,0.128313773556553,12_7.5_250
brain ECF,4.5,0.127945583369862,12_7.5_250
brain ECF,4.6,0.127574454536792,12_7.5_250
brain ECF,4.7,0.127200792102678,12_7.5_250
brain ECF,4.8,0.126824950859752,12_7.5_250
brain ECF,4.9,0.126447242220743,12_7.5_250
brain ECF,5,0.126067940122952,12_7.5_250
brain ECF,5.1,0.125687286098728,12_7.5_250
brain ECF,5.2,0.125305493630806,12_7.5_250
brain ECF,5.3,0.124922751896764,12_7.5_250
brain ECF,5.4,0.124539228987989,12_7.5_250
brain ECF,5.5,0.124155074677313,12_7.5_250
brain ECF,5.6,0.123770422800921,12_7.5_250
brain ECF,5.7,0.123385393308852,12_7.5_250
brain ECF,5.8,0.123000094030402,12_7.5_250
brain ECF,5.9,0.122614622195671,12_7.5_250
brain ECF,6,0.122229065747765,12_7.5_250
brain ECF,6.1,0.121843504475013,12_7.5_250
brain ECF,6.2,0.121458010988439,12_7.5_250
brain ECF,6.3,0.121072651566918,12_7.5_250
brain ECF,6.4,0.12068748688844,12_7.5_250
brain ECF,6.5,0.120302572663125,12_7.5_250
brain ECF,6.6,0.119917960182261,12_7.5_250
brain ECF,6.7,0.119533696795021,12_7.5_250
brain ECF,6.8,0.119149826322895,12_7.5_250
brain ECF,6.9,0.118766389420401,12_7.5_250
brain ECF,7,0.118383423889904,12_7.5_250
brain ICF,0,0,12_7.5_250
brain ICF,0.1,0.000145946810530996,12_7.5_250
brain ICF,0.2,0.00100022110158177,12_7.5_250
brain ICF,0.3,0.0029010207305248,12_7.5_250
brain ICF,0.4,0.00562494089815299,12_7.5_250
brain ICF,0.5,0.00876271336806398,12_7.5_250
brain ICF,0.6,0.0121219463455438,12_7.5_250
brain ICF,0.7,0.0156062999620351,12_7.5_250
brain ICF,0.8,0.0191592523317263,12_7.5_250
brain ICF,0.9,0.0227425832700569,12_7.5_250
brain ICF,1,0.0263278544998298,12_7.5_250
brain ICF,1.1,0.0298927972876133,12_7.5_250
brain ICF,1.2,0.0334195890338226,12_7.5_250
brain ICF,1.3,0.0368938872554978,12_7.5_250
brain ICF,1.4,0.0403041923244493,12_7.5_250
brain ICF,1.5,0.0436413728188232,12_7.5_250
brain ICF,1.6,0.0468982859167118,12_7.5_250
brain ICF,1.7,0.0500694627413644,12_7.5_250
brain ICF,1.8,0.0531508432144562,12_7.5_250
brain ICF,1.9,0.056139551029365,12_7.5_250
brain ICF,2,0.0590337021301704,12_7.5_250
brain ICF,2.1,0.061832241561748,12_7.5_250
brain ICF,2.2,0.0645348044808371,12_7.5_250
brain ICF,2.3,0.067141597825486,12_7.5_250
brain ICF,2.4,0.0696532995911374,12_7.5_250
brain ICF,2.5,0.0720709732535191,12_7.5_250
brain ICF,2.6,0.0743959950454756,12_7.5_250
brain ICF,2.7,0.0766299922939979,12_7.5_250
brain ICF,2.8,0.0787747911969379,12_7.5_250
brain ICF,2.9,0.0808323726450436,12_7.5_250
brain ICF,3,0.0828048349405741,12_7.5_250
brain ICF,3.1,0.0846943623977566,12_7.5_250
brain ICF,3.2,0.0865031989632096,12_7.5_250
brain ICF,3.3,0.0882336261191572,12_7.5_250
brain ICF,3.4,0.0898879444456744,12_7.5_250
brain ICF,3.5,0.0914684582851204,12_7.5_250
brain ICF,3.6,0.092977463066077,12_7.5_250
brain ICF,3.7,0.0944172348791488,12_7.5_250
brain ICF,3.8,0.0957900219645701,12_7.5_250
brain ICF,3.9,0.0970980378330395,12_7.5_250
brain ICF,4,0.0983434557628621,12_7.5_250
brain ICF,4.1,0.0995284044633308,12_7.5_250
brain ICF,4.2,0.100654964727529,12_7.5_250
brain ICF,4.3,0.101725166916698,12_7.5_250
brain ICF,4.4,0.102740989144669,12_7.5_250
brain ICF,4.5,0.103704356050694,12_7.5_250
brain ICF,4.6,0.104617138064481,12_7.5_250
brain ICF,4.7,0.105481151080944,12_7.5_250
brain ICF,4.8,0.106298156475712,12_7.5_250
brain ICF,4.9,0.107069861401743,12_7.5_250
brain ICF,5,0.107797919316116,12_7.5_250
brain ICF,5.1,0.108483930694783,12_7.5_250
brain ICF,5.2,0.109129443898812,12_7.5_250
brain ICF,5.3,0.109735956160744,12_7.5_250
brain ICF,5.4,0.110304914665397,12_7.5_250
brain ICF,5.5,0.110837717703108,12_7.5_250
brain ICF,5.6,0.111335715876544,12_7.5_250
brain ICF,5.7,0.111800213345621,12_7.5_250
brain ICF,5.8,0.112232469097486,12_7.5_250
brain ICF,5.9,0.112633698230473,12_7.5_250
brain ICF,6,0.113005073242971,12_7.5_250
brain ICF,6.1,0.11334772531968,12_7.5_250
brain ICF,6.2,0.113662745608976,12_7.5_250
brain ICF,6.3,0.113951186486298,12_7.5_250
brain ICF,6.4,0.114214062799477,12_7.5_250
brain ICF,6.5,0.11445235309258,12_7.5_250
brain ICF,6.6,0.114667000805715,12_7.5_250
brain ICF,6.7,0.114858915448732,12_7.5_250
brain ICF,6.8,0.115028973747278,12_7.5_250
brain ICF,6.9,0.115178020759974,12_7.5_250
brain ICF,7,0.11530687096609,12_7.5_250
sCSF,0,0,12_7.5_250
sCSF,0.1,0.00017993285011687,12_7.5_250
sCSF,0.2,0.00122890091387094,12_7.5_250
sCSF,0.3,0.00355403813511197,12_7.5_250
sCSF,0.4,0.00686922842287686,12_7.5_250
sCSF,0.5,0.0106645638139814,12_7.5_250
sCSF,0.6,0.0147009757223333,12_7.5_250
sCSF,0.7,0.0188593585701445,12_7.5_250
sCSF,0.8,0.0230705014050421,12_7.5_250
sCSF,0.9,0.0272882342208513,12_7.5_250
sCSF,1,0.0314787591224218,12_7.5_250
sCSF,1.1,0.0356160991636848,12_7.5_250
sCSF,1.2,0.039679907268781,12_7.5_250
sCSF,1.3,0.0436542257726925,12_7.5_250
sCSF,1.4,0.0475266619754734,12_7.5_250
sCSF,1.5,0.0512877719091218,12_7.5_250
sCSF,1.6,0.0549305673241048,12_7.5_250
sCSF,1.7,0.0584501076744254,12_7.5_250
sCSF,1.8,0.0618431572203102,12_7.5_250
sCSF,1.9,0.0651078950009193,12_7.5_250
sCSF,2,0.0682436689651329,12_7.5_250
sCSF,2.1,0.0712507874616907,12_7.5_250
sCSF,2.2,0.0741303425013142,12_7.5_250
sCSF,2.3,0.076884060138596,12_7.5_250
sCSF,2.4,0.0795141739219611,12_7.5_250
sCSF,2.5,0.0820233181449009,12_7.5_250
sCSF,2.6,0.0844144378589882,12_7.5_250
sCSF,2.7,0.0866907132702416,12_7.5_250
sCSF,2.8,0.0888554963732728,12_7.5_250
sCSF,2.9,0.0909122579796945,12_7.5_250
sCSF,3,0.0928645436229346,12_7.5_250
sCSF,3.1,0.0947159370008358,12_7.5_250
sCSF,3.2,0.0964700298209744,12_7.5_250
sCSF,3.3,0.0981303970793233,12_7.5_250
sCSF,3.4,0.0997005769531393,12_7.5_250
sCSF,3.5,0.101184054579597,12_7.5_250
sCSF,3.6,0.102584249140696,12_7.5_250
sCSF,3.7,0.10390450372355,12_7.5_250
sCSF,3.8,0.105148077514442,12_7.5_250
sCSF,3.9,0.106318139964866,12_7.5_250
sCSF,4,0.107417766598412,12_7.5_250
sCSF,4.1,0.108449936188442,12_7.5_250
sCSF,4.2,0.109417529079738,12_7.5_250
sCSF,4.3,0.110323326453244,12_7.5_250
sCSF,4.4,0.111170010367348,12_7.5_250
sCSF,4.5,0.111960164434981,12_7.5_250
sCSF,4.6,0.112696275016187,12_7.5_250
sCSF,4.7,0.113380732823969,12_7.5_250
sCSF,4.8,0.114015834858451,12_7.5_250
sCSF,4.9,0.114603786596698,12_7.5_250
sCSF,5,0.115146704377068,12_7.5_250
sCSF,5.1,0.115646617927729,12_7.5_250
sCSF,5.2,0.116105472996547,12_7.5_250
sCSF,5.3,0.11652513404641,12_7.5_250
sCSF,5.4,0.116907386986913,12_7.5_250
sCSF,5.5,0.117253941917934,12_7.5_250
sCSF,5.6,0.117566435864988,12_7.5_250
sCSF,5.7,0.117846435490222,12_7.5_250
sCSF,5.8,0.118095439765769,12_7.5_250
sCSF,5.9,0.118314882598923,12_7.5_250
sCSF,6,0.118506135400922,12_7.5_250
sCSF,6.1,0.118670509592912,12_7.5_250
sCSF,6.2,0.118809259044068,12_7.5_250
sCSF,6.3,0.118923582438577,12_7.5_250
sCSF,6.4,0.119014625569116,12_7.5_250
sCSF,6.5,0.11908348355498,12_7.5_250
sCSF,6.6,0.11913120298445,12_7.5_250
sCSF,6.7,0.119158783981245,12_7.5_250
sCSF,6.8,0.119167182195465,12_7.5_250
sCSF,6.9,0.119157310719603,12_7.5_250
sCSF,7,0.119130041931315,12_7.5_250
brain ECF,0,0,12_7.5_300
brain ECF,0.1,0.0108317094879008,12_7.5_300
brain ECF,0.2,0.0353577255835267,12_7.5_300
brain ECF,0.3,0.0637241946186307,12_7.5_300
brain ECF,0.4,0.0801054467387217,12_7.5_300
brain ECF,0.5,0.0897234449411943,12_7.5_300
brain ECF,0.6,0.0962826201922421,12_7.5_300
brain ECF,0.7,0.101247752674994,12_7.5_300
brain ECF,0.8,0.105236412695427,12_7.5_300
brain ECF,0.9,0.10853911333081,12_7.5_300
brain ECF,1,0.111314721700938,12_7.5_300
brain ECF,1.1,0.113664788398355,12_7.5_300
brain ECF,1.2,0.115662576920364,12_7.5_300
brain ECF,1.3,0.117365017287963,12_7.5_300
brain ECF,1.4,0.118818117074261,12_7.5_300
brain ECF,1.5,0.120059778630412,12_7.5_300
brain ECF,1.6,0.121121517648366,12_7.5_300
brain ECF,1.7,0.122029661381301,12_7.5_300
brain ECF,1.8,0.122806260212338,12_7.5_300
brain ECF,1.9,0.123469815004934,12_7.5_300
brain ECF,2,0.124035871270718,12_7.5_300
brain ECF,2.1,0.124517509916101,12_7.5_300
brain ECF,2.2,0.124925754648192,12_7.5_300
brain ECF,2.3,0.125269910906233,12_7.5_300
brain ECF,2.4,0.125557848299601,12_7.5_300
brain ECF,2.5,0.12579623583402,12_7.5_300
brain ECF,2.6,0.125990738163304,12_7.5_300
brain ECF,2.7,0.126146179166869,12_7.5_300
brain ECF,2.8,0.126266678360049,12_7.5_300
brain ECF,2.9,0.126355764729092,12_7.5_300
brain ECF,3,0.126416471684997,12_7.5_300
brain ECF,3.1,0.126451416306856,12_7.5_300
brain ECF,3.2,0.126462865491609,12_7.5_300
brain ECF,3.3,0.126452791191094,12_7.5_300
brain ECF,3.4,0.126422916534917,12_7.5_300
brain ECF,3.5,0.126374754394,12_7.5_300
brain ECF,3.6,0.126309639597816,12_7.5_300
brain ECF,3.7,0.126228755886572,12_7.5_300
brain ECF,3.8,0.12613315847674,12_7.5_300
brain ECF,3.9,0.126023792945146,12_7.5_300
brain ECF,4,0.125901511061651,12_7.5_300
brain ECF,4.1,0.12576708407333,12_7.5_300
brain ECF,4.2,0.125621213854031,12_7.5_300
brain ECF,4.3,0.125464542278903,12_7.5_300
brain ECF,4.4,0.125297659116386,12_7.5_300
brain ECF,4.5,0.125121108680377,12_7.5_300
brain ECF,4.6,0.124935395446881,12_7.5_300
brain ECF,4.7,0.124740988806444,12_7.5_300
brain ECF,4.8,0.124538327092447,12_7.5_300
brain ECF,4.9,0.124327821004063,12_7.5_300
brain ECF,5,0.124109856523334,12_7.5_300
brain ECF,5.1,0.12388479740722,12_7.5_300
brain ECF,5.2,0.123652987323164,12_7.5_300
brain ECF,5.3,0.12341475168666,12_7.5_300
brain ECF,5.4,0.123170399247632,12_7.5_300
brain ECF,5.5,0.122920223465247,12_7.5_300
brain ECF,5.6,0.122664503705188,12_7.5_300
brain ECF,5.7,0.122403506286869,12_7.5_300
brain ECF,5.8,0.122137485403505,12_7.5_300
brain ECF,5.9,0.121866683934847,12_7.5_300
brain ECF,6,0.12159133416879,12_7.5_300
brain ECF,6.1,0.121311658445319,12_7.5_300
brain ECF,6.2,0.121027869734084,12_7.5_300
brain ECF,6.3,0.120740172155437,12_7.5_300
brain ECF,6.4,0.120448761452805,12_7.5_300
brain ECF,6.5,0.120153825422961,12_7.5_300
brain ECF,6.6,0.119855544310063,12_7.5_300
brain ECF,6.7,0.119554091168169,12_7.5_300
brain ECF,6.8,0.119249632196203,12_7.5_300
brain ECF,6.9,0.118942327048704,12_7.5_300
brain ECF,7,0.118632329125406,12_7.5_300
brain ICF,0,0,12_7.5_300
brain ICF,0.1,0.000173900329576307,12_7.5_300
brain ICF,0.2,0.00118336150865839,12_7.5_300
brain ICF,0.3,0.00340814521125505,12_7.5_300
brain ICF,0.4,0.00655610420299679,12_7.5_300
brain ICF,0.5,0.0101283963371385,12_7.5_300
brain ICF,0.6,0.0138967115912823,12_7.5_300
brain ICF,0.7,0.0177518009099301,12_7.5_300
brain ICF,0.8,0.0216334133315094,12_7.5_300
brain ICF,0.9,0.0255034315535473,12_7.5_300
brain ICF,1,0.0293352064034439,12_7.5_300
brain ICF,1.1,0.0331090282462204,12_7.5_300
brain ICF,1.2,0.0368099750091259,12_7.5_300
brain ICF,1.3,0.0404267227978306,12_7.5_300
brain ICF,1.4,0.0439507801377549,12_7.5_300
brain ICF,1.5,0.0473759344470037,12_7.5_300
brain ICF,1.6,0.0506978229825104,12_7.5_300
brain ICF,1.7,0.0539135880009726,12_7.5_300
brain ICF,1.8,0.0570215948111053,12_7.5_300
brain ICF,1.9,0.0600211994956505,12_7.5_300
brain ICF,2,0.062912556978269,12_7.5_300
brain ICF,2.1,0.0656964622967885,12_7.5_300
brain ICF,2.2,0.068374219360907,12_7.5_300
brain ICF,2.3,0.0709475325488869,12_7.5_300
brain ICF,2.4,0.0734184172224878,12_7.5_300
brain ICF,2.5,0.0757891260597279,12_7.5_300
brain ICF,2.6,0.078062088428673,12_7.5_300
brain ICF,2.7,0.0802398606689613,12_7.5_300
brain ICF,2.8,0.0823250854146043,12_7.5_300
brain ICF,2.9,0.0843204584017873,12_7.5_300
brain ICF,3,0.0862287015096189,12_7.5_300
brain ICF,3.1,0.0880525409602571,12_7.5_300
brain ICF,3.2,0.0897946897934,12_7.5_300
brain ICF,3.3,0.0914578338783875,12_7.5_300
brain ICF,3.4,0.0930446208569018,12_7.5_300
brain ICF,3.5,0.094557651493358,12_7.5_300
brain ICF,3.6,0.0959994730245466,12_7.5_300
brain ICF,3.7,0.097372574146338,12_7.5_300
brain ICF,3.8,0.098679381344007,12_7.5_300
brain ICF,3.9,0.0999222563303725,12_7.5_300
brain ICF,4,0.101103494382939,12_7.5_300
brain ICF,4.1,0.102225323413758,12_7.5_300
brain ICF,4.2,0.103289903635372,12_7.5_300
brain ICF,4.3,0.104299327705351,12_7.5_300
brain ICF,4.4,0.105255621254333,12_7.5_300
brain ICF,4.5,0.106160743719143,12_7.5_300
brain ICF,4.6,0.107016589415588,12_7.5_300
brain ICF,4.7,0.107824988796815,12_7.5_300
brain ICF,4.8,0.108587709853295,12_7.5_300
brain ICF,4.9,0.10930645961777,12_7.5_300
brain ICF,5,0.109982885745166,12_7.5_300
brain ICF,5.1,0.110618578143265,12_7.5_300
brain ICF,5.2,0.111215070634106,12_7.5_300
brain ICF,5.3,0.111773842629795,12_7.5_300
brain ICF,5.4,0.112296320809793,12_7.5_300
brain ICF,5.5,0.112783880789108,12_7.5_300
brain ICF,5.6,0.113237848768976,12_7.5_300
brain ICF,5.7,0.113659503163503,12_7.5_300
brain ICF,5.8,0.114050076196989,12_7.5_300
brain ICF,5.9,0.114410755468018,12_7.5_300
brain ICF,6,0.114742685477347,12_7.5_300
brain ICF,6.1,0.115046969117422,12_7.5_300
brain ICF,6.2,0.115324669121896,12_7.5_300
brain ICF,6.3,0.115576809474332,12_7.5_300
brain ICF,6.4,0.11580437677555,12_7.5_300
brain ICF,6.5,0.116008321569281,12_7.5_300
brain ICF,6.6,0.116189559626406,12_7.5_300
brain ICF,6.7,0.116348973188101,12_7.5_300
brain ICF,6.8,0.116487412168416,12_7.5_300
brain ICF,6.9,0.116605695316816,12_7.5_300
brain ICF,7,0.116704611341768,12_7.5_300
sCSF,0,0,12_7.5_300
sCSF,0.1,0.000179031980830661,12_7.5_300
sCSF,0.2,0.00121662156102713,12_7.5_300
sCSF,0.3,0.00350143325600221,12_7.5_300
sCSF,0.4,0.00673129562113964,12_7.5_300
sCSF,0.5,0.0103929711413261,12_7.5_300
sCSF,0.6,0.0142517245497504,12_7.5_300
sCSF,0.7,0.0181953385490497,12_7.5_300
sCSF,0.8,0.0221620344543144,12_7.5_300
sCSF,0.9,0.026112828709347,12_7.5_300
sCSF,1,0.0300205534850019,12_7.5_300
sCSF,1.1,0.0338651913900916,12_7.5_300
sCSF,1.2,0.0376316561768784,12_7.5_300
sCSF,1.3,0.0413085647414781,12_7.5_300
sCSF,1.4,0.0448874458358619,12_7.5_300
sCSF,1.5,0.0483621678808004,12_7.5_300
sCSF,1.6,0.0517284954681458,12_7.5_300
sCSF,1.7,0.0549837330233414,12_7.5_300
sCSF,1.8,0.0581264335957943,12_7.5_300
sCSF,1.9,0.0611561590953355,12_7.5_300
sCSF,2,0.0640732823152666,12_7.5_300
sCSF,2.1,0.066878823343156,12_7.5_300
sCSF,2.2,0.0695743144274161,12_7.5_300
sCSF,2.3,0.0721616884832771,12_7.5_300
sCSF,2.4,0.0746431871734306,12_7.5_300
sCSF,2.5,0.0770212853490195,12_7.5_300
sCSF,2.6,0.0792986289728793,12_7.5_300
sCSF,2.7,0.0814779843138983,12_7.5_300
sCSF,2.8,0.083562196478357,12_7.5_300
sCSF,2.9,0.0855541556659092,12_7.5_300
sCSF,3,0.0874567698532007,12_7.5_300
sCSF,3.1,0.0892729427933133,12_7.5_300
sCSF,3.2,0.0910055564147683,12_7.5_300
sCSF,3.3,0.0926574568575316,12_7.5_300
sCSF,3.4,0.0942314435179164,12_7.5_300
sCSF,3.5,0.0957302605616758,12_7.5_300
sCSF,3.6,0.0971565904829331,12_7.5_300
sCSF,3.7,0.0985130493347765,12_7.5_300
sCSF,3.8,0.0998021833285535,12_7.5_300
sCSF,3.9,0.101026466558427,12_7.5_300
sCSF,4,0.102188299635959,12_7.5_300
sCSF,4.1,0.103290009063427,12_7.5_300
sCSF,4.2,0.104333847205211,12_7.5_300
sCSF,4.3,0.105321992736504,12_7.5_300
sCSF,4.4,0.106256551471761,12_7.5_300
sCSF,4.5,0.107139557492479,12_7.5_300
sCSF,4.6,0.107972974507408,12_7.5_300
sCSF,4.7,0.108758697389977,12_7.5_300
sCSF,4.8,0.109498553848148,12_7.5_300
sCSF,4.9,0.110194306189515,12_7.5_300
sCSF,5,0.110847653151273,12_7.5_300
sCSF,5.1,0.11146023177067,12_7.5_300
sCSF,5.2,0.11203361927582,12_7.5_300
sCSF,5.3,0.112569334980641,12_7.5_300
sCSF,5.4,0.113068842171099,12_7.5_300
sCSF,5.5,0.113533549972344,12_7.5_300
sCSF,5.6,0.113964815188613,12_7.5_300
sCSF,5.7,0.114363944109604,12_7.5_300
sCSF,5.8,0.114732194278369,12_7.5_300
sCSF,5.9,0.115070776217096,12_7.5_300
sCSF,6,0.115380855108207,12_7.5_300
sCSF,6.1,0.115663552428872,12_7.5_300
sCSF,6.2,0.115919947537688,12_7.5_300
sCSF,6.3,0.116151079213034,12_7.5_300
sCSF,6.4,0.116357947142929,12_7.5_300
sCSF,6.5,0.116541513366321,12_7.5_300
sCSF,6.6,0.116702703666465,12_7.5_300
sCSF,6.7,0.116842408917003,12_7.5_300
sCSF,6.8,0.116961486381578,12_7.5_300
sCSF,6.9,0.117060760967792,12_7.5_300
sCSF,7,0.117141026436902,12_7.5_300
brain ECF,0,0,15_1.5_250
brain ECF,0.1,0.00925487635464756,15_1.5_250
brain ECF,0.2,0.0303928693765063,15_1.5_250
brain ECF,0.3,0.0551643808533136,15_1.5_250
brain ECF,0.4,0.0700196272526769,15_1.5_250
brain ECF,0.5,0.0791725490035611,15_1.5_250
brain ECF,0.6,0.0856690899215334,15_1.5_250
brain ECF,0.7,0.0907176109165223,15_1.5_250
brain ECF,0.8,0.0948324531312737,15_1.5_250
brain ECF,0.9,0.0982606740591881,15_1.5_250
brain ECF,1,0.101142030851716,15_1.5_250
brain ECF,1.1,0.103569591359361,15_1.5_250
brain ECF,1.2,0.105613235981136,15_1.5_250
brain ECF,1.3,0.107329224137762,15_1.5_250
brain ECF,1.4,0.108764461518391,15_1.5_250
brain ECF,1.5,0.109958695983014,15_1.5_250
brain ECF,1.6,0.110945856686604,15_1.5_250
brain ECF,1.7,0.111755000343736,15_1.5_250
brain ECF,1.8,0.112411047693379,15_1.5_250
brain ECF,1.9,0.112935387289489,15_1.5_250
brain ECF,2,0.113346383066003,15_1.5_250
brain ECF,2.1,0.113659805892683,15_1.5_250
brain ECF,2.2,0.11388920237781,15_1.5_250
brain ECF,2.3,0.114046210682463,15_1.5_250
brain ECF,2.4,0.114140831355402,15_1.5_250
brain ECF,2.5,0.114181659478411,15_1.5_250
brain ECF,2.6,0.114176083923664,15_1.5_250
brain ECF,2.7,0.114130458238268,15_1.5_250
brain ECF,2.8,0.114050247236106,15_1.5_250
brain ECF,2.9,0.113940152807543,15_1.5_250
brain ECF,3,0.113804221844152,15_1.5_250
brain ECF,3.1,0.113645938839113,15_1.5_250
brain ECF,3.2,0.113468305344962,15_1.5_250
brain ECF,3.3,0.113273908156006,15_1.5_250
brain ECF,3.4,0.11306497779907,15_1.5_250
brain ECF,3.5,0.112843438751642,15_1.5_250
brain ECF,3.6,0.112610952514289,15_1.5_250
brain ECF,3.7,0.112368954581512,15_1.5_250
brain ECF,3.8,0.11211868618356,15_1.5_250
brain ECF,3.9,0.111861221514176,15_1.5_250
brain ECF,4,0.111597491108482,15_1.5_250
brain ECF,4.1,0.111328301915366,15_1.5_250
brain ECF,4.2,0.111054354522888,15_1.5_250
brain ECF,4.3,0.110776257949668,15_1.5_250
brain ECF,4.4,0.110494542347138,15_1.5_250
brain ECF,4.5,0.110209669906982,15_1.5_250
brain ECF,4.6,0.109922044228592,15_1.5_250
brain ECF,4.7,0.109632018367156,15_1.5_250
brain ECF,4.8,0.109339901747222,15_1.5_250
brain ECF,4.9,0.109045966103366,15_1.5_250
brain ECF,5,0.108750450587471,15_1.5_250
brain ECF,5.1,0.108453566158738,15_1.5_250
brain ECF,5.2,0.108155499357855,15_1.5_250
brain ECF,5.3,0.107856415554563,15_1.5_250
brain ECF,5.4,0.107556461741819,15_1.5_250
brain ECF,5.5,0.107255768940202,15_1.5_250
brain ECF,5.6,0.106954454268889,15_1.5_250
brain ECF,5.7,0.106652622729899,15_1.5_250
brain ECF,5.8,0.10635036874545,15_1.5_250
brain ECF,5.9,0.106047777483953,15_1.5_250
brain ECF,6,0.105744926004382,15_1.5_250
brain ECF,6.1,0.105441884244371,15_1.5_250
brain ECF,6.2,0.105138715873812,15_1.5_250
brain ECF,6.3,0.104835479033373,15_1.5_250
brain ECF,6.4,0.104532226973845,15_1.5_250
brain ECF,6.5,0.104229008609896,15_1.5_250
brain ECF,6.6,0.103925869000584,15_1.5_250
brain ECF,6.7,0.103622849766755,15_1.5_250
brain ECF,6.8,0.103319989454021,15_1.5_250
brain ECF,6.9,0.103017323848804,15_1.5_250
brain ECF,7,0.102714886254204,15_1.5_250
brain ICF,0,0,15_1.5_250
brain ICF,0.1,0.000123992560098586,15_1.5_250
brain ICF,0.2,0.000848459738451067,15_1.5_250
brain ICF,0.3,0.00246007002867909,15_1.5_250
brain ICF,0.4,0.00476994662910816,15_1.5_250
brain ICF,0.5,0.00743229749886461,15_1.5_250
brain ICF,0.6,0.0102844967953584,15_1.5_250
brain ICF,0.7,0.0132449860574258,15_1.5_250
brain ICF,0.8,0.0162658157163308,15_1.5_250
brain ICF,0.9,0.0193144889796237,15_1.5_250
brain ICF,1,0.0223667742196832,15_1.5_250
brain ICF,1.1,0.0254036584282991,15_1.5_250
brain ICF,1.2,0.0284098941789952,15_1.5_250
brain ICF,1.3,0.0313731851839443,15_1.5_250
brain ICF,1.4,0.0342836488106548,15_1.5_250
brain ICF,1.5,0.0371334154556644,15_1.5_250
brain ICF,1.6,0.0399163078461046,15_1.5_250
brain ICF,1.7,0.0426275749545441,15_1.5_250
brain ICF,1.8,0.045263667557618,15_1.5_250
brain ICF,1.9,0.0478220475656856,15_1.5_250
brain ICF,2,0.050301025580285,15_1.5_250
brain ICF,2.1,0.0526996223756612,15_1.5_250
brain ICF,2.2,0.05501745077342,15_1.5_250
brain ICF,2.3,0.0572546149706317,15_1.5_250
brain ICF,2.4,0.059411624757298,15_1.5_250
brain ICF,2.5,0.0614893225553507,15_1.5_250
brain ICF,2.6,0.0634888213488034,15_1.5_250
brain ICF,2.7,0.0654114519944367,15_1.5_250
brain ICF,2.8,0.0672587185460571,15_1.5_250
brain ICF,2.9,0.0690322604158999,15_1.5_250
brain ICF,3,0.0707338204021166,15_1.5_250
brain ICF,3.1,0.0723652177247425,15_1.5_250
brain ICF,3.2,0.0739283253401717,15_1.5_250
brain ICF,3.3,0.0754250509098322,15_1.5_250
brain ICF,3.4,0.0768573208939459,15_1.5_250
brain ICF,3.5,0.0782270672975797,15_1.5_250
brain ICF,3.6,0.0795362166930499,15_1.5_250
brain ICF,3.7,0.0807866811717434,15_1.5_250
brain ICF,3.8,0.0819803509359401,15_1.5_250
brain ICF,3.9,0.0831190882932329,15_1.5_250
brain ICF,4,0.0842047228343624,15_1.5_250
brain ICF,4.1,0.0852390476150555,15_1.5_250
brain ICF,4.2,0.0862238161908151,15_1.5_250
brain ICF,4.3,0.0871607403695184,15_1.5_250
brain ICF,4.4,0.0880514885692423,15_1.5_250
brain ICF,4.5,0.0888976846855464,15_1.5_250
brain ICF,4.6,0.0897009073856928,15_1.5_250
brain ICF,4.7,0.090462689758881,15_1.5_250
brain ICF,4.8,0.0911845192632273,15_1.5_250
brain ICF,4.9,0.0918678379180987,15_1.5_250
brain ICF,5,0.0925140426979049,15_1.5_250
brain ICF,5.1,0.0931244860909065,15_1.5_250
brain ICF,5.2,0.0937004767915384,15_1.5_250
brain ICF,5.3,0.0942432804990803,15_1.5_250
brain ICF,5.4,0.0947541208004426,15_1.5_250
brain ICF,5.5,0.0952341801179792,15_1.5_250
brain ICF,5.6,0.0956846007059211,15_1.5_250
brain ICF,5.7,0.0961064856819763,15_1.5_250
brain ICF,5.8,0.0965009000827223,15_1.5_250
brain ICF,5.9,0.0968688719331106,15_1.5_250
brain ICF,6,0.097211393322138,15_1.5_250
brain ICF,6.1,0.0975294214780902,15_1.5_250
brain ICF,6.2,0.0978238798378355,15_1.5_250
brain ICF,6.3,0.0980956591056687,15_1.5_250
brain ICF,6.4,0.0983456182980961,15_1.5_250
brain ICF,6.5,0.0985745857715196,15_1.5_250
brain ICF,6.6,0.0987833602305126,15_1.5_250
brain ICF,6.7,0.0989727117148504,15_1.5_250
brain ICF,6.8,0.0991433825638726,15_1.5_250
brain ICF,6.9,0.0992960883570496,15_1.5_250
brain ICF,7,0.099431518830158,15_1.5_250
sCSF,0,0,15_1.5_250
sCSF,0.1,0.000151182267894614,15_1.5_250
sCSF,0.2,0.00103677106199071,15_1.5_250
sCSF,0.3,0.00300327488334681,15_1.5_250
sCSF,0.4,0.00581127939154974,15_1.5_250
sCSF,0.5,0.00902929516733499,15_1.5_250
sCSF,0.6,0.0124547192803389,15_1.5_250
sCSF,0.7,0.0159865051353361,15_1.5_250
sCSF,0.8,0.0195658376958499,15_1.5_250
sCSF,0.9,0.0231534023477459,15_1.5_250
sCSF,1,0.0267203575779281,15_1.5_250
sCSF,1.1,0.0302444865038367,15_1.5_250
sCSF,1.2,0.0337083455112316,15_1.5_250
sCSF,1.3,0.0370982167107067,15_1.5_250
sCSF,1.4,0.0404034117414867,15_1.5_250
sCSF,1.5,0.0436157511578071,15_1.5_250
sCSF,1.6,0.0467291475926604,15_1.5_250
sCSF,1.7,0.0497392604689368,15_1.5_250
sCSF,1.8,0.052643205531827,15_1.5_250
sCSF,1.9,0.0554393089180936,15_1.5_250
sCSF,2,0.0581268984536209,15_1.5_250
sCSF,2.1,0.0607061264759641,15_1.5_250
sCSF,2.2,0.0631778194923753,15_1.5_250
sCSF,2.3,0.0655433507660062,15_1.5_250
sCSF,2.4,0.0678045324236955,15_1.5_250
sCSF,2.5,0.0699635243372584,15_1.5_250
sCSF,2.6,0.0720227572175772,15_1.5_250
sCSF,2.7,0.0739848679170959,15_1.5_250
sCSF,2.8,0.0758526451296253,15_1.5_250
sCSF,2.9,0.077628983930983,15_1.5_250
sCSF,3,0.0793168478765047,15_1.5_250
sCSF,3.1,0.0809192375232749,15_1.5_250
sCSF,3.2,0.082439164415039,15_1.5_250
sCSF,3.3,0.0838796297082257,15_1.5_250
sCSF,3.4,0.0852436067437267,15_1.5_250
sCSF,3.5,0.0865340269454222,15_1.5_250
sCSF,3.6,0.0877537685529503,15_1.5_250
sCSF,3.7,0.088905647736508,15_1.5_250
sCSF,3.8,0.0899924117174984,15_1.5_250
sCSF,3.9,0.0910167335864265,15_1.5_250
sCSF,4,0.0919812085352588,15_1.5_250
sCSF,4.1,0.0928883512733681,15_1.5_250
sCSF,4.2,0.0937405944330574,15_1.5_250
sCSF,4.3,0.0945402877924939,15_1.5_250
sCSF,4.4,0.0952896981732482,15_1.5_250
sCSF,4.5,0.0959910098915837,15_1.5_250
sCSF,4.6,0.0966463256600796,15_1.5_250
sCSF,4.7,0.0972576678515549,15_1.5_250
sCSF,4.8,0.0978269800521191,15_1.5_250
sCSF,4.9,0.0983561288406192,15_1.5_250
sCSF,5,0.0988469057416288,15_1.5_250
sCSF,5.1,0.0993010293083993,15_1.5_250
sCSF,5.2,0.0997201472986516,15_1.5_250
sCSF,5.3,0.100105838911981,15_1.5_250
sCSF,5.4,0.100459617063555,15_1.5_250
sCSF,5.5,0.100782930672778,15_1.5_250
sCSF,5.6,0.101077166949289,15_1.5_250
sCSF,5.7,0.101343653662153,15_1.5_250
sCSF,5.8,0.101583661380542,15_1.5_250
sCSF,5.9,0.101798405676578,15_1.5_250
sCSF,6,0.101989049283046,15_1.5_250
sCSF,6.1,0.102156704200199,15_1.5_250
sCSF,6.2,0.10230243374714,15_1.5_250
sCSF,6.3,0.102427254554735,15_1.5_250
sCSF,6.4,0.102532138497838,15_1.5_250
sCSF,6.5,0.102618014565074,15_1.5_250
sCSF,6.6,0.102685770665659,15_1.5_250
sCSF,6.7,0.102736255372987,15_1.5_250
sCSF,6.8,0.102770279605173,15_1.5_250
sCSF,6.9,0.102788618242954,15_1.5_250
sCSF,7,0.10279201168626,15_1.5_250
brain ECF,0,0,15_1.5_300
brain ECF,0.1,0.00919133928668378,15_1.5_300
brain ECF,0.2,0.0299797639772193,15_1.5_300
brain ECF,0.3,0.0540266135071401,15_1.5_300
brain ECF,0.4,0.0679425990496715,15_1.5_300
brain ECF,0.5,0.0761455145741826,15_1.5_300
brain ECF,0.6,0.0817620303171779,15_1.5_300
brain ECF,0.7,0.0860285883419604,15_1.5_300
brain ECF,0.8,0.0894666369790407,15_1.5_300
brain ECF,0.9,0.0923216291886665,15_1.5_300
brain ECF,1,0.0947279342001287,15_1.5_300
brain ECF,1.1,0.0967715574680444,15_1.5_300
brain ECF,1.2,0.0985146304363063,15_1.5_300
brain ECF,1.3,0.100005491324762,15_1.5_300
brain ECF,1.4,0.101283246511716,15_1.5_300
brain ECF,1.5,0.102380144751355,15_1.5_300
brain ECF,1.6,0.10332302564109,15_1.5_300
brain ECF,1.7,0.104134330044319,15_1.5_300
brain ECF,1.8,0.104832869388957,15_1.5_300
brain ECF,1.9,0.105434440051802,15_1.5_300
brain ECF,2,0.105952325716866,15_1.5_300
brain ECF,2.1,0.106397712686089,15_1.5_300
brain ECF,2.2,0.106780034986224,15_1.5_300
brain ECF,2.3,0.107107261742749,15_1.5_300
brain ECF,2.4,0.107386136878328,15_1.5_300
brain ECF,2.5,0.107622378931215,15_1.5_300
brain ECF,2.6,0.107820847920752,15_1.5_300
brain ECF,2.7,0.107985684560501,15_1.5_300
brain ECF,2.8,0.108120426458969,15_1.5_300
brain ECF,2.9,0.108228105178011,15_1.5_300
brain ECF,3,0.108311327267965,15_1.5_300
brain ECF,3.1,0.108372341956354,15_1.5_300
brain ECF,3.2,0.108413097703878,15_1.5_300
brain ECF,3.3,0.108435289472577,15_1.5_300
brain ECF,3.4,0.108440398230028,15_1.5_300
brain ECF,3.5,0.108429724008049,15_1.5_300
brain ECF,3.6,0.108404413544888,15_1.5_300
brain ECF,3.7,0.10836548342992,15_1.5_300
brain ECF,3.8,0.108313839497462,15_1.5_300
brain ECF,3.9,0.108250293069947,15_1.5_300
brain ECF,4,0.108175574587167,15_1.5_300
brain ECF,4.1,0.108090345050488,15_1.5_300
brain ECF,4.2,0.107995205635109,15_1.5_300
brain ECF,4.3,0.107890705777711,15_1.5_300
brain ECF,4.4,0.107777349989506,15_1.5_300
brain ECF,4.5,0.107655603602476,15_1.5_300
brain ECF,4.6,0.107525897623763,15_1.5_300
brain ECF,4.7,0.107388632845155,15_1.5_300
brain ECF,4.8,0.107244183327854,15_1.5_300
brain ECF,4.9,0.107092899364592,15_1.5_300
brain ECF,5,0.106935110004627,15_1.5_300
brain ECF,5.1,0.106771125211168,15_1.5_300
brain ECF,5.2,0.106601237710316,15_1.5_300
brain ECF,5.3,0.106425724581916,15_1.5_300
brain ECF,5.4,0.106244848632728,15_1.5_300
brain ECF,5.5,0.106058859586137,15_1.5_300
brain ECF,5.6,0.105867995117816,15_1.5_300
brain ECF,5.7,0.105672481761126,15_1.5_300
brain ECF,5.8,0.105472535702081,15_1.5_300
brain ECF,5.9,0.105268363481069,15_1.5_300
brain ECF,6,0.105060162615368,15_1.5_300
brain ECF,6.1,0.104848122154148,15_1.5_300
brain ECF,6.2,0.104632423175789,15_1.5_300
brain ECF,6.3,0.104413239236031,15_1.5_300
brain ECF,6.4,0.104190736773831,15_1.5_300
brain ECF,6.5,0.103965075480633,15_1.5_300
brain ECF,6.6,0.103736408638154,15_1.5_300
brain ECF,6.7,0.103504883428811,15_1.5_300
brain ECF,6.8,0.103270641222231,15_1.5_300
brain ECF,6.9,0.103033817840767,15_1.5_300
brain ECF,7,0.102794543806673,15_1.5_300
brain ICF,0,0,15_1.5_300
brain ICF,0.1,0.000147739735164327,15_1.5_300
brain ICF,0.2,0.00100380083204128,15_1.5_300
brain ICF,0.3,0.00289006562336751,15_1.5_300
brain ICF,0.4,0.00555944752538066,15_1.5_300
brain ICF,0.5,0.00859037921274508,15_1.5_300
brain ICF,0.6,0.0117897936329447,15_1.5_300
brain ICF,0.7,0.015065134746849,15_1.5_300
brain ICF,0.8,0.0183652255664826,15_1.5_300
brain ICF,0.9,0.0216575955878259,15_1.5_300
brain ICF,1,0.0249194794241506,15_1.5_300
brain ICF,1.1,0.0281339943168572,15_1.5_300
brain ICF,1.2,0.0312883229552111,15_1.5_300
brain ICF,1.3,0.0343727083324322,15_1.5_300
brain ICF,1.4,0.0373798058947381,15_1.5_300
brain ICF,1.5,0.0403042146813374,15_1.5_300
brain ICF,1.6,0.0431421134728811,15_1.5_300
brain ICF,1.7,0.0458909680320065,15_1.5_300
brain ICF,1.8,0.0485492914818127,15_1.5_300
brain ICF,1.9,0.0511164466915729,15_1.5_300
brain ICF,2,0.0535924828168226,15_1.5_300
brain ICF,2.1,0.0559779999781176,15_1.5_300
brain ICF,2.2,0.0582740372523957,15_1.5_300
brain ICF,2.3,0.0604819800554244,15_1.5_300
brain ICF,2.4,0.0626034836019692,15_1.5_300
brain ICF,2.5,0.0646404098218948,15_1.5_300
brain ICF,2.6,0.0665947753808437,15_1.5_300
brain ICF,2.7,0.0684687089982224,15_1.5_300
brain ICF,2.8,0.0702644164789185,15_1.5_300
brain ICF,2.9,0.0719841521379361,15_1.5_300
brain ICF,3,0.0736301955534188,15_1.5_300
brain ICF,3.1,0.075204832735329,15_1.5_300
brain ICF,3.2,0.0767103409558756,15_1.5_300
brain ICF,3.3,0.0781489766140332,15_1.5_300
brain ICF,3.4,0.0795229656162211,15_1.5_300
brain ICF,3.5,0.0808344958265717,15_1.5_300
brain ICF,3.6,0.0820857112378428,15_1.5_300
brain ICF,3.7,0.0832787075529265,15_1.5_300
brain ICF,3.8,0.0844155289257226,15_1.5_300
brain ICF,3.9,0.0854981656592199,15_1.5_300
brain ICF,4,0.08652855268158,15_1.5_300
brain ICF,4.1,0.0875085686573568,15_1.5_300
brain ICF,4.2,0.0884400356164055,15_1.5_300
brain ICF,4.3,0.0893247189992808,15_1.5_300
brain ICF,4.4,0.0901643280372125,15_1.5_300
brain ICF,4.5,0.0909605163989681,15_1.5_300
brain ICF,4.6,0.0917148830481298,15_1.5_300
brain ICF,4.7,0.0924289732639659,15_1.5_300
brain ICF,4.8,0.0931042797878533,15_1.5_300
brain ICF,4.9,0.0937422440634686,15_1.5_300
brain ICF,5,0.0943442575446737,15_1.5_300
brain ICF,5.1,0.0949116630500644,15_1.5_300
brain ICF,5.2,0.0954457561467173,15_1.5_300
brain ICF,5.3,0.0959477865488846,15_1.5_300
brain ICF,5.4,0.0964189595203338,15_1.5_300
brain ICF,5.5,0.0968604372710485,15_1.5_300
brain ICF,5.6,0.0972733403409008,15_1.5_300
brain ICF,5.7,0.0976587489645126,15_1.5_300
brain ICF,5.8,0.0980177044126501,15_1.5_300
brain ICF,5.9,0.0983512103066421,15_1.5_300
brain ICF,6,0.0986602339031686,15_1.5_300
brain ICF,6.1,0.0989457073474381,15_1.5_300
brain ICF,6.2,0.0992085288932772,15_1.5_300
brain ICF,6.3,0.0994495640893246,15_1.5_300
brain ICF,6.4,0.0996696469308085,15_1.5_300
brain ICF,6.5,0.0998695809765315,15_1.5_300
brain ICF,6.6,0.100050140431243,15_1.5_300
brain ICF,6.7,0.100212071193621,15_1.5_300
brain ICF,6.8,0.100356091870252,15_1.5_300
brain ICF,6.9,0.100482894756031,15_1.5_300
brain ICF,7,0.100593146781848,15_1.5_300
sCSF,0,0,15_1.5_300
sCSF,0.1,0.000150415818489052,15_1.5_300
sCSF,0.2,0.00102634456835008,15_1.5_300
sCSF,0.3,0.00295862153925796,15_1.5_300
sCSF,0.4,0.00569418487138806,15_1.5_300
sCSF,0.5,0.00879865869535573,15_1.5_300
sCSF,0.6,0.0120730424566777,15_1.5_300
sCSF,0.7,0.0154220698062331,15_1.5_300
sCSF,0.8,0.0187931841342724,15_1.5_300
sCSF,0.9,0.0221531375579997,15_1.5_300
sCSF,1,0.0254786982004588,15_1.5_300
sCSF,1.1,0.0287527024159774,15_1.5_300
sCSF,1.2,0.0319621770240477,15_1.5_300
sCSF,1.3,0.0350973000902075,15_1.5_300
sCSF,1.4,0.0381507308967766,15_1.5_300
sCSF,1.5,0.0411171250226565,15_1.5_300
sCSF,1.6,0.0439927581136062,15_1.5_300
sCSF,1.7,0.0467752232814631,15_1.5_300
sCSF,1.8,0.0494631835530109,15_1.5_300
sCSF,1.9,0.0520561678394053,15_1.5_300
sCSF,2,0.0545544022870341,15_1.5_300
sCSF,2.1,0.0569586707727486,15_1.5_300
sCSF,2.2,0.0592701995392079,15_1.5_300
sCSF,2.3,0.0614905619039237,15_1.5_300
sCSF,2.4,0.0636215996065344,15_1.5_300
sCSF,2.5,0.0656653580758744,15_1.5_300
sCSF,2.6,0.0676240331794269,15_1.5_300
sCSF,2.7,0.0694999275817236,15_1.5_300
sCSF,2.8,0.0712954150705013,15_1.5_300
sCSF,2.9,0.073012911482047,15_1.5_300
sCSF,3,0.0746548511228397,15_1.5_300
sCSF,3.1,0.0762236677421155,15_1.5_300
sCSF,3.2,0.0777217792747117,15_1.5_300
sCSF,3.3,0.0791515757044458,15_1.5_300
sCSF,3.4,0.0805154095120166,15_1.5_300
sCSF,3.5,0.0818155882455687,15_1.5_300
sCSF,3.6,0.0830543688530184,15_1.5_300
sCSF,3.7,0.0842339534557683,15_1.5_300
sCSF,3.8,0.0853564863043596,15_1.5_300
sCSF,3.9,0.0864240517073132,15_1.5_300
sCSF,4,0.0874386727483823,15_1.5_300
sCSF,4.1,0.0884023106450022,15_1.5_300
sCSF,4.2,0.0893168646269769,15_1.5_300
sCSF,4.3,0.0901841722313654,15_1.5_300
sCSF,4.4,0.0910060099294477,15_1.5_300
sCSF,4.5,0.0917840940163508,15_1.5_300
sCSF,4.6,0.0925200817055185,15_1.5_300
sCSF,4.7,0.0932155723802119,15_1.5_300
sCSF,4.8,0.0938721089632526,15_1.5_300
sCSF,4.9,0.0944911793727032,15_1.5_300
sCSF,5,0.0950742180370896,15_1.5_300
sCSF,5.1,0.0956226074489203,15_1.5_300
sCSF,5.2,0.0961376797389434,15_1.5_300
sCSF,5.3,0.0966207182569283,15_1.5_300
sCSF,5.4,0.0970729591477372,15_1.5_300
sCSF,5.5,0.0974955929135264,15_1.5_300
sCSF,5.6,0.0978897659548904,15_1.5_300
sCSF,5.7,0.0982565820853811,15_1.5_300
sCSF,5.8,0.0985971040149647,15_1.5_300
sCSF,5.9,0.0989123547991773,15_1.5_300
sCSF,6,0.0992033192516015,15_1.5_300
sCSF,6.1,0.0994709453179456,15_1.5_300
sCSF,6.2,0.0997161454105154,15_1.5_300
sCSF,6.3,0.0999397977025733,15_1.5_300
sCSF,6.4,0.100142747382331,15_1.5_300
sCSF,6.5,0.100325807866453,15_1.5_300
sCSF,6.6,0.100489761973528,15_1.5_300
sCSF,6.7,0.100635363058008,15_1.5_300
sCSF,6.8,0.100763336105217,15_1.5_300
sCSF,6.9,0.100874378788119,15_1.5_300
sCSF,7,0.100969162486947,15_1.5_300
brain ECF,0,0,15_7.5_250
brain ECF,0.1,0.0125818939177416,15_7.5_250
brain ECF,0.2,0.0413237797354755,15_7.5_250
brain ECF,0.3,0.0749668692391845,15_7.5_250
brain ECF,0.4,0.0950481290705038,15_7.5_250
brain ECF,0.5,0.107331970840171,15_7.5_250
brain ECF,0.6,0.115988221414676,15_7.5_250
brain ECF,0.7,0.122671534199903,15_7.5_250
brain ECF,0.8,0.128086396166192,15_7.5_250
brain ECF,0.9,0.132571189316166,15_7.5_250
brain ECF,1,0.136317201187426,15_7.5_250
brain ECF,1.1,0.139451634948665,15_7.5_250
brain ECF,1.2,0.142069824283135,15_7.5_250
brain ECF,1.3,0.144248367219899,15_7.5_250
brain ECF,1.4,0.146050998989402,15_7.5_250
brain ECF,1.5,0.147531622812604,15_7.5_250
brain ECF,1.6,0.14873616214742,15_7.5_250
brain ECF,1.7,0.149703870446106,15_7.5_250
brain ECF,1.8,0.150468349921038,15_7.5_250
brain ECF,1.9,0.151058385669567,15_7.5_250
brain ECF,2,0.151498645693379,15_7.5_250
brain ECF,2.1,0.151810275010128,15_7.5_250
brain ECF,2.2,0.152011402427864,15_7.5_250
brain ECF,2.3,0.152117573689558,15_7.5_250
brain ECF,2.4,0.152142122226782,15_7.5_250
brain ECF,2.5,0.152096486346591,15_7.5_250
brain ECF,2.6,0.151990480969291,15_7.5_250
brain ECF,2.7,0.151832530231794,15_7.5_250
brain ECF,2.8,0.151629866644644,15_7.5_250
brain ECF,2.9,0.151388701694999,15_7.5_250
brain ECF,3,0.151114371917559,15_7.5_250
brain ECF,3.1,0.15081146398985,15_7.5_250
brain ECF,3.2,0.150483921868995,15_7.5_250
brain ECF,3.3,0.150135138552896,15_7.5_250
brain ECF,3.4,0.149768034649222,15_7.5_250
brain ECF,3.5,0.149385125705179,15_7.5_250
brain ECF,3.6,0.14898857984833,15_7.5_250
brain ECF,3.7,0.148580267168683,15_7.5_250
brain ECF,3.8,0.148161802037352,15_7.5_250
brain ECF,3.9,0.147734579338629,15_7.5_250
brain ECF,4,0.147299805521116,15_7.5_250
brain ECF,4.1,0.146858525208609,15_7.5_250
brain ECF,4.2,0.14641164399432,15_7.5_250
brain ECF,4.3,0.145959947977743,15_7.5_250
brain ECF,4.4,0.145504120511318,15_7.5_250
brain ECF,4.5,0.145044756554243,15_7.5_250
brain ECF,4.6,0.144582374977338,15_7.5_250
brain ECF,4.7,0.144117429115487,15_7.5_250
brain ECF,4.8,0.143650315816194,15_7.5_250
brain ECF,4.9,0.143181383200863,15_7.5_250
brain ECF,5,0.142710937325413,15_7.5_250
brain ECF,5.1,0.142239247895479,15_7.5_250
brain ECF,5.2,0.141766553171239,15_7.5_250
brain ECF,5.3,0.14129306418071,15_7.5_250
brain ECF,5.4,0.140818968338688,15_7.5_250
brain ECF,5.5,0.140344432555707,15_7.5_250
brain ECF,5.6,0.139869605911538,15_7.5_250
brain ECF,5.7,0.139394621954888,15_7.5_250
brain ECF,5.8,0.138919600681839,15_7.5_250
brain ECF,5.9,0.138444650239733,15_7.5_250
brain ECF,6,0.137969868395583,15_7.5_250
brain ECF,6.1,0.13749534380221,15_7.5_250
brain ECF,6.2,0.137021157090621,15_7.5_250
brain ECF,6.3,0.136547381813952,15_7.5_250
brain ECF,6.4,0.136074085263741,15_7.5_250
brain ECF,6.5,0.135601329176174,15_7.5_250
brain ECF,6.6,0.135129170344357,15_7.5_250
brain ECF,6.7,0.134657661149726,15_7.5_250
brain ECF,6.8,0.134186850023866,15_7.5_250
brain ECF,6.9,0.13371678185037,15_7.5_250
brain ECF,7,0.133247498315494,15_7.5_250
brain ICF,0,0,15_7.5_250
brain ICF,0.1,0.000168423797400695,15_7.5_250
brain ICF,0.2,0.00115351766747366,15_7.5_250
brain ICF,0.3,0.00334418521668756,15_7.5_250
brain ICF,0.4,0.00648140282599814,15_7.5_250
brain ICF,0.5,0.0100925836725907,15_7.5_250
brain ICF,0.6,0.0139557578429033,15_7.5_250
brain ICF,0.7,0.0179599206772295,15_7.5_250
brain ICF,0.8,0.0220400687378829,15_7.5_250
brain ICF,0.9,0.0261523390525897,15_7.5_250
brain ICF,1,0.0302641621236231,15_7.5_250
brain ICF,1.1,0.0343500850096702,15_7.5_250
brain ICF,1.2,0.038389777624708,15_7.5_250
brain ICF,1.3,0.0423669149431351,15_7.5_250
brain ICF,1.4,0.0462684397683163,15_7.5_250
brain ICF,1.5,0.0500840139643772,15_7.5_250
brain ICF,1.6,0.0538055799443379,15_7.5_250
brain ICF,1.7,0.057426997532319,15_7.5_250
brain ICF,1.8,0.0609437382618105,15_7.5_250
brain ICF,1.9,0.0643526261878094,15_7.5_250
brain ICF,2,0.0676516175118146,15_7.5_250
brain ICF,2.1,0.0708396130417192,15_7.5_250
brain ICF,2.2,0.073916298587752,15_7.5_250
brain ICF,2.3,0.076882009221759,15_7.5_250
brain ICF,2.4,0.0797376138552062,15_7.5_250
brain ICF,2.5,0.0824844172802683,15_7.5_250
brain ICF,2.6,0.0851240770161971,15_7.5_250
brain ICF,2.7,0.0876585328823735,15_7.5_250
brain ICF,2.8,0.0900899474232227,15_7.5_250
brain ICF,2.9,0.0924206555721664,15_7.5_250
brain ICF,3,0.094653122228409,15_7.5_250
brain ICF,3.1,0.0967899065748525,15_7.5_250
brain ICF,3.2,0.0988336321440402,15_7.5_250
brain ICF,3.3,0.100786961782673,15_7.5_250
brain ICF,3.4,0.102652576797086,15_7.5_250
brain ICF,3.5,0.104433159639661,15_7.5_250
brain ICF,3.6,0.106131379627477,15_7.5_250
brain ICF,3.7,0.107749881225756,15_7.5_250
brain ICF,3.8,0.109291274506203,15_7.5_250
brain ICF,3.9,0.110758127461222,15_7.5_250
brain ICF,4,0.112152959880115,15_7.5_250
brain ICF,4.1,0.113478238547231,15_7.5_250
brain ICF,4.2,0.114736373560095,15_7.5_250
brain ICF,4.3,0.11592971558756,15_7.5_250
brain ICF,4.4,0.117060553918105,15_7.5_250
brain ICF,4.5,0.118131115171217,15_7.5_250
brain ICF,4.6,0.119143562562428,15_7.5_250
brain ICF,4.7,0.120099995628381,15_7.5_250
brain ICF,4.8,0.121002450333653,15_7.5_250
brain ICF,4.9,0.121852899491736,15_7.5_250
brain ICF,5,0.122653253442551,15_7.5_250
brain ICF,5.1,0.123405360938733,15_7.5_250
brain ICF,5.2,0.12411101019953,15_7.5_250
brain ICF,5.3,0.124771930096929,15_7.5_250
brain ICF,5.4,0.125389791445087,15_7.5_250
brain ICF,5.5,0.125966208368339,15_7.5_250
brain ICF,5.6,0.126502739726578,15_7.5_250
brain ICF,5.7,0.12700089058069,15_7.5_250
brain ICF,5.8,0.127462113683435,15_7.5_250
brain ICF,5.9,0.127887810983397,15_7.5_250
brain ICF,6,0.128279335131907,15_7.5_250
brain ICF,6.1,0.128637990984574,15_7.5_250
brain ICF,6.2,0.128965037090456,15_7.5_250
brain ICF,6.3,0.129261687163266,15_7.5_250
brain ICF,6.4,0.129529111530116,15_7.5_250
brain ICF,6.5,0.129768438554048,15_7.5_250
brain ICF,6.6,0.129980756027562,15_7.5_250
brain ICF,6.7,0.130167112534933,15_7.5_250
brain ICF,6.8,0.130328518781664,15_7.5_250
brain ICF,6.9,0.130465948889747,15_7.5_250
brain ICF,7,0.130580341658159,15_7.5_250
sCSF,0,0,15_7.5_250
sCSF,0.1,0.000207243411135495,15_7.5_250
sCSF,0.2,0.00141589659817082,15_7.5_250
sCSF,0.3,0.00409444480918858,15_7.5_250
sCSF,0.4,0.00791183839456584,15_7.5_250
sCSF,0.5,0.0122791677650854,15_7.5_250
sCSF,0.6,0.016920526482623,15_7.5_250
sCSF,0.7,0.0216986646370656,15_7.5_250
sCSF,0.8,0.0265339973547165,15_7.5_250
sCSF,0.9,0.0313735603645925,15_7.5_250
sCSF,1,0.0361786732387805,15_7.5_250
sCSF,1.1,0.0409196749998669,15_7.5_250
sCSF,1.2,0.0455733889424538,15_7.5_250
sCSF,1.3,0.0501216873595276,15_7.5_250
sCSF,1.4,0.0545505380206774,15_7.5_250
sCSF,1.5,0.0588492920019583,15_7.5_250
sCSF,1.6,0.0630101144474222,15_7.5_250
sCSF,1.7,0.0670275139376175,15_7.5_250
sCSF,1.8,0.0708979473691846,15_7.5_250
sCSF,1.9,0.0746194860981703,15_7.5_250
sCSF,2,0.0781915332072813,15_7.5_250
sCSF,2.1,0.0816145839856001,15_7.5_250
sCSF,2.2,0.0848900231230105,15_7.5_250
sCSF,2.3,0.0880199532130955,15_7.5_250
sCSF,2.4,0.0910070498612794,15_7.5_250
sCSF,2.5,0.0938544396081014,15_7.5_250
sCSF,2.6,0.0965655971465071,15_7.5_250
sCSF,2.7,0.0991442590787422,15_7.5_250
sCSF,2.8,0.101594351732099,15_7.5_250
sCSF,2.9,0.103919930902512,15_7.5_250
sCSF,3,0.106125131774752,15_7.5_250
sCSF,3.1,0.108214127474526,15_7.5_250
sCSF,3.2,0.110191094945437,15_7.5_250
sCSF,3.3,0.112060187034521,15_7.5_250
sCSF,3.4,0.113825509844632,15_7.5_250
sCSF,3.5,0.115491104516957,15_7.5_250
sCSF,3.6,0.117060932778247,15_7.5_250
sCSF,3.7,0.118538865644459,15_7.5_250
sCSF,3.8,0.11992867477485,15_7.5_250
sCSF,3.9,0.121234026062559,15_7.5_250
sCSF,4,0.122458475083227,15_7.5_250
sCSF,4.1,0.123605464093368,15_7.5_250
sCSF,4.2,0.124678320319656,15_7.5_250
sCSF,4.3,0.125680255310384,15_7.5_250
sCSF,4.4,0.12661436515951,15_7.5_250
sCSF,4.5,0.127483631443344,15_7.5_250
sCSF,4.6,0.128290922733215,15_7.5_250
sCSF,4.7,0.129038996568275,15_7.5_250
sCSF,4.8,0.129730501792213,15_7.5_250
sCSF,4.9,0.130367981171715,15_7.5_250
sCSF,5,0.130953874227656,15_7.5_250
sCSF,5.1,0.131490520222226,15_7.5_250
sCSF,5.2,0.131980161253834,15_7.5_250
sCSF,5.3,0.132424945419426,15_7.5_250
sCSF,5.4,0.132826930011609,15_7.5_250
sCSF,5.5,0.133188084723222,15_7.5_250
sCSF,5.6,0.13351029483691,15_7.5_250
sCSF,5.7,0.133795364381768,15_7.5_250
sCSF,5.8,0.134045019242316,15_7.5_250
sCSF,5.9,0.134260910208191,15_7.5_250
sCSF,6,0.134444615955566,15_7.5_250
sCSF,6.1,0.134597645953267,15_7.5_250
sCSF,6.2,0.134721443288173,15_7.5_250
sCSF,6.3,0.134817387406431,15_7.5_250
sCSF,6.4,0.134886796768018,15_7.5_250
sCSF,6.5,0.134930931412791,15_7.5_250
sCSF,6.6,0.134950995437745,15_7.5_250
sCSF,6.7,0.134948139385529,15_7.5_250
sCSF,6.8,0.134923462544813,15_7.5_250
sCSF,6.9,0.13487801516335,15_7.5_250
sCSF,7,0.134812800575803,15_7.5_250
brain ECF,0,0,15_7.5_300
brain ECF,0.1,0.012495637590138,15_7.5_300
brain ECF,0.2,0.0407628362049936,15_7.5_300
brain ECF,0.3,0.0734231818739297,15_7.5_300
brain ECF,0.4,0.0922336924106208,15_7.5_300
brain ECF,0.5,0.103236906486869,15_7.5_300
brain ECF,0.6,0.11071202507077,15_7.5_300
brain ECF,0.7,0.116351040567182,15_7.5_300
brain ECF,0.8,0.120867194163335,15_7.5_300
brain ECF,0.9,0.124595846974141,15_7.5_300
brain ECF,1,0.127720233867226,15_7.5_300
brain ECF,1.1,0.130357347582088,15_7.5_300
brain ECF,1.2,0.132591490052634,15_7.5_300
brain ECF,1.3,0.13448809405767,15_7.5_300
brain ECF,1.4,0.136099983327096,15_7.5_300
brain ECF,1.5,0.137470633338242,15_7.5_300
brain ECF,1.6,0.138636160627773,15_7.5_300
brain ECF,1.7,0.139626709258364,15_7.5_300
brain ECF,1.8,0.140467504858914,15_7.5_300
brain ECF,1.9,0.141179694931387,15_7.5_300
brain ECF,2,0.141781034660505,15_7.5_300
brain ECF,2.1,0.142286452819631,15_7.5_300
brain ECF,2.2,0.142708521130059,15_7.5_300
brain ECF,2.3,0.143057844365998,15_7.5_300
brain ECF,2.4,0.143343385132458,15_7.5_300
brain ECF,2.5,0.143572734100226,15_7.5_300
brain ECF,2.6,0.143752335256574,15_7.5_300
brain ECF,2.7,0.143887673479375,15_7.5_300
brain ECF,2.8,0.143983430812784,15_7.5_300
brain ECF,2.9,0.144043616761332,15_7.5_300
brain ECF,3,0.144071676871949,15_7.5_300
brain ECF,3.1,0.144070583268897,15_7.5_300
brain ECF,3.2,0.144042910160383,15_7.5_300
brain ECF,3.3,0.143990896832655,15_7.5_300
brain ECF,3.4,0.143916500203035,15_7.5_300
brain ECF,3.5,0.143821438721232,15_7.5_300
brain ECF,3.6,0.143707229014301,15_7.5_300
brain ECF,3.7,0.14357521651672,15_7.5_300
brain ECF,3.8,0.143426601094045,15_7.5_300
brain ECF,3.9,0.143262458468681,15_7.5_300
brain ECF,4,0.143083758169465,15_7.5_300
brain ECF,4.1,0.142891378580547,15_7.5_300
brain ECF,4.2,0.142686119562957,15_7.5_300
brain ECF,4.3,0.142468713059458,15_7.5_300
brain ECF,4.4,0.142239832016568,15_7.5_300
brain ECF,4.5,0.142000097900461,15_7.5_300
brain ECF,4.6,0.141750087039528,15_7.5_300
brain ECF,4.7,0.141490335988466,15_7.5_300
brain ECF,4.8,0.14122134607323,15_7.5_300
brain ECF,4.9,0.140943587251775,15_7.5_300
brain ECF,5,0.140657501403464,15_7.5_300
brain ECF,5.1,0.140363505138821,15_7.5_300
brain ECF,5.2,0.140061992207288,15_7.5_300
brain ECF,5.3,0.139753335569169,15_7.5_300
brain ECF,5.4,0.139437889184696,15_7.5_300
brain ECF,5.5,0.139115989564991,15_7.5_300
brain ECF,5.6,0.138787957123329,15_7.5_300
brain ECF,5.7,0.138454097357694,15_7.5_300
brain ECF,5.8,0.13811470189045,15_7.5_300
brain ECF,5.9,0.137770049387448,15_7.5_300
brain ECF,6,0.137420406374777,15_7.5_300
brain ECF,6.1,0.13706602796831,15_7.5_300
brain ECF,6.2,0.136707158528742,15_7.5_300
brain ECF,6.3,0.136344032253133,15_7.5_300
brain ECF,6.4,0.135976873711801,15_7.5_300
brain ECF,6.5,0.135605898337921,15_7.5_300
brain ECF,6.6,0.135231312876414,15_7.5_300
brain ECF,6.7,0.134853315797375,15_7.5_300
brain ECF,6.8,0.134472097678514,15_7.5_300
brain ECF,6.9,0.134087841560328,15_7.5_300
brain ECF,7,0.133700723277405,15_7.5_300
brain ICF,0,0,15_7.5_300
brain ICF,0.1,0.000200682241078798,15_7.5_300
brain ICF,0.2,0.00136472909911683,15_7.5_300
brain ICF,0.3,0.00392880128305226,15_7.5_300
brain ICF,0.4,0.00755442818111898,15_7.5_300
brain ICF,0.5,0.0116657373453757,15_7.5_300
brain ICF,0.6,0.0159994400661886,15_7.5_300
brain ICF,0.7,0.0204297605197831,15_7.5_300
brain ICF,0.8,0.024887499400586,15_7.5_300
brain ICF,0.9,0.0293289984737856,15_7.5_300
brain ICF,1,0.0337238184289197,15_7.5_300
brain ICF,1.1,0.0380495069835768,15_7.5_300
brain ICF,1.2,0.0422891132871072,15_7.5_300
brain ICF,1.3,0.0464298149598532,15_7.5_300
brain ICF,1.4,0.0504620349572142,15_7.5_300
brain ICF,1.5,0.0543788038883919,15_7.5_300
brain ICF,1.6,0.0581752662794319,15_7.5_300
brain ICF,1.7,0.0618482841756184,15_7.5_300
brain ICF,1.8,0.0653961133795782,15_7.5_300
brain ICF,1.9,0.0688181370025531,15_7.5_300
brain ICF,2,0.0721146455244514,15_7.5_300
brain ICF,2.1,0.0752866550965232,15_7.5_300
brain ICF,2.2,0.0783357574663645,15_7.5_300
brain ICF,2.3,0.0812639961549372,15_7.5_300
brain ICF,2.4,0.084073764357976,15_7.5_300
brain ICF,2.5,0.0867677209937845,15_7.5_300
brain ICF,2.6,0.0893487216972383,15_7.5_300
brain ICF,2.7,0.0918197623025841,15_7.5_300
brain ICF,2.8,0.0941839326681914,15_7.5_300
brain ICF,2.9,0.0964443790537501,15_7.5_300
brain ICF,3,0.0986042736128158,15_7.5_300
brain ICF,3.1,0.10066678976839,15_7.5_300
brain ICF,3.2,0.102635082457674,15_7.5_300
brain ICF,3.3,0.104512272402036,15_7.5_300
brain ICF,3.4,0.106301433707927,15_7.5_300
brain ICF,3.5,0.108005584201223,15_7.5_300
brain ICF,3.6,0.109627678028448,15_7.5_300
brain ICF,3.7,0.111170600111972,15_7.5_300
brain ICF,3.8,0.112637162124723,15_7.5_300
brain ICF,3.9,0.114030099715985,15_7.5_300
brain ICF,4,0.115352070750843,15_7.5_300
brain ICF,4.1,0.116605654374405,15_7.5_300
brain ICF,4.2,0.117793350745695,15_7.5_300
brain ICF,4.3,0.118917581308067,15_7.5_300
brain ICF,4.4,0.119980689488472,15_7.5_300
brain ICF,4.5,0.120984941736876,15_7.5_300
brain ICF,4.6,0.121932528831917,15_7.5_300
brain ICF,4.7,0.122825567391795,15_7.5_300
brain ICF,4.8,0.123666101540846,15_7.5_300
brain ICF,4.9,0.124456104690571,15_7.5_300
brain ICF,5,0.125197481401404,15_7.5_300
brain ICF,5.1,0.125892069298071,15_7.5_300
brain ICF,5.2,0.12654164101611,15_7.5_300
brain ICF,5.3,0.127147906161305,15_7.5_300
brain ICF,5.4,0.127712513267636,15_7.5_300
brain ICF,5.5,0.12823705174196,15_7.5_300
brain ICF,5.6,0.128723053786114,15_7.5_300
brain ICF,5.7,0.129171996289214,15_7.5_300
brain ICF,5.8,0.129585302684353,15_7.5_300
brain ICF,5.9,0.129964344765409,15_7.5_300
brain ICF,6,0.130310444460761,15_7.5_300
brain ICF,6.1,0.130624875561571,15_7.5_300
brain ICF,6.2,0.130908865402916,15_7.5_300
brain ICF,6.3,0.13116359649696,15_7.5_300
brain ICF,6.4,0.131390208117657,15_7.5_300
brain ICF,6.5,0.131589797836684,15_7.5_300
brain ICF,6.6,0.131763423011019,15_7.5_300
brain ICF,6.7,0.131912102222598,15_7.5_300
brain ICF,6.8,0.132036816670725,15_7.5_300
brain ICF,6.9,0.132138511517904,15_7.5_300
brain ICF,7,0.132218097190371,15_7.5_300
sCSF,0,0,15_7.5_300
sCSF,0.1,0.000206203765971959,15_7.5_300
sCSF,0.2,0.00140173911081361,15_7.5_300
sCSF,0.3,0.00403383391796168,15_7.5_300
sCSF,0.4,0.00775301306642661,15_7.5_300
sCSF,0.5,0.0119666381355754,15_7.5_300
sCSF,0.6,0.0164038967370747,15_7.5_300
sCSF,0.7,0.0209355540023272,15_7.5_300
sCSF,0.8,0.0254906413557807,15_7.5_300
sCSF,0.9,0.0300245042062592,15_7.5_300
sCSF,1,0.0345061109425437,15_7.5_300
sCSF,1.1,0.0389126608253079,15_7.5_300
sCSF,1.2,0.0432270198142874,15_7.5_300
sCSF,1.3,0.0474363027505694,15_7.5_300
sCSF,1.4,0.0515309606935655,15_7.5_300
sCSF,1.5,0.0555041217278643,15_7.5_300
sCSF,1.6,0.0593510806133227,15_7.5_300
sCSF,1.7,0.0630688891851712,15_7.5_300
sCSF,1.8,0.0666560219731595,15_7.5_300
sCSF,1.9,0.0701121011819489,15_7.5_300
sCSF,2,0.0734376698402355,15_7.5_300
sCSF,2.1,0.0766340045511141,15_7.5_300
sCSF,2.2,0.0797029609805851,15_7.5_300
sCSF,2.3,0.0826468465165608,15_7.5_300
sCSF,2.4,0.0854683154047295,15_7.5_300
sCSF,2.5,0.0881702826520204,15_7.5_300
sCSF,2.6,0.0907558533809359,15_7.5_300
sCSF,2.7,0.0932282650878167,15_7.5_300
sCSF,2.8,0.0955908405804814,15_7.5_300
sCSF,2.9,0.0978469497413776,15_7.5_300
sCSF,3,0.0999999786276415,15_7.5_300
sCSF,3.1,0.102053304631938,15_7.5_300
sCSF,3.2,0.104010276654483,15_7.5_300
sCSF,3.3,0.105874199412792,15_7.5_300
sCSF,3.4,0.107648321170807,15_7.5_300
sCSF,3.5,0.109335824269608,15_7.5_300
sCSF,3.6,0.110939817977282,15_7.5_300
sCSF,3.7,0.112463333231449,15_7.5_300
sCSF,3.8,0.113909318929141,15_7.5_300
sCSF,3.9,0.115280639486961,15_7.5_300
sCSF,4,0.116580073426804,15_7.5_300
sCSF,4.1,0.117810312792609,15_7.5_300
sCSF,4.2,0.118973963238486,15_7.5_300
sCSF,4.3,0.12007354465141,15_7.5_300
sCSF,4.4,0.121111492197998,15_7.5_300
sCSF,4.5,0.122090157704462,15_7.5_300
sCSF,4.6,0.12301181129415,15_7.5_300
sCSF,4.7,0.123878643220435,15_7.5_300
sCSF,4.8,0.124692765844497,15_7.5_300
sCSF,4.9,0.125456215716167,15_7.5_300
sCSF,5,0.126170955723739,15_7.5_300
sCSF,5.1,0.126838877285413,15_7.5_300
sCSF,5.2,0.127461802559854,15_7.5_300
sCSF,5.3,0.128041486657744,15_7.5_300
sCSF,5.4,0.128579619840059,15_7.5_300
sCSF,5.5,0.129077829691504,15_7.5_300
sCSF,5.6,0.129537683260118,15_7.5_300
sCSF,5.7,0.129960689156136,15_7.5_300
sCSF,5.8,0.130348299604653,15_7.5_300
sCSF,5.9,0.13070191244818,15_7.5_300
sCSF,6,0.131022873096306,15_7.5_300
sCSF,6.1,0.131312476420488,15_7.5_300
sCSF,6.2,0.131571968592649,15_7.5_300
sCSF,6.3,0.13180254886718,15_7.5_300
sCSF,6.4,0.132005371306246,15_7.5_300
sCSF,6.5,0.132181546448425,15_7.5_300
sCSF,6.6,0.132332142921496,15_7.5_300
sCSF,6.7,0.132458189000201,15_7.5_300
sCSF,6.8,0.132560674109954,15_7.5_300
sCSF,6.9,0.132640550277522,15_7.5_300
sCSF,7,0.132698733530314,15_7.5_300
brain ECF,0,0,20_1.5_250
brain ECF,0.1,0.0120493645254021,20_1.5_250
brain ECF,0.2,0.0395374591025296,20_1.5_250
brain ECF,0.3,0.0717011764204625,20_1.5_250
brain ECF,0.4,0.0909077507888721,20_1.5_250
brain ECF,0.5,0.102672589333835,20_1.5_250
brain ECF,0.6,0.110974077971463,20_1.5_250
brain ECF,0.7,0.117390912843154,20_1.5_250
brain ECF,0.8,0.122595276078323,20_1.5_250
brain ECF,0.9,0.126910082176062,20_1.5_250
brain ECF,1,0.130517927483798,20_1.5_250
brain ECF,1.1,0.133540282362418,20_1.5_250
brain ECF,1.2,0.136068220964391,20_1.5_250
brain ECF,1.3,0.138174947134197,20_1.5_250
brain ECF,1.4,0.139921393802626,20_1.5_250
brain ECF,1.5,0.141359111753616,20_1.5_250
brain ECF,1.6,0.142532034740962,20_1.5_250
brain ECF,1.7,0.143477727649364,20_1.5_250
brain ECF,1.8,0.144228357516952,20_1.5_250
brain ECF,1.9,0.144811488776987,20_1.5_250
brain ECF,2,0.14525075084445,20_1.5_250
brain ECF,2.1,0.145566404878691,20_1.5_250
brain ECF,2.2,0.145775827382547,20_1.5_250
brain ECF,2.3,0.145893923670409,20_1.5_250
brain ECF,2.4,0.145933481892247,20_1.5_250
brain ECF,2.5,0.145905476004796,20_1.5_250
brain ECF,2.6,0.14581932541292,20_1.5_250
brain ECF,2.7,0.145683117289395,20_1.5_250
brain ECF,2.8,0.145503796987979,20_1.5_250
brain ECF,2.9,0.145287331207457,20_1.5_250
brain ECF,3,0.145038847738156,20_1.5_250
brain ECF,3.1,0.144762755178743,20_1.5_250
brain ECF,3.2,0.144462845499391,20_1.5_250
brain ECF,3.3,0.144142381913456,20_1.5_250
brain ECF,3.4,0.143804174140094,20_1.5_250
brain ECF,3.5,0.143450642921031,20_1.5_250
brain ECF,3.6,0.143083875270605,20_1.5_250
brain ECF,3.7,0.14270567182467,20_1.5_250
brain ECF,3.8,0.142317587429595,20_1.5_250
brain ECF,3.9,0.141920965904449,20_1.5_250
brain ECF,4,0.141516969841768,20_1.5_250
brain ECF,4.1,0.141106606154878,20_1.5_250
brain ECF,4.2,0.140690747967928,20_1.5_250
brain ECF,4.3,0.140270153383627,20_1.5_250
brain ECF,4.4,0.139845481575614,20_1.5_250
brain ECF,4.5,0.139417306585727,20_1.5_250
brain ECF,4.6,0.138986129155388,20_1.5_250
brain ECF,4.7,0.13855238687511,20_1.5_250
brain ECF,4.8,0.138116462890179,20_1.5_250
brain ECF,4.9,0.137678693370074,20_1.5_250
brain ECF,5,0.137239373920542,20_1.5_250
brain ECF,5.1,0.136798765087134,20_1.5_250
brain ECF,5.2,0.136357097079779,20_1.5_250
brain ECF,5.3,0.135914573832394,20_1.5_250
brain ECF,5.4,0.135471376490801,20_1.5_250
brain ECF,5.5,0.135027666409965,20_1.5_250
brain ECF,5.6,0.134583587732112,20_1.5_250
brain ECF,5.7,0.134139269604975,20_1.5_250
brain ECF,5.8,0.133694828090638,20_1.5_250
brain ECF,5.9,0.133250367809907,20_1.5_250
brain ECF,6,0.13280598335975,20_1.5_250
brain ECF,6.1,0.132361760535781,20_1.5_250
brain ECF,6.2,0.131917777387186,20_1.5_250
brain ECF,6.3,0.131474105128493,20_1.5_250
brain ECF,6.4,0.131030808928177,20_1.5_250
brain ECF,6.5,0.130587948591069,20_1.5_250
brain ECF,6.6,0.130145579150064,20_1.5_250
brain ECF,6.7,0.129703751379742,20_1.5_250
brain ECF,6.8,0.129262512242781,20_1.5_250
brain ECF,6.9,0.128821905278443,20_1.5_250
brain ECF,7,0.128381970941575,20_1.5_250
brain ICF,0,0,20_1.5_250
brain ICF,0.1,0.000161477094342487,20_1.5_250
brain ICF,0.2,0.00110422063924218,20_1.5_250
brain ICF,0.3,0.0031997682151326,20_1.5_250
brain ICF,0.4,0.00620019963517825,20_1.5_250
brain ICF,0.5,0.00965430866806761,20_1.5_250
brain ICF,0.6,0.0133501728836107,20_1.5_250
brain ICF,0.7,0.0171817460802497,20_1.5_250
brain ICF,0.8,0.0210868774517111,20_1.5_250
brain ICF,0.9,0.0250235931208629,20_1.5_250
brain ICF,1,0.0289607019629556,20_1.5_250
brain ICF,1.1,0.0328738109021644,20_1.5_250
brain ICF,1.2,0.0367434229265964,20_1.5_250
brain ICF,1.3,0.0405538705794208,20_1.5_250
brain ICF,1.4,0.044292612376637,20_1.5_250
brain ICF,1.5,0.0479497089164496,20_1.5_250
brain ICF,1.6,0.0515174041014162,20_1.5_250
brain ICF,1.7,0.0549897782223739,20_1.5_250
brain ICF,1.8,0.058362455812819,20_1.5_250
brain ICF,1.9,0.0616323578706261,20_1.5_250
brain ICF,2,0.0647974911128389,20_1.5_250
brain ICF,2.1,0.0678567685696587,20_1.5_250
brain ICF,2.2,0.0708098568504961,20_1.5_250
brain ICF,2.3,0.0736570462010163,20_1.5_250
brain ICF,2.4,0.0763991399720841,20_1.5_250
brain ICF,2.5,0.0790373607778464,20_1.5_250
brain ICF,2.6,0.0815732708075235,20_1.5_250
brain ICF,2.7,0.0840087043078138,20_1.5_250
brain ICF,2.8,0.0863457104462655,20_1.5_250
brain ICF,2.9,0.0885865050159307,20_1.5_250
brain ICF,3,0.0907334297144538,20_1.5_250
brain ICF,3.1,0.0927889178783776,20_1.5_250
brain ICF,3.2,0.0947554657233988,20_1.5_250
brain ICF,3.3,0.096635608278607,20_1.5_250
brain ICF,3.4,0.0984318993284107,20_1.5_250
brain ICF,3.5,0.100146894749851,20_1.5_250
brain ICF,3.6,0.101783138758606,20_1.5_250
brain ICF,3.7,0.103343152616159,20_1.5_250
brain ICF,3.8,0.104829425424796,20_1.5_250
brain ICF,3.9,0.106244406704874,20_1.5_250
brain ICF,4,0.107590500472749,20_1.5_250
brain ICF,4.1,0.108870060589269,20_1.5_250
brain ICF,4.2,0.110085387185221,20_1.5_250
brain ICF,4.3,0.111238723991077,20_1.5_250
brain ICF,4.4,0.112332256427282,20_1.5_250
brain ICF,4.5,0.113368110333082,20_1.5_250
brain ICF,4.6,0.114348351228873,20_1.5_250
brain ICF,4.7,0.115274984022086,20_1.5_250
brain ICF,4.8,0.116149953081457,20_1.5_250
brain ICF,4.9,0.116975142614663,20_1.5_250
brain ICF,5,0.11775237729393,20_1.5_250
brain ICF,5.1,0.118483423083666,20_1.5_250
brain ICF,5.2,0.119169988230508,20_1.5_250
brain ICF,5.3,0.11981372438171,20_1.5_250
brain ICF,5.4,0.120416227804025,20_1.5_250
brain ICF,5.5,0.120979040679227,20_1.5_250
brain ICF,5.6,0.121503652455858,20_1.5_250
brain ICF,5.7,0.121991501240468,20_1.5_250
brain ICF,5.8,0.122443975214256,20_1.5_250
brain ICF,5.9,0.122862414063159,20_1.5_250
brain ICF,6,0.123248110411628,20_1.5_250
brain ICF,6.1,0.123602311251983,20_1.5_250
brain ICF,6.2,0.123926219362633,20_1.5_250
brain ICF,6.3,0.124220994709687,20_1.5_250
brain ICF,6.4,0.124487755827621,20_1.5_250
brain ICF,6.5,0.124727581175341,20_1.5_250
brain ICF,6.6,0.124941510464916,20_1.5_250
brain ICF,6.7,0.125130545960848,20_1.5_250
brain ICF,6.8,0.125295653748222,20_1.5_250
brain ICF,6.9,0.125437764968465,20_1.5_250
brain ICF,7,0.125557777022111,20_1.5_250
sCSF,0,0,20_1.5_250
sCSF,0.1,0.000196729637000997,20_1.5_250
sCSF,0.2,0.00134876736809844,20_1.5_250
sCSF,0.3,0.00390531511880397,20_1.5_250
sCSF,0.4,0.00755245500189806,20_1.5_250
sCSF,0.5,0.0117271592019001,20_1.5_250
sCSF,0.6,0.0161654172968404,20_1.5_250
sCSF,0.7,0.0207358749140878,20_1.5_250
sCSF,0.8,0.0253623379638854,20_1.5_250
sCSF,0.9,0.0299940713648659,20_1.5_250
sCSF,1,0.0345939984748144,20_1.5_250
sCSF,1.1,0.0391336672364044,20_1.5_250
sCSF,1.2,0.0435908271282041,20_1.5_250
sCSF,1.3,0.0479480579486634,20_1.5_250
sCSF,1.4,0.0521918590413629,20_1.5_250
sCSF,1.5,0.0563119690291504,20_1.5_250
sCSF,1.6,0.0603008219693649,20_1.5_250
sCSF,1.7,0.0641530975904117,20_1.5_250
sCSF,1.8,0.067865343570057,20_1.5_250
sCSF,1.9,0.0714356562713272,20_1.5_250
sCSF,2,0.0748634102728318,20_1.5_250
sCSF,2.1,0.0781490291546798,20_1.5_250
sCSF,2.2,0.0812937913474933,20_1.5_250
sCSF,2.3,0.0842996658911775,20_1.5_250
sCSF,2.4,0.0871691736186495,20_1.5_250
sCSF,2.5,0.0899052701498225,20_1.5_250
sCSF,2.6,0.092511247335999,20_1.5_250
sCSF,2.7,0.0949906505261272,20_1.5_250
sCSF,2.8,0.0973472092862613,20_1.5_250
sCSF,2.9,0.099584779537325,20_1.5_250
sCSF,3,0.101707295437857,20_1.5_250
sCSF,3.1,0.103718729535846,20_1.5_250
sCSF,3.2,0.105623059939945,20_1.5_250
sCSF,3.3,0.107424243442747,20_1.5_250
sCSF,3.4,0.10912619369522,20_1.5_250
sCSF,3.5,0.110732763631579,20_1.5_250
sCSF,3.6,0.112247731507778,20_1.5_250
sCSF,3.7,0.113674789971001,20_1.5_250
sCSF,3.8,0.115017537675562,20_1.5_250
sCSF,3.9,0.116279473048548,20_1.5_250
sCSF,4,0.117463989842416,20_1.5_250
sCSF,4.1,0.11857437417892,20_1.5_250
sCSF,4.2,0.119613802836103,20_1.5_250
sCSF,4.3,0.120585342558819,20_1.5_250
sCSF,4.4,0.121491950210795,20_1.5_250
sCSF,4.5,0.122336473614604,20_1.5_250
sCSF,4.6,0.123121652948276,20_1.5_250
sCSF,4.7,0.123850122587166,20_1.5_250
sCSF,4.8,0.12452441329856,20_1.5_250
sCSF,4.9,0.125146954709954,20_1.5_250
sCSF,5,0.125720077984575,20_1.5_250
sCSF,5.1,0.126246018649452,20_1.5_250
sCSF,5.2,0.126726919529595,20_1.5_250
sCSF,5.3,0.127164833749389,20_1.5_250
sCSF,5.4,0.127561727769701,20_1.5_250
sCSF,5.5,0.127919484434308,20_1.5_250
sCSF,5.6,0.128239906003906,20_1.5_250
sCSF,5.7,0.128524717160377,20_1.5_250
sCSF,5.8,0.128775567967006,20_1.5_250
sCSF,5.9,0.128994036773385,20_1.5_250
sCSF,6,0.129181633056248,20_1.5_250
sCSF,6.1,0.129339800189388,20_1.5_250
sCSF,6.2,0.129469918137351,20_1.5_250
sCSF,6.3,0.12957330606949,20_1.5_250
sCSF,6.4,0.129651224891918,20_1.5_250
sCSF,6.5,0.129704879695506,20_1.5_250
sCSF,6.6,0.12973542211957,20_1.5_250
sCSF,6.7,0.129743952631243,20_1.5_250
sCSF,6.8,0.129731522721032,20_1.5_250
sCSF,6.9,0.129699137015314,20_1.5_250
sCSF,7,0.129647755307708,20_1.5_250
brain ECF,0,0,20_1.5_300
brain ECF,0.1,0.0119666636042468,20_1.5_300
brain ECF,0.2,0.0390004126354036,20_1.5_300
brain ECF,0.3,0.0702237791017768,20_1.5_300
brain ECF,0.4,0.088214382543135,20_1.5_300
brain ECF,0.5,0.0987532106079407,20_1.5_300
brain ECF,0.6,0.105923175818872,20_1.5_300
brain ECF,0.7,0.111338767669679,20_1.5_300
brain ECF,0.8,0.115680667724686,20_1.5_300
brain ECF,0.9,0.1192690302605,20_1.5_300
brain ECF,1,0.122278866378264,20_1.5_300
brain ECF,1.1,0.124821980716556,20_1.5_300
brain ECF,1.2,0.126978979199629,20_1.5_300
brain ECF,1.3,0.128812454031346,20_1.5_300
brain ECF,1.4,0.130372955204558,20_1.5_300
brain ECF,1.5,0.131702101087972,20_1.5_300
brain ECF,1.6,0.132834476403591,20_1.5_300
brain ECF,1.7,0.133798955386573,20_1.5_300
brain ECF,1.8,0.134619708015194,20_1.5_300
brain ECF,1.9,0.135317002466954,20_1.5_300
brain ECF,2,0.13590786025215,20_1.5_300
brain ECF,2.1,0.136406596982409,20_1.5_300
brain ECF,2.2,0.136825271025016,20_1.5_300
brain ECF,2.3,0.137174056517775,20_1.5_300
brain ECF,2.4,0.137461554016682,20_1.5_300
brain ECF,2.5,0.137695049055394,20_1.5_300
brain ECF,2.6,0.137880727731324,20_1.5_300
brain ECF,2.7,0.138023856287825,20_1.5_300
brain ECF,2.8,0.138128930778414,20_1.5_300
brain ECF,2.9,0.138199801886824,20_1.5_300
brain ECF,3,0.138239778979694,20_1.5_300
brain ECF,3.1,0.138251716891328,20_1.5_300
brain ECF,3.2,0.1382380883249,20_1.5_300
brain ECF,3.3,0.138201044273872,20_1.5_300
brain ECF,3.4,0.138142464443935,20_1.5_300
brain ECF,3.5,0.138063999386489,20_1.5_300
brain ECF,3.6,0.137967105678191,20_1.5_300
brain ECF,3.7,0.137853075334629,20_1.5_300
brain ECF,3.8,0.137723060423229,20_1.5_300
brain ECF,3.9,0.137578093649537,20_1.5_300
brain ECF,4,0.137419105608075,20_1.5_300
brain ECF,4.1,0.137246939249107,20_1.5_300
brain ECF,4.2,0.137062362014942,20_1.5_300
brain ECF,4.3,0.136866076039444,20_1.5_300
brain ECF,4.4,0.136658726730873,20_1.5_300
brain ECF,4.5,0.136440910003526,20_1.5_300
brain ECF,4.6,0.136213178381497,20_1.5_300
brain ECF,4.7,0.135976046161645,20_1.5_300
brain ECF,4.8,0.135729993788718,20_1.5_300
brain ECF,4.9,0.135475471572235,20_1.5_300
brain ECF,5,0.135212902853564,20_1.5_300
brain ECF,5.1,0.134942686711316,20_1.5_300
brain ECF,5.2,0.13466520027969,20_1.5_300
brain ECF,5.3,0.134380800743422,20_1.5_300
brain ECF,5.4,0.134089827060258,20_1.5_300
brain ECF,5.5,0.133792601454029,20_1.5_300
brain ECF,5.6,0.133489430715287,20_1.5_300
brain ECF,5.7,0.13318060733935,20_1.5_300
brain ECF,5.8,0.132866410526614,20_1.5_300
brain ECF,5.9,0.132547107066632,20_1.5_300
brain ECF,6,0.13222295212352,20_1.5_300
brain ECF,6.1,0.131894189937273,20_1.5_300
brain ECF,6.2,0.131561054453242,20_1.5_300
brain ECF,6.3,0.13122376989039,20_1.5_300
brain ECF,6.4,0.130882551256864,20_1.5_300
brain ECF,6.5,0.130537604819961,20_1.5_300
brain ECF,6.6,0.130189128536861,20_1.5_300
brain ECF,6.7,0.129837312451192,20_1.5_300
brain ECF,6.8,0.129482339059722,20_1.5_300
brain ECF,6.9,0.129124383652796,20_1.5_300
brain ECF,7,0.128763614631787,20_1.5_300
brain ICF,0,0,20_1.5_300
brain ICF,0.1,0.000192403486145775,20_1.5_300
brain ICF,0.2,0.00130639435478584,20_1.5_300
brain ICF,0.3,0.00375909904897137,20_1.5_300
brain ICF,0.4,0.00722657656693412,20_1.5_300
brain ICF,0.5,0.0111589763568203,20_1.5_300
brain ICF,0.6,0.0153048993316952,20_1.5_300
brain ICF,0.7,0.0195441628715593,20_1.5_300
brain ICF,0.8,0.0238105798813032,20_1.5_300
brain ICF,0.9,0.0280623477419072,20_1.5_300
brain ICF,1,0.0322702912197391,20_1.5_300
brain ICF,1.1,0.0364128699167319,20_1.5_300
brain ICF,1.2,0.040473805801985,20_1.5_300
brain ICF,1.3,0.0444407722223827,20_1.5_300
brain ICF,1.4,0.0483045502245141,20_1.5_300
brain ICF,1.5,0.0520584190740591,20_1.5_300
brain ICF,1.6,0.0556976841488906,20_1.5_300
brain ICF,1.7,0.0592192977580259,20_1.5_300
brain ICF,1.8,0.0626215493275674,20_1.5_300
brain ICF,1.9,0.0659038103401061,20_1.5_300
brain ICF,2,0.0690663237210825,20_1.5_300
brain ICF,2.1,0.0721100297846811,20_1.5_300
brain ICF,2.2,0.0750364224202957,20_1.5_300
brain ICF,2.3,0.0778474303921437,20_1.5_300
brain ICF,2.4,0.080545319427575,20_1.5_300
brain ICF,2.5,0.0831326116758823,20_1.5_300
brain ICF,2.6,0.0856120194789573,20_1.5_300
brain ICF,2.7,0.0879863911046849,20_1.5_300
brain ICF,2.8,0.0902586663898344,20_1.5_300
brain ICF,2.9,0.0924318405807653,20_1.5_300
brain ICF,3,0.0945089349965341,20_1.5_300
brain ICF,3.1,0.0964929733349906,20_1.5_300
brain ICF,3.2,0.0983869626508939,20_1.5_300
brain ICF,3.3,0.100193878197758,20_1.5_300
brain ICF,3.4,0.101916651468175,20_1.5_300
brain ICF,3.5,0.103558160859875,20_1.5_300
brain ICF,3.6,0.105121224520274,20_1.5_300
brain ICF,3.7,0.106608594973428,20_1.5_300
brain ICF,3.8,0.108022955208519,20_1.5_300
brain ICF,3.9,0.109366915972268,20_1.5_300
brain ICF,4,0.11064301403729,20_1.5_300
brain ICF,4.1,0.111853711265014,20_1.5_300
brain ICF,4.2,0.113001394314134,20_1.5_300
brain ICF,4.3,0.114088374866641,20_1.5_300
brain ICF,4.4,0.115116890267902,20_1.5_300
brain ICF,4.5,0.116089104495465,20_1.5_300
brain ICF,4.6,0.117007109385492,20_1.5_300
brain ICF,4.7,0.117872926058078,20_1.5_300
brain ICF,4.8,0.118688506493742,20_1.5_300
brain ICF,4.9,0.119455735221366,20_1.5_300
brain ICF,5,0.120176431085091,20_1.5_300
brain ICF,5.1,0.120852349063968,20_1.5_300
brain ICF,5.2,0.121485182122732,20_1.5_300
brain ICF,5.3,0.122076563076074,20_1.5_300
brain ICF,5.4,0.122628066452498,20_1.5_300
brain ICF,5.5,0.123141210346352,20_1.5_300
brain ICF,5.6,0.123617458249043,20_1.5_300
brain ICF,5.7,0.124058220852407,20_1.5_300
brain ICF,5.8,0.124464857818617,20_1.5_300
brain ICF,5.9,0.124838679512455,20_1.5_300
brain ICF,6,0.125180948692825,20_1.5_300
brain ICF,6.1,0.125492882161209,20_1.5_300
brain ICF,6.2,0.125775652365381,20_1.5_300
brain ICF,6.3,0.12603038895756,20_1.5_300
brain ICF,6.4,0.126258180306493,20_1.5_300
brain ICF,6.5,0.126460074963132,20_1.5_300
brain ICF,6.6,0.126637083080279,20_1.5_300
brain ICF,6.7,0.12679017778662,20_1.5_300
brain ICF,6.8,0.126920296515721,20_1.5_300
brain ICF,6.9,0.127028342290653,20_1.5_300
brain ICF,7,0.127115184965433,20_1.5_300
sCSF,0,0,20_1.5_300
sCSF,0.1,0.000195731696556172,20_1.5_300
sCSF,0.2,0.00133520580362984,20_1.5_300
sCSF,0.3,0.00384728849820936,20_1.5_300
sCSF,0.4,0.0074004356743367,20_1.5_300
sCSF,0.5,0.0114280356044661,20_1.5_300
sCSF,0.6,0.015670921389021,20_1.5_300
sCSF,0.7,0.02000537801699,20_1.5_300
sCSF,0.8,0.0243634321826841,20_1.5_300
sCSF,0.9,0.0287022833152823,20_1.5_300
sCSF,1,0.0329921635650307,20_1.5_300
sCSF,1.1,0.0372111807935056,20_1.5_300
sCSF,1.2,0.0413428667489211,20_1.5_300
sCSF,1.3,0.0453748215799845,20_1.5_300
sCSF,1.4,0.0492978412915502,20_1.5_300
sCSF,1.5,0.0531052874234149,20_1.5_300
sCSF,1.6,0.0567925989224265,20_1.5_300
sCSF,1.7,0.0603569002532797,20_1.5_300
sCSF,1.8,0.0637966813672512,20_1.5_300
sCSF,1.9,0.0671115343922706,20_1.5_300
sCSF,2,0.0703019363626,20_1.5_300
sCSF,2.1,0.0733690698110571,20_1.5_300
sCSF,2.2,0.0763146746720662,20_1.5_300
sCSF,2.3,0.0791409261791532,20_1.5_300
sCSF,2.4,0.0818503342734916,20_1.5_300
sCSF,2.5,0.084445660979649,20_1.5_300
sCSF,2.6,0.0869298525782452,20_1.5_300
sCSF,2.7,0.0893059841406647,20_1.5_300
sCSF,2.8,0.0915772142980892,20_1.5_300
sCSF,2.9,0.0937467484714752,20_1.5_300
sCSF,3,0.0958178091376474,20_1.5_300
sCSF,3.1,0.0977936119100584,20_1.5_300
sCSF,3.2,0.0996773464289229,20_1.5_300
sCSF,3.3,0.101472161224102,20_1.5_300
sCSF,3.4,0.103181151862346,20_1.5_300
sCSF,3.5,0.10480735178663,20_1.5_300
sCSF,3.6,0.106353725385083,20_1.5_300
sCSF,3.7,0.1078231628803,20_1.5_300
sCSF,3.8,0.10921847670773,20_1.5_300
sCSF,3.9,0.110542399117179,20_1.5_300
sCSF,4,0.111797580762427,20_1.5_300
sCSF,4.1,0.112986590092076,20_1.5_300
sCSF,4.2,0.114111913388229,20_1.5_300
sCSF,4.3,0.11517595532145,20_1.5_300
sCSF,4.4,0.116181039915775,20_1.5_300
sCSF,4.5,0.11712941183627,20_1.5_300
sCSF,4.6,0.118023237926422,20_1.5_300
sCSF,4.7,0.118864608935371,20_1.5_300
sCSF,4.8,0.119655541386416,20_1.5_300
sCSF,4.9,0.120397979546421,20_1.5_300
sCSF,5,0.121093797463274,20_1.5_300
sCSF,5.1,0.121744801044979,20_1.5_300
sCSF,5.2,0.122352730158641,20_1.5_300
sCSF,5.3,0.122919260731831,20_1.5_300
sCSF,5.4,0.123446006842506,20_1.5_300
sCSF,5.5,0.123934522786289,20_1.5_300
sCSF,5.6,0.124386305112375,20_1.5_300
sCSF,5.7,0.124802794621356,20_1.5_300
sCSF,5.8,0.125185378319639,20_1.5_300
sCSF,5.9,0.125535391326636,20_1.5_300
sCSF,6,0.125854118731994,20_1.5_300
sCSF,6.1,0.126142797400905,20_1.5_300
sCSF,6.2,0.12640261772617,20_1.5_300
sCSF,6.3,0.126634725326596,20_1.5_300
sCSF,6.4,0.126840222691572,20_1.5_300
sCSF,6.5,0.12702017077182,20_1.5_300
sCSF,6.6,0.127175590517079,20_1.5_300
sCSF,6.7,0.127307464361452,20_1.5_300
sCSF,6.8,0.127416737657346,20_1.5_300
sCSF,6.9,0.127504320058961,20_1.5_300
sCSF,7,0.127571086856852,20_1.5_300
brain ECF,0,0,20_7.5_250
brain ECF,0.1,0.0153698150647951,20_7.5_250
brain ECF,0.2,0.0504307880727821,20_7.5_250
brain ECF,0.3,0.0914035778804115,20_7.5_250
brain ECF,0.4,0.115754502087807,20_7.5_250
brain ECF,0.5,0.130562665796813,20_7.5_250
brain ECF,0.6,0.140935761043106,20_7.5_250
brain ECF,0.7,0.148901101487175,20_7.5_250
brain ECF,0.8,0.155322065667836,20_7.5_250
brain ECF,0.9,0.160613376048519,20_7.5_250
brain ECF,1,0.16500936199898,20_7.5_250
brain ECF,1.1,0.168665675953689,20_7.5_250
brain ECF,1.2,0.171698797246682,20_7.5_250
brain ECF,1.3,0.174202159463422,20_7.5_250
brain ECF,1.4,0.176253376974636,20_7.5_250
brain ECF,1.5,0.177917983402046,20_7.5_250
brain ECF,1.6,0.179251720533853,20_7.5_250
brain ECF,1.7,0.180302157813406,20_7.5_250
brain ECF,1.8,0.181109951408238,20_7.5_250
brain ECF,1.9,0.181709873941561,20_7.5_250
brain ECF,2,0.18213167746194,20_7.5_250
brain ECF,2.1,0.182400824741561,20_7.5_250
brain ECF,2.2,0.182539112096223,20_7.5_250
brain ECF,2.3,0.182565200874346,20_7.5_250
brain ECF,2.4,0.18249507167037,20_7.5_250
brain ECF,2.5,0.182342412294689,20_7.5_250
brain ECF,2.6,0.18211894962706,20_7.5_250
brain ECF,2.7,0.181834733227795,20_7.5_250
brain ECF,2.8,0.181498377780899,20_7.5_250
brain ECF,2.9,0.181117270451538,20_7.5_250
brain ECF,3,0.180697748142372,20_7.5_250
brain ECF,3.1,0.180245249057733,20_7.5_250
brain ECF,3.2,0.179764442302863,20_7.5_250
brain ECF,3.3,0.179259338709405,20_7.5_250
brain ECF,3.4,0.178733385577471,20_7.5_250
brain ECF,3.5,0.178189547737063,20_7.5_250
brain ECF,3.6,0.177630376835424,20_7.5_250
brain ECF,3.7,0.177058070603105,20_7.5_250
brain ECF,3.8,0.176474523563581,20_7.5_250
brain ECF,3.9,0.175881370380939,20_7.5_250
brain ECF,4,0.175280022951257,20_7.5_250
brain ECF,4.1,0.174671702140274,20_7.5_250
brain ECF,4.2,0.174057464926945,20_7.5_250
brain ECF,4.3,0.173438227631861,20_7.5_250
brain ECF,4.4,0.172814785797645,20_7.5_250
brain ECF,4.5,0.172187831202406,20_7.5_250
brain ECF,4.6,0.171557966422428,20_7.5_250
brain ECF,4.7,0.170925717301815,20_7.5_250
brain ECF,4.8,0.170291543628908,20_7.5_250
brain ECF,4.9,0.169655848280141,20_7.5_250
brain ECF,5,0.169018985055509,20_7.5_250
brain ECF,5.1,0.168381265392067,20_7.5_250
brain ECF,5.2,0.167742964117084,20_7.5_250
brain ECF,5.3,0.16710432438306,20_7.5_250
brain ECF,5.4,0.166465561900627,20_7.5_250
brain ECF,5.5,0.165826868569932,20_7.5_250
brain ECF,5.6,0.165188415599209,20_7.5_250
brain ECF,5.7,0.164550356183805,20_7.5_250
brain ECF,5.8,0.163912827808026,20_7.5_250
brain ECF,5.9,0.163275954225133,20_7.5_250
brain ECF,6,0.162639847161693,20_7.5_250
brain ECF,6.1,0.162004607785527,20_7.5_250
brain ECF,6.2,0.161370327970848,20_7.5_250
brain ECF,6.3,0.160737091390436,20_7.5_250
brain ECF,6.4,0.160104974459229,20_7.5_250
brain ECF,6.5,0.159474047150052,20_7.5_250
brain ECF,6.6,0.1588443737003,20_7.5_250
brain ECF,6.7,0.158216013224907,20_7.5_250
brain ECF,6.8,0.157589020248768,20_7.5_250
brain ECF,6.9,0.15696344516986,20_7.5_250
brain ECF,7,0.15633933466325,20_7.5_250
brain ICF,0,0,20_7.5_250
brain ICF,0.1,0.000205837138044034,20_7.5_250
brain ICF,0.2,0.00140846369037996,20_7.5_250
brain ICF,0.3,0.00408057355177025,20_7.5_250
brain ICF,0.4,0.00790314721472536,20_7.5_250
brain ICF,0.5,0.0122978472286731,20_7.5_250
brain ICF,0.6,0.0169934157141232,20_7.5_250
brain ICF,0.7,0.0218545063540685,20_7.5_250
brain ICF,0.8,0.0268021155136011,20_7.5_250
brain ICF,0.9,0.0317831242408269,20_7.5_250
brain ICF,1,0.0367582286740978,20_7.5_250
brain ICF,1.1,0.0416968168456895,20_7.5_250
brain ICF,1.2,0.0465745215625672,20_7.5_250
brain ICF,1.3,0.0513718479771621,20_7.5_250
brain ICF,1.4,0.0560732688123922,20_7.5_250
brain ICF,1.5,0.0606665516164707,20_7.5_250
brain ICF,1.6,0.0651422219636137,20_7.5_250
brain ICF,1.7,0.0694931196330978,20_7.5_250
brain ICF,1.8,0.0737140256009637,20_7.5_250
brain ICF,1.9,0.0778013463131477,20_7.5_250
brain ICF,2,0.0817528456884224,20_7.5_250
brain ICF,2.1,0.0855674174377705,20_7.5_250
brain ICF,2.2,0.0892448916309694,20_7.5_250
brain ICF,2.3,0.0927858704707128,20_7.5_250
brain ICF,2.4,0.0961915888960354,20_7.5_250
brain ICF,2.5,0.0994637964909394,20_7.5_250
brain ICF,2.6,0.10260465742644,20_7.5_250
brain ICF,2.7,0.105616665878646,20_7.5_250
brain ICF,2.8,0.108502574622397,20_7.5_250
brain ICF,2.9,0.111265334822237,20_7.5_250
brain ICF,3,0.113908045399171,20_7.5_250
brain ICF,3.1,0.116433910540178,20_7.5_250
brain ICF,3.2,0.118846204140141,20_7.5_250
brain ICF,3.3,0.121148240140862,20_7.5_250
brain ICF,3.4,0.123343347894858,20_7.5_250
brain ICF,3.5,0.125434851777168,20_7.5_250
brain ICF,3.6,0.127426054428028,20_7.5_250
brain ICF,3.7,0.12932022306134,20_7.5_250
brain ICF,3.8,0.131120578367636,20_7.5_250
brain ICF,3.9,0.132830285626751,20_7.5_250
brain ICF,4,0.134452447676369,20_7.5_250
brain ICF,4.1,0.135990099448001,20_7.5_250
brain ICF,4.2,0.137446203827765,20_7.5_250
brain ICF,4.3,0.138823648626606,20_7.5_250
brain ICF,4.4,0.140125244480581,20_7.5_250
brain ICF,4.5,0.141353723529561,20_7.5_250
brain ICF,4.6,0.142511738743871,20_7.5_250
brain ICF,4.7,0.14360186378756,20_7.5_250
brain ICF,4.8,0.144626593325319,20_7.5_250
brain ICF,4.9,0.145588343692916,20_7.5_250
brain ICF,5,0.146489453863043,20_7.5_250
brain ICF,5.1,0.147332186650118,20_7.5_250
brain ICF,5.2,0.148118730105622,20_7.5_250
brain ICF,5.3,0.148851199062336,20_7.5_250
brain ICF,5.4,0.149531636793597,20_7.5_250
brain ICF,5.5,0.150162016758611,20_7.5_250
brain ICF,5.6,0.150744244409106,20_7.5_250
brain ICF,5.7,0.151280159037184,20_7.5_250
brain ICF,5.8,0.151771535647401,20_7.5_250
brain ICF,5.9,0.152220086838796,20_7.5_250
brain ICF,6,0.152627464685235,20_7.5_250
brain ICF,6.1,0.152995262604484,20_7.5_250
brain ICF,6.2,0.153325017208049,20_7.5_250
brain ICF,6.3,0.153618210125445,20_7.5_250
brain ICF,6.4,0.153876269797836,20_7.5_250
brain ICF,6.5,0.154100573236838,20_7.5_250
brain ICF,6.6,0.154292447745411,20_7.5_250
brain ICF,6.7,0.154453172598473,20_7.5_250
brain ICF,6.8,0.154583980681443,20_7.5_250
brain ICF,6.9,0.154686060085339,20_7.5_250
brain ICF,7,0.154760555657948,20_7.5_250
sCSF,0,0,20_7.5_250
sCSF,0.1,0.000252702467710539,20_7.5_250
sCSF,0.2,0.00172688789851026,20_7.5_250
sCSF,0.3,0.00499241644892733,20_7.5_250
sCSF,0.4,0.00964258532745298,20_7.5_250
sCSF,0.5,0.0149565627791961,20_7.5_250
sCSF,0.6,0.0205970759976252,20_7.5_250
sCSF,0.7,0.0263967752953696,20_7.5_250
sCSF,0.8,0.0322589691801137,20_7.5_250
sCSF,0.9,0.0381195665874853,20_7.5_250
sCSF,1,0.0439319471638045,20_7.5_250
sCSF,1.1,0.049660501651091,20_7.5_250
sCSF,1.2,0.0552775197361042,20_7.5_250
sCSF,1.3,0.0607614281888091,20_7.5_250
sCSF,1.4,0.0660956212413999,20_7.5_250
sCSF,1.5,0.0712675881467574,20_7.5_250
sCSF,1.6,0.0762682169271211,20_7.5_250
sCSF,1.7,0.0810912196907284,20_7.5_250
sCSF,1.8,0.0857326509738298,20_7.5_250
sCSF,1.9,0.0901905014623938,20_7.5_250
sCSF,2,0.0944643545249122,20_7.5_250
sCSF,2.1,0.0985550957532849,20_7.5_250
sCSF,2.2,0.102464667469184,20_7.5_250
sCSF,2.3,0.106195861512633,20_7.5_250
sCSF,2.4,0.109752144509265,20_7.5_250
sCSF,2.5,0.113137510943671,20_7.5_250
sCSF,2.6,0.116356359708671,20_7.5_250
sCSF,2.7,0.119413390745119,20_7.5_250
sCSF,2.8,0.12231351873133,20_7.5_250
sCSF,2.9,0.125061801211078,20_7.5_250
sCSF,3,0.127663379021065,20_7.5_250
sCSF,3.1,0.130123427130711,20_7.5_250
sCSF,3.2,0.132447114302967,20_7.5_250
sCSF,3.3,0.134639570217104,20_7.5_250
sCSF,3.4,0.136705858910026,20_7.5_250
sCSF,3.5,0.138650957521774,20_7.5_250
sCSF,3.6,0.140479739538953,20_7.5_250
sCSF,3.7,0.142196961801588,20_7.5_250
sCSF,3.8,0.143807254662674,20_7.5_250
sCSF,3.9,0.14531511480176,20_7.5_250
sCSF,4,0.146724900237635,20_7.5_250
sCSF,4.1,0.148040827170187,20_7.5_250
sCSF,4.2,0.1492669683411,20_7.5_250
sCSF,4.3,0.150407252640069,20_7.5_250
sCSF,4.4,0.151465465730153,20_7.5_250
sCSF,4.5,0.152445251501773,20_7.5_250
sCSF,4.6,0.153350114192836,20_7.5_250
sCSF,4.7,0.15418342103765,20_7.5_250
sCSF,4.8,0.154948405330662,20_7.5_250
sCSF,4.9,0.155648169808022,20_7.5_250
sCSF,5,0.156285690265708,20_7.5_250
sCSF,5.1,0.15686381934746,20_7.5_250
sCSF,5.2,0.157385290446101,20_7.5_250
sCSF,5.3,0.157852721671175,20_7.5_250
sCSF,5.4,0.158268619844938,20_7.5_250
sCSF,5.5,0.158635384494973,20_7.5_250
sCSF,5.6,0.158955311817597,20_7.5_250
sCSF,5.7,0.159230598591471,20_7.5_250
sCSF,5.8,0.159463346024589,20_7.5_250
sCSF,5.9,0.159655563521554,20_7.5_250
sCSF,6,0.159809172361066,20_7.5_250
sCSF,6.1,0.159926009275885,20_7.5_250
sCSF,6.2,0.160007829929342,20_7.5_250
sCSF,6.3,0.160056312284842,20_7.5_250
sCSF,6.4,0.160073059865889,20_7.5_250
sCSF,6.5,0.160059604904838,20_7.5_250
sCSF,6.6,0.160017411380487,20_7.5_250
sCSF,6.7,0.159947877944938,20_7.5_250
sCSF,6.8,0.159852340740777,20_7.5_250
sCSF,6.9,0.159732076109904,20_7.5_250
sCSF,7,0.159588303196774,20_7.5_250
brain ECF,0,0,20_7.5_300
brain ECF,0.1,0.0152644550906167,20_7.5_300
brain ECF,0.2,0.0497466183925718,20_7.5_300
brain ECF,0.3,0.0895231360141326,20_7.5_300
brain ECF,0.4,0.112330924910483,20_7.5_300
brain ECF,0.5,0.12558889930525,20_7.5_300
brain ECF,0.6,0.134537539409614,20_7.5_300
brain ECF,0.7,0.141248753982746,20_7.5_300
brain ECF,0.8,0.146595638703853,20_7.5_300
brain ECF,0.9,0.15098836749767,20_7.5_300
brain ECF,1,0.154650710955766,20_7.5_300
brain ECF,1.1,0.157725258865769,20_7.5_300
brain ECF,1.2,0.160314544160499,20_7.5_300
brain ECF,1.3,0.162497995732419,20_7.5_300
brain ECF,1.4,0.164339623230403,20_7.5_300
brain ECF,1.5,0.165892022604625,20_7.5_300
brain ECF,1.6,0.167198819836938,20_7.5_300
brain ECF,1.7,0.168296372904239,20_7.5_300
brain ECF,1.8,0.16921506409295,20_7.5_300
brain ECF,1.9,0.169980328759188,20_7.5_300
brain ECF,2,0.170613493642273,20_7.5_300
brain ECF,2.1,0.171132467522781,20_7.5_300
brain ECF,2.2,0.171552313148015,20_7.5_300
brain ECF,2.3,0.171885721836491,20_7.5_300
brain ECF,2.4,0.172143407986944,20_7.5_300
brain ECF,2.5,0.172334436819043,20_7.5_300
brain ECF,2.6,0.172466497133371,20_7.5_300
brain ECF,2.7,0.172546128095599,20_7.5_300
brain ECF,2.8,0.172578907885289,20_7.5_300
brain ECF,2.9,0.172569610741673,20_7.5_300
brain ECF,3,0.172522337636484,20_7.5_300
brain ECF,3.1,0.172440625063735,20_7.5_300
brain ECF,3.2,0.172327535632682,20_7.5_300
brain ECF,3.3,0.172185733535718,20_7.5_300
brain ECF,3.4,0.172017547413932,20_7.5_300
brain ECF,3.5,0.171825022796366,20_7.5_300
brain ECF,3.6,0.171609965808851,20_7.5_300
brain ECF,3.7,0.171373979656404,20_7.5_300
brain ECF,3.8,0.171118495100734,20_7.5_300
brain ECF,3.9,0.17084479591006,20_7.5_300
brain ECF,4,0.170554040152162,20_7.5_300
brain ECF,4.1,0.1702472780239,20_7.5_300
brain ECF,4.2,0.169925466787111,20_7.5_300
brain ECF,4.3,0.169589483303682,20_7.5_300
brain ECF,4.4,0.169240134570463,20_7.5_300
brain ECF,4.5,0.168878166585193,20_7.5_300
brain ECF,4.6,0.168504271821938,20_7.5_300
brain ECF,4.7,0.168119095548455,20_7.5_300
brain ECF,4.8,0.167723241175506,20_7.5_300
brain ECF,4.9,0.167317274798652,20_7.5_300
brain ECF,5,0.166901729066625,20_7.5_300
brain ECF,5.1,0.166477106485104,20_7.5_300
brain ECF,5.2,0.166043882247818,20_7.5_300
brain ECF,5.3,0.165602506673301,20_7.5_300
brain ECF,5.4,0.1651534073098,20_7.5_300
brain ECF,5.5,0.164696990761152,20_7.5_300
brain ECF,5.6,0.164233644278836,20_7.5_300
brain ECF,5.7,0.163763737156658,20_7.5_300
brain ECF,5.8,0.163287621958382,20_7.5_300
brain ECF,5.9,0.162805635604489,20_7.5_300
brain ECF,6,0.162318100339372,20_7.5_300
brain ECF,6.1,0.161825324596712,20_7.5_300
brain ECF,6.2,0.161327603777833,20_7.5_300
brain ECF,6.3,0.160825220955914,20_7.5_300
brain ECF,6.4,0.160318447516352,20_7.5_300
brain ECF,6.5,0.159807543741839,20_7.5_300
brain ECF,6.6,0.159292759349812,20_7.5_300
brain ECF,6.7,0.158774333988386,20_7.5_300
brain ECF,6.8,0.158252497695942,20_7.5_300
brain ECF,6.9,0.157727471328712,20_7.5_300
brain ECF,7,0.157199466960284,20_7.5_300
brain ICF,0,0,20_7.5_300
brain ICF,0.1,0.000245261302299692,20_7.5_300
brain ICF,0.2,0.00166636243458203,20_7.5_300
brain ICF,0.3,0.00479397117766117,20_7.5_300
brain ICF,0.4,0.0092117225897645,20_7.5_300
brain ICF,0.5,0.0142151749947034,20_7.5_300
brain ICF,0.6,0.0194828202038309,20_7.5_300
brain ICF,0.7,0.0248615081883686,20_7.5_300
brain ICF,0.8,0.0302673224748099,20_7.5_300
brain ICF,0.9,0.0356475672371526,20_7.5_300
brain ICF,1,0.040965673891595,20_7.5_300
brain ICF,1.1,0.0461947930618053,20_7.5_300
brain ICF,1.2,0.0513147516515171,20_7.5_300
brain ICF,1.3,0.0563103738463387,20_7.5_300
brain ICF,1.4,0.0611704028722159,20_7.5_300
brain ICF,1.5,0.0658867238869739,20_7.5_300
brain ICF,1.6,0.0704537634212412,20_7.5_300
brain ICF,1.7,0.0748680080974497,20_7.5_300
brain ICF,1.8,0.0791276122345076,20_7.5_300
brain ICF,1.9,0.0832320754787005,20_7.5_300
brain ICF,2,0.08718197716815,20_7.5_300
brain ICF,2.1,0.0909787572716732,20_7.5_300
brain ICF,2.2,0.0946245357770638,20_7.5_300
brain ICF,2.3,0.0981219639472559,20_7.5_300
brain ICF,2.4,0.101474101905621,20_7.5_300
brain ICF,2.5,0.104684318178106,20_7.5_300
brain ICF,2.6,0.107756207290476,20_7.5_300
brain ICF,2.7,0.110693522426911,20_7.5_300
brain ICF,2.8,0.113500120540994,20_7.5_300
brain ICF,2.9,0.116179917745583,20_7.5_300
brain ICF,3,0.118736853241288,20_7.5_300
brain ICF,3.1,0.121174860291162,20_7.5_300
brain ICF,3.2,0.123497843017796,20_7.5_300
brain ICF,3.3,0.125709658004243,20_7.5_300
brain ICF,3.4,0.127814099863016,20_7.5_300
brain ICF,3.5,0.129814890054955,20_7.5_300
brain ICF,3.6,0.131715668397577,20_7.5_300
brain ICF,3.7,0.133519986768542,20_7.5_300
brain ICF,3.8,0.135231304603932,20_7.5_300
brain ICF,3.9,0.136852985870785,20_7.5_300
brain ICF,4,0.13838829723081,20_7.5_300
brain ICF,4.1,0.139840407170593,20_7.5_300
brain ICF,4.2,0.141212385913844,20_7.5_300
brain ICF,4.3,0.142507205957951,20_7.5_300
brain ICF,4.4,0.143727743107319,20_7.5_300
brain ICF,4.5,0.144876777898717,20_7.5_300
brain ICF,4.6,0.145956997331483,20_7.5_300
brain ICF,4.7,0.146970996830837,20_7.5_300
brain ICF,4.8,0.147921282386106,20_7.5_300
brain ICF,4.9,0.148810272815585,20_7.5_300
brain ICF,5,0.149640302118673,20_7.5_300
brain ICF,5.1,0.150413621883618,20_7.5_300
brain ICF,5.2,0.151132403724838,20_7.5_300
brain ICF,5.3,0.151798741728715,20_7.5_300
brain ICF,5.4,0.152414654891244,20_7.5_300
brain ICF,5.5,0.152982089534002,20_7.5_300
brain ICF,5.6,0.153502921687843,20_7.5_300
brain ICF,5.7,0.153978959436101,20_7.5_300
brain ICF,5.8,0.154411945210783,20_7.5_300
brain ICF,5.9,0.15480355803698,20_7.5_300
brain ICF,6,0.155155415722009,20_7.5_300
brain ICF,6.1,0.155469076986755,20_7.5_300
brain ICF,6.2,0.155746043537427,20_7.5_300
brain ICF,6.3,0.155987762076992,20_7.5_300
brain ICF,6.4,0.156195626255903,20_7.5_300
brain ICF,6.5,0.156370978561914,20_7.5_300
brain ICF,6.6,0.156515112149677,20_7.5_300
brain ICF,6.7,0.156629272610796,20_7.5_300
brain ICF,6.8,0.15671465968525,20_7.5_300
brain ICF,6.9,0.156772428915143,20_7.5_300
brain ICF,7,0.15680369324241,20_7.5_300
sCSF,0,0,20_7.5_300
sCSF,0.1,0.000251431940798424,20_7.5_300
sCSF,0.2,0.00170961004744635,20_7.5_300
sCSF,0.3,0.0049185225822442,20_7.5_300
sCSF,0.4,0.00944914779058155,20_7.5_300
sCSF,0.5,0.0145763227528008,20_7.5_300
sCSF,0.6,0.0199691888508552,20_7.5_300
sCSF,0.7,0.0254703256405728,20_7.5_300
sCSF,0.8,0.0309936519829691,20_7.5_300
sCSF,0.9,0.0364852657846357,20_7.5_300
sCSF,1,0.041907889795073,20_7.5_300
sCSF,1.1,0.047234264073731,20_7.5_300
sCSF,1.2,0.0524440057125378,20_7.5_300
sCSF,1.3,0.0575218746041359,20_7.5_300
sCSF,1.4,0.062456659051885,20_7.5_300
sCSF,1.5,0.0672403724448959,20_7.5_300
sCSF,1.6,0.0718676325216579,20_7.5_300
sCSF,1.7,0.0763351640973868,20_7.5_300
sCSF,1.8,0.0806413938364297,20_7.5_300
sCSF,1.9,0.0847861175490567,20_7.5_300
sCSF,2,0.0887702262421781,20_7.5_300
sCSF,2.1,0.0925954803948858,20_7.5_300
sCSF,2.2,0.0962643240364297,20_7.5_300
sCSF,2.3,0.0997797318038143,20_7.5_300
sCSF,2.4,0.103145083237686,20_7.5_300
sCSF,2.5,0.106364059784241,20_7.5_300
sCSF,2.6,0.109440560459699,20_7.5_300
sCSF,2.7,0.112378633074821,20_7.5_300
sCSF,2.8,0.115182418316333,20_7.5_300
sCSF,2.9,0.117856104433819,20_7.5_300
sCSF,3,0.120403890729596,20_7.5_300
sCSF,3.1,0.1228299583063,20_7.5_300
sCSF,3.2,0.125138446805372,20_7.5_300
sCSF,3.3,0.12733343608239,20_7.5_300
sCSF,3.4,0.129418931954619,20_7.5_300
sCSF,3.5,0.131398855278286,20_7.5_300
sCSF,3.6,0.133277033776223,20_7.5_300
sCSF,3.7,0.135057196105298,20_7.5_300
sCSF,3.8,0.13674296775044,20_7.5_300
sCSF,3.9,0.138337868414423,20_7.5_300
sCSF,4,0.139845310611732,20_7.5_300
sCSF,4.1,0.141268599235141,20_7.5_300
sCSF,4.2,0.142610931905192,20_7.5_300
sCSF,4.3,0.143875399940574,20_7.5_300
sCSF,4.4,0.14506498981856,20_7.5_300
sCSF,4.5,0.146182585018225,20_7.5_300
sCSF,4.6,0.147230968157306,20_7.5_300
sCSF,4.7,0.148212823349596,20_7.5_300
sCSF,4.8,0.149130738723624,20_7.5_300
sCSF,4.9,0.149987209053705,20_7.5_300
sCSF,5,0.150784638463594,20_7.5_300
sCSF,5.1,0.151525343170901,20_7.5_300
sCSF,5.2,0.152211554246185,20_7.5_300
sCSF,5.3,0.152845420365795,20_7.5_300
sCSF,5.4,0.153429010542062,20_7.5_300
sCSF,5.5,0.153964316817582,20_7.5_300
sCSF,5.6,0.154453256913405,20_7.5_300
sCSF,5.7,0.154897676823342,20_7.5_300
sCSF,5.8,0.155299353348272,20_7.5_300
sCSF,5.9,0.155659996566191,20_7.5_300
sCSF,6,0.155981252234994,20_7.5_300
sCSF,6.1,0.156264704125954,20_7.5_300
sCSF,6.2,0.156511876286566,20_7.5_300
sCSF,6.3,0.156724235232557,20_7.5_300
sCSF,6.4,0.156903192069147,20_7.5_300
sCSF,6.5,0.157050104541795,20_7.5_300
sCSF,6.6,0.157166279017598,20_7.5_300
sCSF,6.7,0.157252972398485,20_7.5_300
sCSF,6.8,0.157311393967527,20_7.5_300
sCSF,6.9,0.157342707169712,20_7.5_300
sCSF,7,0.157348031329276,20_7.5_300
