site,time,conc,PS
brain ECF,0,0,12_1.5_250
brain ECF,0.1,3.58215152615982,12_1.5_250
brain ECF,0.2,9.99387961623548,12_1.5_250
brain ECF,0.3,12.8007209325258,12_1.5_250
brain ECF,0.4,13.2698384509079,12_1.5_250
brain ECF,0.5,12.8587048727722,12_1.5_250
brain ECF,0.6,12.1911500534389,12_1.5_250
brain ECF,0.7,11.5131205183089,12_1.5_250
brain ECF,0.8,10.9059512982091,12_1.5_250
brain ECF,0.9,10.3839431313097,12_1.5_250
brain ECF,1,9.93750031010544,12_1.5_250
brain ECF,1.1,9.55115771379899,12_1.5_250
brain ECF,1.2,9.21036562991929,12_1.5_250
brain ECF,1.3,8.90347539760942,12_1.5_250
brain ECF,1.4,8.62184206629665,12_1.5_250
brain ECF,1.5,8.35931133239012,12_1.5_250
brain ECF,1.6,8.11160460303641,12_1.5_250
brain ECF,1.7,7.87578364354649,12_1.5_250
brain ECF,1.8,7.64983785975976,12_1.5_250
brain ECF,1.9,7.4323855422664,12_1.5_250
brain ECF,2,7.22246558255137,12_1.5_250
brain ECF,2.1,7.01939577743472,12_1.5_250
brain ECF,2.2,6.82267795486027,12_1.5_250
brain ECF,2.3,6.63193526817665,12_1.5_250
brain ECF,2.4,6.44687097745806,12_1.5_250
brain ECF,2.5,6.2672416128662,12_1.5_250
brain ECF,2.6,6.092839532156,12_1.5_250
brain ECF,2.7,5.92348153184664,12_1.5_250
brain ECF,2.8,5.75900156747379,12_1.5_250
brain ECF,2.9,5.59924599901905,12_1.5_250
brain ECF,3,5.4440704685056,12_1.5_250
brain ECF,3.1,5.29333786572765,12_1.5_250
brain ECF,3.2,5.14691702923093,12_1.5_250
brain ECF,3.3,5.00468184745742,12_1.5_250
brain ECF,3.4,4.86651064395373,12_1.5_250
brain ECF,3.5,4.7322857532189,12_1.5_250
brain ECF,3.6,4.60189321752343,12_1.5_250
brain ECF,3.7,4.47522257027503,12_1.5_250
brain ECF,3.8,4.35216665878391,12_1.5_250
brain ECF,3.9,4.23262149395479,12_1.5_250
brain ECF,4,4.11648612659968,12_1.5_250
brain ECF,4.1,4.00366254332449,12_1.5_250
brain ECF,4.2,3.89405556953565,12_1.5_250
brain ECF,4.3,3.78757278030985,12_1.5_250
brain ECF,4.4,3.68412441587421,12_1.5_250
brain ECF,4.5,3.58362330147507,12_1.5_250
brain ECF,4.6,3.48598477118687,12_1.5_250
brain ECF,4.7,3.39112659482062,12_1.5_250
brain ECF,4.8,3.2989689072535,12_1.5_250
brain ECF,4.9,3.20943413982874,12_1.5_250
brain ECF,5,3.12244695408632,12_1.5_250
brain ECF,5.1,3.03793417753764,12_1.5_250
brain ECF,5.2,2.95582474150441,12_1.5_250
brain ECF,5.3,2.87604962059455,12_1.5_250
brain ECF,5.4,2.7985417739426,12_1.5_250
brain ECF,5.5,2.72323608823107,12_1.5_250
brain ECF,5.6,2.65006932226131,12_1.5_250
brain ECF,5.7,2.57898005323265,12_1.5_250
brain ECF,5.8,2.50990862453514,12_1.5_250
brain ECF,5.9,2.44279709502313,12_1.5_250
brain ECF,6,2.37758918973235,12_1.5_250
brain ECF,6.1,2.31423025201354,12_1.5_250
brain ECF,6.2,2.25266719704983,12_1.5_250
brain ECF,6.3,2.1928484667465,12_1.5_250
brain ECF,6.4,2.13472398579351,12_1.5_250
brain ECF,6.5,2.07824511901109,12_1.5_250
brain ECF,6.6,2.02336463012624,12_1.5_250
brain ECF,6.7,1.9700366415216,12_1.5_250
brain ECF,6.8,1.91821659517829,12_1.5_250
brain ECF,6.9,1.8678612147451,12_1.5_250
brain ECF,7,1.81892846870858,12_1.5_250
brain ECF,7.1,1.77137753463038,12_1.5_250
brain ECF,7.2,1.72516876440203,12_1.5_250
brain ECF,7.3,1.68026365029279,12_1.5_250
brain ECF,7.4,1.63662479244721,12_1.5_250
brain ECF,7.5,1.59421586693391,12_1.5_250
brain ECF,7.6,1.55300159479672,12_1.5_250
brain ECF,7.7,1.51294771200401,12_1.5_250
brain ECF,7.8,1.47402094028062,12_1.5_250
brain ECF,7.9,1.43618895878399,12_1.5_250
brain ECF,8,1.39942037640309,12_1.5_250
brain ECF,8.1,1.36368470523031,12_1.5_250
brain ECF,8.2,1.32895233451437,12_1.5_250
brain ECF,8.3,1.29519450542826,12_1.5_250
brain ECF,8.4,1.2623832866103,12_1.5_250
brain ECF,8.5,1.23049155019726,12_1.5_250
brain ECF,8.6,1.19949294888103,12_1.5_250
brain ECF,8.7,1.16936189343214,12_1.5_250
brain ECF,8.8,1.14007353084753,12_1.5_250
brain ECF,8.9,1.11160372321388,12_1.5_250
brain ECF,9,1.08392902695949,12_1.5_250
brain ECF,9.1,1.05702667306626,12_1.5_250
brain ECF,9.2,1.03087454766876,12_1.5_250
brain ECF,9.3,1.00545117313275,12_1.5_250
brain ECF,9.4,0.980735689806358,12_1.5_250
brain ECF,9.5,0.956707838015297,12_1.5_250
brain ECF,9.6,0.933347941104816,12_1.5_250
brain ECF,9.7,0.910636888506257,12_1.5_250
brain ECF,9.8,0.888556119507581,12_1.5_250
brain ECF,9.9,0.867087607220793,12_1.5_250
brain ECF,10,0.846213843444024,12_1.5_250
brain ECF,10.1,0.82591782372842,12_1.5_250
brain ECF,10.2,0.806183032845495,12_1.5_250
brain ECF,10.3,0.786993430557549,12_1.5_250
brain ECF,10.4,0.768333438093301,12_1.5_250
brain ECF,10.5,0.750187924887845,12_1.5_250
brain ECF,10.6,0.732542195686063,12_1.5_250
brain ECF,10.7,0.715381977765255,12_1.5_250
brain ECF,10.8,0.698693409010543,12_1.5_250
brain ECF,10.9,0.682463026104116,12_1.5_250
brain ECF,11,0.66667775302542,12_1.5_250
brain ECF,11.1,0.651324889627692,12_1.5_250
brain ECF,11.2,0.636392101242442,12_1.5_250
brain ECF,11.3,0.621867407966548,12_1.5_250
brain ECF,11.4,0.607739174316589,12_1.5_250
brain ECF,11.5,0.593996099463605,12_1.5_250
brain ECF,11.6,0.580627207623996,12_1.5_250
brain ECF,11.7,0.567621838686229,12_1.5_250
brain ECF,11.8,0.554969638803542,12_1.5_250
brain ECF,11.9,0.542660552091765,12_1.5_250
brain ECF,12,0.530684811832669,12_1.5_250
brain ECF,12.1,0.519032931886236,12_1.5_250
brain ECF,12.2,0.507695699032331,12_1.5_250
brain ECF,12.3,0.496664164961569,12_1.5_250
brain ECF,12.4,0.485929638412906,12_1.5_250
brain ECF,12.5,0.475483678088407,12_1.5_250
brain ECF,12.6,0.465318085423829,12_1.5_250
brain ECF,12.7,0.455424897287345,12_1.5_250
brain ECF,12.8,0.445796379504167,12_1.5_250
brain ECF,12.9,0.436425020308046,12_1.5_250
brain ECF,13,0.427303523550293,12_1.5_250
brain ECF,13.1,0.418424802914654,12_1.5_250
brain ECF,13.2,0.409781975779397,12_1.5_250
brain ECF,13.3,0.401368357037969,12_1.5_250
brain ECF,13.4,0.393177453817525,12_1.5_250
brain ECF,13.5,0.385202959827589,12_1.5_250
brain ECF,13.6,0.377438749714591,12_1.5_250
brain ECF,13.7,0.369878874250747,12_1.5_250
brain ECF,13.8,0.362517555079681,12_1.5_250
brain ECF,13.9,0.355349179527256,12_1.5_250
brain ECF,14,0.348368296346402,12_1.5_250
brain ICF,0,0,12_1.5_250
brain ICF,0.1,4.18546734291392,12_1.5_250
brain ICF,0.2,12.7675709130221,12_1.5_250
brain ICF,0.3,16.9117154433845,12_1.5_250
brain ICF,0.4,17.6986993147929,12_1.5_250
brain ICF,0.5,17.2063051729048,12_1.5_250
brain ICF,0.6,16.3281880383581,12_1.5_250
brain ICF,0.7,15.419877267079,12_1.5_250
brain ICF,0.8,14.6015281065198,12_1.5_250
brain ICF,0.9,13.8967471497521,12_1.5_250
brain ICF,1,13.2941797576906,12_1.5_250
brain ICF,1.1,12.7734006438956,12_1.5_250
brain ICF,1.2,12.314774828389,12_1.5_250
brain ICF,1.3,11.9024417112285,12_1.5_250
brain ICF,1.4,11.5245757084642,12_1.5_250
brain ICF,1.5,11.1727359363116,12_1.5_250
brain ICF,1.6,10.8410453879405,12_1.5_250
brain ICF,1.7,10.5254653925912,12_1.5_250
brain ICF,1.8,10.2232322905823,12_1.5_250
brain ICF,1.9,9.93244801819466,12_1.5_250
brain ICF,2,9.6517939584898,12_1.5_250
brain ICF,2.1,9.38033594890139,12_1.5_250
brain ICF,2.2,9.11739357104459,12_1.5_250
brain ICF,2.3,8.86245368925918,12_1.5_250
brain ICF,2.4,8.6151135839596,12_1.5_250
brain ICF,2.5,8.37504391192697,12_1.5_250
brain ICF,2.6,8.14196462622494,12_1.5_250
brain ICF,2.7,7.9156292513286,12_1.5_250
brain ICF,2.8,7.69581483162411,12_1.5_250
brain ICF,2.9,7.4823153674662,12_1.5_250
brain ICF,3,7.27493750577756,12_1.5_250
brain ICF,3.1,7.07349773388141,12_1.5_250
brain ICF,3.2,6.87782058919174,12_1.5_250
brain ICF,3.3,6.68773742179222,12_1.5_250
brain ICF,3.4,6.50308554945557,12_1.5_250
brain ICF,3.5,6.32370767601731,12_1.5_250
brain ICF,3.6,6.14945147683012,12_1.5_250
brain ICF,3.7,5.98016930370736,12_1.5_250
brain ICF,3.8,5.81571794420481,12_1.5_250
brain ICF,3.9,5.65595841800832,12_1.5_250
brain ICF,4,5.50075581000071,12_1.5_250
brain ICF,4.1,5.34997913026468,12_1.5_250
brain ICF,4.2,5.20350118382836,12_1.5_250
brain ICF,4.3,5.06119845115909,12_1.5_250
brain ICF,4.4,4.92295097492522,12_1.5_250
brain ICF,4.5,4.78864225272534,12_1.5_250
brain ICF,4.6,4.65815913516634,12_1.5_250
brain ICF,4.7,4.53139172812764,12_1.5_250
brain ICF,4.8,4.4082332982753,12_1.5_250
brain ICF,4.9,4.28858018135051,12_1.5_250
brain ICF,5,4.17233169358667,12_1.5_250
brain ICF,5.1,4.05939004586886,12_1.5_250
brain ICF,5.2,3.94966026065781,12_1.5_250
brain ICF,5.3,3.84305009110033,12_1.5_250
brain ICF,5.4,3.73946994249768,12_1.5_250
brain ICF,5.5,3.63883279615665,12_1.5_250
brain ICF,5.6,3.54105413531327,12_1.5_250
brain ICF,5.7,3.44605187333983,12_1.5_250
brain ICF,5.8,3.35374628397426,12_1.5_250
brain ICF,5.9,3.2640599335282,12_1.5_250
brain ICF,6,3.17691761502468,12_1.5_250
brain ICF,6.1,3.09224628422907,12_1.5_250
brain ICF,6.2,3.00997499752942,12_1.5_250
brain ICF,6.3,2.93003485165081,12_1.5_250
brain ICF,6.4,2.85235892493682,12_1.5_250
brain ICF,6.5,2.7768822203456,12_1.5_250
brain ICF,6.6,2.70354161035848,12_1.5_250
brain ICF,6.7,2.63227578318799,12_1.5_250
brain ICF,6.8,2.56302519058151,12_1.5_250
brain ICF,6.9,2.49573199713004,12_1.5_250
brain ICF,7,2.43034003104839,12_1.5_250
brain ICF,7.1,2.36679473638146,12_1.5_250
brain ICF,7.2,2.30504312657038,12_1.5_250
brain ICF,7.3,2.24503373907846,12_1.5_250
brain ICF,7.4,2.18671659195454,12_1.5_250
brain ICF,7.5,2.13004314113293,12_1.5_250
brain ICF,7.6,2.074966239073,12_1.5_250
brain ICF,7.7,2.02144009459901,12_1.5_250
brain ICF,7.8,1.96942023391959,12_1.5_250
brain ICF,7.9,1.91886346277524,12_1.5_250
brain ICF,8,1.86972782941826,12_1.5_250
brain ICF,8.1,1.82197258916028,12_1.5_250
brain ICF,8.2,1.77555816956238,12_1.5_250
brain ICF,8.3,1.73044613671475,12_1.5_250
brain ICF,8.4,1.6865991625493,12_1.5_250
brain ICF,8.5,1.64398099280994,12_1.5_250
brain ICF,8.6,1.60255641639081,12_1.5_250
brain ICF,8.7,1.5622912352983,12_1.5_250
brain ICF,8.8,1.52315223544741,12_1.5_250
brain ICF,8.9,1.48510715841432,12_1.5_250
brain ICF,9,1.44812467370826,12_1.5_250
brain ICF,9.1,1.41217435232649,12_1.5_250
brain ICF,9.2,1.37722664082651,12_1.5_250
brain ICF,9.3,1.34325283603914,12_1.5_250
brain ICF,9.4,1.31022506068035,12_1.5_250
brain ICF,9.5,1.27811623928949,12_1.5_250
brain ICF,9.6,1.24690007556611,12_1.5_250
brain ICF,9.7,1.21655102973989,12_1.5_250
brain ICF,9.8,1.1870442968812,12_1.5_250
brain ICF,9.9,1.15835578547494,12_1.5_250
brain ICF,10,1.13046209718984,12_1.5_250
brain ICF,10.1,1.10334050692165,12_1.5_250
brain ICF,10.2,1.07696894337139,12_1.5_250
brain ICF,10.3,1.05132597002864,12_1.5_250
brain ICF,10.4,1.02639076709735,12_1.5_250
brain ICF,10.5,1.00214311377482,12_1.5_250
brain ICF,10.6,0.978563371016434,12_1.5_250
brain ICF,10.7,0.955632464459758,12_1.5_250
brain ICF,10.8,0.93333186848824,12_1.5_250
brain ICF,10.9,0.911643590447065,12_1.5_250
brain ICF,11,0.890550155274589,12_1.5_250
brain ICF,11.1,0.870034590235764,12_1.5_250
brain ICF,11.2,0.850080411029351,12_1.5_250
brain ICF,11.3,0.830671607470969,12_1.5_250
brain ICF,11.4,0.811792629666913,12_1.5_250
brain ICF,11.5,0.793428374963687,12_1.5_250
brain ICF,11.6,0.775564175106179,12_1.5_250
brain ICF,11.7,0.758185783710998,12_1.5_250
brain ICF,11.8,0.741279363694349,12_1.5_250
brain ICF,11.9,0.724831476176816,12_1.5_250
brain ICF,12,0.708829068727319,12_1.5_250
brain ICF,12.1,0.693259463886288,12_1.5_250
brain ICF,12.2,0.678110348930885,12_1.5_250
brain ICF,12.3,0.663369765171428,12_1.5_250
brain ICF,12.4,0.649026097443881,12_1.5_250
brain ICF,12.5,0.63506806464099,12_1.5_250
brain ICF,12.6,0.62148471005072,12_1.5_250
brain ICF,12.7,0.608265391598661,12_1.5_250
brain ICF,12.8,0.595399773194181,12_1.5_250
brain ICF,12.9,0.582877815978862,12_1.5_250
brain ICF,13,0.570689769250867,12_1.5_250
brain ICF,13.1,0.558826162733572,12_1.5_250
brain ICF,13.2,0.547277798372699,12_1.5_250
brain ICF,13.3,0.536035742078108,12_1.5_250
brain ICF,13.4,0.525091316665502,12_1.5_250
brain ICF,13.5,0.514436094303849,12_1.5_250
brain ICF,13.6,0.504061888970641,12_1.5_250
brain ICF,13.7,0.493960750022204,12_1.5_250
brain ICF,13.8,0.484124955171608,12_1.5_250
brain ICF,13.9,0.474547003553748,12_1.5_250
brain ICF,14,0.465219610038618,12_1.5_250
sCSF,0,0,12_1.5_250
sCSF,0.1,0.0633034249699955,12_1.5_250
sCSF,0.2,0.381198155125151,12_1.5_250
sCSF,0.3,0.908647516055682,12_1.5_250
sCSF,0.4,1.4789049400983,12_1.5_250
sCSF,0.5,2.02009819911834,12_1.5_250
sCSF,0.6,2.50941807492693,12_1.5_250
sCSF,0.7,2.94407984563951,12_1.5_250
sCSF,0.8,3.32845546936602,12_1.5_250
sCSF,0.9,3.66867537978592,12_1.5_250
sCSF,1,3.97058175978495,12_1.5_250
sCSF,1.1,4.23911765507512,12_1.5_250
sCSF,1.2,4.47828322449622,12_1.5_250
sCSF,1.3,4.69128045448244,12_1.5_250
sCSF,1.4,4.88069194600953,12_1.5_250
sCSF,1.5,5.04863859117138,12_1.5_250
sCSF,1.6,5.19690245485115,12_1.5_250
sCSF,1.7,5.32701682602417,12_1.5_250
sCSF,1.8,5.44033000844097,12_1.5_250
sCSF,1.9,5.53804968732816,12_1.5_250
sCSF,2,5.62127354954499,12_1.5_250
sCSF,2.1,5.69101043144043,12_1.5_250
sCSF,2.2,5.74819506123401,12_1.5_250
sCSF,2.3,5.79369849411565,12_1.5_250
sCSF,2.4,5.82833569314483,12_1.5_250
sCSF,2.5,5.85287119099651,12_1.5_250
sCSF,2.6,5.86802347508117,12_1.5_250
sCSF,2.7,5.87446852205131,12_1.5_250
sCSF,2.8,5.87284272471204,12_1.5_250
sCSF,2.9,5.86374541235615,12_1.5_250
sCSF,3,5.84774107871879,12_1.5_250
sCSF,3.1,5.82536138929972,12_1.5_250
sCSF,3.2,5.79710700908565,12_1.5_250
sCSF,3.3,5.7634493006571,12_1.5_250
sCSF,3.4,5.72483190854069,12_1.5_250
sCSF,3.5,5.68167224869362,12_1.5_250
sCSF,3.6,5.63436291217473,12_1.5_250
sCSF,3.7,5.58327298382736,12_1.5_250
sCSF,3.8,5.52874929276054,12_1.5_250
sCSF,3.9,5.47111760162847,12_1.5_250
sCSF,4,5.41068373367206,12_1.5_250
sCSF,4.1,5.34773463811066,12_1.5_250
sCSF,4.2,5.28253940737275,12_1.5_250
sCSF,4.3,5.21535023660858,12_1.5_250
sCSF,4.4,5.14640333484834,12_1.5_250
sCSF,4.5,5.07591979179479,12_1.5_250
sCSF,4.6,5.00410640153131,12_1.5_250
sCSF,4.7,4.93115644373684,12_1.5_250
sCSF,4.8,4.85725042395213,12_1.5_250
sCSF,4.9,4.78255677791265,12_1.5_250
sCSF,5,4.70723253828956,12_1.5_250
sCSF,5.1,4.6314239686409,12_1.5_250
sCSF,5.2,4.55526716304946,12_1.5_250
sCSF,5.3,4.47888861698971,12_1.5_250
sCSF,5.4,4.4024057681876,12_1.5_250
sCSF,5.5,4.32592750878044,12_1.5_250
sCSF,5.6,4.24955467302326,12_1.5_250
sCSF,5.7,4.17338049790794,12_1.5_250
sCSF,5.8,4.09749106005859,12_1.5_250
sCSF,5.9,4.02196569008441,12_1.5_250
sCSF,6,3.94687736557906,12_1.5_250
sCSF,6.1,3.87229308359497,12_1.5_250
sCSF,6.2,3.79827421340695,12_1.5_250
sCSF,6.3,3.72487683010446,12_1.5_250
sCSF,6.4,3.65215203223532,12_1.5_250
sCSF,6.5,3.58014624223268,12_1.5_250
sCSF,6.6,3.50890148813964,12_1.5_250
sCSF,6.7,3.43845567320486,12_1.5_250
sCSF,6.8,3.36884283050423,12_1.5_250
sCSF,6.9,3.30009336380854,12_1.5_250
sCSF,7,3.23223427532124,12_1.5_250
sCSF,7.1,3.16528938099288,12_1.5_250
sCSF,7.2,3.0992795143013,12_1.5_250
sCSF,7.3,3.03422272119628,12_1.5_250
sCSF,7.4,2.97013443904257,12_1.5_250
sCSF,7.5,2.90702767008564,12_1.5_250
sCSF,7.6,2.84491314438669,12_1.5_250
sCSF,7.7,2.78379947363163,12_1.5_250
sCSF,7.8,2.7236932961941,12_1.5_250
sCSF,7.9,2.664599414049,12_1.5_250
sCSF,8,2.6065209237949,12_1.5_250
sCSF,8.1,2.54945933671614,12_1.5_250
sCSF,8.2,2.49341469473887,12_1.5_250
sCSF,8.3,2.4383856791294,12_1.5_250
sCSF,8.4,2.38436971256343,12_1.5_250
sCSF,8.5,2.33136305710283,12_1.5_250
sCSF,8.6,2.27936090365469,12_1.5_250
sCSF,8.7,2.22835745788312,12_1.5_250
sCSF,8.8,2.17834602121678,12_1.5_250
sCSF,8.9,2.12931906640533,12_1.5_250
sCSF,9,2.08126831022586,12_1.5_250
sCSF,9.1,2.03418477906661,12_1.5_250
sCSF,9.2,1.98805887201359,12_1.5_250
sCSF,9.3,1.94288042064138,12_1.5_250
sCSF,9.4,1.89863874423484,12_1.5_250
sCSF,9.5,1.85532270345854,12_1.5_250
sCSF,9.6,1.81292074719321,12_1.5_250
sCSF,9.7,1.77142095949201,12_1.5_250
sCSF,9.8,1.73081110216962,12_1.5_250
sCSF,9.9,1.69107865627338,12_1.5_250
sCSF,10,1.65221085824796,12_1.5_250
sCSF,10.1,1.6141947351986,12_1.5_250
sCSF,10.2,1.5770171379681,12_1.5_250
sCSF,10.3,1.54066477257163,12_1.5_250
sCSF,10.4,1.50512422791698,12_1.5_250
sCSF,10.5,1.47038200233738,12_1.5_250
sCSF,10.6,1.43642452836919,12_1.5_250
sCSF,10.7,1.40323819697108,12_1.5_250
sCSF,10.8,1.37080937765471,12_1.5_250
sCSF,10.9,1.3391244383182,12_1.5_250
sCSF,11,1.30816976373455,12_1.5_250
sCSF,11.1,1.27793177366949,12_1.5_250
sCSF,11.2,1.24839693668328,12_1.5_250
sCSF,11.3,1.21955178547637,12_1.5_250
sCSF,11.4,1.1913829306796,12_1.5_250
sCSF,11.5,1.16387707240542,12_1.5_250
sCSF,11.6,1.13702101135742,12_1.5_250
sCSF,11.7,1.11080165914525,12_1.5_250
sCSF,11.8,1.08520604867551,12_1.5_250
sCSF,11.9,1.06022134076321,12_1.5_250
sCSF,12,1.03583483264451,12_1.5_250
sCSF,12.1,1.01203396567148,12_1.5_250
sCSF,12.2,0.988806330154878,12_1.5_250
sCSF,12.3,0.966139671461154,12_1.5_250
sCSF,12.4,0.944021895592435,12_1.5_250
sCSF,12.5,0.922441072585602,12_1.5_250
sCSF,12.6,0.901385440473854,12_1.5_250
sCSF,12.7,0.880843409398335,12_1.5_250
sCSF,12.8,0.860803563584984,12_1.5_250
sCSF,12.9,0.841254663689927,12_1.5_250
sCSF,13,0.822185649668238,12_1.5_250
sCSF,13.1,0.803585641325414,12_1.5_250
sCSF,13.2,0.78544393984422,12_1.5_250
sCSF,13.3,0.767750029292937,12_1.5_250
sCSF,13.4,0.750493576352111,12_1.5_250
sCSF,13.5,0.733664430894593,12_1.5_250
sCSF,13.6,0.717252626483208,12_1.5_250
sCSF,13.7,0.701248379401314,12_1.5_250
sCSF,13.8,0.68564208857931,12_1.5_250
sCSF,13.9,0.670424335302897,12_1.5_250
sCSF,14,0.655585881545336,12_1.5_250
brain ECF,0,0,12_1.5_300
brain ECF,0.1,3.53830129208989,12_1.5_300
brain ECF,0.2,9.97109630074824,12_1.5_300
brain ECF,0.3,12.8163954878375,12_1.5_300
brain ECF,0.4,13.2919359864167,12_1.5_300
brain ECF,0.5,12.8769456969912,12_1.5_300
brain ECF,0.6,12.2036436718848,12_1.5_300
brain ECF,0.7,11.5207387118511,12_1.5_300
brain ECF,0.8,10.9101290328315,12_1.5_300
brain ECF,0.9,10.3859346833756,12_1.5_300
brain ECF,1,9.93821188618697,12_1.5_300
brain ECF,1.1,9.55118040052545,12_1.5_300
brain ECF,1.2,9.21005763720368,12_1.5_300
brain ECF,1.3,8.90303972042935,12_1.5_300
brain ECF,1.4,8.62138522095595,12_1.5_300
brain ECF,1.5,8.35888327490186,12_1.5_300
brain ECF,1.6,8.11122406049389,12_1.5_300
brain ECF,1.7,7.87545334695899,12_1.5_300
brain ECF,1.8,7.64955325289705,12_1.5_300
brain ECF,1.9,7.43213948211478,12_1.5_300
brain ECF,2,7.22225070097069,12_1.5_300
brain ECF,2.1,7.01920551004309,12_1.5_300
brain ECF,2.2,6.82250689581867,12_1.5_300
brain ECF,2.3,6.63177915319703,12_1.5_300
brain ECF,2.4,6.44672656804276,12_1.5_300
brain ECF,2.5,6.2671064759153,12_1.5_300
brain ECF,2.6,6.09271186827704,12_1.5_300
brain ECF,2.7,5.92336004982183,12_1.5_300
brain ECF,2.8,5.75888531174895,12_1.5_300
brain ECF,2.9,5.59913427072459,12_1.5_300
brain ECF,3,5.44396275701129,12_1.5_300
brain ECF,3.1,5.29323380545797,12_1.5_300
brain ECF,3.2,5.14681633211927,12_1.5_300
brain ECF,3.3,5.00458429094501,12_1.5_300
brain ECF,3.4,4.86641605163044,12_1.5_300
brain ECF,3.5,4.73219398487347,12_1.5_300
brain ECF,3.6,4.60180415867568,12_1.5_300
brain ECF,3.7,4.47513611874117,12_1.5_300
brain ECF,3.8,4.3520827200379,12_1.5_300
brain ECF,3.9,4.23253998244732,12_1.5_300
brain ECF,4,4.11640696560184,12_1.5_300
brain ECF,4.1,4.00358566077031,12_1.5_300
brain ECF,4.2,3.89398089695614,12_1.5_300
brain ECF,4.3,3.78750025207125,12_1.5_300
brain ECF,4.4,3.68405396903169,12_1.5_300
brain ECF,4.5,3.58355487553649,12_1.5_300
brain ECF,4.6,3.48591830773007,12_1.5_300
brain ECF,4.7,3.39106203721028,12_1.5_300
brain ECF,4.8,3.29890620053082,12_1.5_300
brain ECF,4.9,3.20937323078104,12_1.5_300
brain ECF,5,3.12238779115749,12_1.5_300
brain ECF,5.1,3.03787671066622,12_1.5_300
brain ECF,5.2,2.95576892203047,12_1.5_300
brain ECF,5.3,2.87599540125103,12_1.5_300
brain ECF,5.4,2.79848910884716,12_1.5_300
brain ECF,5.5,2.72318493279878,12_1.5_300
brain ECF,5.6,2.65001963322483,12_1.5_300
brain ECF,5.7,2.57893178857423,12_1.5_300
brain ECF,5.8,2.50986174343085,12_1.5_300
brain ECF,5.9,2.44275155780297,12_1.5_300
brain ECF,6,2.37754495785521,12_1.5_300
brain ECF,6.1,2.31418728804381,12_1.5_300
brain ECF,6.2,2.25262546462414,12_1.5_300
brain ECF,6.3,2.19280793050531,12_1.5_300
brain ECF,6.4,2.13468461144072,12_1.5_300
brain ECF,6.5,2.07820687324531,12_1.5_300
brain ECF,6.6,2.02332748058465,12_1.5_300
brain ECF,6.7,1.97000055675079,12_1.5_300
brain ECF,6.8,1.91818154462002,12_1.5_300
brain ECF,6.9,1.86782716871984,12_1.5_300
brain ECF,7,1.81889539838586,12_1.5_300
brain ECF,7.1,1.77134541198093,12_1.5_300
brain ECF,7.2,1.72513756223388,12_1.5_300
brain ECF,7.3,1.68023334221838,12_1.5_300
brain ECF,7.4,1.63659535281506,12_1.5_300
brain ECF,7.5,1.59418727081311,12_1.5_300
brain ECF,7.6,1.55297381796579,12_1.5_300
brain ECF,7.7,1.51292073093796,12_1.5_300
brain ECF,7.8,1.47399473214356,12_1.5_300
brain ECF,7.9,1.43616350132647,12_1.5_300
brain ECF,8,1.39939564809211,12_1.5_300
brain ECF,8.1,1.36366068514902,12_1.5_300
brain ECF,8.2,1.32892900234144,12_1.5_300
brain ECF,8.3,1.29517184141499,12_1.5_300
brain ECF,8.4,1.26236127156831,12_1.5_300
brain ECF,8.5,1.23047016547419,12_1.5_300
brain ECF,8.6,1.19947217637253,12_1.5_300
brain ECF,8.7,1.16934171554159,12_1.5_300
brain ECF,8.8,1.14005393047758,12_1.5_300
brain ECF,8.9,1.11158468378191,12_1.5_300
brain ECF,9,1.08391053238353,12_1.5_300
brain ECF,9.1,1.05700870770531,12_1.5_300
brain ECF,9.2,1.03085709632038,12_1.5_300
brain ECF,9.3,1.00543422102576,12_1.5_300
brain ECF,9.4,0.980719222596847,12_1.5_300
brain ECF,9.5,0.956691841765369,12_1.5_300
brain ECF,9.6,0.933332402268031,12_1.5_300
brain ECF,9.7,0.910621793927895,12_1.5_300
brain ECF,9.8,0.888541456429098,12_1.5_300
brain ECF,9.9,0.867073363274969,12_1.5_300
brain ECF,10,0.846200006598271,12_1.5_300
brain ECF,10.1,0.825904382288051,12_1.5_300
brain ECF,10.2,0.806169975450653,12_1.5_300
brain ECF,10.3,0.786980746159288,12_1.5_300
brain ECF,10.4,0.768321115973681,12_1.5_300
brain ECF,10.5,0.750175954634836,12_1.5_300
brain ECF,10.6,0.732530567154013,12_1.5_300
brain ECF,10.7,0.715370681151701,12_1.5_300
brain ECF,10.8,0.698682434794263,12_1.5_300
brain ECF,10.9,0.682452365036322,12_1.5_300
brain ECF,11,0.666667396124344,12_1.5_300
brain ECF,11.1,0.65131482814401,12_1.5_300
brain ECF,11.2,0.636382326682709,12_1.5_300
brain ECF,11.3,0.621857912089055,12_1.5_300
brain ECF,11.4,0.607729949104316,12_1.5_300
brain ECF,11.5,0.593987137127123,12_1.5_300
brain ECF,11.6,0.580618500590286,12_1.5_300
brain ECF,11.7,0.567613379632916,12_1.5_300
brain ECF,11.8,0.554961420626295,12_1.5_300
brain ECF,11.9,0.542652567881481,12_1.5_300
brain ECF,12,0.530677054882827,12_1.5_300
brain ECF,12.1,0.519025395657865,12_1.5_300
brain ECF,12.2,0.507688377179856,12_1.5_300
brain ECF,12.3,0.496657051327301,12_1.5_300
brain ECF,12.4,0.485922727007131,12_1.5_300
brain ECF,12.5,0.475476963097862,12_1.5_300
brain ECF,12.6,0.465311561174363,12_1.5_300
brain ECF,12.7,0.455418558317051,12_1.5_300
brain ECF,12.8,0.445790220501868,12_1.5_300
brain ECF,12.9,0.436419036124451,12_1.5_300
brain ECF,13,0.427297709173723,12_1.5_300
brain ECF,13.1,0.418419153467345,12_1.5_300
brain ECF,13.2,0.40977648652688,12_1.5_300
brain ECF,13.3,0.401363023366925,12_1.5_300
brain ECF,13.4,0.393172271260071,12_1.5_300
brain ECF,13.5,0.38519792404988,12_1.5_300
brain ECF,13.6,0.377433856476681,12_1.5_300
brain ECF,13.7,0.369874119444063,12_1.5_300
brain ECF,13.8,0.362512934746398,12_1.5_300
brain ECF,13.9,0.355344689818905,12_1.5_300
brain ECF,14,0.348363933527366,12_1.5_300
brain ICF,0,0,12_1.5_300
brain ICF,0.1,4.2228008320324,12_1.5_300
brain ICF,0.2,12.8306243774098,12_1.5_300
brain ICF,0.3,16.9598382830975,12_1.5_300
brain ICF,0.4,17.7283603516027,12_1.5_300
brain ICF,0.5,17.2212095691487,12_1.5_300
brain ICF,0.6,16.3331391546773,12_1.5_300
brain ICF,0.7,15.4188197295081,12_1.5_300
brain ICF,0.8,14.5972040995473,12_1.5_300
brain ICF,0.9,13.8908830397452,12_1.5_300
brain ICF,1,13.2877790499838,12_1.5_300
brain ICF,1.1,12.7669995960426,12_1.5_300
brain ICF,1.2,12.30862840088,12_1.5_300
brain ICF,1.3,11.896646385523,12_1.5_300
brain ICF,1.4,11.5191453476124,12_1.5_300
brain ICF,1.5,11.167646026826,12_1.5_300
brain ICF,1.6,10.8362573413563,12_1.5_300
brain ICF,1.7,10.5209389149523,12_1.5_300
brain ICF,1.8,10.218930961422,12_1.5_300
brain ICF,1.9,9.92834121295653,12_1.5_300
brain ICF,2,9.6478569692158,12_1.5_300
brain ICF,2.1,9.37654928946411,12_1.5_300
brain ICF,2.2,9.11374206151967,12_1.5_300
brain ICF,2.3,8.85892550789366,12_1.5_300
brain ICF,2.4,8.61169950315927,12_1.5_300
brain ICF,2.5,8.37173660150113,12_1.5_300
brain ICF,2.6,8.13875816147013,12_1.5_300
brain ICF,2.7,7.91251877507667,12_1.5_300
brain ICF,2.8,7.69279620972038,12_1.5_300
brain ICF,2.9,7.47938501032288,12_1.5_300
brain ICF,3,7.27209222895791,12_1.5_300
brain ICF,3.1,7.07073466912784,12_1.5_300
brain ICF,3.2,6.87513707177157,12_1.5_300
brain ICF,3.3,6.68513096067471,12_1.5_300
brain ICF,3.4,6.50055379162894,12_1.5_300
brain ICF,3.5,6.32124838642808,12_1.5_300
brain ICF,3.6,6.14706251934043,12_1.5_300
brain ICF,3.7,5.97784861902343,12_1.5_300
brain ICF,3.8,5.81346354062845,12_1.5_300
brain ICF,3.9,5.65376837090848,12_1.5_300
brain ICF,4,5.49862825959417,12_1.5_300
brain ICF,4.1,5.34791227410193,12_1.5_300
brain ICF,4.2,5.20149327367483,12_1.5_300
brain ICF,4.3,5.0592477904138,12_1.5_300
brain ICF,4.4,4.92105591697651,12_1.5_300
brain ICF,4.5,4.78680119925271,12_1.5_300
brain ICF,4.6,4.65637053429516,12_1.5_300
brain ICF,4.7,4.52965407276811,12_1.5_300
brain ICF,4.8,4.40654512474402,12_1.5_300
brain ICF,4.9,4.28694006827645,12_1.5_300
brain ICF,5,4.17073826063902,12_1.5_300
brain ICF,5.1,4.05784195242051,12_1.5_300
brain ICF,5.2,3.94815620457422,12_1.5_300
brain ICF,5.3,3.84158880767571,12_1.5_300
brain ICF,5.4,3.73805020342324,12_1.5_300
brain ICF,5.5,3.63745340841156,12_1.5_300
brain ICF,5.6,3.53971394022727,12_1.5_300
brain ICF,5.7,3.44474974556594,12_1.5_300
brain ICF,5.8,3.35248113050525,12_1.5_300
brain ICF,5.9,3.26283069276048,12_1.5_300
brain ICF,6,3.17572325586721,12_1.5_300
brain ICF,6.1,3.09108580523884,12_1.5_300
brain ICF,6.2,3.00884742605776,12_1.5_300
brain ICF,6.3,2.92893924296582,12_1.5_300
brain ICF,6.4,2.8512943615396,12_1.5_300
brain ICF,6.5,2.7758478111369,12_1.5_300
brain ICF,6.6,2.70253648984331,12_1.5_300
brain ICF,6.7,2.63129911073681,12_1.5_300
brain ICF,6.8,2.5620761497316,12_1.5_300
brain ICF,6.9,2.49480979490333,12_1.5_300
brain ICF,7,2.42944389727062,12_1.5_300
brain ICF,7.1,2.36592392299539,12_1.5_300
brain ICF,7.2,2.30419690707904,12_1.5_300
brain ICF,7.3,2.24421140791357,12_1.5_300
brain ICF,7.4,2.18591746381447,12_1.5_300
brain ICF,7.5,2.12926655040755,12_1.5_300
brain ICF,7.6,2.07421153929028,12_1.5_300
brain ICF,7.7,2.02070665788475,12_1.5_300
brain ICF,7.8,1.96870745047945,12_1.5_300
brain ICF,7.9,1.91817074026418,12_1.5_300
brain ICF,8,1.86905459263499,12_1.5_300
brain ICF,8.1,1.82131827944768,12_1.5_300
brain ICF,8.2,1.77492224432784,12_1.5_300
brain ICF,8.3,1.72982806896032,12_1.5_300
brain ICF,8.4,1.6859984404287,12_1.5_300
brain ICF,8.5,1.64339711918189,12_1.5_300
brain ICF,8.6,1.60198890843253,12_1.5_300
brain ICF,8.7,1.56173962406086,12_1.5_300
brain ICF,8.8,1.52261606546477,12_1.5_300
brain ICF,8.9,1.48458598735528,12_1.5_300
brain ICF,9,1.44761807199958,12_1.5_300
brain ICF,9.1,1.41168190272528,12_1.5_300
brain ICF,9.2,1.37674793807915,12_1.5_300
brain ICF,9.3,1.34278748654334,12_1.5_300
brain ICF,9.4,1.30977268216117,12_1.5_300
brain ICF,9.5,1.27767646046142,12_1.5_300
brain ICF,9.6,1.24647253581294,12_1.5_300
brain ICF,9.7,1.21613537882302,12_1.5_300
brain ICF,9.8,1.186640194662,12_1.5_300
brain ICF,9.9,1.15796290163283,12_1.5_300
brain ICF,10,1.13008011087905,12_1.5_300
brain ICF,10.1,1.10296910651563,12_1.5_300
brain ICF,10.2,1.07660782620637,12_1.5_300
brain ICF,10.3,1.05097484212659,12_1.5_300
brain ICF,10.4,1.02604934295474,12_1.5_300
brain ICF,10.5,1.00181111609783,12_1.5_300
brain ICF,10.6,0.978240530443573,12_1.5_300
brain ICF,10.7,0.955318519446411,12_1.5_300
brain ICF,10.8,0.93302656501206,12_1.5_300
brain ICF,10.9,0.911346681790425,12_1.5_300
brain ICF,11,0.890261401817489,12_1.5_300
brain ICF,11.1,0.86975375921568,12_1.5_300
brain ICF,11.2,0.84980727638394,12_1.5_300
brain ICF,11.3,0.830405949649447,12_1.5_300
brain ICF,11.4,0.811534235416185,12_1.5_300
brain ICF,11.5,0.793177037159513,12_1.5_300
brain ICF,11.6,0.775319692570489,12_1.5_300
brain ICF,11.7,0.7579479610947,12_1.5_300
brain ICF,11.8,0.741048011275716,12_1.5_300
brain ICF,11.9,0.724606409677225,12_1.5_300
brain ICF,12,0.708610109171828,12_1.5_300
brain ICF,12.1,0.693046437412016,12_1.5_300
brain ICF,12.2,0.677903086680683,12_1.5_300
brain ICF,12.3,0.663168103149781,12_1.5_300
brain ICF,12.4,0.648829876357628,12_1.5_300
brain ICF,12.5,0.634877129781634,12_1.5_300
brain ICF,12.6,0.62129891111925,12_1.5_300
brain ICF,12.7,0.608084582681728,12_1.5_300
brain ICF,12.8,0.59522381256374,12_1.5_300
brain ICF,12.9,0.582706565992269,12_1.5_300
brain ICF,13,0.570523096207158,12_1.5_300
brain ICF,13.1,0.558663936760201,12_1.5_300
brain ICF,13.2,0.547119893332936,12_1.5_300
brain ICF,13.3,0.535882035439489,12_1.5_300
brain ICF,13.4,0.52494168943305,12_1.5_300
brain ICF,13.5,0.514290430908524,12_1.5_300
brain ICF,13.6,0.503920077122327,12_1.5_300
brain ICF,13.7,0.493822680668848,12_1.5_300
brain ICF,13.8,0.483990522436906,12_1.5_300
brain ICF,13.9,0.474416104596314,12_1.5_300
brain ICF,14,0.465092144973332,12_1.5_300
sCSF,0,0,12_1.5_300
sCSF,0.1,0.0620714662508333,12_1.5_300
sCSF,0.2,0.378045217019975,12_1.5_300
sCSF,0.3,0.905669970939411,12_1.5_300
sCSF,0.4,1.47701095896419,12_1.5_300
sCSF,0.5,2.01924651661064,12_1.5_300
sCSF,0.6,2.50931916715742,12_1.5_300
sCSF,0.7,2.94444714167529,12_1.5_300
sCSF,0.8,3.32907408128672,12_1.5_300
sCSF,0.9,3.66940422774954,12_1.5_300
sCSF,1,3.97133658885051,12_1.5_300
sCSF,1.1,4.23985261126971,12_1.5_300
sCSF,1.2,4.47897630014923,12_1.5_300
sCSF,1.3,4.69192342949952,12_1.5_300
sCSF,1.4,4.88128398069132,12_1.5_300
sCSF,1.5,5.04918239506922,12_1.5_300
sCSF,1.6,5.19740213059657,12_1.5_300
sCSF,1.7,5.32747673934034,12_1.5_300
sCSF,1.8,5.44075425483921,12_1.5_300
sCSF,1.9,5.53844188770864,12_1.5_300
sCSF,2,5.62163681271993,12_1.5_300
sCSF,2.1,5.69134739646174,12_1.5_300
sCSF,2.2,5.74850796496442,12_1.5_300
sCSF,2.3,5.79398924664209,12_1.5_300
sCSF,2.4,5.82860593976201,12_1.5_300
sCSF,2.5,5.8531223712828,12_1.5_300
sCSF,2.6,5.86825686518578,12_1.5_300
sCSF,2.7,5.8746852636497,12_1.5_300
sCSF,2.8,5.87304385697133,12_1.5_300
sCSF,2.9,5.86393188864293,12_1.5_300
sCSF,3,5.84791378018028,12_1.5_300
sCSF,3.1,5.82552113257736,12_1.5_300
sCSF,3.2,5.7972545604649,12_1.5_300
sCSF,3.3,5.76358537913719,12_1.5_300
sCSF,3.4,5.72495719212027,12_1.5_300
sCSF,3.5,5.68178737452332,12_1.5_300
sCSF,3.6,5.63446847879128,12_1.5_300
sCSF,3.7,5.58336955759988,12_1.5_300
sCSF,3.8,5.52883741150273,12_1.5_300
sCSF,3.9,5.47119777524706,12_1.5_300
sCSF,4,5.41075644374258,12_1.5_300
sCSF,4.1,5.34780034140712,12_1.5_300
sCSF,4.2,5.28259853407174,12_1.5_300
sCSF,4.3,5.21540319294863,12_1.5_300
sCSF,4.4,5.14645050576322,12_1.5_300
sCSF,4.5,5.07596154219372,12_1.5_300
sCSF,4.6,5.00414307665551,12_1.5_300
sCSF,4.7,4.93118836980027,12_1.5_300
sCSF,4.8,4.85727790979211,12_1.5_300
sCSF,4.9,4.78258011475553,12_1.5_300
sCSF,5,4.70725200105049,12_1.5_300
sCSF,5.1,4.6314398174625,12_1.5_300
sCSF,5.2,4.55527964398371,12_1.5_300
sCSF,5.3,4.4788979624047,12_1.5_300
sCSF,5.4,4.40241219732445,12_1.5_300
sCSF,5.5,4.32593122912842,12_1.5_300
sCSF,5.6,4.2495558797341,12_1.5_300
sCSF,5.7,4.17337937475802,12_1.5_300
sCSF,5.8,4.0974877804288,12_1.5_300
sCSF,5.9,4.02196041768553,12_1.5_300
sCSF,6,3.94687025483889,12_1.5_300
sCSF,6.1,3.87228427994719,12_1.5_300
sCSF,6.2,3.79826385373582,12_1.5_300
sCSF,6.3,3.72486504372941,12_1.5_300
sCSF,6.4,3.65213894012348,12_1.5_300
sCSF,6.5,3.58013195798348,12_1.5_300
sCSF,6.6,3.50888611874264,12_1.5_300
sCSF,6.7,3.4384393194087,12_1.5_300
sCSF,6.8,3.36882558698646,12_1.5_300
sCSF,6.9,3.30007531938047,12_1.5_300
sCSF,7,3.23221551329742,12_1.5_300
sCSF,7.1,3.16526997976941,12_1.5_300
sCSF,7.2,3.09925954694243,12_1.5_300
sCSF,7.3,3.03420225582588,12_1.5_300
sCSF,7.4,2.97011353962934,12_1.5_300
sCSF,7.5,2.90700639661112,12_1.5_300
sCSF,7.6,2.844891552954,12_1.5_300
sCSF,7.7,2.78377761659322,12_1.5_300
sCSF,7.8,2.72367122223124,12_1.5_300
sCSF,7.9,2.6645771691804,12_1.5_300
sCSF,8,2.60649855012811,12_1.5_300
sCSF,8.1,2.54943687342338,12_1.5_300
sCSF,8.2,2.49339217825222,12_1.5_300
sCSF,8.3,2.43836314335211,12_1.5_300
sCSF,8.4,2.38434718897905,12_1.5_300
sCSF,8.5,2.33134057497216,12_1.5_300
sCSF,8.6,2.27933848990226,12_1.5_300
sCSF,8.7,2.2283351374364,12_1.5_300
sCSF,8.8,2.17832381708155,12_1.5_300
sCSF,8.9,2.12929699954575,12_1.5_300
sCSF,9,2.08124639968199,12_1.5_300
sCSF,9.1,2.03416304241361,12_1.5_300
sCSF,9.2,1.9880373253736,12_1.5_300
sCSF,9.3,1.94285907872987,12_1.5_300
sCSF,9.4,1.898617620386,12_1.5_300
sCSF,9.5,1.85530180975595,12_1.5_300
sCSF,9.6,1.81290009456804,12_1.5_300
sCSF,9.7,1.77140055773094,12_1.5_300
sCSF,9.8,1.73079095988704,12_1.5_300
sCSF,9.9,1.69105878094745,12_1.5_300
sCSF,10,1.65219125656825,12_1.5_300
sCSF,10.1,1.6141754130413,12_1.5_300
sCSF,10.2,1.57699810041253,12_1.5_300
sCSF,10.3,1.54064602402398,12_1.5_300
sCSF,10.4,1.50510577199258,12_1.5_300
sCSF,10.5,1.47036384199922,12_1.5_300
sCSF,10.6,1.43640666612433,12_1.5_300
sCSF,10.7,1.40322063449781,12_1.5_300
sCSF,10.8,1.37079211610602,12_1.5_300
sCSF,10.9,1.33910747836432,12_1.5_300
sCSF,11,1.30815310558862,12_1.5_300
sCSF,11.1,1.27791541724331,12_1.5_300
sCSF,11.2,1.2483808814724,12_1.5_300
sCSF,11.3,1.21953603058129,12_1.5_300
sCSF,11.4,1.1913674749066,12_1.5_300
sCSF,11.5,1.16386191425444,12_1.5_300
sCSF,11.6,1.13700614907069,12_1.5_300
sCSF,11.7,1.11078709058257,12_1.5_300
sCSF,11.8,1.08519177143404,12_1.5_300
sCSF,11.9,1.06020735225952,12_1.5_300
sCSF,12,1.0358211300885,12_1.5_300
sCSF,12.1,1.01202054618336,12_1.5_300
sCSF,12.2,0.988793190671755,12_1.5_300
sCSF,12.3,0.966126808757973,12_1.5_300
sCSF,12.4,0.944009306331743,12_1.5_300
sCSF,12.5,0.922428753296778,12_1.5_300
sCSF,12.6,0.901373387655002,12_1.5_300
sCSF,12.7,0.880831619326452,12_1.5_300
sCSF,12.8,0.86079203247598,12_1.5_300
sCSF,12.9,0.841243387671031,12_1.5_300
sCSF,13,0.822174624838626,12_1.5_300
sCSF,13.1,0.803574863762085,12_1.5_300
sCSF,13.2,0.785433405579954,12_1.5_300
sCSF,13.3,0.767739734359342,12_1.5_300
sCSF,13.4,0.750483516726243,12_1.5_300
sCSF,13.5,0.733654602525936,12_1.5_300
sCSF,13.6,0.717243025360135,12_1.5_300
sCSF,13.7,0.70123900149061,12_1.5_300
sCSF,13.8,0.685632929795043,12_1.5_300
sCSF,13.9,0.670415391574655,12_1.5_300
sCSF,14,0.65557714881378,12_1.5_300
brain ECF,0,0,12_7.5_250
brain ECF,0.1,4.57263375300705,12_7.5_250
brain ECF,0.2,12.1795715489321,12_7.5_250
brain ECF,0.3,14.6820886708879,12_7.5_250
brain ECF,0.4,14.4094491876611,12_7.5_250
brain ECF,0.5,13.3767529828232,12_7.5_250
brain ECF,0.6,12.307097761174,12_7.5_250
brain ECF,0.7,11.4074640262017,12_7.5_250
brain ECF,0.8,10.6972660354867,12_7.5_250
brain ECF,0.9,10.1404247821247,12_7.5_250
brain ECF,1,9.69392881677957,12_7.5_250
brain ECF,1.1,9.32262329053771,12_7.5_250
brain ECF,1.2,9.0014456860571,12_7.5_250
brain ECF,1.3,8.71373781372406,12_7.5_250
brain ECF,1.4,8.44887472250271,12_7.5_250
brain ECF,1.5,8.20024754170736,12_7.5_250
brain ECF,1.6,7.96380177018321,12_7.5_250
brain ECF,1.7,7.7370593817756,12_7.5_250
brain ECF,1.8,7.51849512763524,12_7.5_250
brain ECF,1.9,7.30715112346901,12_7.5_250
brain ECF,2,7.10240397173603,12_7.5_250
brain ECF,2.1,6.90382637471859,12_7.5_250
brain ECF,2.2,6.71110586931502,12_7.5_250
brain ECF,2.3,6.52399765497884,12_7.5_250
brain ECF,2.4,6.34229731073689,12_7.5_250
brain ECF,2.5,6.16582517774206,12_7.5_250
brain ECF,2.6,5.9944174222984,12_7.5_250
brain ECF,2.7,5.82792088119127,12_7.5_250
brain ECF,2.8,5.66619015000679,12_7.5_250
brain ECF,2.9,5.50908588932363,12_7.5_250
brain ECF,3,5.35647380713607,12_7.5_250
brain ECF,3.1,5.20822403867143,12_7.5_250
brain ECF,3.2,5.06421077919379,12_7.5_250
brain ECF,3.3,4.92431203110137,12_7.5_250
brain ECF,3.4,4.7884093992275,12_7.5_250
brain ECF,3.5,4.6563879447661,12_7.5_250
brain ECF,3.6,4.52813606317611,12_7.5_250
brain ECF,3.7,4.40354537638182,12_7.5_250
brain ECF,3.8,4.28251063331631,12_7.5_250
brain ECF,3.9,4.16492961486344,12_7.5_250
brain ECF,4,4.05070304369372,12_7.5_250
brain ECF,4.1,3.93973449885113,12_7.5_250
brain ECF,4.2,3.83193033364183,12_7.5_250
brain ECF,4.3,3.72719959548428,12_7.5_250
brain ECF,4.4,3.62545394805485,12_7.5_250
brain ECF,4.5,3.52660759595161,12_7.5_250
brain ECF,4.6,3.43057721177935,12_7.5_250
brain ECF,4.7,3.33728186529942,12_7.5_250
brain ECF,4.8,3.24664295448485,12_7.5_250
brain ECF,4.9,3.15858413856467,12_7.5_250
brain ECF,5,3.07303127298628,12_7.5_250
brain ECF,5.1,2.98991234633672,12_7.5_250
brain ECF,5.2,2.90915741908116,12_7.5_250
brain ECF,5.3,2.830698564012,12_7.5_250
brain ECF,5.4,2.75446980838174,12_7.5_250
brain ECF,5.5,2.68040707770764,12_7.5_250
brain ECF,5.6,2.60844814121406,12_7.5_250
brain ECF,5.7,2.53853255885489,12_7.5_250
brain ECF,5.8,2.47060162977903,12_7.5_250
brain ECF,5.9,2.40459834232596,12_7.5_250
brain ECF,6,2.340467325435,12_7.5_250
brain ECF,6.1,2.27815480156399,12_7.5_250
brain ECF,6.2,2.21760854080837,12_7.5_250
brain ECF,6.3,2.15877781638247,12_7.5_250
brain ECF,6.4,2.10161336141043,12_7.5_250
brain ECF,6.5,2.04606732690788,12_7.5_250
brain ECF,6.6,1.99209324098918,12_7.5_250
brain ECF,6.7,1.93964596927083,12_7.5_250
brain ECF,6.8,1.88868167643986,12_7.5_250
brain ECF,6.9,1.83915778879353,12_7.5_250
brain ECF,7,1.79103295800491,12_7.5_250
brain ECF,7.1,1.74426702587135,12_7.5_250
brain ECF,7.2,1.69882099007134,12_7.5_250
brain ECF,7.3,1.6546569708732,12_7.5_250
brain ECF,7.4,1.61173817883273,12_7.5_250
brain ECF,7.5,1.57002888344987,12_7.5_250
brain ECF,7.6,1.52949438265812,12_7.5_250
brain ECF,7.7,1.49010097321724,12_7.5_250
brain ECF,7.8,1.45181592206231,12_7.5_250
brain ECF,7.9,1.41460743830826,12_7.5_250
brain ECF,8,1.37844464614296,12_7.5_250
brain ECF,8.1,1.3432975585134,12_7.5_250
brain ECF,8.2,1.3091370515125,12_7.5_250
brain ECF,8.3,1.27593483939089,12_7.5_250
brain ECF,8.4,1.24366345070337,12_7.5_250
brain ECF,8.5,1.21229620474524,12_7.5_250
brain ECF,8.6,1.18180718878166,12_7.5_250
brain ECF,8.7,1.15217123598758,12_7.5_250
brain ECF,8.8,1.12336390378573,12_7.5_250
brain ECF,8.9,1.09536145324553,12_7.5_250
brain ECF,9,1.06814082869616,12_7.5_250
brain ECF,9.1,1.04167963806809,12_7.5_250
brain ECF,9.2,1.01595613384421,12_7.5_250
brain ECF,9.3,0.990949194245812,12_7.5_250
brain ECF,9.4,0.966638305592348,12_7.5_250
brain ECF,9.5,0.943003544599756,12_7.5_250
brain ECF,9.6,0.920025561420733,12_7.5_250
brain ECF,9.7,0.897685563008321,12_7.5_250
brain ECF,9.8,0.875965297213431,12_7.5_250
brain ECF,9.9,0.854847037194728,12_7.5_250
brain ECF,10,0.83431356630014,12_7.5_250
brain ECF,10.1,0.814348163254935,12_7.5_250
brain ECF,10.2,0.794934587940127,12_7.5_250
brain ECF,10.3,0.776057067690728,12_7.5_250
brain ECF,10.4,0.757700283733949,12_7.5_250
brain ECF,10.5,0.739849358012708,12_7.5_250
brain ECF,10.6,0.722489840562695,12_7.5_250
brain ECF,10.7,0.705607697277515,12_7.5_250
brain ECF,10.8,0.689189297907439,12_7.5_250
brain ECF,10.9,0.673221404190824,12_7.5_250
brain ECF,11,0.657691158792794,12_7.5_250
brain ECF,11.1,0.642586074360436,12_7.5_250
brain ECF,11.2,0.627894022800472,12_7.5_250
brain ECF,11.3,0.613603224736386,12_7.5_250
brain ECF,11.4,0.599702239827319,12_7.5_250
brain ECF,11.5,0.586179956839245,12_7.5_250
brain ECF,11.6,0.573025583986078,12_7.5_250
brain ECF,11.7,0.560228639974085,12_7.5_250
brain ECF,11.8,0.547778945035159,12_7.5_250
brain ECF,11.9,0.535666612103695,12_7.5_250
brain ECF,12,0.523882038342991,12_7.5_250
brain ECF,12.1,0.512415897251867,12_7.5_250
brain ECF,12.2,0.501259130491349,12_7.5_250
brain ECF,12.3,0.490402940032246,12_7.5_250
brain ECF,12.4,0.479838780996602,12_7.5_250
brain ECF,12.5,0.469558354208377,12_7.5_250
brain ECF,12.6,0.45955359885286,12_7.5_250
brain ECF,12.7,0.449816686050266,12_7.5_250
brain ECF,12.8,0.440340012036139,12_7.5_250
brain ECF,12.9,0.431116191312382,12_7.5_250
brain ECF,13,0.422138050889937,12_7.5_250
brain ECF,13.1,0.41339862395139,12_7.5_250
brain ECF,13.2,0.40489114364284,12_7.5_250
brain ECF,13.3,0.396609037844817,12_7.5_250
brain ECF,13.4,0.388545923175514,12_7.5_250
brain ECF,13.5,0.380695599574251,12_7.5_250
brain ECF,13.6,0.373052045287971,12_7.5_250
brain ECF,13.7,0.365609411397474,12_7.5_250
brain ECF,13.8,0.358362017015109,12_7.5_250
brain ECF,13.9,0.351304344579343,12_7.5_250
brain ECF,14,0.344431034519062,12_7.5_250
brain ICF,0,0,12_7.5_250
brain ICF,0.1,5.35952660524723,12_7.5_250
brain ICF,0.2,15.6261355303304,12_7.5_250
brain ICF,0.3,19.4886885034433,12_7.5_250
brain ICF,0.4,19.2953324862037,12_7.5_250
brain ICF,0.5,17.9528660067021,12_7.5_250
brain ICF,0.6,16.5161614944538,12_7.5_250
brain ICF,0.7,15.296117267103,12_7.5_250
brain ICF,0.8,14.3304091305373,12_7.5_250
brain ICF,0.9,13.5737447605745,12_7.5_250
brain ICF,1,12.9685060986699,12_7.5_250
brain ICF,1.1,12.4667732557759,12_7.5_250
brain ICF,1.2,12.0341094946985,12_7.5_250
brain ICF,1.3,11.6475231861042,12_7.5_250
brain ICF,1.4,11.2923097135016,12_7.5_250
brain ICF,1.5,10.959307596295,12_7.5_250
brain ICF,1.6,10.6428918854859,12_7.5_250
brain ICF,1.7,10.3396248691021,12_7.5_250
brain ICF,1.8,10.0473927080967,12_7.5_250
brain ICF,1.9,9.76487073448068,12_7.5_250
brain ICF,2,9.49119984734746,12_7.5_250
brain ICF,2.1,9.22579397931257,12_7.5_250
brain ICF,2.2,8.96822692985191,12_7.5_250
brain ICF,2.3,8.71816662834729,12_7.5_250
brain ICF,2.4,8.47533709357156,12_7.5_250
brain ICF,2.5,8.2394966503428,12_7.5_250
brain ICF,2.6,8.01042546211863,12_7.5_250
brain ICF,2.7,7.78791834058889,12_7.5_250
brain ICF,2.8,7.57178068589282,12_7.5_250
brain ICF,2.9,7.36182612729256,12_7.5_250
brain ICF,3,7.15787510820246,12_7.5_250
brain ICF,3.1,6.95975402621688,12_7.5_250
brain ICF,3.2,6.76729472648575,12_7.5_250
brain ICF,3.3,6.58033415467149,12_7.5_250
brain ICF,3.4,6.398714077131,12_7.5_250
brain ICF,3.5,6.22228088284833,12_7.5_250
brain ICF,3.6,6.05088541874498,12_7.5_250
brain ICF,3.7,5.88438284480835,12_7.5_250
brain ICF,3.8,5.72263250070822,12_7.5_250
brain ICF,3.9,5.56549777840552,12_7.5_250
brain ICF,4,5.4128460014537,12_7.5_250
brain ICF,4.1,5.26454831079217,12_7.5_250
brain ICF,4.2,5.12047955500253,12_7.5_250
brain ICF,4.3,4.98051818316794,12_7.5_250
brain ICF,4.4,4.84454614079438,12_7.5_250
brain ICF,4.5,4.71244876911701,12_7.5_250
brain ICF,4.6,4.58411470766079,12_7.5_250
brain ICF,4.7,4.4594357995601,12_7.5_250
brain ICF,4.8,4.33830699941607,12_7.5_250
brain ICF,4.9,4.22062628381056,12_7.5_250
brain ICF,5,4.1062945643884,12_7.5_250
brain ICF,5.1,3.99521560356066,12_7.5_250
brain ICF,5.2,3.8872959326355,12_7.5_250
brain ICF,5.3,3.78244477223249,12_7.5_250
brain ICF,5.4,3.68057395494734,12_7.5_250
brain ICF,5.5,3.58159785025157,12_7.5_250
brain ICF,5.6,3.48543329158172,12_7.5_250
brain ICF,5.7,3.39199950553975,12_7.5_250
brain ICF,5.8,3.30121804302155,12_7.5_250
brain ICF,5.9,3.21301271239007,12_7.5_250
brain ICF,6,3.12730951453782,12_7.5_250
brain ICF,6.1,3.04403657996703,12_7.5_250
brain ICF,6.2,2.96312410747388,12_7.5_250
brain ICF,6.3,2.88450430465303,12_7.5_250
brain ICF,6.4,2.80811133015223,12_7.5_250
brain ICF,6.5,2.73388123751843,12_7.5_250
brain ICF,6.6,2.66175192068175,12_7.5_250
brain ICF,6.7,2.59166306103811,12_7.5_250
brain ICF,6.8,2.52355607608847,12_7.5_250
brain ICF,6.9,2.45737406937644,12_7.5_250
brain ICF,7,2.39306178206387,12_7.5_250
brain ICF,7.1,2.33056554582021,12_7.5_250
brain ICF,7.2,2.26983323705939,12_7.5_250
brain ICF,7.3,2.21081423244879,12_7.5_250
brain ICF,7.4,2.15345936573978,12_7.5_250
brain ICF,7.5,2.09772088587995,12_7.5_250
brain ICF,7.6,2.04355241623827,12_7.5_250
brain ICF,7.7,1.99090891503729,12_7.5_250
brain ICF,7.8,1.93974663706358,12_7.5_250
brain ICF,7.9,1.89002309625405,12_7.5_250
brain ICF,8,1.84169702946977,12_7.5_250
brain ICF,8.1,1.79472836132968,12_7.5_250
brain ICF,8.2,1.74907816998068,12_7.5_250
brain ICF,8.3,1.70470865370281,12_7.5_250
brain ICF,8.4,1.66158309903104,12_7.5_250
brain ICF,8.5,1.61966584926421,12_7.5_250
brain ICF,8.6,1.57892227403399,12_7.5_250
brain ICF,8.7,1.53931873982326,12_7.5_250
brain ICF,8.8,1.50082258101667,12_7.5_250
brain ICF,8.9,1.46340207236886,12_7.5_250
brain ICF,9,1.42702640175899,12_7.5_250
brain ICF,9.1,1.39166564391869,12_7.5_250
brain ICF,9.2,1.35729073497488,12_7.5_250
brain ICF,9.3,1.32387344730614,12_7.5_250
brain ICF,9.4,1.2913863659681,12_7.5_250
brain ICF,9.5,1.25980286503645,12_7.5_250
brain ICF,9.6,1.22909708494157,12_7.5_250
brain ICF,9.7,1.19924391023537,12_7.5_250
brain ICF,9.8,1.17021894833877,12_7.5_250
brain ICF,9.9,1.14199850870679,12_7.5_250
brain ICF,10,1.11455958262386,12_7.5_250
brain ICF,10.1,1.08787982340881,12_7.5_250
brain ICF,10.2,1.06193752740884,12_7.5_250
brain ICF,10.3,1.03671161568816,12_7.5_250
brain ICF,10.4,1.01218161590377,12_7.5_250
brain ICF,10.5,0.988327644696005,12_7.5_250
brain ICF,10.6,0.965130390819015,12_7.5_250
brain ICF,10.7,0.942571098789803,12_7.5_250
brain ICF,10.8,0.920631552849476,12_7.5_250
brain ICF,10.9,0.899294061101803,12_7.5_250
brain ICF,11,0.878541440730608,12_7.5_250
brain ICF,11.1,0.858357003372875,12_7.5_250
brain ICF,11.2,0.83872454078918,12_7.5_250
brain ICF,11.3,0.81962831077394,12_7.5_250
brain ICF,11.4,0.801053024217358,12_7.5_250
brain ICF,11.5,0.782983831836301,12_7.5_250
brain ICF,11.6,0.765406311265924,12_7.5_250
brain ICF,11.7,0.748306455091214,12_7.5_250
brain ICF,11.8,0.731670658863623,12_7.5_250
brain ICF,11.9,0.715485709309647,12_7.5_250
brain ICF,12,0.699738773006488,12_7.5_250
brain ICF,12.1,0.684417385833156,12_7.5_250
brain ICF,12.2,0.66950944204744,12_7.5_250
brain ICF,12.3,0.655003183791741,12_7.5_250
brain ICF,12.4,0.640887191526205,12_7.5_250
brain ICF,12.5,0.627150374073275,12_7.5_250
brain ICF,12.6,0.613781958807539,12_7.5_250
brain ICF,12.7,0.60077148306733,12_7.5_250
brain ICF,12.8,0.588108785040841,12_7.5_250
brain ICF,12.9,0.575783994612991,12_7.5_250
brain ICF,13,0.563787525671196,12_7.5_250
brain ICF,13.1,0.552110067635911,12_7.5_250
brain ICF,13.2,0.540742577163929,12_7.5_250
brain ICF,13.3,0.5296762711601,12_7.5_250
brain ICF,13.4,0.5189026187631,12_7.5_250
brain ICF,13.5,0.508413334106625,12_7.5_250
brain ICF,13.6,0.498200369619224,12_7.5_250
brain ICF,13.7,0.488255908709014,12_7.5_250
brain ICF,13.8,0.478572359345747,12_7.5_250
brain ICF,13.9,0.469142347772357,12_7.5_250
brain ICF,14,0.459958711374185,12_7.5_250
sCSF,0,0,12_7.5_250
sCSF,0.1,0.0848773824127756,12_7.5_250
sCSF,0.2,0.485671849643714,12_7.5_250
sCSF,0.3,1.10884005787363,12_7.5_250
sCSF,0.4,1.73989008067299,12_7.5_250
sCSF,0.5,2.30578477814541,12_7.5_250
sCSF,0.6,2.79484976103335,12_7.5_250
sCSF,0.7,3.21515765826842,12_7.5_250
sCSF,0.8,3.5786914061329,12_7.5_250
sCSF,0.9,3.89612619427623,12_7.5_250
sCSF,1,4.17568877508755,12_7.5_250
sCSF,1.1,4.42338652169092,12_7.5_250
sCSF,1.2,4.64355784358964,12_7.5_250
sCSF,1.3,4.83938557729776,12_7.5_250
sCSF,1.4,5.01328425214328,12_7.5_250
sCSF,1.5,5.16716566722157,12_7.5_250
sCSF,1.6,5.30261165055308,12_7.5_250
sCSF,1.7,5.42098294772521,12_7.5_250
sCSF,1.8,5.52348661923795,12_7.5_250
sCSF,1.9,5.61121744892182,12_7.5_250
sCSF,2,5.6851834627406,12_7.5_250
sCSF,2.1,5.74632189232357,12_7.5_250
sCSF,2.2,5.7955094600231,12_7.5_250
sCSF,2.3,5.83356929193979,12_7.5_250
sCSF,2.4,5.86127584600854,12_7.5_250
sCSF,2.5,5.87935864337355,12_7.5_250
sCSF,2.6,5.88850527533056,12_7.5_250
sCSF,2.7,5.88936396055612,12_7.5_250
sCSF,2.8,5.8825457963116,12_7.5_250
sCSF,2.9,5.86862680171793,12_7.5_250
sCSF,3,5.84814980686375,12_7.5_250
sCSF,3.1,5.82162622286585,12_7.5_250
sCSF,3.2,5.78953769930796,12_7.5_250
sCSF,3.3,5.75233768713931,12_7.5_250
sCSF,3.4,5.7104529290572,12_7.5_250
sCSF,3.5,5.66428486336873,12_7.5_250
sCSF,3.6,5.61421096549133,12_7.5_250
sCSF,3.7,5.5605860177948,12_7.5_250
sCSF,3.8,5.50374331002875,12_7.5_250
sCSF,3.9,5.44399578160516,12_7.5_250
sCSF,4,5.38163710968868,12_7.5_250
sCSF,4.1,5.31694274277669,12_7.5_250
sCSF,4.2,5.25017087974804,12_7.5_250
sCSF,4.3,5.18156340148372,12_7.5_250
sCSF,4.4,5.11134675341436,12_7.5_250
sCSF,4.5,5.03973278387895,12_7.5_250
sCSF,4.6,4.96691954050667,12_7.5_250
sCSF,4.7,4.89309202641662,12_7.5_250
sCSF,4.8,4.81842291775663,12_7.5_250
sCSF,4.9,4.74307324393051,12_7.5_250
sCSF,5,4.66719303451519,12_7.5_250
sCSF,5.1,4.59092193229077,12_7.5_250
sCSF,5.2,4.51438977427829,12_7.5_250
sCSF,5.3,4.43771714316694,12_7.5_250
sCSF,5.4,4.36101589069736,12_7.5_250
sCSF,5.5,4.28438963410674,12_7.5_250
sCSF,5.6,4.20793422662767,12_7.5_250
sCSF,5.7,4.13173820325716,12_7.5_250
sCSF,5.8,4.05588320440334,12_7.5_250
sCSF,5.9,3.98044437661152,12_7.5_250
sCSF,6,3.90549075265047,12_7.5_250
sCSF,6.1,3.83108561010421,12_7.5_250
sCSF,6.2,3.75728681334865,12_7.5_250
sCSF,6.3,3.68414713674259,12_7.5_250
sCSF,6.4,3.61171457027793,12_7.5_250
sCSF,6.5,3.54003260969125,12_7.5_250
sCSF,6.6,3.46914053090698,12_7.5_250
sCSF,6.7,3.39907364949147,12_7.5_250
sCSF,6.8,3.32986356587804,12_7.5_250
sCSF,6.9,3.26153839902073,12_7.5_250
sCSF,7,3.19412300562272,12_7.5_250
sCSF,7.1,3.12763918824998,12_7.5_250
sCSF,7.2,3.06210589216183,12_7.5_250
sCSF,7.3,2.99753939173158,12_7.5_250
sCSF,7.4,2.93395346630967,12_7.5_250
sCSF,7.5,2.87135956608772,12_7.5_250
sCSF,7.6,2.8097669695117,12_7.5_250
sCSF,7.7,2.74918293164504,12_7.5_250
sCSF,7.8,2.68961282328539,12_7.5_250
sCSF,7.9,2.63106026395792,12_7.5_250
sCSF,8,2.57352724657021,12_7.5_250
sCSF,8.1,2.51701425489981,12_7.5_250
sCSF,8.2,2.46152037493283,12_7.5_250
sCSF,8.3,2.40704340075555,12_7.5_250
sCSF,8.4,2.35357993075333,12_7.5_250
sCSF,8.5,2.3011254617346,12_7.5_250
sCSF,8.6,2.24967447655328,12_7.5_250
sCSF,8.7,2.19922052617187,12_7.5_250
sCSF,8.8,2.14975630871781,12_7.5_250
sCSF,8.9,2.1012737404666,12_7.5_250
sCSF,9,2.05376402551112,12_7.5_250
sCSF,9.1,2.00721772016436,12_7.5_250
sCSF,9.2,1.9616247931621,12_7.5_250
sCSF,9.3,1.91697468430748,12_7.5_250
sCSF,9.4,1.87325635520509,12_7.5_250
sCSF,9.5,1.83045834076475,12_7.5_250
sCSF,9.6,1.788568795883,12_7.5_250
sCSF,9.7,1.74757554019898,12_7.5_250
sCSF,9.8,1.70746609840442,12_7.5_250
sCSF,9.9,1.66822773888041,12_7.5_250
sCSF,10,1.6298475096976,12_7.5_250
sCSF,10.1,1.59231227293976,12_7.5_250
sCSF,10.2,1.55560873577432,12_7.5_250
sCSF,10.3,1.51972347892411,12_7.5_250
sCSF,10.4,1.48464298455675,12_7.5_250
sCSF,10.5,1.45035366219564,12_7.5_250
sCSF,10.6,1.416841871936,12_7.5_250
sCSF,10.7,1.38409394594422,12_7.5_250
sCSF,10.8,1.35209620896993,12_7.5_250
sCSF,10.9,1.32083499826255,12_7.5_250
sCSF,11,1.29029667990717,12_7.5_250
sCSF,11.1,1.260467664877,12_7.5_250
sCSF,11.2,1.23133442420894,12_7.5_250
sCSF,11.3,1.20288350340732,12_7.5_250
sCSF,11.4,1.17510153355346,12_7.5_250
sCSF,11.5,1.14797524354322,12_7.5_250
sCSF,11.6,1.12149147125195,12_7.5_250
sCSF,11.7,1.0956371722027,12_7.5_250
sCSF,11.8,1.07039942844223,12_7.5_250
sCSF,11.9,1.04576545694779,12_7.5_250
sCSF,12,1.02172261684989,12_7.5_250
sCSF,12.1,0.998258414941082,12_7.5_250
sCSF,12.2,0.975360512162126,12_7.5_250
sCSF,12.3,0.953016729033413,12_7.5_250
sCSF,12.4,0.931215049216467,12_7.5_250
sCSF,12.5,0.909943624000553,12_7.5_250
sCSF,12.6,0.889190776411937,12_7.5_250
sCSF,12.7,0.868945003019732,12_7.5_250
sCSF,12.8,0.849194976883959,12_7.5_250
sCSF,12.9,0.829929550476737,12_7.5_250
sCSF,13,0.811137756113146,12_7.5_250
sCSF,13.1,0.792808807854576,12_7.5_250
sCSF,13.2,0.774932103009716,12_7.5_250
sCSF,13.3,0.757497221704023,12_7.5_250
sCSF,13.4,0.74049392808845,12_7.5_250
sCSF,13.5,0.723912170336584,12_7.5_250
sCSF,13.6,0.707742080041533,12_7.5_250
sCSF,13.7,0.691973972427202,12_7.5_250
sCSF,13.8,0.676598345405756,12_7.5_250
sCSF,13.9,0.661605878601855,12_7.5_250
sCSF,14,0.646987433274273,12_7.5_250
brain ECF,0,0,12_7.5_300
brain ECF,0.1,4.52284875269749,12_7.5_300
brain ECF,0.2,12.1659374975469,12_7.5_300
brain ECF,0.3,14.7105724601303,12_7.5_300
brain ECF,0.4,14.4365199950768,12_7.5_300
brain ECF,0.5,13.3937773999764,12_7.5_300
brain ECF,0.6,12.3155898641081,12_7.5_300
brain ECF,0.7,11.4106382392614,12_7.5_300
brain ECF,0.8,10.6976771841958,12_7.5_300
brain ECF,0.9,10.139653618349,12_7.5_300
brain ECF,1,9.69281499295084,12_7.5_300
brain ECF,1.1,9.32155025412336,12_7.5_300
brain ECF,1.2,9.00055085085389,12_7.5_300
brain ECF,1.3,8.7130414687762,12_7.5_300
brain ECF,1.4,8.44835034461224,12_7.5_300
brain ECF,1.5,8.19985626314366,12_7.5_300
brain ECF,1.6,7.96350712215776,12_7.5_300
brain ECF,1.7,7.73683215475048,12_7.5_300
brain ECF,1.8,7.51831379681938,12_7.5_300
brain ECF,1.9,7.30700064349886,12_7.5_300
brain ECF,2,7.10227419014254,12_7.5_300
brain ECF,2.1,6.90371061230509,12_7.5_300
brain ECF,2.2,6.71099981745738,12_7.5_300
brain ECF,2.3,6.52389856928674,12_7.5_300
brain ECF,2.4,6.34220344848997,12_7.5_300
brain ECF,2.5,6.16573544966622,12_7.5_300
brain ECF,2.6,5.99433113070946,12_7.5_300
brain ECF,2.7,5.82783757238387,12_7.5_300
brain ECF,2.8,5.6661095356436,12_7.5_300
brain ECF,2.9,5.50900777277885,12_7.5_300
brain ECF,3,5.35639803560394,12_7.5_300
brain ECF,3.1,5.20815049560222,12_7.5_300
brain ECF,3.2,5.06413938155565,12_7.5_300
brain ECF,3.3,4.92424270413606,12_7.5_300
brain ECF,3.4,4.78834207551793,12_7.5_300
brain ECF,3.5,4.65632256045536,12_7.5_300
brain ECF,3.6,4.52807255813162,12_7.5_300
brain ECF,3.7,4.40348369482199,12_7.5_300
brain ECF,3.8,4.28245072271942,12_7.5_300
brain ECF,3.9,4.16487142423901,12_7.5_300
brain ECF,4,4.05064652314946,12_7.5_300
brain ECF,4.1,3.93967960015472,12_7.5_300
brain ECF,4.2,3.83187701025821,12_7.5_300
brain ECF,4.3,3.72714780230298,12_7.5_300
brain ECF,4.4,3.62540364114681,12_7.5_300
brain ECF,4.5,3.5265587325843,12_7.5_300
brain ECF,4.6,3.43052975050204,12_7.5_300
brain ECF,4.7,3.33723576591757,12_7.5_300
brain ECF,4.8,3.24659817800275,12_7.5_300
brain ECF,4.9,3.15854064700938,12_7.5_300
brain ECF,5,3.07298902942114,12_7.5_300
brain ECF,5.1,2.98987131491277,12_7.5_300
brain ECF,5.2,2.90911756502138,12_7.5_300
brain ECF,5.3,2.83065985354091,12_7.5_300
brain ECF,5.4,2.75443220866972,12_7.5_300
brain ECF,5.5,2.6803705568814,12_7.5_300
brain ECF,5.6,2.6084126683174,12_7.5_300
brain ECF,5.7,2.53849810377802,12_7.5_300
brain ECF,5.8,2.47056816325361,12_7.5_300
brain ECF,5.9,2.40456583592975,12_7.5_300
brain ECF,6,2.34043575161519,12_7.5_300
brain ECF,6.1,2.27812413355588,12_7.5_300
brain ECF,6.2,2.2175787526262,12_7.5_300
brain ECF,6.3,2.1587488828097,12_7.5_300
brain ECF,6.4,2.10158525789154,12_7.5_300
brain ECF,6.5,2.04604002956189,12_7.5_300
brain ECF,6.6,1.99206672662447,12_7.5_300
brain ECF,6.7,1.93962021538319,12_7.5_300
brain ECF,6.8,1.88865666115647,12_7.5_300
brain ECF,6.9,1.8391334908994,12_7.5_300
brain ECF,7,1.79100935690539,12_7.5_300
brain ECF,7.1,1.74424410164104,12_7.5_300
brain ECF,7.2,1.69879872324939,12_7.5_300
brain ECF,7.3,1.65463534252739,12_7.5_300
brain ECF,7.4,1.61171717057956,12_7.5_300
brain ECF,7.5,1.57000847743241,12_7.5_300
brain ECF,7.6,1.5294745615545,12_7.5_300
brain ECF,7.7,1.49008172026878,12_7.5_300
brain ECF,7.8,1.45179722098428,12_7.5_300
brain ECF,7.9,1.41458927325563,12_7.5_300
brain ECF,8,1.37842700170528,12_7.5_300
brain ECF,8.1,1.34328041968193,12_7.5_300
brain ECF,8.2,1.30912040367346,12_7.5_300
brain ECF,8.3,1.27591866850036,12_7.5_300
brain ECF,8.4,1.24364774307644,12_7.5_300
brain ECF,8.5,1.21228094705189,12_7.5_300
brain ECF,8.6,1.18179236807822,12_7.5_300
brain ECF,8.7,1.1521568396591,12_7.5_300
brain ECF,8.8,1.12334991970844,12_7.5_300
brain ECF,8.9,1.09534786963026,12_7.5_300
brain ECF,9,1.06812763397383,12_7.5_300
brain ECF,9.1,1.04166682101534,12_7.5_300
brain ECF,9.2,1.01594368351674,12_7.5_300
brain ECF,9.3,0.990937100209407,12_7.5_300
brain ECF,9.4,0.966626557623517,12_7.5_300
brain ECF,9.5,0.942992132726506,12_7.5_300
brain ECF,9.6,0.920014475935904,12_7.5_300
brain ECF,9.7,0.897674794567578,12_7.5_300
brain ECF,9.8,0.875954836791797,12_7.5_300
brain ECF,9.9,0.854836875872499,12_7.5_300
brain ECF,10,0.834303695396626,12_7.5_300
brain ECF,10.1,0.814338574404911,12_7.5_300
brain ECF,10.2,0.794925273143153,12_7.5_300
brain ECF,10.3,0.776048019035738,12_7.5_300
brain ECF,10.4,0.757691493516274,12_7.5_300
brain ECF,10.5,0.739840818803048,12_7.5_300
brain ECF,10.6,0.722481545283225,12_7.5_300
brain ECF,10.7,0.705599638873874,12_7.5_300
brain ECF,10.8,0.689181469470495,12_7.5_300
brain ECF,10.9,0.673213799165919,12_7.5_300
brain ECF,11,0.657683770766775,12_7.5_300
brain ECF,11.1,0.642578897046466,12_7.5_300
brain ECF,11.2,0.627887050078645,12_7.5_300
brain ECF,11.3,0.613596450871107,12_7.5_300
brain ECF,11.4,0.599695659061595,12_7.5_300
brain ECF,11.5,0.586173563552864,12_7.5_300
brain ECF,11.6,0.573019372897711,12_7.5_300
brain ECF,11.7,0.5602226058693,12_7.5_300
brain ECF,11.8,0.547773082734082,12_7.5_300
brain ECF,11.9,0.535660916653517,12_7.5_300
brain ECF,12,0.52387650501303,12_7.5_300
brain ECF,12.1,0.512410521316318,12_7.5_300
brain ECF,12.2,0.501253907388767,12_7.5_300
brain ECF,12.3,0.490397865497254,12_7.5_300
brain ECF,12.4,0.479833850710185,12_7.5_300
brain ECF,12.5,0.469553563938849,12_7.5_300
brain ECF,12.6,0.4595489447601,12_7.5_300
brain ECF,12.7,0.449812164169832,12_7.5_300
brain ECF,12.8,0.44033561845926,12_7.5_300
brain ECF,12.9,0.431111922490602,12_7.5_300
brain ECF,13,0.422133903147547,12_7.5_300
brain ECF,13.1,0.413394593741243,12_7.5_300
brain ECF,13.2,0.404887227714815,12_7.5_300
brain ECF,13.3,0.396605232836903,12_7.5_300
brain ECF,13.4,0.388542225913175,12_7.5_300
brain ECF,13.5,0.380692007034354,12_7.5_300
brain ECF,13.6,0.373048554379837,12_7.5_300
brain ECF,13.7,0.365606019291535,12_7.5_300
brain ECF,13.8,0.358358720895331,12_7.5_300
brain ECF,13.9,0.351301141539716,12_7.5_300
brain ECF,14,0.344427921990234,12_7.5_300
brain ICF,0,0,12_7.5_300
brain ICF,0.1,5.41232764179911,12_7.5_300
brain ICF,0.2,15.7113948413352,12_7.5_300
brain ICF,0.3,19.5435170953969,12_7.5_300
brain ICF,0.4,19.3193303403798,12_7.5_300
brain ICF,0.5,17.9569856916216,12_7.5_300
brain ICF,0.6,16.510129077819,12_7.5_300
brain ICF,0.7,15.2861167000573,12_7.5_300
brain ICF,0.8,14.3197099950488,12_7.5_300
brain ICF,0.9,13.5637827711394,12_7.5_300
brain ICF,1,12.9597289188136,12_7.5_300
brain ICF,1.1,12.4591688734866,12_7.5_300
brain ICF,1.2,12.0274946447541,12_7.5_300
brain ICF,1.3,11.6416826601301,12_7.5_300
brain ICF,1.4,11.2870534706241,12_7.5_300
brain ICF,1.5,10.9544870973354,12_7.5_300
brain ICF,1.6,10.6383986618595,12_7.5_300
brain ICF,1.7,10.3353829713835,12_7.5_300
brain ICF,1.8,10.0433503194753,12_7.5_300
brain ICF,1.9,9.76099301052534,12_7.5_300
brain ICF,2,9.4874634246925,12_7.5_300
brain ICF,2.1,9.22218306174146,12_7.5_300
brain ICF,2.2,8.96473062251762,12_7.5_300
brain ICF,2.3,8.71477716070812,12_7.5_300
brain ICF,2.4,8.47204866020063,12_7.5_300
brain ICF,2.5,8.23630471053932,12_7.5_300
brain ICF,2.6,8.00732625230213,12_7.5_300
brain ICF,2.7,7.78490859855455,12_7.5_300
brain ICF,2.8,7.56885750070494,12_7.5_300
brain ICF,2.9,7.35898681312463,12_7.5_300
brain ICF,3,7.15511712370314,12_7.5_300
brain ICF,3.1,6.95707495537544,12_7.5_300
brain ICF,3.2,6.76469226907676,12_7.5_300
brain ICF,3.3,6.57780608716827,12_7.5_300
brain ICF,3.4,6.39625824847136,12_7.5_300
brain ICF,3.5,6.21989520683264,12_7.5_300
brain ICF,3.6,6.04856787221847,12_7.5_300
brain ICF,3.7,5.8821314666681,12_7.5_300
brain ICF,3.8,5.72044538865924,12_7.5_300
brain ICF,3.9,5.56337308494772,12_7.5_300
brain ICF,4,5.41078193174807,12_7.5_300
brain ICF,4.1,5.26254312195663,12_7.5_300
brain ICF,4.2,5.11853155472843,12_7.5_300
brain ICF,4.3,4.97862572794677,12_7.5_300
brain ICF,4.4,4.84270763423145,12_7.5_300
brain ICF,4.5,4.71066266064614,12_7.5_300
brain ICF,4.6,4.58237949139411,12_7.5_300
brain ICF,4.7,4.45775001301946,12_7.5_300
brain ICF,4.8,4.33666922225228,12_7.5_300
brain ICF,4.9,4.21903513640123,12_7.5_300
brain ICF,5,4.10474870672651,12_7.5_300
brain ICF,5.1,3.99371373422683,12_7.5_300
brain ICF,5.2,3.88583678770933,12_7.5_300
brain ICF,5.3,3.78102712416046,12_7.5_300
brain ICF,5.4,3.67919661146091,12_7.5_300
brain ICF,5.5,3.58025965340392,12_7.5_300
brain ICF,5.6,3.48413311674592,12_7.5_300
brain ICF,5.7,3.39073626039155,12_7.5_300
brain ICF,5.8,3.29999066663606,12_7.5_300
brain ICF,5.9,3.21182017437734,12_7.5_300
brain ICF,6,3.12615081422867,12_7.5_300
brain ICF,6.1,3.04291074548331,12_7.5_300
brain ICF,6.2,2.96203019491846,12_7.5_300
brain ICF,6.3,2.88344139732191,12_7.5_300
brain ICF,6.4,2.8070785376374,12_7.5_300
brain ICF,6.5,2.732877694995,12_7.5_300
brain ICF,6.6,2.66077678821788,12_7.5_300
brain ICF,6.7,2.59071552290276,12_7.5_300
brain ICF,6.8,2.52263534000682,12_7.5_300
brain ICF,6.9,2.45647936591462,12_7.5_300
brain ICF,7,2.39219236394703,12_7.5_300
brain ICF,7.1,2.32972068738418,12_7.5_300
brain ICF,7.2,2.26901223338112,12_7.5_300
brain ICF,7.3,2.21001639885301,12_7.5_300
brain ICF,7.4,2.15268403726352,12_7.5_300
brain ICF,7.5,2.09696741669682,12_7.5_300
brain ICF,7.6,2.04282017913928,12_7.5_300
brain ICF,7.7,1.99019730095329,12_7.5_300
brain ICF,7.8,1.93905505444556,12_7.5_300
brain ICF,7.9,1.88935097054138,12_7.5_300
brain ICF,8,1.84104380261131,12_7.5_300
brain ICF,8.1,1.79409349128132,12_7.5_300
brain ICF,8.2,1.74846113025105,12_7.5_300
brain ICF,8.3,1.70410893315454,12_7.5_300
brain ICF,8.4,1.66100020117888,12_7.5_300
brain ICF,8.5,1.61909929186157,12_7.5_300
brain ICF,8.6,1.57837158871867,12_7.5_300
brain ICF,8.7,1.53878347165564,12_7.5_300
brain ICF,8.8,1.50030228832297,12_7.5_300
brain ICF,8.9,1.46289632616887,12_7.5_300
brain ICF,9,1.42653478526052,12_7.5_300
brain ICF,9.1,1.39118775234294,12_7.5_300
brain ICF,9.2,1.35682617513469,12_7.5_300
brain ICF,9.3,1.32342183759179,12_7.5_300
brain ICF,9.4,1.29094733563346,12_7.5_300
brain ICF,9.5,1.25937605394876,12_7.5_300
brain ICF,9.6,1.22868214330333,12_7.5_300
brain ICF,9.7,1.19884049842778,12_7.5_300
brain ICF,9.8,1.16982673658455,12_7.5_300
brain ICF,9.9,1.141617176513,12_7.5_300
brain ICF,10,1.11418881869721,12_7.5_300
brain ICF,10.1,1.08751932550211,12_7.5_300
brain ICF,10.2,1.0615870021385,12_7.5_300
brain ICF,10.3,1.03637077792496,12_7.5_300
brain ICF,10.4,1.01185018869488,12_7.5_300
brain ICF,10.5,0.98800535912962,12_7.5_300
brain ICF,10.6,0.964816985905036,12_7.5_300
brain ICF,10.7,0.942266320806945,12_7.5_300
brain ICF,10.8,0.920335155299449,12_7.5_300
brain ICF,10.9,0.89900580478647,12_7.5_300
brain ICF,11,0.878261093270818,12_7.5_300
brain ICF,11.1,0.858084338997161,12_7.5_300
brain ICF,11.2,0.838459340202527,12_7.5_300
brain ICF,11.3,0.819370361268154,12_7.5_300
brain ICF,11.4,0.800802118954025,12_7.5_300
brain ICF,11.5,0.782739769888182,12_7.5_300
brain ICF,11.6,0.765168897722015,12_7.5_300
brain ICF,11.7,0.748075500533073,12_7.5_300
brain ICF,11.8,0.731445979166496,12_7.5_300
brain ICF,11.9,0.715267125748503,12_7.5_300
brain ICF,12,0.699526112102668,12_7.5_300
brain ICF,12.1,0.684210478921464,12_7.5_300
brain ICF,12.2,0.669308125350736,12_7.5_300
brain ICF,12.3,0.65480729846248,12_7.5_300
brain ICF,12.4,0.640696583048553,12_7.5_300
brain ICF,12.5,0.626964892324555,12_7.5_300
brain ICF,12.6,0.613601458341587,12_7.5_300
brain ICF,12.7,0.600595822305561,12_7.5_300
brain ICF,12.8,0.58793782639646,12_7.5_300
brain ICF,12.9,0.575617604785266,12_7.5_300
brain ICF,13,0.563625574884383,12_7.5_300
brain ICF,13.1,0.551952429874545,12_7.5_300
brain ICF,13.2,0.540589130294616,12_7.5_300
brain ICF,13.3,0.5295268962847,12_7.5_300
brain ICF,13.4,0.518757200521186,12_7.5_300
brain ICF,13.5,0.508271760532644,12_7.5_300
brain ICF,13.6,0.498062531757929,12_7.5_300
brain ICF,13.7,0.488121700965273,12_7.5_300
brain ICF,13.8,0.478441679067045,12_7.5_300
brain ICF,13.9,0.469015095026181,12_7.5_300
brain ICF,14,0.459834789436392,12_7.5_300
sCSF,0,0,12_7.5_300
sCSF,0.1,0.0834046249517708,12_7.5_300
sCSF,0.2,0.482291418310801,12_7.5_300
sCSF,0.3,1.10624757444476,12_7.5_300
sCSF,0.4,1.73876698936171,12_7.5_300
sCSF,0.5,2.30573063078262,12_7.5_300
sCSF,0.6,2.79537211441067,12_7.5_300
sCSF,0.7,3.21591196017473,12_7.5_300
sCSF,0.8,3.57948510880105,12_7.5_300
sCSF,0.9,3.89687026923282,12_7.5_300
sCSF,1,4.17635276472146,12_7.5_300
sCSF,1.1,4.42396850056689,12_7.5_300
sCSF,1.2,4.64406730161892,12_7.5_300
sCSF,1.3,4.8398348213537,12_7.5_300
sCSF,1.4,5.01368468685694,12_7.5_300
sCSF,1.5,5.16752657966748,12_7.5_300
sCSF,1.6,5.3029401331237,12_7.5_300
sCSF,1.7,5.42128424692746,12_7.5_300
sCSF,1.8,5.52376457570815,12_7.5_300
sCSF,1.9,5.61147488997241,12_7.5_300
sCSF,2,5.68542251151055,12_7.5_300
sCSF,2.1,5.7465441917825,12_7.5_300
sCSF,2.2,5.79571632760058,12_7.5_300
sCSF,2.3,5.8337618241501,12_7.5_300
sCSF,2.4,5.86145498788388,12_7.5_300
sCSF,2.5,5.87952523070945,12_7.5_300
sCSF,2.6,5.88866006550381,12_7.5_300
sCSF,2.7,5.88950765058224,12_7.5_300
sCSF,2.8,5.88267903243612,12_7.5_300
sCSF,2.9,5.86875018791583,12_7.5_300
sCSF,3,5.84826391412048,12_7.5_300
sCSF,3.1,5.82173159076234,12_7.5_300
sCSF,3.2,5.78963483394689,12_7.5_300
sCSF,3.3,5.75242706880342,12_7.5_300
sCSF,3.4,5.71053500818536,12_7.5_300
sCSF,3.5,5.66436006944393,12_7.5_300
sCSF,3.6,5.61427970900038,12_7.5_300
sCSF,3.7,5.56064868728266,12_7.5_300
sCSF,3.8,5.50380027084745,12_7.5_300
sCSF,3.9,5.44404737860139,12_7.5_300
sCSF,4,5.38168367003064,12_7.5_300
sCSF,4.1,5.31698457606897,12_7.5_300
sCSF,4.2,5.25020828005599,12_7.5_300
sCSF,4.3,5.18159664716907,12_7.5_300
sCSF,4.4,5.11137610737191,12_7.5_300
sCSF,4.5,5.03975849433394,12_7.5_300
sCSF,4.6,4.96694184218716,12_7.5_300
sCSF,4.7,4.89311114154958,12_7.5_300
sCSF,4.8,4.81843905554438,12_7.5_300
sCSF,4.9,4.74308660293752,12_7.5_300
sCSF,5,4.6672038028845,12_7.5_300
sCSF,5.1,4.59093028757974,12_7.5_300
sCSF,5.2,4.51439588372831,12_7.5_300
sCSF,5.3,4.4377211644737,12_7.5_300
sCSF,5.4,4.36101797279228,12_7.5_300
sCSF,5.5,4.28438991719557,12_7.5_300
sCSF,5.6,4.20793284299929,12_7.5_300
sCSF,5.7,4.13173527835969,12_7.5_300
sCSF,5.8,4.05587885677813,12_7.5_300
sCSF,5.9,3.9804387177439,12_7.5_300
sCSF,6,3.90548388670103,12_7.5_300
sCSF,6.1,3.83107763519729,12_7.5_300
sCSF,6.2,3.75727782171086,12_7.5_300
sCSF,6.3,3.68413721482931,12_7.5_300
sCSF,6.4,3.61170380019655,12_7.5_300
sCSF,6.5,3.54002106899288,12_7.5_300
sCSF,6.6,3.46912829238475,12_7.5_300
sCSF,6.7,3.39906078120345,12_7.5_300
sCSF,6.8,3.32985013184222,12_7.5_300
sCSF,6.9,3.2615244589081,12_7.5_300
sCSF,7,3.19410861524775,12_7.5_300
sCSF,7.1,3.1276243990292,12_7.5_300
sCSF,7.2,3.06209075343592,12_7.5_300
sCSF,7.3,2.99752394998824,12_7.5_300
sCSF,7.4,2.93393776494313,12_7.5_300
sCSF,7.5,2.87134364562347,12_7.5_300
sCSF,7.6,2.80975086751985,12_7.5_300
sCSF,7.7,2.74916668251288,12_7.5_300
sCSF,7.8,2.68959645914669,12_7.5_300
sCSF,7.9,2.63104381499987,12_7.5_300
sCSF,8,2.57351074103983,12_7.5_300
sCSF,8.1,2.51699771939626,12_7.5_300
sCSF,8.2,2.4615038344385,12_7.5_300
sCSF,8.3,2.40702687711786,12_7.5_300
sCSF,8.4,2.35356344456021,12_7.5_300
sCSF,8.5,2.30110903230557,12_7.5_300
sCSF,8.6,2.24965812167538,12_7.5_300
sCSF,8.7,2.19920426255416,12_7.5_300
sCSF,8.8,2.14974015072894,12_7.5_300
sCSF,8.9,2.10125770138686,12_7.5_300
sCSF,9,2.0537481183517,12_7.5_300
sCSF,9.1,2.0072019566946,12_7.5_300
sCSF,9.2,1.96160918436872,12_7.5_300
sCSF,9.3,1.91695923883346,12_7.5_300
sCSF,9.4,1.87324108143685,12_7.5_300
sCSF,9.5,1.83044324651081,12_7.5_300
sCSF,9.6,1.78855388826854,12_7.5_300
sCSF,9.7,1.74756082505644,12_7.5_300
sCSF,9.8,1.70745158058998,12_7.5_300
sCSF,9.9,1.66821342352939,12_7.5_300
sCSF,10,1.62983340137907,12_7.5_300
sCSF,10.1,1.59229837522901,12_7.5_300
sCSF,10.2,1.55559505104862,12_7.5_300
sCSF,10.3,1.51971000983147,12_7.5_300
sCSF,10.4,1.4846297333579,12_7.5_300
sCSF,10.5,1.45034063042667,12_7.5_300
sCSF,10.6,1.41682906008715,12_7.5_300
sCSF,10.7,1.38408135501628,12_7.5_300
sCSF,10.8,1.35208383984,12_7.5_300
sCSF,10.9,1.32082285075986,12_7.5_300
sCSF,11,1.29028475379544,12_7.5_300
sCSF,11.1,1.26045595986834,12_7.5_300
sCSF,11.2,1.23132293977521,12_7.5_300
sCSF,11.3,1.2028722379651,12_7.5_300
sCSF,11.4,1.17509048606263,12_7.5_300
sCSF,11.5,1.14796441284517,12_7.5_300
sCSF,11.6,1.12148085535232,12_7.5_300
sCSF,11.7,1.09562676927676,12_7.5_300
sCSF,11.8,1.07038923689491,12_7.5_300
sCSF,11.9,1.04575547475445,12_7.5_300
sCSF,12,1.02171284162132,12_7.5_300
sCSF,12.1,0.998248844577671,12_7.5_300
sCSF,12.2,0.975351144342235,12_7.5_300
sCSF,12.3,0.953007560885027,12_7.5_300
sCSF,12.4,0.931206078301897,12_7.5_300
sCSF,12.5,0.909934847883108,12_7.5_300
sCSF,12.6,0.889182191900242,12_7.5_300
sCSF,12.7,0.868936607488184,12_7.5_300
sCSF,12.8,0.849186767767529,12_7.5_300
sCSF,12.9,0.82992152459684,12_7.5_300
sCSF,13,0.81112991079111,12_7.5_300
sCSF,13.1,0.792801140297746,12_7.5_300
sCSF,13.2,0.774924610009129,12_7.5_300
sCSF,13.3,0.757489900451142,12_7.5_300
sCSF,13.4,0.740486775573696,12_7.5_300
sCSF,13.5,0.723905183458808,12_7.5_300
sCSF,13.6,0.707735255968077,12_7.5_300
sCSF,13.7,0.691967308031843,12_7.5_300
sCSF,13.8,0.676591837700076,12_7.5_300
sCSF,13.9,0.661599524848039,12_7.5_300
sCSF,14,0.646981230378017,12_7.5_300
brain ECF,0,0,15_1.5_250
brain ECF,0.1,4.11897541403563,15_1.5_250
brain ECF,0.2,11.20253066213,15_1.5_250
brain ECF,0.3,13.885208080713,15_1.5_250
brain ECF,0.4,13.9682970988563,15_1.5_250
brain ECF,0.5,13.2125881138,15_1.5_250
brain ECF,0.6,12.3084587234754,15_1.5_250
brain ECF,0.7,11.4902866548577,15_1.5_250
brain ECF,0.8,10.8105166687779,15_1.5_250
brain ECF,0.9,10.2574717929414,15_1.5_250
brain ECF,1,9.80308390582852,15_1.5_250
brain ECF,1.1,9.42024948247184,15_1.5_250
brain ECF,1.2,9.08770915241511,15_1.5_250
brain ECF,1.3,8.79026790223299,15_1.5_250
brain ECF,1.4,8.51760652208373,15_1.5_250
brain ECF,1.5,8.26292666404267,15_1.5_250
brain ECF,1.6,8.02182740801884,15_1.5_250
brain ECF,1.7,7.79148186744173,15_1.5_250
brain ECF,1.8,7.57007183821951,15_1.5_250
brain ECF,1.9,7.35641483196875,15_1.5_250
brain ECF,2,7.14972448981817,15_1.5_250
brain ECF,2.1,6.94945957599613,15_1.5_250
brain ECF,2.2,6.75523001987568,15_1.5_250
brain ECF,2.3,6.56673915122243,15_1.5_250
brain ECF,2.4,6.38374833221068,15_1.5_250
brain ECF,2.5,6.20605552543584,15_1.5_250
brain ECF,2.6,6.03348231660436,15_1.5_250
brain ECF,2.7,5.8658660031649,15_1.5_250
brain ECF,2.8,5.70305490083843,15_1.5_250
brain ECF,2.9,5.54490545836015,15_1.5_250
brain ECF,3,5.39128047250993,15_1.5_250
brain ECF,3.1,5.24204799160667,15_1.5_250
brain ECF,3.2,5.09708065200526,15_1.5_250
brain ECF,3.3,4.95625521959855,15_1.5_250
brain ECF,3.4,4.81945227277616,15_1.5_250
brain ECF,3.5,4.68655598067822,15_1.5_250
brain ECF,3.6,4.55745393409318,15_1.5_250
brain ECF,3.7,4.43203701334911,15_1.5_250
brain ECF,3.8,4.31019927196389,15_1.5_250
brain ECF,3.9,4.19183782867769,15_1.5_250
brain ECF,4,4.0768527693089,15_1.5_250
brain ECF,4.1,3.96514705794017,15_1.5_250
brain ECF,4.2,3.85662645296873,15_1.5_250
brain ECF,4.3,3.75119942515958,15_1.5_250
brain ECF,4.4,3.64877707819009,15_1.5_250
brain ECF,4.5,3.54927307223671,15_1.5_250
brain ECF,4.6,3.45260355051595,15_1.5_250
brain ECF,4.7,3.35868706805226,15_1.5_250
brain ECF,4.8,3.26744452226246,15_1.5_250
brain ECF,4.9,3.17879908544636,15_1.5_250
brain ECF,5,3.09267613932628,15_1.5_250
brain ECF,5.1,3.00900321166589,15_1.5_250
brain ECF,5.2,2.92770991469865,15_1.5_250
brain ECF,5.3,2.84872788522842,15_1.5_250
brain ECF,5.4,2.77199072642103,15_1.5_250
brain ECF,5.5,2.69743395123764,15_1.5_250
brain ECF,5.6,2.62499492767091,15_1.5_250
brain ECF,5.7,2.5546128253482,15_1.5_250
brain ECF,5.8,2.48622856381447,15_1.5_250
brain ECF,5.9,2.41978476224132,15_1.5_250
brain ECF,6,2.35522569058009,15_1.5_250
brain ECF,6.1,2.29249722210943,15_1.5_250
brain ECF,6.2,2.23154678734421,15_1.5_250
brain ECF,6.3,2.17232332927856,15_1.5_250
brain ECF,6.4,2.11477725991401,15_1.5_250
brain ECF,6.5,2.05886041799474,15_1.5_250
brain ECF,6.6,2.00452602798438,15_1.5_250
brain ECF,6.7,1.95172866019342,15_1.5_250
brain ECF,6.8,1.9004241922031,15_1.5_250
brain ECF,6.9,1.85056977119812,15_1.5_250
brain ECF,7,1.80212377744869,15_1.5_250
brain ECF,7.1,1.75504578886082,15_1.5_250
brain ECF,7.2,1.70929654653402,15_1.5_250
brain ECF,7.3,1.66483792130092,15_1.5_250
brain ECF,7.4,1.62163288116159,15_1.5_250
brain ECF,7.5,1.57964545977741,15_1.5_250
brain ECF,7.6,1.5388407258948,15_1.5_250
brain ECF,7.7,1.49918475349686,15_1.5_250
brain ECF,7.8,1.46064459287941,15_1.5_250
brain ECF,7.9,1.42318824256283,15_1.5_250
brain ECF,8,1.38678462210478,15_1.5_250
brain ECF,8.1,1.35140354531165,15_1.5_250
brain ECF,8.2,1.31701569479451,15_1.5_250
brain ECF,8.3,1.28359259689579,15_1.5_250
brain ECF,8.4,1.25110659739469,15_1.5_250
brain ECF,8.5,1.21953083795985,15_1.5_250
brain ECF,8.6,1.18883923312671,15_1.5_250
brain ECF,8.7,1.15900644814087,15_1.5_250
brain ECF,8.8,1.13000787740172,15_1.5_250
brain ECF,8.9,1.10181962340477,15_1.5_250
brain ECF,9,1.07441847640589,15_1.5_250
brain ECF,9.1,1.04778189447417,15_1.5_250
brain ECF,9.2,1.02188798441104,15_1.5_250
brain ECF,9.3,0.996715483125378,15_1.5_250
brain ECF,9.4,0.972243739410483,15_1.5_250
brain ECF,9.5,0.948452696389032,15_1.5_250
brain ECF,9.6,0.92532287418216,15_1.5_250
brain ECF,9.7,0.902835353606966,15_1.5_250
brain ECF,9.8,0.88097175988002,15_1.5_250
brain ECF,9.9,0.859714247008417,15_1.5_250
brain ECF,10,0.839045482336855,15_1.5_250
brain ECF,10.1,0.818948632036038,15_1.5_250
brain ECF,10.2,0.79940734669898,15_1.5_250
brain ECF,10.3,0.780405747379086,15_1.5_250
brain ECF,10.4,0.761928411861755,15_1.5_250
brain ECF,10.5,0.743960361728906,15_1.5_250
brain ECF,10.6,0.72648704954117,15_1.5_250
brain ECF,10.7,0.709494346467987,15_1.5_250
brain ECF,10.8,0.692968529933785,15_1.5_250
brain ECF,10.9,0.676896272258926,15_1.5_250
brain ECF,11,0.661264629228756,15_1.5_250
brain ECF,11.1,0.646061028946458,15_1.5_250
brain ECF,11.2,0.631273261062718,15_1.5_250
brain ECF,11.3,0.616889466596905,15_1.5_250
brain ECF,11.4,0.602898127705221,15_1.5_250
brain ECF,11.5,0.589288057652448,15_1.5_250
brain ECF,11.6,0.576048391567244,15_1.5_250
brain ECF,11.7,0.563168577114319,15_1.5_250
brain ECF,11.8,0.550638365341447,15_1.5_250
brain ECF,11.9,0.538447801952021,15_1.5_250
brain ECF,12,0.526587219067807,15_1.5_250
brain ECF,12.1,0.515047226775682,15_1.5_250
brain ECF,12.2,0.503818705010139,15_1.5_250
brain ECF,12.3,0.492892796104663,15_1.5_250
brain ECF,12.4,0.482260897084178,15_1.5_250
brain ECF,12.5,0.47191465206666,15_1.5_250
brain ECF,12.6,0.461845945581755,15_1.5_250
brain ECF,12.7,0.452046895512371,15_1.5_250
brain ECF,12.8,0.442509846013981,15_1.5_250
brain ECF,12.9,0.433227361500807,15_1.5_250
brain ECF,13,0.424192220147667,15_1.5_250
brain ECF,13.1,0.415397407380035,15_1.5_250
brain ECF,13.2,0.406836110485124,15_1.5_250
brain ECF,13.3,0.398501712455387,15_1.5_250
brain ECF,13.4,0.390387786248979,15_1.5_250
brain ECF,13.5,0.382488089683861,15_1.5_250
brain ECF,13.6,0.374796559793201,15_1.5_250
brain ECF,13.7,0.367307307728266,15_1.5_250
brain ECF,13.8,0.360014613969244,15_1.5_250
brain ECF,13.9,0.352912923081926,15_1.5_250
brain ECF,14,0.345996839183454,15_1.5_250
brain ICF,0,0,15_1.5_250
brain ICF,0.1,4.82114766455933,15_1.5_250
brain ICF,0.2,14.3447757056429,15_1.5_250
brain ICF,0.3,18.3913261548117,15_1.5_250
brain ICF,0.4,18.6713585962001,15_1.5_250
brain ICF,0.5,17.7099154436662,15_1.5_250
brain ICF,0.6,16.5048387871704,15_1.5_250
brain ICF,0.7,15.4007240025248,15_1.5_250
brain ICF,0.8,14.4797141592889,15_1.5_250
brain ICF,0.9,13.7301151281499,15_1.5_250
brain ICF,1,13.1151358505012,15_1.5_250
brain ICF,1.1,12.5981917950979,15_1.5_250
brain ICF,1.2,12.1502669865311,15_1.5_250
brain ICF,1.3,11.7505042910911,15_1.5_250
brain ICF,1.4,11.3846923790891,15_1.5_250
brain ICF,1.5,11.0434501840748,15_1.5_250
brain ICF,1.6,10.7206982939414,15_1.5_250
brain ICF,1.7,10.4125303814841,15_1.5_250
brain ICF,1.8,10.1164350400446,15_1.5_250
brain ICF,1.9,9.83078102700467,15_1.5_250
brain ICF,2,9.55448597735089,15_1.5_250
brain ICF,2.1,9.28680732054047,15_1.5_250
brain ICF,2.2,9.02721205814021,15_1.5_250
brain ICF,2.3,8.77529664468379,15_1.5_250
brain ICF,2.4,8.53073790606671,15_1.5_250
brain ICF,2.5,8.29326328585918,15_1.5_250
brain ICF,2.6,8.06263282501692,15_1.5_250
brain ICF,2.7,7.83862817535113,15_1.5_250
brain ICF,2.8,7.62104608255849,15_1.5_250
brain ICF,2.9,7.40969438166039,15_1.5_250
brain ICF,3,7.20438952145777,15_1.5_250
brain ICF,3.1,7.00495504583878,15_1.5_250
brain ICF,3.2,6.81122067696282,15_1.5_250
brain ICF,3.3,6.62302168337687,15_1.5_250
brain ICF,3.4,6.44019844468241,15_1.5_250
brain ICF,3.5,6.26259614858191,15_1.5_250
brain ICF,3.6,6.09006456100811,15_1.5_250
brain ICF,3.7,5.92245784754785,15_1.5_250
brain ICF,3.8,5.75963441663824,15_1.5_250
brain ICF,3.9,5.60145677428682,15_1.5_250
brain ICF,4,5.44779139232159,15_1.5_250
brain ICF,4.1,5.29850858948134,15_1.5_250
brain ICF,4.2,5.15348241914045,15_1.5_250
brain ICF,4.3,5.01259055969165,15_1.5_250
brain ICF,4.4,4.87571420826622,15_1.5_250
brain ICF,4.5,4.74273797856629,15_1.5_250
brain ICF,4.6,4.61354980268996,15_1.5_250
brain ICF,4.7,4.48804083593961,15_1.5_250
brain ICF,4.8,4.36610536404411,15_1.5_250
brain ICF,4.9,4.24764071292442,15_1.5_250
brain ICF,5,4.13254716120726,15_1.5_250
brain ICF,5.1,4.02072785552465,15_1.5_250
brain ICF,5.2,3.91208872823187,15_1.5_250
brain ICF,5.3,3.80653841735617,15_1.5_250
brain ICF,5.4,3.70398818880362,15_1.5_250
brain ICF,5.5,3.60435186076194,15_1.5_250
brain ICF,5.6,3.50754573051471,15_1.5_250
brain ICF,5.7,3.41348850308245,15_1.5_250
brain ICF,5.8,3.32210122210709,15_1.5_250
brain ICF,5.9,3.23330720264173,15_1.5_250
brain ICF,6,3.14703196587097,15_1.5_250
brain ICF,6.1,3.06320317569534,15_1.5_250
brain ICF,6.2,2.98175057713486,15_1.5_250
brain ICF,6.3,2.90260593651525,15_1.5_250
brain ICF,6.4,2.82570298337145,15_1.5_250
brain ICF,6.5,2.75097735396447,15_1.5_250
brain ICF,6.6,2.67836653645739,15_1.5_250
brain ICF,6.7,2.60780981762932,15_1.5_250
brain ICF,6.8,2.53924823132174,15_1.5_250
brain ICF,6.9,2.47262450809932,15_1.5_250
brain ICF,7,2.40788302644689,15_1.5_250
brain ICF,7.1,2.34496976539387,15_1.5_250
brain ICF,7.2,2.28383225848514,15_1.5_250
brain ICF,7.3,2.2244195490641,15_1.5_250
brain ICF,7.4,2.16668214675136,15_1.5_250
brain ICF,7.5,2.11057198533951,15_1.5_250
brain ICF,7.6,2.05604238193045,15_1.5_250
brain ICF,7.7,2.00304799704564,15_1.5_250
brain ICF,7.8,1.95154479597159,15_1.5_250
brain ICF,7.9,1.90149001122241,15_1.5_250
brain ICF,8,1.85284210620627,15_1.5_250
brain ICF,8.1,1.80556073942474,15_1.5_250
brain ICF,8.2,1.75960673046889,15_1.5_250
brain ICF,8.3,1.71494202651091,15_1.5_250
brain ICF,8.4,1.67152966983635,15_1.5_250
brain ICF,8.5,1.6293337663751,15_1.5_250
brain ICF,8.6,1.58831945493344,15_1.5_250
brain ICF,8.7,1.5484528775836,15_1.5_250
brain ICF,8.8,1.50970115085532,15_1.5_250
brain ICF,8.9,1.47203233759404,15_1.5_250
brain ICF,9,1.43541541978385,15_1.5_250
brain ICF,9.1,1.39982027188965,15_1.5_250
brain ICF,9.2,1.36521763535716,15_1.5_250
brain ICF,9.3,1.33157909372222,15_1.5_250
brain ICF,9.4,1.29887704825722,15_1.5_250
brain ICF,9.5,1.26708469451012,15_1.5_250
brain ICF,9.6,1.23617599914314,15_1.5_250
brain ICF,9.7,1.20612567814569,15_1.5_250
brain ICF,9.8,1.17690917505548,15_1.5_250
brain ICF,9.9,1.14850264009835,15_1.5_250
brain ICF,10,1.12088290953669,15_1.5_250
brain ICF,10.1,1.09402748627584,15_1.5_250
brain ICF,10.2,1.06791452061465,15_1.5_250
brain ICF,10.3,1.04252279158651,15_1.5_250
brain ICF,10.4,1.01783168861242,15_1.5_250
brain ICF,10.5,0.993821194213726,15_1.5_250
brain ICF,10.6,0.970471866882136,15_1.5_250
brain ICF,10.7,0.947764824548303,15_1.5_250
brain ICF,10.8,0.925681728071914,15_1.5_250
brain ICF,10.9,0.904204766061185,15_1.5_250
brain ICF,11,0.883316639596298,15_1.5_250
brain ICF,11.1,0.863000547332089,15_1.5_250
brain ICF,11.2,0.843240171104341,15_1.5_250
brain ICF,11.3,0.824019662326571,15_1.5_250
brain ICF,11.4,0.805323628315954,15_1.5_250
brain ICF,11.5,0.787137118891329,15_1.5_250
brain ICF,11.6,0.769445614018374,15_1.5_250
brain ICF,11.7,0.752235011343671,15_1.5_250
brain ICF,11.8,0.735491613962451,15_1.5_250
brain ICF,11.9,0.719202118755023,15_1.5_250
brain ICF,12,0.703353605378327,15_1.5_250
brain ICF,12.1,0.687933524968793,15_1.5_250
brain ICF,12.2,0.672929689293929,15_1.5_250
brain ICF,12.3,0.658330260797802,15_1.5_250
brain ICF,12.4,0.644123742300472,15_1.5_250
brain ICF,12.5,0.630298966843332,15_1.5_250
brain ICF,12.6,0.616845088759947,15_1.5_250
brain ICF,12.7,0.603751574243015,15_1.5_250
brain ICF,12.8,0.591008191881567,15_1.5_250
brain ICF,12.9,0.57860500462394,15_1.5_250
brain ICF,13,0.566532361093495,15_1.5_250
brain ICF,13.1,0.554780886888571,15_1.5_250
brain ICF,13.2,0.543341477380595,15_1.5_250
brain ICF,13.3,0.532205289486395,15_1.5_250
brain ICF,13.4,0.521363733997732,15_1.5_250
brain ICF,13.5,0.510808468757648,15_1.5_250
brain ICF,13.6,0.50053139111689,15_1.5_250
brain ICF,13.7,0.490524631122007,15_1.5_250
brain ICF,13.8,0.480780545114961,15_1.5_250
brain ICF,13.9,0.471291708725836,15_1.5_250
brain ICF,14,0.462050910813139,15_1.5_250
sCSF,0,0,15_1.5_250
sCSF,0.1,0.0731144993911178,15_1.5_250
sCSF,0.2,0.433010272840148,15_1.5_250
sCSF,0.3,1.01340403635553,15_1.5_250
sCSF,0.4,1.62034253507078,15_1.5_250
sCSF,0.5,2.17900679460318,15_1.5_250
sCSF,0.6,2.67145347275435,15_1.5_250
sCSF,0.7,3.10045164291168,15_1.5_250
sCSF,0.8,3.47459979441072,15_1.5_250
sCSF,0.9,3.80274773945161,15_1.5_250
sCSF,1,4.0922953882575,15_1.5_250
sCSF,1.1,4.34897848082476,15_1.5_250
sCSF,1.2,4.57713449471307,15_1.5_250
sCSF,1.3,4.78005482875125,15_1.5_250
sCSF,1.4,4.96029013812757,15_1.5_250
sCSF,1.5,5.11987952519448,15_1.5_250
sCSF,1.6,5.26051072811916,15_1.5_250
sCSF,1.7,5.38362763453733,15_1.5_250
sCSF,1.8,5.49050075906014,15_1.5_250
sCSF,1.9,5.58227289058688,15_1.5_250
sCSF,2,5.65998858793059,15_1.5_250
sCSF,2.1,5.72461337094912,15_1.5_250
sCSF,2.2,5.77704643518661,15_1.5_250
sCSF,2.3,5.81812930588783,15_1.5_250
sCSF,2.4,5.84865197829533,15_1.5_250
sCSF,2.5,5.86935747132255,15_1.5_250
sCSF,2.6,5.88094538616048,15_1.5_250
sCSF,2.7,5.88407483433243,15_1.5_250
sCSF,2.8,5.8793669295296,15_1.5_250
sCSF,2.9,5.86740699563204,15_1.5_250
sCSF,3,5.84874656923945,15_1.5_250
sCSF,3.1,5.82390524439743,15_1.5_250
sCSF,3.2,5.79337238308611,15_1.5_250
sCSF,3.3,5.75760872516125,15_1.5_250
sCSF,3.4,5.71704790460835,15_1.5_250
sCSF,3.5,5.67209788599129,15_1.5_250
sCSF,3.6,5.62314232772007,15_1.5_250
sCSF,3.7,5.57054186703977,15_1.5_250
sCSF,3.8,5.51463533846526,15_1.5_250
sCSF,3.9,5.45574093445721,15_1.5_250
sCSF,4,5.39415730939715,15_1.5_250
sCSF,4.1,5.33016462592548,15_1.5_250
sCSF,4.2,5.26402554793218,15_1.5_250
sCSF,4.3,5.19598618375226,15_1.5_250
sCSF,4.4,5.12627698071616,15_1.5_250
sCSF,4.5,5.055113575136,15_1.5_250
sCSF,4.6,4.98269759966496,15_1.5_250
sCSF,4.7,4.90921744959985,15_1.5_250
sCSF,4.8,4.83484900972729,15_1.5_250
sCSF,4.9,4.7597563442427,15_1.5_250
sCSF,5,4.68409235251843,15_1.5_250
sCSF,5.1,4.60799938989657,15_1.5_250
sCSF,5.2,4.53160985677402,15_1.5_250
sCSF,5.3,4.45504675783309,15_1.5_250
sCSF,5.4,4.37842423245808,15_1.5_250
sCSF,5.5,4.30184805872992,15_1.5_250
sCSF,5.6,4.2254161289585,15_1.5_250
sCSF,5.7,4.14921890383989,15_1.5_250
sCSF,5.8,4.07333984023774,15_1.5_250
sCSF,5.9,3.99785579740765,15_1.5_250
sCSF,6,3.92283742218441,15_1.5_250
sCSF,6.1,3.84834951422319,15_1.5_250
sCSF,6.2,3.7744513720058,15_1.5_250
sCSF,6.3,3.70119712036374,15_1.5_250
sCSF,6.4,3.62863602064459,15_1.5_250
sCSF,6.5,3.55681276501907,15_1.5_250
sCSF,6.6,3.48576775476381,15_1.5_250
sCSF,6.7,3.41553736400308,15_1.5_250
sCSF,6.8,3.34615418745086,15_1.5_250
sCSF,6.9,3.27764727736703,15_1.5_250
sCSF,7,3.21004236686186,15_1.5_250
sCSF,7.1,3.14336208089003,15_1.5_250
sCSF,7.2,3.07762613590992,15_1.5_250
sCSF,7.3,3.01285152876135,15_1.5_250
sCSF,7.4,2.94905271591156,15_1.5_250
sCSF,7.5,2.88624178145126,15_1.5_250
sCSF,7.6,2.82442859565092,15_1.5_250
sCSF,7.7,2.76362096632765,15_1.5_250
sCSF,7.8,2.70382478105606,15_1.5_250
sCSF,7.9,2.64504414137352,15_1.5_250
sCSF,8,2.5872814885757,15_1.5_250
sCSF,8.1,2.53053772594757,15_1.5_250
sCSF,8.2,2.47481232873279,15_1.5_250
sCSF,8.3,2.42010345120116,15_1.5_250
sCSF,8.4,2.36640802701103,15_1.5_250
sCSF,8.5,2.31372186336941,15_1.5_250
sCSF,8.6,2.26203973097689,15_1.5_250
sCSF,8.7,2.21135544702767,15_1.5_250
sCSF,8.8,2.1616619536875,15_1.5_250
sCSF,8.9,2.11295139285508,15_1.5_250
sCSF,9,2.06521517558966,15_1.5_250
sCSF,9.1,2.01844404879444,15_1.5_250
sCSF,9.2,1.97262815570221,15_1.5_250
sCSF,9.3,1.92775709344533,15_1.5_250
sCSF,9.4,1.88381996800443,15_1.5_250
sCSF,9.5,1.84080544476831,15_1.5_250
sCSF,9.6,1.79870179772567,15_1.5_250
sCSF,9.7,1.75749695218658,15_1.5_250
sCSF,9.8,1.71717852773514,15_1.5_250
sCSF,9.9,1.677733877073,15_1.5_250
sCSF,10,1.63915012401888,15_1.5_250
sCSF,10.1,1.60141419613108,15_1.5_250
sCSF,10.2,1.56451285701829,15_1.5_250
sCSF,10.3,1.52843273630153,15_1.5_250
sCSF,10.4,1.49316035836255,15_1.5_250
sCSF,10.5,1.45868216707259,15_1.5_250
sCSF,10.6,1.4249845501304,15_1.5_250
sCSF,10.7,1.39205386127752,15_1.5_250
sCSF,10.8,1.35987644246357,15_1.5_250
sCSF,10.9,1.3284386414364,15_1.5_250
sCSF,11,1.29772682990959,15_1.5_250
sCSF,11.1,1.26772742049681,15_1.5_250
sCSF,11.2,1.23842688203157,15_1.5_250
sCSF,11.3,1.20981175261405,15_1.5_250
sCSF,11.4,1.18186865299602,15_1.5_250
sCSF,11.5,1.15458429913034,15_1.5_250
sCSF,11.6,1.12794551182098,15_1.5_250
sCSF,11.7,1.10193922685919,15_1.5_250
sCSF,11.8,1.07655250454211,15_1.5_250
sCSF,11.9,1.05177253770597,15_1.5_250
sCSF,12,1.02758665827938,15_1.5_250
sCSF,12.1,1.00398234463279,15_1.5_250
sCSF,12.2,0.980947227791844,15_1.5_250
sCSF,12.3,0.95846909577094,15_1.5_250
sCSF,12.4,0.936535898776141,15_1.5_250
sCSF,12.5,0.915135754018357,15_1.5_250
sCSF,12.6,0.894256948101464,15_1.5_250
sCSF,12.7,0.87388794056401,15_1.5_250
sCSF,12.8,0.854017367382518,15_1.5_250
sCSF,12.9,0.834634041910056,15_1.5_250
sCSF,13,0.815726957141614,15_1.5_250
sCSF,13.1,0.797285287884826,15_1.5_250
sCSF,13.2,0.779298390558841,15_1.5_250
sCSF,13.3,0.76175580475563,15_1.5_250
sCSF,13.4,0.744647253834363,15_1.5_250
sCSF,13.5,0.727962644417655,15_1.5_250
sCSF,13.6,0.711692066931539,15_1.5_250
sCSF,13.7,0.695825795120912,15_1.5_250
sCSF,13.8,0.680354285155414,15_1.5_250
sCSF,13.9,0.66526817548511,15_1.5_250
sCSF,14,0.650558285549706,15_1.5_250
brain ECF,0,0,15_1.5_300
brain ECF,0.1,4.07162173086357,15_1.5_300
brain ECF,0.2,11.1841956744487,15_1.5_300
brain ECF,0.3,13.9079994258852,15_1.5_300
brain ECF,0.4,13.9937229247068,15_1.5_300
brain ECF,0.5,13.230760631366,15_1.5_300
brain ECF,0.6,12.3191126847236,15_1.5_300
brain ECF,0.7,11.4955621835687,15_1.5_300
brain ECF,0.8,10.8125419793474,15_1.5_300
brain ECF,0.9,10.2577710552047,15_1.5_300
brain ECF,1,9.80259509282796,15_1.5_300
brain ECF,1.1,9.41948969736351,15_1.5_300
brain ECF,1.2,9.0869328749427,15_1.5_300
brain ECF,1.3,8.78958101777906,15_1.5_300
brain ECF,1.4,8.51703829594708,15_1.5_300
brain ECF,1.5,8.26247127603865,15_1.5_300
brain ECF,1.6,8.02146608067143,15_1.5_300
brain ECF,1.7,7.7911936188822,15_1.5_300
brain ECF,1.8,7.56983802475004,15_1.5_300
brain ECF,1.9,7.35622054164146,15_1.5_300
brain ECF,2,7.14955850721624,15_1.5_300
brain ECF,2.1,6.94931379606691,15_1.5_300
brain ECF,2.2,6.755098746268,15_1.5_300
brain ECF,2.3,6.56661845854534,15_1.5_300
brain ECF,2.4,6.38363555364392,15_1.5_300
brain ECF,2.5,6.20594886430134,15_1.5_300
brain ECF,2.6,6.03338056458165,15_1.5_300
brain ECF,2.7,5.86576835241767,15_1.5_300
brain ECF,2.8,5.70296080032868,15_1.5_300
brain ECF,2.9,5.54481452738761,15_1.5_300
brain ECF,3,5.39119244697575,15_1.5_300
brain ECF,3.1,5.24196267817117,15_1.5_300
brain ECF,3.2,5.09699790142183,15_1.5_300
brain ECF,3.3,4.95617491390463,15_1.5_300
brain ECF,3.4,4.81937431257688,15_1.5_300
brain ECF,3.5,4.68648028253225,15_1.5_300
brain ECF,3.6,4.55738042395423,15_1.5_300
brain ECF,3.7,4.43196562257434,15_1.5_300
brain ECF,3.8,4.31012993530456,15_1.5_300
brain ECF,3.9,4.19177048424526,15_1.5_300
brain ECF,4,4.07678735850257,15_1.5_300
brain ECF,4.1,3.96508352460751,15_1.5_300
brain ECF,4.2,3.85656474276483,15_1.5_300
brain ECF,4.3,3.75113948535654,15_1.5_300
brain ECF,4.4,3.64871885774812,15_1.5_300
brain ECF,4.5,3.54921652177232,15_1.5_300
brain ECF,4.6,3.45254862213149,15_1.5_300
brain ECF,4.7,3.35863371520319,15_1.5_300
brain ECF,4.8,3.26739269970254,15_1.5_300
brain ECF,4.9,3.17874874928182,15_1.5_300
brain ECF,5,3.09262724693775,15_1.5_300
brain ECF,5.1,3.00895572164908,15_1.5_300
brain ECF,5.2,2.92766378682398,15_1.5_300
brain ECF,5.3,2.84868308041459,15_1.5_300
brain ECF,5.4,2.77194720669086,15_1.5_300
brain ECF,5.5,2.69739167971985,15_1.5_300
brain ECF,5.6,2.62495386853732,15_1.5_300
brain ECF,5.7,2.55457294382258,15_1.5_300
brain ECF,5.8,2.48618982611897,15_1.5_300
brain ECF,5.9,2.41974713555922,15_1.5_300
brain ECF,6,2.35518914302812,15_1.5_300
brain ECF,6.1,2.29246172271573,15_1.5_300
brain ECF,6.2,2.23151230604022,15_1.5_300
brain ECF,6.3,2.17228983684574,15_1.5_300
brain ECF,6.4,2.11474472796484,15_1.5_300
brain ECF,6.5,2.05882881892774,15_1.5_300
brain ECF,6.6,2.00449533498212,15_1.5_300
brain ECF,6.7,1.95169884725883,15_1.5_300
brain ECF,6.8,1.90039523407407,15_1.5_300
brain ECF,6.9,1.85054164333253,15_1.5_300
brain ECF,7,1.80209645600873,15_1.5_300
brain ECF,7.1,1.75501925071448,15_1.5_300
brain ECF,7.2,1.70927076919277,15_1.5_300
brain ECF,7.3,1.66481288286089,15_1.5_300
brain ECF,7.4,1.62160856037585,15_1.5_300
brain ECF,7.5,1.57962183605598,15_1.5_300
brain ECF,7.6,1.53881777922521,15_1.5_300
brain ECF,7.7,1.49916246444084,15_1.5_300
brain ECF,7.8,1.4606229425902,15_1.5_300
brain ECF,7.9,1.42316721265995,15_1.5_300
brain ECF,8,1.38676419467864,15_1.5_300
brain ECF,8.1,1.35138370307258,15_1.5_300
brain ECF,8.2,1.31699642096021,15_1.5_300
brain ECF,8.3,1.28357387517901,15_1.5_300
brain ECF,8.4,1.25108841195051,15_1.5_300
brain ECF,8.5,1.21951317330183,15_1.5_300
brain ECF,8.6,1.18882207427203,15_1.5_300
brain ECF,8.7,1.15898978057726,15_1.5_300
brain ECF,8.8,1.12999168700934,15_1.5_300
brain ECF,8.9,1.10180389655576,15_1.5_300
brain ECF,9,1.07440319968406,15_1.5_300
brain ECF,9.1,1.04776705492468,15_1.5_300
brain ECF,9.2,1.02187356950686,15_1.5_300
brain ECF,9.3,0.996701480714634,15_1.5_300
brain ECF,9.4,0.97223013763729,15_1.5_300
brain ECF,9.5,0.94843948363902,15_1.5_300
brain ECF,9.6,0.925310039302019,15_1.5_300
brain ECF,9.7,0.902822885741878,15_1.5_300
brain ECF,9.8,0.880959648573604,15_1.5_300
brain ECF,9.9,0.859702481896481,15_1.5_300
brain ECF,10,0.839034053473974,15_1.5_300
brain ECF,10.1,0.818937529797808,15_1.5_300
brain ECF,10.2,0.799396561777099,15_1.5_300
brain ECF,10.3,0.780395270535212,15_1.5_300
brain ECF,10.4,0.761918234242605,15_1.5_300
brain ECF,10.5,0.743950474765649,15_1.5_300
brain ECF,10.6,0.726477444950446,15_1.5_300
brain ECF,10.7,0.709485016006007,15_1.5_300
brain ECF,10.8,0.692959465737872,15_1.5_300
brain ECF,10.9,0.67688746676635,15_1.5_300
brain ECF,11,0.661256074987543,15_1.5_300
brain ECF,11.1,0.646052718649206,15_1.5_300
brain ECF,11.2,0.631265187747248,15_1.5_300
brain ECF,11.3,0.616881623534204,15_1.5_300
brain ECF,11.4,0.602890508159655,15_1.5_300
brain ECF,11.5,0.589280655213984,15_1.5_300
brain ECF,11.6,0.576041200052739,15_1.5_300
brain ECF,11.7,0.563161590445658,15_1.5_300
brain ECF,11.8,0.550631577553737,15_1.5_300
brain ECF,11.9,0.538441207420949,15_1.5_300
brain ECF,12,0.526580812273715,15_1.5_300
brain ECF,12.1,0.515041002205309,15_1.5_300
brain ECF,12.2,0.503812657489994,15_1.5_300
brain ECF,12.3,0.492886920627374,15_1.5_300
brain ECF,12.4,0.482255188557712,15_1.5_300
brain ECF,12.5,0.471909105750842,15_1.5_300
brain ECF,12.6,0.4618405569019,15_1.5_300
brain ECF,12.7,0.452041659788612,15_1.5_300
brain ECF,12.8,0.442504758902915,15_1.5_300
brain ECF,12.9,0.43322241885764,15_1.5_300
brain ECF,13,0.424187417644338,15_1.5_300
brain ECF,13.1,0.415392741083163,15_1.5_300
brain ECF,13.2,0.406831576538075,15_1.5_300
brain ECF,13.3,0.398497306930193,15_1.5_300
brain ECF,13.4,0.390383505547396,15_1.5_300
brain ECF,13.5,0.382483930216081,15_1.5_300
brain ECF,13.6,0.374792518006655,15_1.5_300
brain ECF,13.7,0.367303380327678,15_1.5_300
brain ECF,13.8,0.360010797612284,15_1.5_300
brain ECF,13.9,0.352909214490699,15_1.5_300
brain ECF,14,0.345993235187734,15_1.5_300
brain ICF,0,0,15_1.5_300
brain ICF,0.1,4.86659963327857,15_1.5_300
brain ICF,0.2,14.4198199409372,15_1.5_300
brain ICF,0.3,18.4438618219403,15_1.5_300
brain ICF,0.4,18.6988785266073,15_1.5_300
brain ICF,0.5,17.719542160393,15_1.5_300
brain ICF,0.6,16.5039451296061,15_1.5_300
brain ICF,0.7,15.3945881740906,15_1.5_300
brain ICF,0.8,14.471531792215,15_1.5_300
brain ICF,0.9,13.7215891678881,15_1.5_300
brain ICF,1,13.1070492955572,15_1.5_300
brain ICF,1.1,12.5908192573164,15_1.5_300
brain ICF,1.2,12.1436318186327,15_1.5_300
brain ICF,1.3,11.7445243395401,15_1.5_300
brain ICF,1.4,11.3792553588281,15_1.5_300
brain ICF,1.5,11.0384483822084,15_1.5_300
brain ICF,1.6,10.7160415561696,15_1.5_300
brain ICF,1.7,10.4081485091505,15_1.5_300
brain ICF,1.8,10.1122756829283,15_1.5_300
brain ICF,1.9,9.82680615116286,15_1.5_300
brain ICF,2,9.55066834300662,15_1.5_300
brain ICF,2.1,9.28312749695077,15_1.5_300
brain ICF,2.2,9.02365610839113,15_1.5_300
brain ICF,2.3,8.77185441886359,15_1.5_300
brain ICF,2.4,8.52740183056576,15_1.5_300
brain ICF,2.5,8.29002752163007,15_1.5_300
brain ICF,2.6,8.05949269357154,15_1.5_300
brain ICF,2.7,7.8355797880395,15_1.5_300
brain ICF,2.8,7.61808607442456,15_1.5_300
brain ICF,2.9,7.40681975078615,15_1.5_300
brain ICF,3,7.20159752958008,15_1.5_300
brain ICF,3.1,7.00224313940795,15_1.5_300
brain ICF,3.2,6.80858644008462,15_1.5_300
brain ICF,3.3,6.62046281334723,15_1.5_300
brain ICF,3.4,6.43771272977976,15_1.5_300
brain ICF,3.5,6.26018146102715,15_1.5_300
brain ICF,3.6,6.08771884522461,15_1.5_300
brain ICF,3.7,5.920179112376,15_1.5_300
brain ICF,3.8,5.75742073056869,15_1.5_300
brain ICF,3.9,5.59930626364229,15_1.5_300
brain ICF,4,5.44570223953442,15_1.5_300
brain ICF,4.1,5.29647903039577,15_1.5_300
brain ICF,4.2,5.15151074064463,15_1.5_300
brain ICF,4.3,5.01067509803282,15_1.5_300
brain ICF,4.4,4.87385334778411,15_1.5_300
brain ICF,4.5,4.74093015033085,15_1.5_300
brain ICF,4.6,4.61179348298561,15_1.5_300
brain ICF,4.7,4.48633454483734,15_1.5_300
brain ICF,4.8,4.36444766412064,15_1.5_300
brain ICF,4.9,4.2460302081652,15_1.5_300
brain ICF,5,4.1309824957649,15_1.5_300
brain ICF,5.1,4.01920771253343,15_1.5_300
brain ICF,5.2,3.91061182867976,15_1.5_300
brain ICF,5.3,3.8051035190069,15_1.5_300
brain ICF,5.4,3.70259408512538,15_1.5_300
brain ICF,5.5,3.60299737994669,15_1.5_300
brain ICF,5.6,3.50622973443898,15_1.5_300
brain ICF,5.7,3.41220988639099,15_1.5_300
brain ICF,5.8,3.32085891123978,15_1.5_300
brain ICF,5.9,3.2321001549086,15_1.5_300
brain ICF,6,3.14585916856508,15_1.5_300
brain ICF,6.1,3.06206364523728,15_1.5_300
brain ICF,6.2,2.98064335825952,15_1.5_300
brain ICF,6.3,2.90153010142144,15_1.5_300
brain ICF,6.4,2.82465763093963,15_1.5_300
brain ICF,6.5,2.74996160896148,15_1.5_300
brain ICF,6.6,2.67737954881977,15_1.5_300
brain ICF,6.7,2.60685076181817,15_1.5_300
brain ICF,6.8,2.53831630553491,15_1.5_300
brain ICF,6.9,2.47171893359708,15_1.5_300
brain ICF,7,2.40700304689536,15_1.5_300
brain ICF,7.1,2.34411464624973,15_1.5_300
brain ICF,7.2,2.28300128631276,15_1.5_300
brain ICF,7.3,2.2236120308745,15_1.5_300
brain ICF,7.4,2.16589740953321,15_1.5_300
brain ICF,7.5,2.10980937550966,15_1.5_300
brain ICF,7.6,2.05530126469417,15_1.5_300
brain ICF,7.7,2.00232775587383,15_1.5_300
brain ICF,7.8,1.9508448321205,15_1.5_300
brain ICF,7.9,1.90080974307738,15_1.5_300
brain ICF,8,1.8521809688129,15_1.5_300
brain ICF,8.1,1.80491818422682,15_1.5_300
brain ICF,8.2,1.75898222470995,15_1.5_300
brain ICF,8.3,1.71433505278261,15_1.5_300
brain ICF,8.4,1.67093972558541,15_1.5_300
brain ICF,8.5,1.62876036338074,15_1.5_300
brain ICF,8.6,1.58776211910265,15_1.5_300
brain ICF,8.7,1.54791114851964,15_1.5_300
brain ICF,8.8,1.50917458137733,15_1.5_300
brain ICF,8.9,1.47152049350466,15_1.5_300
brain ICF,9,1.43491787913992,15_1.5_300
brain ICF,9.1,1.3993366249913,15_1.5_300
brain ICF,9.2,1.36474748436824,15_1.5_300
brain ICF,9.3,1.33112205227489,15_1.5_300
brain ICF,9.4,1.29843274103046,15_1.5_300
brain ICF,9.5,1.2666527568503,15_1.5_300
brain ICF,9.6,1.23575607705957,15_1.5_300
brain ICF,9.7,1.20571742780414,15_1.5_300
brain ICF,9.8,1.17651226263077,15_1.5_300
brain ICF,9.9,1.14811674109235,15_1.5_300
brain ICF,10,1.12050770894967,15_1.5_300
brain ICF,10.1,1.09366267821847,15_1.5_300
brain ICF,10.2,1.06755980805144,15_1.5_300
brain ICF,10.3,1.04217788576419,15_1.5_300
brain ICF,10.4,1.01749630924514,15_1.5_300
brain ICF,10.5,0.99349506911961,15_1.5_300
brain ICF,10.6,0.970154731762205,15_1.5_300
brain ICF,10.7,0.947456422441916,15_1.5_300
brain ICF,10.8,0.925381809603341,15_1.5_300
brain ICF,10.9,0.903913089127355,15_1.5_300
brain ICF,11,0.883032968916115,15_1.5_300
brain ICF,11.1,0.862724654299436,15_1.5_300
brain ICF,11.2,0.842971833869492,15_1.5_300
brain ICF,11.3,0.823758665465126,15_1.5_300
brain ICF,11.4,0.805069762332402,15_1.5_300
brain ICF,11.5,0.786890180491952,15_1.5_300
brain ICF,11.6,0.769205405813216,15_1.5_300
brain ICF,11.7,0.75200134152241,15_1.5_300
brain ICF,11.8,0.73526429614872,15_1.5_300
brain ICF,11.9,0.718980972158031,15_1.5_300
brain ICF,12,0.703138454329823,15_1.5_300
brain ICF,12.1,0.687724198648303,15_1.5_300
brain ICF,12.2,0.672726022034792,15_1.5_300
brain ICF,12.3,0.658132091719731,15_1.5_300
brain ICF,12.4,0.643930914843045,15_1.5_300
brain ICF,12.5,0.630111329221568,15_1.5_300
brain ICF,12.6,0.616662493591222,15_1.5_300
brain ICF,12.7,0.603573878064997,15_1.5_300
brain ICF,12.8,0.590835255625386,15_1.5_300
brain ICF,12.9,0.578436693316316,15_1.5_300
brain ICF,13,0.566368543236225,15_1.5_300
brain ICF,13.1,0.554621435123608,15_1.5_300
brain ICF,13.2,0.543186267961106,15_1.5_300
brain ICF,13.3,0.532054201977893,15_1.5_300
brain ICF,13.4,0.521216651715775,15_1.5_300
brain ICF,13.5,0.510665278243191,15_1.5_300
brain ICF,13.6,0.500391982082235,15_1.5_300
brain ICF,13.7,0.490388896654873,15_1.5_300
brain ICF,13.8,0.480648381184487,15_1.5_300
brain ICF,13.9,0.471163014246805,15_1.5_300
brain ICF,14,0.461925587621361,15_1.5_300
sCSF,0,0,15_1.5_300
sCSF,0.1,0.0717389462277384,15_1.5_300
sCSF,0.2,0.429688907241781,15_1.5_300
sCSF,0.3,1.01058637882133,15_1.5_300
sCSF,0.4,1.61884898071457,15_1.5_300
sCSF,0.5,2.17860681162763,15_1.5_300
sCSF,0.6,2.67173500494763,15_1.5_300
sCSF,0.7,3.1010808772817,15_1.5_300
sCSF,0.8,3.47536209333392,15_1.5_300
sCSF,0.9,3.80352386655561,15_1.5_300
sCSF,1,4.09302829321877,15_1.5_300
sCSF,1.1,4.34964687823023,15_1.5_300
sCSF,1.2,4.57773547378906,15_1.5_300
sCSF,1.3,4.78059362966938,15_1.5_300
sCSF,1.4,4.96077468473495,15_1.5_300
sCSF,1.5,5.12031780077813,15_1.5_300
sCSF,1.6,5.2609097143655,15_1.5_300
sCSF,1.7,5.38399303822984,15_1.5_300
sCSF,1.8,5.49083709119415,15_1.5_300
sCSF,1.9,5.58258367154264,15_1.5_300
sCSF,2,5.66027656906207,15_1.5_300
sCSF,2.1,5.72488072962915,15_1.5_300
sCSF,2.2,5.77729492960556,15_1.5_300
sCSF,2.3,5.81836039125977,15_1.5_300
sCSF,2.4,5.84886689063455,15_1.5_300
sCSF,2.5,5.8695572867069,15_1.5_300
sCSF,2.6,5.88113106207807,15_1.5_300
sCSF,2.7,5.8842472368136,15_1.5_300
sCSF,2.8,5.87952685362935,15_1.5_300
sCSF,2.9,5.86755517846809,15_1.5_300
sCSF,3,5.84888369776583,15_1.5_300
sCSF,3.1,5.82403196324357,15_1.5_300
sCSF,3.2,5.79348929940488,15_1.5_300
sCSF,3.3,5.75771641136678,15_1.5_300
sCSF,3.4,5.71714690390266,15_1.5_300
sCSF,3.5,5.67218871004115,15_1.5_300
sCSF,3.6,5.62322545933693,15_1.5_300
sCSF,3.7,5.57061776325567,15_1.5_300
sCSF,3.8,5.5147044330179,15_1.5_300
sCSF,3.9,5.4558036384869,15_1.5_300
sCSF,4,5.39421401181658,15_1.5_300
sCSF,4.1,5.33021569489675,15_1.5_300
sCSF,4.2,5.26407133150414,15_1.5_300
sCSF,4.3,5.19602701121519,15_1.5_300
sCSF,4.4,5.12631316380492,15_1.5_300
sCSF,4.5,5.05514540888309,15_1.5_300
sCSF,4.6,4.98272536307061,15_1.5_300
sCSF,4.7,4.90924140625055,15_1.5_300
sCSF,4.8,4.83486940920257,15_1.5_300
sCSF,4.9,4.75977342198639,15_1.5_300
sCSF,5,4.68410633116284,15_1.5_300
sCSF,5.1,4.60801047983115,15_1.5_300
sCSF,5.2,4.5316182567763,15_1.5_300
sCSF,5.3,4.45505265559648,15_1.5_300
sCSF,5.4,4.37842780538797,15_1.5_300
sCSF,5.5,4.30184947395446,15_1.5_300
sCSF,5.6,4.22541554437507,15_1.5_300
sCSF,5.7,4.14921646790614,15_1.5_300
sCSF,5.8,4.07333569280298,15_1.5_300
sCSF,5.9,3.99785007036639,15_1.5_300
sCSF,6,3.92283023992405,15_1.5_300
sCSF,6.1,3.84834099391034,15_1.5_300
sCSF,6.2,3.77444162368307,15_1.5_300
sCSF,6.3,3.70118624771912,15_1.5_300
sCSF,6.4,3.62862412129559,15_1.5_300
sCSF,6.5,3.55679993108838,15_1.5_300
sCSF,6.6,3.48575407288386,15_1.5_300
sCSF,6.7,3.41552291488317,15_1.5_300
sCSF,6.8,3.34613904698764,15_1.5_300
sCSF,6.9,3.27763151681995,15_1.5_300
sCSF,7,3.21002605303867,15_1.5_300
sCSF,7.1,3.14334527614333,15_1.5_300
sCSF,7.2,3.07760889886946,15_1.5_300
sCSF,7.3,3.01283391494807,15_1.5_300
sCSF,7.4,2.94903477691841,15_1.5_300
sCSF,7.5,2.88622356499304,15_1.5_300
sCSF,7.6,2.82441014643088,15_1.5_300
sCSF,7.7,2.76360232605856,15_1.5_300
sCSF,7.8,2.70380598829455,15_1.5_300
sCSF,7.9,2.64502523273686,15_1.5_300
sCSF,8,2.5872624986428,15_1.5_300
sCSF,8.1,2.53051868587301,15_1.5_300
sCSF,8.2,2.47479326733868,15_1.5_300
sCSF,8.3,2.42008439510088,15_1.5_300
sCSF,8.4,2.36638900107171,15_1.5_300
sCSF,8.5,2.31370289136433,15_1.5_300
sCSF,8.6,2.26202083435902,15_1.5_300
sCSF,8.7,2.21133664524487,15_1.5_300
sCSF,8.8,2.16164326481007,15_1.5_300
sCSF,8.9,2.11293283283187,15_1.5_300
sCSF,9,2.06519676033142,15_1.5_300
sCSF,9.1,2.01842579227492,15_1.5_300
sCSF,9.2,1.97261007026528,15_1.5_300
sCSF,9.3,1.92773919020653,15_1.5_300
sCSF,9.4,1.8838022573735,15_1.5_300
sCSF,9.5,1.84078793674924,15_1.5_300
sCSF,9.6,1.79868450050008,15_1.5_300
sCSF,9.7,1.75747987318784,15_1.5_300
sCSF,9.8,1.7171616730534,15_1.5_300
sCSF,9.9,1.67771725325799,15_1.5_300
sCSF,10,1.6391337361181,15_1.5_300
sCSF,10.1,1.60139804831753,15_1.5_300
sCSF,10.2,1.56449695264371,15_1.5_300
sCSF,10.3,1.52841707916983,15_1.5_300
sCSF,10.4,1.49314495104199,15_1.5_300
sCSF,10.5,1.45866701146372,15_1.5_300
sCSF,10.6,1.42496964747829,15_1.5_300
sCSF,10.7,1.39203921332474,15_1.5_300
sCSF,10.8,1.35986204980771,15_1.5_300
sCSF,10.9,1.32842450397388,15_1.5_300
sCSF,11,1.29771294767668,15_1.5_300
sCSF,11.1,1.26771379345579,15_1.5_300
sCSF,11.2,1.23841350925995,15_1.5_300
sCSF,11.3,1.20979863280627,15_1.5_300
sCSF,11.4,1.18185578536056,15_1.5_300
sCSF,11.5,1.1545716820939,15_1.5_300
sCSF,11.6,1.1279331434468,15_1.5_300
sCSF,11.7,1.10192710528673,15_1.5_300
sCSF,11.8,1.07654062790692,15_1.5_300
sCSF,11.9,1.05176090340232,15_1.5_300
sCSF,12,1.02757526377055,15_1.5_300
sCSF,12.1,1.00397118769783,15_1.5_300
sCSF,12.2,0.980936305519368,15_1.5_300
sCSF,12.3,0.958458405121164,15_1.5_300
sCSF,12.4,0.936525437241468,15_1.5_300
sCSF,12.5,0.915125518414417,15_1.5_300
sCSF,12.6,0.894246935117368,15_1.5_300
sCSF,12.7,0.87387814741913,15_1.5_300
sCSF,12.8,0.854007790710901,15_1.5_300
sCSF,12.9,0.834624678155897,15_1.5_300
sCSF,13,0.815717803390249,15_1.5_300
sCSF,13.1,0.797276340568992,15_1.5_300
sCSF,13.2,0.779289646197368,15_1.5_300
sCSF,13.3,0.761747260194895,15_1.5_300
sCSF,13.4,0.744638905481236,15_1.5_300
sCSF,13.5,0.727954488863346,15_1.5_300
sCSF,13.6,0.711684100861503,15_1.5_300
sCSF,13.7,0.695818014959612,15_1.5_300
sCSF,13.8,0.680346687575912,15_1.5_300
sCSF,13.9,0.66526075718935,15_1.5_300
sCSF,14,0.650551043232215,15_1.5_300
brain ECF,0,0,15_7.5_250
brain ECF,0.1,4.99843352125546,15_7.5_250
brain ECF,0.2,13.0382646634398,15_7.5_250
brain ECF,0.3,15.3133662721714,15_7.5_250
brain ECF,0.4,14.7031667634535,15_7.5_250
brain ECF,0.5,13.4389408743092,15_7.5_250
brain ECF,0.6,12.249661149985,15_7.5_250
brain ECF,0.7,11.3037248044331,15_7.5_250
brain ECF,0.8,10.5858452882623,15_7.5_250
brain ECF,0.9,10.0378714208774,15_7.5_250
brain ECF,1,9.60505517622927,15_7.5_250
brain ECF,1.1,9.2469463237989,15_7.5_250
brain ECF,1.2,8.93663382369178,15_7.5_250
brain ECF,1.3,8.65721931617112,15_7.5_250
brain ECF,1.4,8.39845757613046,15_7.5_250
brain ECF,1.5,8.1542669510147,15_7.5_250
brain ECF,1.6,7.92107370095375,15_7.5_250
brain ECF,1.7,7.69677564679242,15_7.5_250
brain ECF,1.8,7.48011813882938,15_7.5_250
brain ECF,1.9,7.2703282697368,15_7.5_250
brain ECF,2,7.06690465102185,15_7.5_250
brain ECF,2.1,6.8694984150362,15_7.5_250
brain ECF,2.2,6.67784657639037,15_7.5_250
brain ECF,2.3,6.49173513345007,15_7.5_250
brain ECF,2.4,6.31097868179243,15_7.5_250
brain ECF,2.5,6.1354092803919,15_7.5_250
brain ECF,2.6,5.96487034291932,15_7.5_250
brain ECF,2.7,5.79921325692784,15_7.5_250
brain ECF,2.8,5.63829555358971,15_7.5_250
brain ECF,2.9,5.48197985730249,15_7.5_250
brain ECF,3,5.33013326492066,15_7.5_250
brain ECF,3.1,5.18262696477653,15_7.5_250
brain ECF,3.2,5.03933600229684,15_7.5_250
brain ECF,3.3,4.90013909762593,15_7.5_250
brain ECF,3.4,4.76491849682631,15_7.5_250
brain ECF,3.5,4.63355985332486,15_7.5_250
brain ECF,3.6,4.5059521198958,15_7.5_250
brain ECF,3.7,4.38198744988904,15_7.5_250
brain ECF,3.8,4.26156110243301,15_7.5_250
brain ECF,3.9,4.14457135113125,15_7.5_250
brain ECF,4,4.03091939643556,15_7.5_250
brain ECF,4.1,3.92050928140506,15_7.5_250
brain ECF,4.2,3.81324781010095,15_7.5_250
brain ECF,4.3,3.70904446794936,15_7.5_250
brain ECF,4.4,3.60781134456494,15_7.5_250
brain ECF,4.5,3.50946305889085,15_7.5_250
brain ECF,4.6,3.41391668658243,15_7.5_250
brain ECF,4.7,3.32109168940347,15_7.5_250
brain ECF,4.8,3.23090984658382,15_7.5_250
brain ECF,4.9,3.14329518821177,15_7.5_250
brain ECF,5,3.05817393044995,15_7.5_250
brain ECF,5.1,2.97547441275168,15_7.5_250
brain ECF,5.2,2.89512703683693,15_7.5_250
brain ECF,5.3,2.81706420738848,15_7.5_250
brain ECF,5.4,2.74122027443928,15_7.5_250
brain ECF,5.5,2.66753147742621,15_7.5_250
brain ECF,5.6,2.59593589087717,15_7.5_250
brain ECF,5.7,2.52637337162347,15_7.5_250
brain ECF,5.8,2.45878550750541,15_7.5_250
brain ECF,5.9,2.39311556760622,15_7.5_250
brain ECF,6,2.32930845391139,15_7.5_250
brain ECF,6.1,2.26731065437313,15_7.5_250
brain ECF,6.2,2.20707019716237,15_7.5_250
brain ECF,6.3,2.14853660647573,15_7.5_250
brain ECF,6.4,2.09166085948491,15_7.5_250
brain ECF,6.5,2.03639534446034,15_7.5_250
brain ECF,6.6,1.98269382020478,15_7.5_250
brain ECF,6.7,1.93051137662855,15_7.5_250
brain ECF,6.8,1.87980439645332,15_7.5_250
brain ECF,6.9,1.83053051800643,15_7.5_250
brain ECF,7,1.78264859911848,15_7.5_250
brain ECF,7.1,1.73611868188584,15_7.5_250
brain ECF,7.2,1.6909019587786,15_7.5_250
brain ECF,7.3,1.64696073940057,15_7.5_250
brain ECF,7.4,1.60425841837602,15_7.5_250
brain ECF,7.5,1.56275944412142,15_7.5_250
brain ECF,7.6,1.52242928851789,15_7.5_250
brain ECF,7.7,1.48323441750116,15_7.5_250
brain ECF,7.8,1.44514226225533,15_7.5_250
brain ECF,7.9,1.40812119164559,15_7.5_250
brain ECF,8,1.37214048514931,15_7.5_250
brain ECF,8.1,1.33717030661385,15_7.5_250
brain ECF,8.2,1.30318167879877,15_7.5_250
brain ECF,8.3,1.27014645868886,15_7.5_250
brain ECF,8.4,1.23803731329103,15_7.5_250
brain ECF,8.5,1.20682769660265,15_7.5_250
brain ECF,8.6,1.17649182680203,15_7.5_250
brain ECF,8.7,1.14700466424353,15_7.5_250
brain ECF,8.8,1.11834189013149,15_7.5_250
brain ECF,8.9,1.09047988564717,15_7.5_250
brain ECF,9,1.06339571186971,15_7.5_250
brain ECF,9.1,1.03706709023317,15_7.5_250
brain ECF,9.2,1.01147238347426,15_7.5_250
brain ECF,9.3,0.986590577194207,15_7.5_250
brain ECF,9.4,0.962401261741782,15_7.5_250
brain ECF,9.5,0.938884615079832,15_7.5_250
brain ECF,9.6,0.916021385706257,15_7.5_250
brain ECF,9.7,0.893792876267411,15_7.5_250
brain ECF,9.8,0.872180927505698,15_7.5_250
brain ECF,9.9,0.851167902788161,15_7.5_250
brain ECF,10,0.830736673156918,15_7.5_250
brain ECF,10.1,0.810870602673229,15_7.5_250
brain ECF,10.2,0.791553534048876,15_7.5_250
brain ECF,10.3,0.772769775046518,15_7.5_250
brain ECF,10.4,0.754504085081758,15_7.5_250
brain ECF,10.5,0.736741662186648,15_7.5_250
brain ECF,10.6,0.719468130214328,15_7.5_250
brain ECF,10.7,0.702669526774023,15_7.5_250
brain ECF,10.8,0.686332291267766,15_7.5_250
brain ECF,10.9,0.670443253353879,15_7.5_250
brain ECF,11,0.654989621387592,15_7.5_250
brain ECF,11.1,0.639958971955,15_7.5_250
brain ECF,11.2,0.625339239111446,15_7.5_250
brain ECF,11.3,0.611118703949928,15_7.5_250
brain ECF,11.4,0.597285984682795,15_7.5_250
brain ECF,11.5,0.583830027033074,15_7.5_250
brain ECF,11.6,0.570740094746729,15_7.5_250
brain ECF,11.7,0.55800576022614,15_7.5_250
brain ECF,11.8,0.545616895916619,15_7.5_250
brain ECF,11.9,0.533563665636154,15_7.5_250
brain ECF,12,0.521836515867813,15_7.5_250
brain ECF,12.1,0.510426167974448,15_7.5_250
brain ECF,12.2,0.499323610239918,15_7.5_250
brain ECF,12.3,0.488520089928854,15_7.5_250
brain ECF,12.4,0.478007106039066,15_7.5_250
brain ECF,12.5,0.46777640209012,15_7.5_250
brain ECF,12.6,0.45781995887138,15_7.5_250
brain ECF,12.7,0.448129987711026,15_7.5_250
brain ECF,12.8,0.438698923971871,15_7.5_250
brain ECF,12.9,0.429519420340716,15_7.5_250
brain ECF,13,0.420584340639284,15_7.5_250
brain ECF,13.1,0.411886753991217,15_7.5_250
brain ECF,13.2,0.403419928499282,15_7.5_250
brain ECF,13.3,0.395177325808472,15_7.5_250
brain ECF,13.4,0.387152595561386,15_7.5_250
brain ECF,13.5,0.379339569647413,15_7.5_250
brain ECF,13.6,0.371732257294798,15_7.5_250
brain ECF,13.7,0.364324839913609,15_7.5_250
brain ECF,13.8,0.357111665850363,15_7.5_250
brain ECF,13.9,0.350087245937533,15_7.5_250
brain ECF,14,0.343246248424939,15_7.5_250
brain ICF,0,0,15_7.5_250
brain ICF,0.1,5.86730625535668,15_7.5_250
brain ICF,0.2,16.7596023387257,15_7.5_250
brain ICF,0.3,20.3667292653481,15_7.5_250
brain ICF,0.4,19.7189827707773,15_7.5_250
brain ICF,0.5,18.0547143831853,15_7.5_250
brain ICF,0.6,16.4482572510967,15_7.5_250
brain ICF,0.7,15.1604801129183,15_7.5_250
brain ICF,0.8,14.1816444808242,15_7.5_250
brain ICF,0.9,13.435721322092,15_7.5_250
brain ICF,1,12.8485310477,15_7.5_250
brain ICF,1.1,12.3645673108575,15_7.5_250
brain ICF,1.2,11.9466643166898,15_7.5_250
brain ICF,1.3,11.5713958945095,15_7.5_250
brain ICF,1.4,11.2245258069947,15_7.5_250
brain ICF,1.5,10.8975919006651,15_7.5_250
brain ICF,1.6,10.5856192570522,15_7.5_250
brain ICF,1.7,10.2856829690444,15_7.5_250
brain ICF,1.8,9.99604038759795,15_7.5_250
brain ICF,1.9,9.71562148918109,15_7.5_250
brain ICF,2,9.44373555856576,15_7.5_250
brain ICF,2.1,9.17990497055421,15_7.5_250
brain ICF,2.2,8.92377202751532,15_7.5_250
brain ICF,2.3,8.67504733968943,15_7.5_250
brain ICF,2.4,8.43348129145457,15_7.5_250
brain ICF,2.5,8.19884845355984,15_7.5_250
brain ICF,2.6,7.97093903067462,15_7.5_250
brain ICF,2.7,7.74955412985589,15_7.5_250
brain ICF,2.8,7.5345032017358,15_7.5_250
brain ICF,2.9,7.32560257489346,15_7.5_250
brain ICF,3,7.12267459250955,15_7.5_250
brain ICF,3.1,6.92554708518196,15_7.5_250
brain ICF,3.2,6.73405304922622,15_7.5_250
brain ICF,3.3,6.54803039778414,15_7.5_250
brain ICF,3.4,6.36732175886767,15_7.5_250
brain ICF,3.5,6.19177431564495,15_7.5_250
brain ICF,3.6,6.02123966136709,15_7.5_250
brain ICF,3.7,5.85557366706885,15_7.5_250
brain ICF,3.8,5.69463635466104,15_7.5_250
brain ICF,3.9,5.53829177475622,15_7.5_250
brain ICF,4,5.38640788949282,15_7.5_250
brain ICF,4.1,5.23885645994671,15_7.5_250
brain ICF,4.2,5.09551293707343,15_7.5_250
brain ICF,4.3,4.95625635526584,15_7.5_250
brain ICF,4.4,4.82096922919998,15_7.5_250
brain ICF,4.5,4.68953745378878,15_7.5_250
brain ICF,4.6,4.56185020714249,15_7.5_250
brain ICF,4.7,4.43779985621479,15_7.5_250
brain ICF,4.8,4.31728186506475,15_7.5_250
brain ICF,4.9,4.20019470583889,15_7.5_250
brain ICF,5,4.08643977219383,15_7.5_250
brain ICF,5.1,3.97592129539319,15_7.5_250
brain ICF,5.2,3.86854626275441,15_7.5_250
brain ICF,5.3,3.76422433839339,15_7.5_250
brain ICF,5.4,3.66286778622963,15_7.5_250
brain ICF,5.5,3.56439139521928,15_7.5_250
brain ICF,5.6,3.46871240677112,15_7.5_250
brain ICF,5.7,3.37575044420034,15_7.5_250
brain ICF,5.8,3.28542744417783,15_7.5_250
brain ICF,5.9,3.19766759022184,15_7.5_250
brain ICF,6,3.11239724809494,15_7.5_250
brain ICF,6.1,3.02954490307871,15_7.5_250
brain ICF,6.2,2.94904109883548,15_7.5_250
brain ICF,6.3,2.87081837834799,15_7.5_250
brain ICF,6.4,2.79481122638576,15_7.5_250
brain ICF,6.5,2.72095601354096,15_7.5_250
brain ICF,6.6,2.64919094201476,15_7.5_250
brain ICF,6.7,2.57945599292946,15_7.5_250
brain ICF,6.8,2.51169287514876,15_7.5_250
brain ICF,6.9,2.44584497555539,15_7.5_250
brain ICF,7,2.3818573108033,15_7.5_250
brain ICF,7.1,2.31967648022555,15_7.5_250
brain ICF,7.2,2.25925062054049,15_7.5_250
brain ICF,7.3,2.20052936142912,15_7.5_250
brain ICF,7.4,2.14346378261837,15_7.5_250
brain ICF,7.5,2.08800637214711,15_7.5_250
brain ICF,7.6,2.03411098583575,15_7.5_250
brain ICF,7.7,1.98173280798219,15_7.5_250
brain ICF,7.8,1.93082831286453,15_7.5_250
brain ICF,7.9,1.88135522789971,15_7.5_250
brain ICF,8,1.83327249746799,15_7.5_250
brain ICF,8.1,1.78654024784246,15_7.5_250
brain ICF,8.2,1.74111975316664,15_7.5_250
brain ICF,8.3,1.6969734024624,15_7.5_250
brain ICF,8.4,1.65406466728435,15_7.5_250
brain ICF,8.5,1.61235807093997,15_7.5_250
brain ICF,8.6,1.57181915800635,15_7.5_250
brain ICF,8.7,1.53241446492251,15_7.5_250
brain ICF,8.8,1.49411149148872,15_7.5_250
brain ICF,8.9,1.45687867297136,15_7.5_250
brain ICF,9,1.42068535326879,15_7.5_250
brain ICF,9.1,1.38550175879378,15_7.5_250
brain ICF,9.2,1.35129897301158,15_7.5_250
brain ICF,9.3,1.31804891179885,15_7.5_250
brain ICF,9.4,1.28572429923172,15_7.5_250
brain ICF,9.5,1.25429864468823,15_7.5_250
brain ICF,9.6,1.22374622002356,15_7.5_250
brain ICF,9.7,1.19404203767059,15_7.5_250
brain ICF,9.8,1.16516182918713,15_7.5_250
brain ICF,9.9,1.13708202457955,15_7.5_250
brain ICF,10,1.10977973232386,15_7.5_250
brain ICF,10.1,1.08323271977916,15_7.5_250
brain ICF,10.2,1.05741939398512,15_7.5_250
brain ICF,10.3,1.03231878348705,15_7.5_250
brain ICF,10.4,1.00791052043065,15_7.5_250
brain ICF,10.5,0.98417482313967,15_7.5_250
brain ICF,10.6,0.961092479015915,15_7.5_250
brain ICF,10.7,0.938644828415299,15_7.5_250
brain ICF,10.8,0.916813748659821,15_7.5_250
brain ICF,10.9,0.895581638619884,15_7.5_250
brain ICF,11,0.87493140326607,15_7.5_250
brain ICF,11.1,0.854846439682057,15_7.5_250
brain ICF,11.2,0.835310622682541,15_7.5_250
brain ICF,11.3,0.816308290872192,15_7.5_250
brain ICF,11.4,0.797824233390601,15_7.5_250
brain ICF,11.5,0.779843677070997,15_7.5_250
brain ICF,11.6,0.762352273760615,15_7.5_250
brain ICF,11.7,0.745336087803028,15_7.5_250
brain ICF,11.8,0.728781584526885,15_7.5_250
brain ICF,11.9,0.712675618658759,15_7.5_250
brain ICF,12,0.697005422686099,15_7.5_250
brain ICF,12.1,0.681758596452762,15_7.5_250
brain ICF,12.2,0.666923096522709,15_7.5_250
brain ICF,12.3,0.652487225568467,15_7.5_250
brain ICF,12.4,0.638439622685267,15_7.5_250
brain ICF,12.5,0.624769253753514,15_7.5_250
brain ICF,12.6,0.611465401747082,15_7.5_250
brain ICF,12.7,0.59851765773786,15_7.5_250
brain ICF,12.8,0.585915912203395,15_7.5_250
brain ICF,12.9,0.573650346058616,15_7.5_250
brain ICF,13,0.561711422384596,15_7.5_250
brain ICF,13.1,0.550089878633191,15_7.5_250
brain ICF,13.2,0.53877671817708,15_7.5_250
brain ICF,13.3,0.527763203043761,15_7.5_250
brain ICF,13.4,0.517040846505572,15_7.5_250
brain ICF,13.5,0.506601405394153,15_7.5_250
brain ICF,13.6,0.496436873541354,15_7.5_250
brain ICF,13.7,0.486539474887232,15_7.5_250
brain ICF,13.8,0.476901656470013,15_7.5_250
brain ICF,13.9,0.467516082478319,15_7.5_250
brain ICF,14,0.458375627477354,15_7.5_250
sCSF,0,0,15_7.5_250
sCSF,0.1,0.0927162566065407,15_7.5_250
sCSF,0.2,0.524449011404746,15_7.5_250
sCSF,0.3,1.18134630540394,15_7.5_250
sCSF,0.4,1.83003223951181,15_7.5_250
sCSF,0.5,2.39945432642812,15_7.5_250
sCSF,0.6,2.88393858291876,15_7.5_250
sCSF,0.7,3.29621640603492,15_7.5_250
sCSF,0.8,3.6509569102937,15_7.5_250
sCSF,0.9,3.96009239929803,15_7.5_250
sCSF,1,4.2322868114163,15_7.5_250
sCSF,1.1,4.47358663457602,15_7.5_250
sCSF,1.2,4.68821226011429,15_7.5_250
sCSF,1.3,4.87919091413364,15_7.5_250
sCSF,1.4,5.04879437340553,15_7.5_250
sCSF,1.5,5.19882018835518,15_7.5_250
sCSF,1.6,5.33076474555595,15_7.5_250
sCSF,1.7,5.4459270327027,15_7.5_250
sCSF,1.8,5.5454699952605,15_7.5_250
sCSF,1.9,5.63045671629248,15_7.5_250
sCSF,2,5.70187195662406,15_7.5_250
sCSF,2.1,5.76063529963194,15_7.5_250
sCSF,2.2,5.80760952869852,15_7.5_250
sCSF,2.3,5.84360629028358,15_7.5_250
sCSF,2.4,5.86939021929722,15_7.5_250
sCSF,2.5,5.88568216267759,15_7.5_250
sCSF,2.6,5.89316186872334,15_7.5_250
sCSF,2.7,5.89247034366338,15_7.5_250
sCSF,2.8,5.88421197621182,15_7.5_250
sCSF,2.9,5.86895650029324,15_7.5_250
sCSF,3,5.84724082976799,15_7.5_250
sCSF,3.1,5.81957079028435,15_7.5_250
sCSF,3.2,5.78642274721203,15_7.5_250
sCSF,3.3,5.74824515149676,15_7.5_250
sCSF,3.4,5.7054600089043,15_7.5_250
sCSF,3.5,5.65846426852235,15_7.5_250
sCSF,3.6,5.60763115365481,15_7.5_250
sCSF,3.7,5.55331141679188,15_7.5_250
sCSF,3.8,5.4958345288852,15_7.5_250
sCSF,3.9,5.43550981134516,15_7.5_250
sCSF,4,5.37262751424171,15_7.5_250
sCSF,4.1,5.30745984020828,15_7.5_250
sCSF,4.2,5.24026191399634,15_7.5_250
sCSF,4.3,5.17127270643849,15_7.5_250
sCSF,4.4,5.10071590790413,15_7.5_250
sCSF,4.5,5.02880075912405,15_7.5_250
sCSF,4.6,4.95572284027554,15_7.5_250
sCSF,4.7,4.88166482018212,15_7.5_250
sCSF,4.8,4.80679716711219,15_7.5_250
sCSF,4.9,4.73127882235745,15_7.5_250
sCSF,5,4.65525784189401,15_7.5_250
sCSF,5.1,4.57887200286458,15_7.5_250
sCSF,5.2,4.50224937924358,15_7.5_250
sCSF,5.3,4.425508888168,15_7.5_250
sCSF,5.4,4.34876080844397,15_7.5_250
sCSF,5.5,4.27210727223901,15_7.5_250
sCSF,5.6,4.19564273086406,15_7.5_250
sCSF,5.7,4.11945439679603,15_7.5_250
sCSF,5.8,4.04362266298797,15_7.5_250
sCSF,5.9,3.96822149945944,15_7.5_250
sCSF,6,3.89331882923599,15_7.5_250
sCSF,6.1,3.81897688437343,15_7.5_250
sCSF,6.2,3.74525254548909,15_7.5_250
sCSF,6.3,3.67219765996971,15_7.5_250
sCSF,6.4,3.59985934513684,15_7.5_250
sCSF,6.5,3.52828027610877,15_7.5_250
sCSF,6.6,3.45749895694051,15_7.5_250
sCSF,6.7,3.38754997757978,15_7.5_250
sCSF,6.8,3.31846425710409,15_7.5_250
sCSF,6.9,3.25026927400662,15_7.5_250
sCSF,7,3.18298928367019,15_7.5_250
sCSF,7.1,3.11664552603039,15_7.5_250
sCSF,7.2,3.05125641812058,15_7.5_250
sCSF,7.3,2.98683773976512,15_7.5_250
sCSF,7.4,2.92340280718355,15_7.5_250
sCSF,7.5,2.86096263745407,15_7.5_250
sCSF,7.6,2.79952610385567,15_7.5_250
sCSF,7.7,2.73910008215049,15_7.5_250
sCSF,7.8,2.67968959106473,15_7.5_250
sCSF,7.9,2.62129792089512,15_7.5_250
sCSF,8,2.56392675775697,15_7.5_250
sCSF,8.1,2.50757630028301,15_7.5_250
sCSF,8.2,2.45224536942632,15_7.5_250
sCSF,8.3,2.39793151165233,15_7.5_250
sCSF,8.4,2.34463109808632,15_7.5_250
sCSF,8.5,2.29233941391753,15_7.5_250
sCSF,8.6,2.2410507463678,15_7.5_250
sCSF,8.7,2.19075846621381,15_7.5_250
sCSF,8.8,2.14145510416197,15_7.5_250
sCSF,8.9,2.09313242389934,15_7.5_250
sCSF,9,2.0457814892869,15_7.5_250
sCSF,9.1,1.99939272790016,15_7.5_250
sCSF,9.2,1.9539559912101,15_7.5_250
sCSF,9.3,1.90946061062255,15_7.5_250
sCSF,9.4,1.8658954514168,15_7.5_250
sCSF,9.5,1.82324896032753,15_7.5_250
sCSF,9.6,1.78150921303638,15_7.5_250
sCSF,9.7,1.74066395733243,15_7.5_250
sCSF,9.8,1.70070065434841,15_7.5_250
sCSF,9.9,1.66160651638029,15_7.5_250
sCSF,10,1.6233685418732,15_7.5_250
sCSF,10.1,1.585973548883,15_7.5_250
sCSF,10.2,1.54940820698136,15_7.5_250
sCSF,10.3,1.5136590650731,15_7.5_250
sCSF,10.4,1.47871257841187,15_7.5_250
sCSF,10.5,1.44455513383147,15_7.5_250
sCSF,10.6,1.41117307381357,15_7.5_250
sCSF,10.7,1.37855271709343,15_7.5_250
sCSF,10.8,1.34668037897413,15_7.5_250
sCSF,10.9,1.3155423897749,15_7.5_250
sCSF,11,1.28512511337823,15_7.5_250
sCSF,11.1,1.25541496110885,15_7.5_250
sCSF,11.2,1.22639840712353,15_7.5_250
sCSF,11.3,1.1980620023979,15_7.5_250
sCSF,11.4,1.17039238671679,15_7.5_250
sCSF,11.5,1.14337629964538,15_7.5_250
sCSF,11.6,1.11700059112025,15_7.5_250
sCSF,11.7,1.09125223159098,15_7.5_250
sCSF,11.8,1.06611831957706,15_7.5_250
sCSF,11.9,1.04158608961262,15_7.5_250
sCSF,12,1.01764292025977,15_7.5_250
sCSF,12.1,0.994276339201854,15_7.5_250
sCSF,12.2,0.971474029091365,15_7.5_250
sCSF,12.3,0.949223833285789,15_7.5_250
sCSF,12.4,0.927513759606984,15_7.5_250
sCSF,12.5,0.906331984163576,15_7.5_250
sCSF,12.6,0.885666855268053,15_7.5_250
sCSF,12.7,0.86550689600119,15_7.5_250
sCSF,12.8,0.845840806336654,15_7.5_250
sCSF,12.9,0.826657465793844,15_7.5_250
sCSF,13,0.807945934832485,15_7.5_250
sCSF,13.1,0.78969545560406,15_7.5_250
sCSF,13.2,0.771895453761653,15_7.5_250
sCSF,13.3,0.754535538403031,15_7.5_250
sCSF,13.4,0.73760550240399,15_7.5_250
sCSF,13.5,0.721095323070386,15_7.5_250
sCSF,13.6,0.704995161291211,15_7.5_250
sCSF,13.7,0.689295361243708,15_7.5_250
sCSF,13.8,0.673986450188752,15_7.5_250
sCSF,13.9,0.659059137033229,15_7.5_250
sCSF,14,0.644504311907914,15_7.5_250
brain ECF,0,0,15_7.5_300
brain ECF,0.1,4.94700550037965,15_7.5_300
brain ECF,0.2,13.0297316799014,15_7.5_300
brain ECF,0.3,15.346466939143,15_7.5_300
brain ECF,0.4,14.7306653816122,15_7.5_300
brain ECF,0.5,13.4541615225696,15_7.5_300
brain ECF,0.6,12.2559290533283,15_7.5_300
brain ECF,0.7,11.3051020744046,15_7.5_300
brain ECF,0.8,10.5850821799927,15_7.5_300
brain ECF,0.9,10.0364549218155,15_7.5_300
brain ECF,1,9.60365699887099,15_7.5_300
brain ECF,1.1,9.24580059718529,15_7.5_300
brain ECF,1.2,8.93577280778412,15_7.5_300
brain ECF,1.3,8.65659923701026,15_7.5_300
brain ECF,1.4,8.39801756643777,15_7.5_300
brain ECF,1.5,8.15395242462264,15_7.5_300
brain ECF,1.6,7.92084287784175,15_7.5_300
brain ECF,1.7,7.69659914079617,15_7.5_300
brain ECF,1.8,7.47997635613886,15_7.5_300
brain ECF,1.9,7.27020861582132,15_7.5_300
brain ECF,2,7.06679924553396,15_7.5_300
brain ECF,2.1,6.86940241925197,15_7.5_300
brain ECF,2.2,6.67775706257407,15_7.5_300
brain ECF,2.3,6.49165033900969,15_7.5_300
brain ECF,2.4,6.31089755571375,15_7.5_300
brain ECF,2.5,6.13533118265511,15_7.5_300
brain ECF,2.6,5.96479487982879,15_7.5_300
brain ECF,2.7,5.79914018316121,15_7.5_300
brain ECF,2.8,5.63822470126243,15_7.5_300
brain ECF,2.9,5.48191110629712,15_7.5_300
brain ECF,3,5.3300665232951,15_7.5_300
brain ECF,3.1,5.18256216112562,15_7.5_300
brain ECF,3.2,5.03927307097509,15_7.5_300
brain ECF,3.3,4.90007797821374,15_7.5_300
brain ECF,3.4,4.76485913479153,15_7.5_300
brain ECF,3.5,4.63350219660474,15_7.5_300
brain ECF,3.6,4.50589611896715,15_7.5_300
brain ECF,3.7,4.38193305694249,15_7.5_300
brain ECF,3.8,4.2615082710712,15_7.5_300
brain ECF,3.9,4.14452003635249,15_7.5_300
brain ECF,4,4.03086955464001,15_7.5_300
brain ECF,4.1,3.92046087030843,15_7.5_300
brain ECF,4.2,3.81320078859882,15_7.5_300
brain ECF,4.3,3.70899879614339,15_7.5_300
brain ECF,4.4,3.60776698371442,15_7.5_300
brain ECF,4.5,3.50941997137694,15_7.5_300
brain ECF,4.6,3.41387483585883,15_7.5_300
brain ECF,4.7,3.32105103996015,15_7.5_300
brain ECF,4.8,3.23087036392795,15_7.5_300
brain ECF,4.9,3.14325683881555,15_7.5_300
brain ECF,5,3.05813668178766,15_7.5_300
brain ECF,5.1,2.97543823323765,15_7.5_300
brain ECF,5.2,2.89509189577715,15_7.5_300
brain ECF,5.3,2.81703007495673,15_7.5_300
brain ECF,5.4,2.74118712167876,15_7.5_300
brain ECF,5.5,2.66749927620759,15_7.5_300
brain ECF,5.6,2.59590461384955,15_7.5_300
brain ECF,5.7,2.5263429922453,15_7.5_300
brain ECF,5.8,2.45875599999269,15_7.5_300
brain ECF,5.9,2.39308690691209,15_7.5_300
brain ECF,6,2.3292806157029,15_7.5_300
brain ECF,6.1,2.2672836149787,15_7.5_300
brain ECF,6.2,2.20704393363577,15_7.5_300
brain ECF,6.3,2.14851109653161,15_7.5_300
brain ECF,6.4,2.09163608144825,15_7.5_300
brain ECF,6.5,2.03637127731544,15_7.5_300
brain ECF,6.6,1.98267044359361,15_7.5_300
brain ECF,6.7,1.93048867069148,15_7.5_300
brain ECF,6.8,1.87978234189755,15_7.5_300
brain ECF,6.9,1.83050909609628,15_7.5_300
brain ECF,7,1.78262779162094,15_7.5_300
brain ECF,7.1,1.7360984711532,15_7.5_300
brain ECF,7.2,1.69088232764251,15_7.5_300
brain ECF,7.3,1.64694167123935,15_7.5_300
brain ECF,7.4,1.60423989706385,15_7.5_300
brain ECF,7.5,1.56274145391491,15_7.5_300
brain ECF,7.6,1.52241181412919,15_7.5_300
brain ECF,7.7,1.48321744403649,15_7.5_300
brain ECF,7.8,1.44512577533614,15_7.5_300
brain ECF,7.9,1.40810517730223,15_7.5_300
brain ECF,8,1.37212492983543,15_7.5_300
brain ECF,8.1,1.33715519712702,15_7.5_300
brain ECF,8.2,1.30316700229318,15_7.5_300
brain ECF,8.3,1.27013220264962,15_7.5_300
brain ECF,8.4,1.23802346567569,15_7.5_300
brain ECF,8.5,1.20681424572245,15_7.5_300
brain ECF,8.6,1.17647876125702,15_7.5_300
brain ECF,8.7,1.1469919729219,15_7.5_300
brain ECF,8.8,1.1183295622105,15_7.5_300
brain ECF,8.9,1.09046791066074,15_7.5_300
brain ECF,9,1.06338407974335,15_7.5_300
brain ECF,9.1,1.0370557911533,15_7.5_300
brain ECF,9.2,1.01146140781594,15_7.5_300
brain ECF,9.3,0.986579915585792,15_7.5_300
brain ECF,9.4,0.962390905198586,15_7.5_300
brain ECF,9.5,0.938874554907778,15_7.5_300
brain ECF,9.6,0.916011613346514,15_7.5_300
brain ECF,9.7,0.893783383375948,15_7.5_300
brain ECF,9.8,0.872171706016178,15_7.5_300
brain ECF,9.9,0.851158944995887,15_7.5_300
brain ECF,10,0.830727971496131,15_7.5_300
brain ECF,10.1,0.810862149685942,15_7.5_300
brain ECF,10.2,0.791545322593978,15_7.5_300
brain ECF,10.3,0.772761798270514,15_7.5_300
brain ECF,10.4,0.75449633621883,15_7.5_300
brain ECF,10.5,0.736734134596381,15_7.5_300
brain ECF,10.6,0.719460817545087,15_7.5_300
brain ECF,10.7,0.702662422918541,15_7.5_300
brain ECF,10.8,0.686325390213862,15_7.5_300
brain ECF,10.9,0.670436549149902,15_7.5_300
brain ECF,11,0.654983108460061,15_7.5_300
brain ECF,11.1,0.639952644894722,15_7.5_300
brain ECF,11.2,0.6253330924659,15_7.5_300
brain ECF,11.3,0.611112732509639,15_7.5_300
brain ECF,11.4,0.597280183515035,15_7.5_300
brain ECF,11.5,0.583824391214439,15_7.5_300
brain ECF,11.6,0.57073461942573,15_7.5_300
brain ECF,11.7,0.558000440835141,15_7.5_300
brain ECF,11.8,0.545611728056815,15_7.5_300
brain ECF,11.9,0.53355864481523,15_7.5_300
brain ECF,12,0.521831637910102,15_7.5_300
brain ECF,12.1,0.510421428891321,15_7.5_300
brain ECF,12.2,0.499319005905963,15_7.5_300
brain ECF,12.3,0.488515616477416,15_7.5_300
brain ECF,12.4,0.478002759822782,15_7.5_300
brain ECF,12.5,0.467772179345334,15_7.5_300
brain ECF,12.6,0.457815856030052,15_7.5_300
brain ECF,12.7,0.448126001431975,15_7.5_300
brain ECF,12.8,0.438695050811905,15_7.5_300
brain ECF,12.9,0.429515657013527,15_7.5_300
brain ECF,13,0.420580684156133,15_7.5_300
brain ECF,13.1,0.411883201140719,15_7.5_300
brain ECF,13.2,0.403416476335492,15_7.5_300
brain ECF,13.3,0.395173971541307,15_7.5_300
brain ECF,13.4,0.387149336234453,15_7.5_300
brain ECF,13.5,0.379336402603487,15_7.5_300
brain ECF,13.6,0.371729179927647,15_7.5_300
brain ECF,13.7,0.364321849524017,15_7.5_300
brain ECF,13.8,0.357108760025074,15_7.5_300
brain ECF,13.9,0.350084422315092,15_7.5_300
brain ECF,14,0.34324350479669,15_7.5_300
brain ICF,0,0,15_7.5_300
brain ICF,0.1,5.92745173415661,15_7.5_300
brain ICF,0.2,16.8540440877646,15_7.5_300
brain ICF,0.3,20.4221630485989,15_7.5_300
brain ICF,0.4,19.7383962640684,15_7.5_300
brain ICF,0.5,18.0532488553649,15_7.5_300
brain ICF,0.6,16.4377136403146,15_7.5_300
brain ICF,0.7,15.1475365981227,15_7.5_300
brain ICF,0.8,14.16933910351,15_7.5_300
brain ICF,0.9,13.425066499607,15_7.5_300
brain ICF,1,12.8395957007538,15_7.5_300
brain ICF,1.1,12.357071982167,15_7.5_300
brain ICF,1.2,11.9402627808515,15_7.5_300
brain ICF,1.3,11.565785833671,15_7.5_300
brain ICF,1.4,11.21947766738,15_7.5_300
brain ICF,1.5,10.8929441942487,15_7.5_300
brain ICF,1.6,10.5812636193368,15_7.5_300
brain ICF,1.7,10.2815488242776,15_7.5_300
brain ICF,1.8,9.99208254952785,15_7.5_300
brain ICF,1.9,9.71181117324736,15_7.5_300
brain ICF,2,9.44005428909946,15_7.5_300
brain ICF,2.1,9.17634061180632,15_7.5_300
brain ICF,2.2,8.92031629517451,15_7.5_300
brain ICF,2.3,8.67169425644909,15_7.5_300
brain ICF,2.4,8.43022627750035,15_7.5_300
brain ICF,2.5,8.19568775558756,15_7.5_300
brain ICF,2.6,7.96786940892123,15_7.5_300
brain ICF,2.7,7.74657267590948,15_7.5_300
brain ICF,2.8,7.53160721404559,15_7.5_300
brain ICF,2.9,7.32278950271772,15_7.5_300
brain ICF,3,7.11994199995962,15_7.5_300
brain ICF,3.1,6.92289263515917,15_7.5_300
brain ICF,3.2,6.73147447900155,15_7.5_300
brain ICF,3.3,6.54552551536013,15_7.5_300
brain ICF,3.4,6.36488844160633,15_7.5_300
brain ICF,3.5,6.18941050351201,15_7.5_300
brain ICF,3.6,6.01894335518934,15_7.5_300
brain ICF,3.7,5.85334292565901,15_7.5_300
brain ICF,3.8,5.69246929275951,15_7.5_300
brain ICF,3.9,5.53618656144106,15_7.5_300
brain ICF,4,5.38436274667551,15_7.5_300
brain ICF,4.1,5.23686966078419,15_7.5_300
brain ICF,4.2,5.09358280435648,15_7.5_300
brain ICF,4.3,4.95438126007061,15_7.5_300
brain ICF,4.4,4.8191475894832,15_7.5_300
brain ICF,4.5,4.68776773303824,15_7.5_300
brain ICF,4.6,4.560130913044,15_7.5_300
brain ICF,4.7,4.43612953937294,15_7.5_300
brain ICF,4.8,4.31565911778383,15_7.5_300
brain ICF,4.9,4.19861816089444,15_7.5_300
brain ICF,5,4.08490810175591,15_7.5_300
brain ICF,5.1,3.97443320984876,15_7.5_300
brain ICF,5.2,3.86710050957969,15_7.5_300
brain ICF,5.3,3.76281970109005,15_7.5_300
brain ICF,5.4,3.66150308332463,15_7.5_300
brain ICF,5.5,3.56306547923501,15_7.5_300
brain ICF,5.6,3.4674241632137,15_7.5_300
brain ICF,5.7,3.37449879068237,15_7.5_300
brain ICF,5.8,3.28421132945682,15_7.5_300
brain ICF,5.9,3.19648599330631,15_7.5_300
brain ICF,6,3.11124917737151,15_7.5_300
brain ICF,6.1,3.02842939542422,15_7.5_300
brain ICF,6.2,2.94795721890832,15_7.5_300
brain ICF,6.3,2.86976521773055,15_7.5_300
brain ICF,6.4,2.79378790276772,15_7.5_300
brain ICF,6.5,2.71996167005703,15_7.5_300
brain ICF,6.6,2.64822474653571,15_7.5_300
brain ICF,6.7,2.57851713716281,15_7.5_300
brain ICF,6.8,2.51078057406349,15_7.5_300
brain ICF,6.9,2.44495846672134,15_7.5_300
brain ICF,7,2.38099585368936,15_7.5_300
brain ICF,7.1,2.31883935569931,15_7.5_300
brain ICF,7.2,2.25843713013316,15_7.5_300
brain ICF,7.3,2.19973882684926,15_7.5_300
brain ICF,7.4,2.14269554512426,15_7.5_300
brain ICF,7.5,2.08725979185151,15_7.5_300
brain ICF,7.6,2.03338544127562,15_7.5_300
brain ICF,7.7,1.98102769552363,15_7.5_300
brain ICF,7.8,1.93014304636669,15_7.5_300
brain ICF,7.9,1.88068923808883,15_7.5_300
brain ICF,8,1.83262523148687,15_7.5_300
brain ICF,8.1,1.78591116868796,15_7.5_300
brain ICF,8.2,1.74050833926352,15_7.5_300
brain ICF,8.3,1.69637914719844,15_7.5_300
brain ICF,8.4,1.65348707878143,15_7.5_300
brain ICF,8.5,1.61179667148921,15_7.5_300
brain ICF,8.6,1.57127348358713,15_7.5_300
brain ICF,8.7,1.5318840648185,15_7.5_300
brain ICF,8.8,1.49359592791707,15_7.5_300
brain ICF,8.9,1.45637752081172,15_7.5_300
brain ICF,9,1.42019819975906,15_7.5_300
brain ICF,9.1,1.38502820301464,15_7.5_300
brain ICF,9.2,1.35083862545899,15_7.5_300
brain ICF,9.3,1.31760139414887,15_7.5_300
brain ICF,9.4,1.2852892442069,15_7.5_300
brain ICF,9.5,1.25387569562557,15_7.5_300
brain ICF,9.6,1.22333503037244,15_7.5_300
brain ICF,9.7,1.19364227081297,15_7.5_300
brain ICF,9.8,1.1647731582438,15_7.5_300
brain ICF,9.9,1.13670413225246,15_7.5_300
brain ICF,10,1.1094123103365,15_7.5_300
brain ICF,10.1,1.08287546858042,15_7.5_300
brain ICF,10.2,1.0570720227815,15_7.5_300
brain ICF,10.3,1.03198100996348,15_7.5_300
brain ICF,10.4,1.00758207025019,15_7.5_300
brain ICF,10.5,0.983855429767448,15_7.5_300
brain ICF,10.6,0.960781883717548,15_7.5_300
brain ICF,10.7,0.938342779983908,15_7.5_300
brain ICF,10.8,0.916520003009155,15_7.5_300
brain ICF,10.9,0.895295958536655,15_7.5_300
brain ICF,11,0.87465355863875,15_7.5_300
brain ICF,11.1,0.85457620702502,15_7.5_300
brain ICF,11.2,0.835047784674122,15_7.5_300
brain ICF,11.3,0.816052636558063,15_7.5_300
brain ICF,11.4,0.79757555805471,15_7.5_300
brain ICF,11.5,0.779601781709213,15_7.5_300
brain ICF,11.6,0.762116965000108,15_7.5_300
brain ICF,11.7,0.745107178026029,15_7.5_300
brain ICF,11.8,0.728558891562083,15_7.5_300
brain ICF,11.9,0.712458965280376,15_7.5_300
brain ICF,12,0.696794637015862,15_7.5_300
brain ICF,12.1,0.68155351164481,15_7.5_300
brain ICF,12.2,0.66672355019316,15_7.5_300
brain ICF,12.3,0.652293060190087,15_7.5_300
brain ICF,12.4,0.638250685404756,15_7.5_300
brain ICF,12.5,0.624585395816918,15_7.5_300
brain ICF,12.6,0.611286478793955,15_7.5_300
brain ICF,12.7,0.598343529723949,15_7.5_300
brain ICF,12.8,0.58574644284561,15_7.5_300
brain ICF,12.9,0.573485403068655,15_7.5_300
brain ICF,13,0.561550877547868,15_7.5_300
brain ICF,13.1,0.549933607007828,15_7.5_300
brain ICF,13.2,0.538624598643232,15_7.5_300
brain ICF,13.3,0.527615118057258,15_7.5_300
brain ICF,13.4,0.516896681570451,15_7.5_300
brain ICF,13.5,0.506461049590384,15_7.5_300
brain ICF,13.6,0.49630021910172,15_7.5_300
brain ICF,13.7,0.486406416916086,15_7.5_300
brain ICF,13.8,0.476772093363296,15_7.5_300
brain ICF,13.9,0.467389915526847,15_7.5_300
brain ICF,14,0.458252760920453,15_7.5_300
sCSF,0,0,15_7.5_300
sCSF,0.1,0.0911472997399167,15_7.5_300
sCSF,0.2,0.521023374948303,15_7.5_300
sCSF,0.3,1.17897627619724,15_7.5_300
sCSF,0.4,1.82923368223896,15_7.5_300
sCSF,0.5,2.39966977779481,15_7.5_300
sCSF,0.6,2.88462069553503,15_7.5_300
sCSF,0.7,3.29702906494836,15_7.5_300
sCSF,0.8,3.65173804142348,15_7.5_300
sCSF,0.9,3.96078328415043,15_7.5_300
sCSF,1,4.2328793538757,15_7.5_300
sCSF,1.1,4.4740927609719,15_7.5_300
sCSF,1.2,4.68864880299697,15_7.5_300
sCSF,1.3,4.87957333206292,15_7.5_300
sCSF,1.4,5.04913486137539,15_7.5_300
sCSF,1.5,5.1991276738821,15_7.5_300
sCSF,1.6,5.33104551979824,15_7.5_300
sCSF,1.7,5.44618546707546,15_7.5_300
sCSF,1.8,5.54570914350873,15_7.5_300
sCSF,1.9,5.63067876062208,15_7.5_300
sCSF,2,5.70207851462609,15_7.5_300
sCSF,2.1,5.76082762686916,15_7.5_300
sCSF,2.2,5.80778864711296,15_7.5_300
sCSF,2.3,5.84377306917207,15_7.5_300
sCSF,2.4,5.86954542349183,15_7.5_300
sCSF,2.5,5.88582648400516,15_7.5_300
sCSF,2.6,5.89329594366724,15_7.5_300
sCSF,2.7,5.89259476386182,15_7.5_300
sCSF,2.8,5.88432729692336,15_7.5_300
sCSF,2.9,5.86906324478732,15_7.5_300
sCSF,3,5.84733949253975,15_7.5_300
sCSF,3.1,5.81966183657959,15_7.5_300
sCSF,3.2,5.78650661894361,15_7.5_300
sCSF,3.3,5.74832226834692,15_7.5_300
sCSF,3.4,5.70553076699021,15_7.5_300
sCSF,3.5,5.65852904547976,15_7.5_300
sCSF,3.6,5.60769030500385,15_7.5_300
sCSF,3.7,5.55336527814225,15_7.5_300
sCSF,3.8,5.49588341866309,15_7.5_300
sCSF,3.9,5.43555403199893,15_7.5_300
sCSF,4,5.37266735226387,15_7.5_300
sCSF,4.1,5.30749556641192,15_7.5_300
sCSF,4.2,5.24029378517474,15_7.5_300
sCSF,4.3,5.17130096480372,15_7.5_300
sCSF,4.4,5.10074078254939,15_7.5_300
sCSF,4.5,5.02882246692323,15_7.5_300
sCSF,4.6,4.95574158643145,15_7.5_300
sCSF,4.7,4.88168079864654,15_7.5_300
sCSF,4.8,4.80681056111478,15_7.5_300
sCSF,4.9,4.73128980557691,15_7.5_300
sCSF,5,4.65526657775366,15_7.5_300
sCSF,5.1,4.57887864550949,15_7.5_300
sCSF,5.2,4.50225407436669,15_7.5_300
sCSF,5.3,4.42551177350526,15_7.5_300
sCSF,5.4,4.34876201378323,15_7.5_300
sCSF,5.5,4.27210692006362,15_7.5_300
sCSF,5.6,4.19564093708765,15_7.5_300
sCSF,5.7,4.11945127029714,15_7.5_300
sCSF,5.8,4.04361830642958,15_7.5_300
sCSF,5.9,3.96821600958947,15_7.5_300
sCSF,6,3.89331229722858,15_7.5_300
sCSF,6.1,3.81896939656645,15_7.5_300
sCSF,6.2,3.74524418247038,15_7.5_300
sCSF,6.3,3.67218849749449,15_7.5_300
sCSF,6.4,3.59984945480843,15_7.5_300
sCSF,6.5,3.52826972473416,15_7.5_300
sCSF,6.6,3.45748780658302,15_7.5_300
sCSF,6.7,3.38753828758043,15_7.5_300
sCSF,6.8,3.31845208317484,15_7.5_300
sCSF,6.9,3.250256668344,15_7.5_300
sCSF,7,3.1829762955852,15_7.5_300
sCSF,7.1,3.1166322009906,15_7.5_300
sCSF,7.2,3.05124279898146,15_7.5_300
sCSF,7.3,2.98682386603396,15_7.5_300
sCSF,7.4,2.92338871559815,15_7.5_300
sCSF,7.5,2.8609483631626,15_7.5_300
sCSF,7.6,2.7995116796114,15_7.5_300
sCSF,7.7,2.73908553891793,15_7.5_300
sCSF,7.8,2.67967495683528,15_7.5_300
sCSF,7.9,2.62128322175132,15_7.5_300
sCSF,8,2.56391201774069,15_7.5_300
sCSF,8.1,2.50756154213267,15_7.5_300
sCSF,8.2,2.45223061441176,15_7.5_300
sCSF,8.3,2.3979167797749,15_7.5_300
sCSF,8.4,2.34461640688957,15_7.5_300
sCSF,8.5,2.29232477955473,15_7.5_300
sCSF,8.6,2.24103618410807,15_7.5_300
sCSF,8.7,2.19074399039692,15_7.5_300
sCSF,8.8,2.14144072816818,15_7.5_300
sCSF,8.9,2.09311815963728,15_7.5_300
sCSF,9,2.04576734699049,15_7.5_300
sCSF,9.1,1.99937871709958,15_7.5_300
sCSF,9.2,1.95394212119387,15_7.5_300
sCSF,9.3,1.90944688994066,15_7.5_300
sCSF,9.4,1.865881887024,15_7.5_300
sCSF,9.5,1.82323555827032,15_7.5_300
sCSF,9.6,1.78149597940774,15_7.5_300
sCSF,9.7,1.74065089772431,15_7.5_300
sCSF,9.8,1.70068777347069,15_7.5_300
sCSF,9.9,1.66159381762294,15_7.5_300
sCSF,10,1.62335602860855,15_7.5_300
sCSF,10.1,1.58596122457058,15_7.5_300
sCSF,10.2,1.54939607401292,15_7.5_300
sCSF,10.3,1.51364712500654,15_7.5_300
sCSF,10.4,1.47870083299203,15_7.5_300
sCSF,10.5,1.44454358473399,15_7.5_300
sCSF,10.6,1.41116172185201,15_7.5_300
sCSF,10.7,1.37854156248239,15_7.5_300
sCSF,10.8,1.34666942202514,15_7.5_300
sCSF,10.9,1.31553163098252,15_7.5_300
sCSF,11,1.28511455204752,15_7.5_300
sCSF,11.1,1.25540459634307,15_7.5_300
sCSF,11.2,1.2263882386212,15_7.5_300
sCSF,11.3,1.1980520292648,15_7.5_300
sCSF,11.4,1.17038260740409,15_7.5_300
sCSF,11.5,1.14336671294766,15_7.5_300
sCSF,11.6,1.11699119589315,15_7.5_300
sCSF,11.7,1.09124302601721,15_7.5_300
sCSF,11.8,1.06610930161864,15_7.5_300
sCSF,11.9,1.04157725782898,15_7.5_300
sCSF,12,1.0176342724673,15_7.5_300
sCSF,12.1,0.994267872956813,15_7.5_300
sCSF,12.2,0.971465742616561,15_7.5_300
sCSF,12.3,0.949215724285038,15_7.5_300
sCSF,12.4,0.927505825445432,15_7.5_300
sCSF,12.5,0.906324222741548,15_7.5_300
sCSF,12.6,0.885659264173087,15_7.5_300
sCSF,12.7,0.865499472479843,15_7.5_300
sCSF,12.8,0.845833548087022,15_7.5_300
sCSF,12.9,0.82665037031118,15_7.5_300
sCSF,13,0.807938999154612,15_7.5_300
sCSF,13.1,0.789688677422469,15_7.5_300
sCSF,13.2,0.77188883036138,15_7.5_300
sCSF,13.3,0.754529066952601,15_7.5_300
sCSF,13.4,0.737599180521176,15_7.5_300
sCSF,13.5,0.72108914796564,15_7.5_300
sCSF,13.6,0.704989130242077,15_7.5_300
sCSF,13.7,0.689289471794562,15_7.5_300
sCSF,13.8,0.673980699550986,15_7.5_300
sCSF,13.9,0.659053522485884,15_7.5_300
sCSF,14,0.644498830622266,15_7.5_300
brain ECF,0,0,20_1.5_250
brain ECF,0.1,4.88141286710058,20_1.5_250
brain ECF,0.2,12.7959264344392,20_1.5_250
brain ECF,0.3,15.1378251998798,20_1.5_250
brain ECF,0.4,14.6255480516027,20_1.5_250
brain ECF,0.5,13.4264893437017,20_1.5_250
brain ECF,0.6,12.2693577107486,20_1.5_250
brain ECF,0.7,11.3347201216751,20_1.5_250
brain ECF,0.8,10.6176524932606,20_1.5_250
brain ECF,0.9,10.0663318751801,20_1.5_250
brain ECF,1,9.6292229902593,20_1.5_250
brain ECF,1.1,9.26722865315494,20_1.5_250
brain ECF,1.2,8.95384086302725,20_1.5_250
brain ECF,1.3,8.67214842046623,20_1.5_250
brain ECF,1.4,8.41175147266832,20_1.5_250
brain ECF,1.5,8.16639525809505,20_1.5_250
brain ECF,1.6,7.93236010969707,20_1.5_250
brain ECF,1.7,7.70743511980562,20_1.5_250
brain ECF,1.8,7.49029016234875,20_1.5_250
brain ECF,1.9,7.28010230224558,20_1.5_250
brain ECF,2,7.0763380711774,20_1.5_250
brain ECF,2.1,6.87862850003555,20_1.5_250
brain ECF,2.2,6.68669824560998,20_1.5_250
brain ECF,2.3,6.500325779088,20_1.5_250
brain ECF,2.4,6.3193211712011,20_1.5_250
brain ECF,2.5,6.1435137322127,20_1.5_250
brain ECF,2.6,5.97274520961008,20_1.5_250
brain ECF,2.7,5.80686597057031,20_1.5_250
brain ECF,2.8,5.64573287591978,20_1.5_250
brain ECF,2.9,5.48920810350876,20_1.5_250
brain ECF,3,5.337158432945,20_1.5_250
brain ECF,3.1,5.18945481262038,20_1.5_250
brain ECF,3.2,5.04597207942537,20_1.5_250
brain ECF,3.3,4.90658877358454,20_1.5_250
brain ECF,3.4,4.77118698275258,20_1.5_250
brain ECF,3.5,4.63965221116255,20_1.5_250
brain ECF,3.6,4.5118732691927,20_1.5_250
brain ECF,3.7,4.38774217301557,20_1.5_250
brain ECF,3.8,4.26715404927612,20_1.5_250
brain ECF,3.9,4.1500070435156,20_1.5_250
brain ECF,4,4.03620223196047,20_1.5_250
brain ECF,4.1,3.92564353679674,20_1.5_250
brain ECF,4.2,3.81823764437482,20_1.5_250
brain ECF,4.3,3.71389392574605,20_1.5_250
brain ECF,4.4,3.61252435924664,20_1.5_250
brain ECF,4.5,3.5140434554776,20_1.5_250
brain ECF,4.6,3.4183681845945,20_1.5_250
brain ECF,4.7,3.32541790568775,20_1.5_250
brain ECF,4.8,3.23511429810099,20_1.5_250
brain ECF,4.9,3.14738129468761,20_1.5_250
brain ECF,5,3.06214501704843,20_1.5_250
brain ECF,5.1,2.97933371259629,20_1.5_250
brain ECF,5.2,2.89887769345001,20_1.5_250
brain ECF,5.3,2.82070927709964,20_1.5_250
brain ECF,5.4,2.74476272875434,20_1.5_250
brain ECF,5.5,2.67097420533166,20_1.5_250
brain ECF,5.6,2.59928170105536,20_1.5_250
brain ECF,5.7,2.52962499462459,20_1.5_250
brain ECF,5.8,2.46194559793868,20_1.5_250
brain ECF,5.9,2.39618670617837,20_1.5_250
brain ECF,6,2.33229314934551,20_1.5_250
brain ECF,6.1,2.27021134538017,20_1.5_250
brain ECF,6.2,2.20988925444499,20_1.5_250
brain ECF,6.3,2.15127633454685,20_1.5_250
brain ECF,6.4,2.09432349843977,20_1.5_250
brain ECF,6.5,2.0389830717893,20_1.5_250
brain ECF,6.6,1.98520875251819,20_1.5_250
brain ECF,6.7,1.932955571296,20_1.5_250
brain ECF,6.8,1.88217985324371,20_1.5_250
brain ECF,6.9,1.83283918059816,20_1.5_250
brain ECF,7,1.78489235664005,20_1.5_250
brain ECF,7.1,1.73829937054509,20_1.5_250
brain ECF,7.2,1.69302136322371,20_1.5_250
brain ECF,7.3,1.64902059419129,20_1.5_250
brain ECF,7.4,1.60626040937125,20_1.5_250
brain ECF,7.5,1.56470520982409,20_1.5_250
brain ECF,7.6,1.52432042133464,20_1.5_250
brain ECF,7.7,1.48507246491778,20_1.5_250
brain ECF,7.8,1.44692872829737,20_1.5_250
brain ECF,7.9,1.40985753799191,20_1.5_250
brain ECF,8,1.37382813228684,20_1.5_250
brain ECF,8.1,1.33881063499443,20_1.5_250
brain ECF,8.2,1.30477603003137,20_1.5_250
brain ECF,8.3,1.2716961364003,20_1.5_250
brain ECF,8.4,1.23954358443751,20_1.5_250
brain ECF,8.5,1.20829179235535,20_1.5_250
brain ECF,8.6,1.17791494355347,20_1.5_250
brain ECF,8.7,1.14838796464219,20_1.5_250
brain ECF,8.8,1.11968650383538,20_1.5_250
brain ECF,8.9,1.0917869104244,20_1.5_250
brain ECF,9,1.06466621449838,20_1.5_250
brain ECF,9.1,1.03830210732977,20_1.5_250
brain ECF,9.2,1.01267292238759,20_1.5_250
brain ECF,9.3,0.987757616562014,20_1.5_250
brain ECF,9.4,0.96353575261676,20_1.5_250
brain ECF,9.5,0.939987481562459,20_1.5_250
brain ECF,9.6,0.917093525753578,20_1.5_250
brain ECF,9.7,0.894835162285673,20_1.5_250
brain ECF,9.8,0.873194207164739,20_1.5_250
brain ECF,9.9,0.85215299979983,20_1.5_250
brain ECF,10,0.831694387911111,20_1.5_250
brain ECF,10.1,0.811801712784334,20_1.5_250
brain ECF,10.2,0.792458795041612,20_1.5_250
brain ECF,10.3,0.773649921050023,20_1.5_250
brain ECF,10.4,0.755359829402689,20_1.5_250
brain ECF,10.5,0.737573697765241,20_1.5_250
brain ECF,10.6,0.720277130343421,20_1.5_250
brain ECF,10.7,0.70345614564677,20_1.5_250
brain ECF,10.8,0.687097164518217,20_1.5_250
brain ECF,10.9,0.671186998419845,20_1.5_250
brain ECF,11,0.655712838275763,20_1.5_250
brain ECF,11.1,0.640662243621212,20_1.5_250
brain ECF,11.2,0.626023131917301,20_1.5_250
brain ECF,11.3,0.61178376802478,20_1.5_250
brain ECF,11.4,0.597932754607812,20_1.5_250
brain ECF,11.5,0.58445902221584,20_1.5_250
brain ECF,11.6,0.57135181964226,20_1.5_250
brain ECF,11.7,0.558600705026493,20_1.5_250
brain ECF,11.8,0.546195536893877,20_1.5_250
brain ECF,11.9,0.534126465441804,20_1.5_250
brain ECF,12,0.522383923991941,20_1.5_250
brain ECF,12.1,0.510958621169367,20_1.5_250
brain ECF,12.2,0.499841532762858,20_1.5_250
brain ECF,12.3,0.489023893876514,20_1.5_250
brain ECF,12.4,0.478497191850552,20_1.5_250
brain ECF,12.5,0.46825315879005,20_1.5_250
brain ECF,12.6,0.458283764287269,20_1.5_250
brain ECF,12.7,0.448581208998023,20_1.5_250
brain ECF,12.8,0.439137917807927,20_1.5_250
brain ECF,12.9,0.429946533141665,20_1.5_250
brain ECF,13,0.420999909073638,20_1.5_250
brain ECF,13.1,0.412291105114078,20_1.5_250
brain ECF,13.2,0.403813379934989,20_1.5_250
brain ECF,13.3,0.395560186241285,20_1.5_250
brain ECF,13.4,0.387525164747246,20_1.5_250
brain ECF,13.5,0.379702138817292,20_1.5_250
brain ECF,13.6,0.372085109462996,20_1.5_250
brain ECF,13.7,0.364668249854981,20_1.5_250
brain ECF,13.8,0.357445900585138,20_1.5_250
brain ECF,13.9,0.350412564922181,20_1.5_250
brain ECF,14,0.343562903618095,20_1.5_250
brain ICF,0,0,20_1.5_250
brain ICF,0.1,5.7283028858295,20_1.5_250
brain ICF,0.2,16.4401202724847,20_1.5_250
brain ICF,0.3,20.1219946203372,20_1.5_250
brain ICF,0.4,19.6063098852459,20_1.5_250
brain ICF,0.5,18.0328798503217,20_1.5_250
brain ICF,0.6,16.472263132002,20_1.5_250
brain ICF,0.7,15.2012235507111,20_1.5_250
brain ICF,0.8,14.224231324458,20_1.5_250
brain ICF,0.9,13.4740998474272,20_1.5_250
brain ICF,1,12.8812028303581,20_1.5_250
brain ICF,1.1,12.3919867701933,20_1.5_250
brain ICF,1.2,11.9698942334147,20_1.5_250
brain ICF,1.3,11.5915102105498,20_1.5_250
brain ICF,1.4,11.2423999236488,20_1.5_250
brain ICF,1.5,10.913869430584,20_1.5_250
brain ICF,1.6,10.6007455477986,20_1.5_250
brain ICF,1.7,10.2999545170492,20_1.5_250
brain ICF,1.8,10.0096498720951,20_1.5_250
brain ICF,1.9,9.72869255386084,20_1.5_250
brain ICF,2,9.45634747531569,20_1.5_250
brain ICF,2.1,9.19210915939171,20_1.5_250
brain ICF,2.2,8.9356027645243,20_1.5_250
brain ICF,2.3,8.68652844975161,20_1.5_250
brain ICF,2.4,8.44463031476272,20_1.5_250
brain ICF,2.5,8.20967911316415,20_1.5_250
brain ICF,2.6,7.98146273806761,20_1.5_250
brain ICF,2.7,7.75978088398146,20_1.5_250
brain ICF,2.8,7.54444207629392,20_1.5_250
brain ICF,2.9,7.33526203014379,20_1.5_250
brain ICF,3,7.13206265543198,20_1.5_250
brain ICF,3.1,6.93467145716489,20_1.5_250
brain ICF,3.2,6.74292114961172,20_1.5_250
brain ICF,3.3,6.55664940360464,20_1.5_250
brain ICF,3.4,6.37569863469406,20_1.5_250
brain ICF,3.5,6.19991582624039,20_1.5_250
brain ICF,3.6,6.02915238094326,20_1.5_250
brain ICF,3.7,5.86326398635287,20_1.5_250
brain ICF,3.8,5.70211048724857,20_1.5_250
brain ICF,3.9,5.54555576308672,20_1.5_250
brain ICF,4,5.39346761000432,20_1.5_250
brain ICF,4.1,5.24571762755494,20_1.5_250
brain ICF,4.2,5.10218110939699,20_1.5_250
brain ICF,4.3,4.96273693709156,20_1.5_250
brain ICF,4.4,4.82726747662717,20_1.5_250
brain ICF,4.5,4.69565847815257,20_1.5_250
brain ICF,4.6,4.56779897880802,20_1.5_250
brain ICF,4.7,4.44358120835266,20_1.5_250
brain ICF,4.8,4.32290049737689,20_1.5_250
brain ICF,4.9,4.20565518810235,20_1.5_250
brain ICF,5,4.09174654783163,20_1.5_250
brain ICF,5.1,3.98107868484186,20_1.5_250
brain ICF,5.2,3.87355846672294,20_1.5_250
brain ICF,5.3,3.76909544108168,20_1.5_250
brain ICF,5.4,3.667601758494,20_1.5_250
brain ICF,5.5,3.56899209765118,20_1.5_250
brain ICF,5.6,3.47318359265649,20_1.5_250
brain ICF,5.7,3.3800957624216,20_1.5_250
brain ICF,5.8,3.28965044214167,20_1.5_250
brain ICF,5.9,3.20177171658305,20_1.5_250
brain ICF,6,3.11638585532009,20_1.5_250
brain ICF,6.1,3.03342125008025,20_1.5_250
brain ICF,6.2,2.95280835364914,20_1.5_250
brain ICF,6.3,2.87447962056266,20_1.5_250
brain ICF,6.4,2.79836944951126,20_1.5_250
brain ICF,6.5,2.72441412743021,20_1.5_250
brain ICF,6.6,2.65255177516843,20_1.5_250
brain ICF,6.7,2.58272229468626,20_1.5_250
brain ICF,6.8,2.51486731787688,20_1.5_250
brain ICF,6.9,2.44893015667038,20_1.5_250
brain ICF,7,2.38485575482652,20_1.5_250
brain ICF,7.1,2.32259064096128,20_1.5_250
brain ICF,7.2,2.26208288289433,20_1.5_250
brain ICF,7.3,2.2032820433739,20_1.5_250
brain ICF,7.4,2.14613913704826,20_1.5_250
brain ICF,7.5,2.09060658867459,20_1.5_250
brain ICF,7.6,2.03663819247486,20_1.5_250
brain ICF,7.7,1.9841890727191,20_1.5_250
brain ICF,7.8,1.93321564560933,20_1.5_250
brain ICF,7.9,1.88367558197424,20_1.5_250
brain ICF,8,1.83552777114899,20_1.5_250
brain ICF,8.1,1.78873228590721,20_1.5_250
brain ICF,8.2,1.74325034848622,20_1.5_250
brain ICF,8.3,1.69904429715169,20_1.5_250
brain ICF,8.4,1.65607755445462,20_1.5_250
brain ICF,8.5,1.61431459588218,20_1.5_250
brain ICF,8.6,1.57372091953599,20_1.5_250
brain ICF,8.7,1.53426301676206,20_1.5_250
brain ICF,8.8,1.49590834327461,20_1.5_250
brain ICF,8.9,1.45862529172462,20_1.5_250
brain ICF,9,1.42238316459757,20_1.5_250
brain ICF,9.1,1.38715214800026,20_1.5_250
brain ICF,9.2,1.35290328628655,20_1.5_250
brain ICF,9.3,1.31960845696546,20_1.5_250
brain ICF,9.4,1.28724034725018,20_1.5_250
brain ICF,9.5,1.25577243050144,20_1.5_250
brain ICF,9.6,1.22517894363785,20_1.5_250
brain ICF,9.7,1.19543486494767,20_1.5_250
brain ICF,9.8,1.16651589293233,20_1.5_250
brain ICF,9.9,1.13839842558204,20_1.5_250
brain ICF,10,1.11105954020658,20_1.5_250
brain ICF,10.1,1.08447697372901,20_1.5_250
brain ICF,10.2,1.05862910366944,20_1.5_250
brain ICF,10.3,1.03349492998116,20_1.5_250
brain ICF,10.4,1.00905405698367,20_1.5_250
brain ICF,10.5,0.985286675783929,20_1.5_250
brain ICF,10.6,0.962173547527832,20_1.5_250
brain ICF,10.7,0.939695987047273,20_1.5_250
brain ICF,10.8,0.917835846862625,20_1.5_250
brain ICF,10.9,0.89657550152755,20_1.5_250
brain ICF,11,0.875897832718351,20_1.5_250
brain ICF,11.1,0.855786214732578,20_1.5_250
brain ICF,11.2,0.836224500208984,20_1.5_250
brain ICF,11.3,0.817197006060018,20_1.5_250
brain ICF,11.4,0.798688500647196,20_1.5_250
brain ICF,11.5,0.780684190526266,20_1.5_250
brain ICF,11.6,0.763169707562304,20_1.5_250
brain ICF,11.7,0.7461310970383,20_1.5_250
brain ICF,11.8,0.729554805680653,20_1.5_250
brain ICF,11.9,0.713427670013748,20_1.5_250
brain ICF,12,0.69773690493649,20_1.5_250
brain ICF,12.1,0.682470093270313,20_1.5_250
brain ICF,12.2,0.667615174881052,20_1.5_250
brain ICF,12.3,0.653160436190188,20_1.5_250
brain ICF,12.4,0.639094500714018,20_1.5_250
brain ICF,12.5,0.625406319078873,20_1.5_250
brain ICF,12.6,0.61208515929505,20_1.5_250
brain ICF,12.7,0.599120598172108,20_1.5_250
brain ICF,12.8,0.586502512186069,20_1.5_250
brain ICF,12.9,0.574221068537749,20_1.5_250
brain ICF,13,0.562266717282084,20_1.5_250
brain ICF,13.1,0.550630183023724,20_1.5_250
brain ICF,13.2,0.539302456532223,20_1.5_250
brain ICF,13.3,0.5282747878877,20_1.5_250
brain ICF,13.4,0.51753867843081,20_1.5_250
brain ICF,13.5,0.50708587360054,20_1.5_250
brain ICF,13.6,0.496908356248088,20_1.5_250
brain ICF,13.7,0.486998339302416,20_1.5_250
brain ICF,13.8,0.477348259438553,20_1.5_250
brain ICF,13.9,0.467950770737002,20_1.5_250
brain ICF,14,0.458798737742931,20_1.5_250
sCSF,0,0,20_1.5_250
sCSF,0.1,0.0873314449950196,20_1.5_250
sCSF,0.2,0.504590393878309,20_1.5_250
sCSF,0.3,1.15041080349679,20_1.5_250
sCSF,0.4,1.79508913965199,20_1.5_250
sCSF,0.5,2.36507148614052,20_1.5_250
sCSF,0.6,2.85227447627366,20_1.5_250
sCSF,0.7,3.26793581280962,20_1.5_250
sCSF,0.8,3.62598752432451,20_1.5_250
sCSF,0.9,3.93808044643601,20_1.5_250
sCSF,1,4.21282534992478,20_1.5_250
sCSF,1.1,4.45630973621887,20_1.5_250
sCSF,1.2,4.67282140164165,20_1.5_250
sCSF,1.3,4.86545213564211,20_1.5_250
sCSF,1.4,5.03652580925423,20_1.5_250
sCSF,1.5,5.187878685537,20_1.5_250
sCSF,1.6,5.32103472017859,20_1.5_250
sCSF,1.7,5.43731218659539,20_1.5_250
sCSF,1.8,5.53788754225139,20_1.5_250
sCSF,1.9,5.62383351512791,20_1.5_250
sCSF,2,5.69614198023825,20_1.5_250
sCSF,2.1,5.75573800065859,20_1.5_250
sCSF,2.2,5.80348877976926,20_1.5_250
sCSF,2.3,5.84020969133948,20_1.5_250
sCSF,2.4,5.86666862689801,20_1.5_250
sCSF,2.5,5.88358936269238,20_1.5_250
sCSF,2.6,5.89165433130499,20_1.5_250
sCSF,2.7,5.89150702960424,20_1.5_250
sCSF,2.8,5.88375418081709,20_1.5_250
sCSF,2.9,5.86896771568786,20_1.5_250
sCSF,3,5.84768662236986,20_1.5_250
sCSF,3.1,5.82041868442853,20_1.5_250
sCSF,3.2,5.78764212579421,20_1.5_250
sCSF,3.3,5.74980715835769,20_1.5_250
sCSF,3.4,5.70733745540951,20_1.5_250
sCSF,3.5,5.66063155018602,20_1.5_250
sCSF,3.6,5.6100641609055,20_1.5_250
sCSF,3.7,5.55598745644862,20_1.5_250
sCSF,3.8,5.49873225381383,20_1.5_250
sCSF,3.9,5.43860915148453,20_1.5_250
sCSF,4,5.37590960806417,20_1.5_250
sCSF,4.1,5.31090696939995,20_1.5_250
sCSF,4.2,5.24385744403654,20_1.5_250
sCSF,4.3,5.17500102728753,20_1.5_250
sCSF,4.4,5.10456238043441,20_1.5_250
sCSF,4.5,5.03275166371179,20_1.5_250
sCSF,4.6,4.95976532738426,20_1.5_250
sCSF,4.7,4.88578686309517,20_1.5_250
sCSF,4.8,4.81098751723157,20_1.5_250
sCSF,4.9,4.73552696776756,20_1.5_250
sCSF,5,4.65955396587395,20_1.5_250
sCSF,5.1,4.58320694584828,20_1.5_250
sCSF,5.2,4.50661460330752,20_1.5_250
sCSF,5.3,4.4298964429531,20_1.5_250
sCSF,5.4,4.35316329833193,20_1.5_250
sCSF,5.5,4.27651782510845,20_1.5_250
sCSF,5.6,4.20005496891801,20_1.5_250
sCSF,5.7,4.12386240876088,20_1.5_250
sCSF,5.8,4.04802097662761,20_1.5_250
sCSF,5.9,3.97260505696023,20_1.5_250
sCSF,6,3.89768296477795,20_1.5_250
sCSF,6.1,3.82331730130013,20_1.5_250
sCSF,6.2,3.74956529353987,20_1.5_250
sCSF,6.3,3.67647911557579,20_1.5_250
sCSF,6.4,3.60410619270642,20_1.5_250
sCSF,6.5,3.53248948914324,20_1.5_250
sCSF,6.6,3.46166778065407,20_1.5_250
sCSF,6.7,3.39167591295583,20_1.5_250
sCSF,6.8,3.32254504525566,20_1.5_250
sCSF,6.9,3.25430288238918,20_1.5_250
sCSF,7,3.18697389211209,20_1.5_250
sCSF,7.1,3.12057951206547,20_1.5_250
sCSF,7.2,3.05513834570452,20_1.5_250
sCSF,7.3,2.99066634695275,20_1.5_250
sCSF,7.4,2.92717699494601,20_1.5_250
sCSF,7.5,2.86468145917365,20_1.5_250
sCSF,7.6,2.8031887559008,20_1.5_250
sCSF,7.7,2.74270589539797,20_1.5_250
sCSF,7.8,2.68323801977852,20_1.5_250
sCSF,7.9,2.6247885352575,20_1.5_250
sCSF,8,2.56735923609709,20_1.5_250
sCSF,8.1,2.51095042144269,20_1.5_250
sCSF,8.2,2.4555610049663,20_1.5_250
sCSF,8.3,2.40118862107813,20_1.5_250
sCSF,8.4,2.34782972027965,20_1.5_250
sCSF,8.5,2.29547966240411,20_1.5_250
sCSF,8.6,2.24413280359364,20_1.5_250
sCSF,8.7,2.19378257772564,20_1.5_250
sCSF,8.8,2.14442157505823,20_1.5_250
sCSF,8.9,2.09604161268499,20_1.5_250
sCSF,9,2.04863380344096,20_1.5_250
sCSF,9.1,2.00218862000576,20_1.5_250
sCSF,9.2,1.95669595469949,20_1.5_250
sCSF,9.3,1.91214517788319,20_1.5_250
sCSF,9.4,1.86852518808228,20_1.5_250
sCSF,9.5,1.82582446300934,20_1.5_250
sCSF,9.6,1.78403110591737,20_1.5_250
sCSF,9.7,1.74313289015788,20_1.5_250
sCSF,9.8,1.70311729908205,20_1.5_250
sCSF,9.9,1.66397156422144,20_1.5_250
sCSF,10,1.62568270114615,20_1.5_250
sCSF,10.1,1.58823754343717,20_1.5_250
sCSF,10.2,1.55162277382573,20_1.5_250
sCSF,10.3,1.51582495207309,20_1.5_250
sCSF,10.4,1.48083054265888,20_1.5_250
sCSF,10.5,1.44662594058827,20_1.5_250
sCSF,10.6,1.41319749417291,20_1.5_250
sCSF,10.7,1.38053152657675,20_1.5_250
sCSF,10.8,1.34861435618567,20_1.5_250
sCSF,10.9,1.31743231583904,20_1.5_250
sCSF,11,1.28697176961839,20_1.5_250
sCSF,11.1,1.25721912849932,20_1.5_250
sCSF,11.2,1.22816086538485,20_1.5_250
sCSF,11.3,1.19978352945304,20_1.5_250
sCSF,11.4,1.17207375693255,20_1.5_250
sCSF,11.5,1.14501828332753,20_1.5_250
sCSF,11.6,1.11860395451419,20_1.5_250
sCSF,11.7,1.0928177352248,20_1.5_250
sCSF,11.8,1.06764671791234,20_1.5_250
sCSF,11.9,1.04307813079504,20_1.5_250
sCSF,12,1.01909934533735,20_1.5_250
sCSF,12.1,0.995697881534683,20_1.5_250
sCSF,12.2,0.972861414301275,20_1.5_250
sCSF,12.3,0.950577778897914,20_1.5_250
sCSF,12.4,0.928834974265357,20_1.5_250
sCSF,12.5,0.907621167589559,20_1.5_250
sCSF,12.6,0.886924698235082,20_1.5_250
sCSF,12.7,0.866734079572758,20_1.5_250
sCSF,12.8,0.847038001953633,20_1.5_250
sCSF,12.9,0.827825335262156,20_1.5_250
sCSF,13,0.809085129664823,20_1.5_250
sCSF,13.1,0.790806617237133,20_1.5_250
sCSF,13.2,0.772979213612336,20_1.5_250
sCSF,13.3,0.75559251734439,20_1.5_250
sCSF,13.4,0.738636311176441,20_1.5_250
sCSF,13.5,0.722100561925575,20_1.5_250
sCSF,13.6,0.705975419876569,20_1.5_250
sCSF,13.7,0.690251219011808,20_1.5_250
sCSF,13.8,0.674918475971909,20_1.5_250
sCSF,13.9,0.659967889145867,20_1.5_250
sCSF,14,0.645390338378434,20_1.5_250
brain ECF,0,0,20_1.5_300
brain ECF,0.1,4.83048673482495,20_1.5_300
brain ECF,0.2,12.7859458727658,20_1.5_300
brain ECF,0.3,15.1695987673461,20_1.5_300
brain ECF,0.4,14.652968792484,20_1.5_300
brain ECF,0.5,13.4422632675038,20_1.5_300
brain ECF,0.6,12.2762693356507,20_1.5_300
brain ECF,0.7,11.3365953270087,20_1.5_300
brain ECF,0.8,10.6171991557024,20_1.5_300
brain ECF,0.9,10.0650741151518,20_1.5_300
brain ECF,1,9.62788563867896,20_1.5_300
brain ECF,1.1,9.26608974453409,20_1.5_300
brain ECF,1.2,8.95296189446576,20_1.5_300
brain ECF,1.3,8.67150241438028,20_1.5_300
brain ECF,1.4,8.41128589987571,20_1.5_300
brain ECF,1.5,8.16605887285527,20_1.5_300
brain ECF,1.6,7.93211186652164,20_1.5_300
brain ECF,1.7,7.70724520659056,20_1.5_300
brain ECF,1.8,7.49013817483189,20_1.5_300
brain ECF,1.9,7.27997482995133,20_1.5_300
brain ECF,2,7.07622654167726,20_1.5_300
brain ECF,2.1,6.8785275565653,20_1.5_300
brain ECF,2.2,6.68660458015424,20_1.5_300
brain ECF,2.3,6.50023738146844,20_1.5_300
brain ECF,2.4,6.31923680749157,20_1.5_300
brain ECF,2.5,6.14343265607211,20_1.5_300
brain ECF,2.6,5.97266696174333,20_1.5_300
brain ECF,2.7,5.80679024889166,20_1.5_300
brain ECF,2.8,5.6456594863529,20_1.5_300
brain ECF,2.9,5.4891369122794,20_1.5_300
brain ECF,3,5.33708933888536,20_1.5_300
brain ECF,3.1,5.18938772786381,20_1.5_300
brain ECF,3.2,5.0459069330007,20_1.5_300
brain ECF,3.3,4.90652550568436,20_1.5_300
brain ECF,3.4,4.77112553631573,20_1.5_300
brain ECF,3.5,4.63959253150014,20_1.5_300
brain ECF,3.6,4.51181530384862,20_1.5_300
brain ECF,3.7,4.38768587181914,20_1.5_300
brain ECF,3.8,4.2670993641754,20_1.5_300
brain ECF,3.9,4.14995392806745,20_1.5_300
brain ECF,4,4.03615064101486,20_1.5_300
brain ECF,4.1,3.92559342649882,20_1.5_300
brain ECF,4.2,3.81818897226636,20_1.5_300
brain ECF,4.3,3.71384665058392,20_1.5_300
brain ECF,4.4,3.61247844092444,20_1.5_300
brain ECF,4.5,3.51399885501488,20_1.5_300
brain ECF,4.6,3.41832486415498,20_1.5_300
brain ECF,4.7,3.32537582855043,20_1.5_300
brain ECF,4.8,3.23507342859525,20_1.5_300
brain ECF,4.9,3.14734159818311,20_1.5_300
brain ECF,5,3.06210645986474,20_1.5_300
brain ECF,5.1,2.97929626199251,20_1.5_300
brain ECF,5.2,2.89884131763657,20_1.5_300
brain ECF,5.3,2.82067394521897,20_1.5_300
brain ECF,5.4,2.74472841083887,20_1.5_300
brain ECF,5.5,2.67094087226572,20_1.5_300
brain ECF,5.6,2.59924932456582,20_1.5_300
brain ECF,5.7,2.52959354726729,20_1.5_300
brain ECF,5.8,2.461915053002,20_1.5_300
brain ECF,5.9,2.39615703768483,20_1.5_300
brain ECF,6,2.33226433214137,20_1.5_300
brain ECF,6.1,2.27018335503527,20_1.5_300
brain ECF,6.2,2.20986206721092,20_1.5_300
brain ECF,6.3,2.15124992734959,20_1.5_300
brain ECF,6.4,2.09429784889272,20_1.5_300
brain ECF,6.5,2.03895815813049,20_1.5_300
brain ECF,6.6,1.98518455357875,20_1.5_300
brain ECF,6.7,1.93293206651108,20_1.5_300
brain ECF,6.8,1.88215702262069,20_1.5_300
brain ECF,6.9,1.83281700478895,20_1.5_300
brain ECF,7,1.78487081687461,20_1.5_300
brain ECF,7.1,1.73827844853789,20_1.5_300
brain ECF,7.2,1.69300104124269,20_1.5_300
brain ECF,7.3,1.64900085499461,20_1.5_300
brain ECF,7.4,1.60624123618466,20_1.5_300
brain ECF,7.5,1.56468658632596,20_1.5_300
brain ECF,7.6,1.52430233171249,20_1.5_300
brain ECF,7.7,1.48505489388368,20_1.5_300
brain ECF,7.8,1.44691166094206,20_1.5_300
brain ECF,7.9,1.40984095983083,20_1.5_300
brain ECF,8,1.37381202926428,20_1.5_300
brain ECF,8.1,1.33879499346465,20_1.5_300
brain ECF,8.2,1.30476083668575,20_1.5_300
brain ECF,8.3,1.27168137839444,20_1.5_300
brain ECF,8.4,1.23952924922515,20_1.5_300
brain ECF,8.5,1.2082778677704,20_1.5_300
brain ECF,8.6,1.17790141779087,20_1.5_300
brain ECF,8.7,1.14837482618354,20_1.5_300
brain ECF,8.8,1.11967374163789,20_1.5_300
brain ECF,8.9,1.09177451368726,20_1.5_300
brain ECF,9,1.06465417270536,20_1.5_300
brain ECF,9.1,1.03829041025135,20_1.5_300
brain ECF,9.2,1.0126615600405,20_1.5_300
brain ECF,9.3,0.987746579388546,20_1.5_300
brain ECF,9.4,0.963525031251183,20_1.5_300
brain ECF,9.5,0.939977066919818,20_1.5_300
brain ECF,9.6,0.917083408969983,20_1.5_300
brain ECF,9.7,0.894825334863297,20_1.5_300
brain ECF,9.8,0.873184660819045,20_1.5_300
brain ECF,9.9,0.85214372643636,20_1.5_300
brain ECF,10,0.831685379624564,20_1.5_300
brain ECF,10.1,0.811792961971356,20_1.5_300
brain ECF,10.2,0.792450294301969,20_1.5_300
brain ECF,10.3,0.773641663175132,20_1.5_300
brain ECF,10.4,0.755351807365405,20_1.5_300
brain ECF,10.5,0.737565904855773,20_1.5_300
brain ECF,10.6,0.720269559977775,20_1.5_300
brain ECF,10.7,0.703448791421988,20_1.5_300
brain ECF,10.8,0.687090020183925,20_1.5_300
brain ECF,10.9,0.671180058035416,20_1.5_300
brain ECF,11,0.655706095926038,20_1.5_300
brain ECF,11.1,0.640655693570131,20_1.5_300
brain ECF,11.2,0.626016768613801,20_1.5_300
brain ECF,11.3,0.611777586155952,20_1.5_300
brain ECF,11.4,0.597926748942033,20_1.5_300
brain ECF,11.5,0.584453187629816,20_1.5_300
brain ECF,11.6,0.571346151320742,20_1.5_300
brain ECF,11.7,0.558595198181158,20_1.5_300
brain ECF,11.8,0.546190186856239,20_1.5_300
brain ECF,11.9,0.534121267738135,20_1.5_300
brain ECF,12,0.522378874229631,20_1.5_300
brain ECF,12.1,0.510953715042995,20_1.5_300
brain ECF,12.2,0.499836766144106,20_1.5_300
brain ECF,12.3,0.489019262792577,20_1.5_300
brain ECF,12.4,0.478492692385407,20_1.5_300
brain ECF,12.5,0.468248787146774,20_1.5_300
brain ECF,12.6,0.458279516845828,20_1.5_300
brain ECF,12.7,0.448577082172739,20_1.5_300
brain ECF,12.8,0.439133908136384,20_1.5_300
brain ECF,12.9,0.429942637304113,20_1.5_300
brain ECF,13,0.420996123754073,20_1.5_300
brain ECF,13.1,0.412287427102431,20_1.5_300
brain ECF,13.2,0.403809806178825,20_1.5_300
brain ECF,13.3,0.395556713685412,20_1.5_300
brain ECF,13.4,0.387521790542814,20_1.5_300
brain ECF,13.5,0.37969886014579,20_1.5_300
brain ECF,13.6,0.372081923515624,20_1.5_300
brain ECF,13.7,0.36466515406258,20_1.5_300
brain ECF,13.8,0.357442892345953,20_1.5_300
brain ECF,13.9,0.350409641693342,20_1.5_300
brain ECF,14,0.343560062962248,20_1.5_300
brain ICF,0,0,20_1.5_300
brain ICF,0.1,5.78641476967462,20_1.5_300
brain ICF,0.2,16.5318933499316,20_1.5_300
brain ICF,0.3,20.1772888467596,20_1.5_300
brain ICF,0.4,19.6270985441056,20_1.5_300
brain ICF,0.5,18.0330347324415,20_1.5_300
brain ICF,0.6,16.462984794754,20_1.5_300
brain ICF,0.7,15.1890707457267,20_1.5_300
brain ICF,0.8,14.2123304654246,20_1.5_300
brain ICF,0.9,13.4635973310241,20_1.5_300
brain ICF,1,12.8722802214554,20_1.5_300
brain ICF,1.1,12.3844402827586,20_1.5_300
brain ICF,1.2,11.9634213244187,20_1.5_300
brain ICF,1.3,11.5858302845682,20_1.5_300
brain ICF,1.4,11.237292097777,20_1.5_300
brain ICF,1.5,10.9091740637879,20_1.5_300
brain ICF,1.6,10.5963530797862,20_1.5_300
brain ICF,1.7,10.2957921822704,20_1.5_300
brain ICF,1.8,10.0056702715214,20_1.5_300
brain ICF,1.9,9.72486505897409,20_1.5_300
brain ICF,2,9.45265219769879,20_1.5_300
brain ICF,2.1,9.18853296294121,20_1.5_300
brain ICF,2.2,8.93213666466422,20_1.5_300
brain ICF,2.3,8.68316602099671,20_1.5_300
brain ICF,2.4,8.44136666018547,20_1.5_300
brain ICF,2.5,8.20651029368204,20_1.5_300
brain ICF,2.6,7.97838539950998,20_1.5_300
brain ICF,2.7,7.75679202437104,20_1.5_300
brain ICF,2.8,7.54153894816625,20_1.5_300
brain ICF,2.9,7.33244205724256,20_1.5_300
brain ICF,3,7.12932338420944,20_1.5_300
brain ICF,3.1,6.93201052374048,20_1.5_300
brain ICF,3.2,6.74033628061316,20_1.5_300
brain ICF,3.3,6.5541384050426,20_1.5_300
brain ICF,3.4,6.37325937777879,20_1.5_300
brain ICF,3.5,6.19754624478149,20_1.5_300
brain ICF,3.6,6.026850469306,20_1.5_300
brain ICF,3.7,5.86102779778765,20_1.5_300
brain ICF,3.8,5.6999381319939,20_1.5_300
brain ICF,3.9,5.54344540607399,20_1.5_300
brain ICF,4,5.39141746890318,20_1.5_300
brain ICF,4.1,5.24372597131132,20_1.5_300
brain ICF,4.2,5.10024625694561,20_1.5_300
brain ICF,4.3,4.96085725572375,20_1.5_300
brain ICF,4.4,4.82544138053711,20_1.5_300
brain ICF,4.5,4.69388442711877,20_1.5_300
brain ICF,4.6,4.56607547695384,20_1.5_300
brain ICF,4.7,4.44190680287781,20_1.5_300
brain ICF,4.8,4.32127377727368,20_1.5_300
brain ICF,4.9,4.20407478298013,20_1.5_300
brain ICF,5,4.09021112666889,20_1.5_300
brain ICF,5.1,3.97958695487815,20_1.5_300
brain ICF,5.2,3.87210917241086,20_1.5_300
brain ICF,5.3,3.7676873630272,20_1.5_300
brain ICF,5.4,3.66623371239635,20_1.5_300
brain ICF,5.5,3.56766293327733,20_1.5_300
brain ICF,5.6,3.47189219288197,20_1.5_300
brain ICF,5.7,3.3788410422927,20_1.5_300
brain ICF,5.8,3.28843134785315,20_1.5_300
brain ICF,5.9,3.20058722461245,20_1.5_300
brain ICF,6,3.11523497170484,20_1.5_300
brain ICF,6.1,3.03230300946525,20_1.5_300
brain ICF,6.2,2.95172181843588,20_1.5_300
brain ICF,6.3,2.87342388012704,20_1.5_300
brain ICF,6.4,2.79734361947099,20_1.5_300
brain ICF,6.5,2.72341734883229,20_1.5_300
brain ICF,6.6,2.65158321373956,20_1.5_300
brain ICF,6.7,2.58178114016014,20_1.5_300
brain ICF,6.8,2.51395278328415,20_1.5_300
brain ICF,6.9,2.44804147778692,20_1.5_300
brain ICF,7,2.38399218945487,20_1.5_300
brain ICF,7.1,2.32175146819404,20_1.5_300
brain ICF,7.2,2.26126740261223,20_1.5_300
brain ICF,7.3,2.20248957558435,20_1.5_300
brain ICF,7.4,2.14536902129469,20_1.5_300
brain ICF,7.5,2.08985818347214,20_1.5_300
brain ICF,7.6,2.03591087485727,20_1.5_300
brain ICF,7.7,1.98348223774588,20_1.5_300
brain ICF,7.8,1.93252870567211,20_1.5_300
brain ICF,7.9,1.88300796637395,20_1.5_300
brain ICF,8,1.83487892563091,20_1.5_300
brain ICF,8.1,1.78810167217894,20_1.5_300
brain ICF,8.2,1.74263744367646,20_1.5_300
brain ICF,8.3,1.69844859354917,20_1.5_300
brain ICF,8.4,1.65549855886758,20_1.5_300
brain ICF,8.5,1.61375182934139,20_1.5_300
brain ICF,8.6,1.57317391687426,20_1.5_300
brain ICF,8.7,1.53373132613138,20_1.5_300
brain ICF,8.8,1.49539152602615,20_1.5_300
brain ICF,8.9,1.45812292173479,20_1.5_300
brain ICF,9,1.42189482797358,20_1.5_300
brain ICF,9.1,1.38667744274168,20_1.5_300
brain ICF,9.2,1.35244182189987,20_1.5_300
brain ICF,9.3,1.31915985438176,20_1.5_300
brain ICF,9.4,1.28680423820042,20_1.5_300
brain ICF,9.5,1.2553484573314,20_1.5_300
brain ICF,9.6,1.22476675893349,20_1.5_300
brain ICF,9.7,1.19503413144244,20_1.5_300
brain ICF,9.8,1.1661262830249,20_1.5_300
brain ICF,9.9,1.13801962103512,20_1.5_300
brain ICF,10,1.11069123188322,20_1.5_300
brain ICF,10.1,1.08411886148855,20_1.5_300
brain ICF,10.2,1.05828089598799,20_1.5_300
brain ICF,10.3,1.03315634369583,20_1.5_300
brain ICF,10.4,1.00872481704547,20_1.5_300
brain ICF,10.5,0.984966515212652,20_1.5_300
brain ICF,10.6,0.961862206935927,20_1.5_300
brain ICF,10.7,0.939393214499746,20_1.5_300
brain ICF,10.8,0.917541397631294,20_1.5_300
brain ICF,10.9,0.896289138099325,20_1.5_300
brain ICF,11,0.875619324219541,20_1.5_300
brain ICF,11.1,0.855515336943801,20_1.5_300
brain ICF,11.2,0.835961035388243,20_1.5_300
brain ICF,11.3,0.816940742834334,20_1.5_300
brain ICF,11.4,0.798439233628629,20_1.5_300
brain ICF,11.5,0.780441720178737,20_1.5_300
brain ICF,11.6,0.762933840304068,20_1.5_300
brain ICF,11.7,0.745901644706672,20_1.5_300
brain ICF,11.8,0.729331585501015,20_1.5_300
brain ICF,11.9,0.713210504549029,20_1.5_300
brain ICF,12,0.697525621789157,20_1.5_300
brain ICF,12.1,0.682264524948319,20_1.5_300
brain ICF,12.2,0.667415158780003,20_1.5_300
brain ICF,12.3,0.652965814430593,20_1.5_300
brain ICF,12.4,0.638905119879142,20_1.5_300
brain ICF,12.5,0.625222030171598,20_1.5_300
brain ICF,12.6,0.61190581769244,20_1.5_300
brain ICF,12.7,0.598946063315685,20_1.5_300
brain ICF,12.8,0.586332647584789,20_1.5_300
brain ICF,12.9,0.574055741681592,20_1.5_300
brain ICF,13,0.562105799347178,20_1.5_300
brain ICF,13.1,0.550473548902773,20_1.5_300
brain ICF,13.2,0.539149984800732,20_1.5_300
brain ICF,13.3,0.528126360489509,20_1.5_300
brain ICF,13.4,0.517394180860347,20_1.5_300
brain ICF,13.5,0.506945194573381,20_1.5_300
brain ICF,13.6,0.496771387581665,20_1.5_300
brain ICF,13.7,0.486864976134283,20_1.5_300
brain ICF,13.8,0.477218399776254,20_1.5_300
brain ICF,13.9,0.467824315496275,20_1.5_300
brain ICF,14,0.458675590728685,20_1.5_300
sCSF,0,0,20_1.5_300
sCSF,0.1,0.085773093968867,20_1.5_300
sCSF,0.2,0.501141624837219,20_1.5_300
sCSF,0.3,1.14795068508845,20_1.5_300
sCSF,0.4,1.79418932230086,20_1.5_300
sCSF,0.5,2.36521472451495,20_1.5_300
sCSF,0.6,2.85292217931377,20_1.5_300
sCSF,0.7,3.26874438404817,20_1.5_300
sCSF,0.8,3.62678353193,20_1.5_300
sCSF,0.9,3.93879560688852,20_1.5_300
sCSF,1,4.21344522108877,20_1.5_300
sCSF,1.1,4.45684270882925,20_1.5_300
sCSF,1.2,4.67328269555136,20_1.5_300
sCSF,1.3,4.86585671982344,20_1.5_300
sCSF,1.4,5.0368859528316,20_1.5_300
sCSF,1.5,5.18820361713264,20_1.5_300
sCSF,1.6,5.32133108132834,20_1.5_300
sCSF,1.7,5.43758466811868,20_1.5_300
sCSF,1.8,5.53813945982463,20_1.5_300
sCSF,1.9,5.62406725348336,20_1.5_300
sCSF,2,5.6963593105485,20_1.5_300
sCSF,2.1,5.7559402928314,20_1.5_300
sCSF,2.2,5.80367714311244,20_1.5_300
sCSF,2.3,5.84038506130676,20_1.5_300
sCSF,2.4,5.8668318228726,20_1.5_300
sCSF,2.5,5.88374112004246,20_1.5_300
sCSF,2.6,5.89179532316055,20_1.5_300
sCSF,2.7,5.89163788202447,20_1.5_300
sCSF,2.8,5.88387547863411,20_1.5_300
sCSF,2.9,5.86908000832845,20_1.5_300
sCSF,3,5.84779042733979,20_1.5_300
sCSF,3.1,5.82051449422922,20_1.5_300
sCSF,3.2,5.78773040566865,20_1.5_300
sCSF,3.3,5.74988834723297,20_1.5_300
sCSF,3.4,5.70741196908236,20_1.5_300
sCSF,3.5,5.66069977913263,20_1.5_300
sCSF,3.6,5.61012647777477,20_1.5_300
sCSF,3.7,5.55604421752201,20_1.5_300
sCSF,3.8,5.49878379605191,20_1.5_300
sCSF,3.9,5.43865579180164,20_1.5_300
sCSF,4,5.37595164562374,20_1.5_300
sCSF,4.1,5.3109446880104,20_1.5_300
sCSF,4.2,5.24389111186135,20_1.5_300
sCSF,4.3,5.1750308992145,20_1.5_300
sCSF,4.4,5.1045886977457,20_1.5_300
sCSF,4.5,5.03277465423543,20_1.5_300
sCSF,4.6,4.9597852062049,20_1.5_300
sCSF,4.7,4.88580383355077,20_1.5_300
sCSF,4.8,4.81100177167593,20_1.5_300
sCSF,4.9,4.73553868734278,20_1.5_300
sCSF,5,4.65956332225367,20_1.5_300
sCSF,5.1,4.583214101719,20_1.5_300
sCSF,5.2,4.50661971219685,20_1.5_300
sCSF,5.3,4.42989964941115,20_1.5_300
sCSF,5.4,4.35316473856385,20_1.5_300
sCSF,5.5,4.27651762767451,20_1.5_300
sCSF,5.6,4.20005325497782,20_1.5_300
sCSF,5.7,4.12385929229482,20_1.5_300
sCSF,5.8,4.04801656587964,20_1.5_300
sCSF,5.9,3.97259945434678,20_1.5_300
sCSF,6,3.89767626557536,20_1.5_300
sCSF,6.1,3.82330959516954,20_1.5_300
sCSF,6.2,3.74955666512447,20_1.5_300
sCSF,6.3,3.67646964459717,20_1.5_300
sCSF,6.4,3.60409595378448,20_1.5_300
sCSF,6.5,3.53247855262073,20_1.5_300
sCSF,6.6,3.46165621300396,20_1.5_300
sCSF,6.7,3.39166377662749,20_1.5_300
sCSF,6.8,3.32253239904427,20_1.5_300
sCSF,6.9,3.25428978056344,20_1.5_300
sCSF,7,3.1869603852799,20_1.5_300
sCSF,7.1,3.12056564826205,20_1.5_300
sCSF,7.2,3.05512416958278,20_1.5_300
sCSF,7.3,2.99065190047683,20_1.5_300
sCSF,7.4,2.92716231762962,20_1.5_300
sCSF,7.5,2.86466658821688,20_1.5_300
sCSF,7.6,2.80317372558948,20_1.5_300
sCSF,7.7,2.74269073699597,20_1.5_300
sCSF,7.8,2.68322276299224,20_1.5_300
sCSF,7.9,2.62477320776562,20_1.5_300
sCSF,8,2.56734386351529,20_1.5_300
sCSF,8.1,2.51093502749228,20_1.5_300
sCSF,8.2,2.45554561211646,20_1.5_300
sCSF,8.3,2.40117324944641,20_1.5_300
sCSF,8.4,2.34781438906535,20_1.5_300
sCSF,8.5,2.29546438915648,20_1.5_300
sCSF,8.6,2.24411760438531,20_1.5_300
sCSF,8.7,2.19376746774235,20_1.5_300
sCSF,8.8,2.14440656715818,20_1.5_300
sCSF,8.9,2.09602671921615,20_1.5_300
sCSF,9,2.04861903586287,20_1.5_300
sCSF,9.1,2.00217398887096,20_1.5_300
sCSF,9.2,1.95668146992211,20_1.5_300
sCSF,9.3,1.91213084751998,20_1.5_300
sCSF,9.4,1.86851101992706,20_1.5_300
sCSF,9.5,1.82581046397979,20_1.5_300
sCSF,9.6,1.7840172824368,20_1.5_300
sCSF,9.7,1.74311924727327,20_1.5_300
sCSF,9.8,1.70310384142681,20_1.5_300
sCSF,9.9,1.66395829610854,20_1.5_300
sCSF,10,1.6256696265554,20_1.5_300
sCSF,10.1,1.5882246653869,20_1.5_300
sCSF,10.2,1.5516100949403,20_1.5_300
sCSF,10.3,1.51581247461566,20_1.5_300
sCSF,10.4,1.48081826857273,20_1.5_300
sCSF,10.5,1.44661387083653,20_1.5_300
sCSF,10.6,1.41318562971176,20_1.5_300
sCSF,10.7,1.38051986805676,20_1.5_300
sCSF,10.8,1.34860290406703,20_1.5_300
sCSF,10.9,1.31742106970488,20_1.5_300
sCSF,11,1.28696072944009,20_1.5_300
sCSF,11.1,1.25720829392865,20_1.5_300
sCSF,11.2,1.22815023573444,20_1.5_300
sCSF,11.3,1.19977310350888,20_1.5_300
sCSF,11.4,1.17206353356703,20_1.5_300
sCSF,11.5,1.14500826137074,20_1.5_300
sCSF,11.6,1.11859413205374,20_1.5_300
sCSF,11.7,1.09280811062001,20_1.5_300
sCSF,11.8,1.06763728942886,20_1.5_300
sCSF,11.9,1.04306889636601,20_1.5_300
sCSF,12,1.01909030295117,20_1.5_300
sCSF,12.1,0.995689029182639,20_1.5_300
sCSF,12.2,0.972852749705446,20_1.5_300
sCSF,12.3,0.950569299597452,20_1.5_300
sCSF,12.4,0.928826677886892,20_1.5_300
sCSF,12.5,0.907613051666436,20_1.5_300
sCSF,12.6,0.886916760083981,20_1.5_300
sCSF,12.7,0.86672631664427,20_1.5_300
sCSF,12.8,0.847030411599063,20_1.5_300
sCSF,12.9,0.827817914706843,20_1.5_300
sCSF,13,0.80907787631363,20_1.5_300
sCSF,13.1,0.790799528434239,20_1.5_300
sCSF,13.2,0.77297228655208,20_1.5_300
sCSF,13.3,0.755585749379553,20_1.5_300
sCSF,13.4,0.738629699418043,20_1.5_300
sCSF,13.5,0.722094103589501,20_1.5_300
sCSF,13.6,0.705969112292945,20_1.5_300
sCSF,13.7,0.69024505925467,20_1.5_300
sCSF,13.8,0.674912461310039,20_1.5_300
sCSF,13.9,0.659962016869452,20_1.5_300
sCSF,14,0.645384605746677,20_1.5_300
brain ECF,0,0,20_7.5_250
brain ECF,0.1,5.61191203099101,20_7.5_250
brain ECF,0.2,14.1983791442297,20_7.5_250
brain ECF,0.3,16.0646710637548,20_7.5_250
brain ECF,0.4,14.9718731493951,20_7.5_250
brain ECF,0.5,13.4224829456228,20_7.5_250
brain ECF,0.6,12.1131735999038,20_7.5_250
brain ECF,0.7,11.1394160946955,20_7.5_250
brain ECF,0.8,10.4336780504654,20_7.5_250
brain ECF,0.9,9.90964735498436,20_7.5_250
brain ECF,1,9.50019800822636,20_7.5_250
brain ECF,1.1,9.16080921749232,20_7.5_250
brain ECF,1.2,8.86418484881762,20_7.5_250
brain ECF,1.3,8.59433521906276,20_7.5_250
brain ECF,1.4,8.34214936978949,20_7.5_250
brain ECF,1.5,8.10251348743128,20_7.5_250
brain ECF,1.6,7.87256675937024,20_7.5_250
brain ECF,1.7,7.65069158918959,20_7.5_250
brain ECF,1.8,7.43594621597974,20_7.5_250
brain ECF,1.9,7.22775268566874,20_7.5_250
brain ECF,2,7.0257279940688,20_7.5_250
brain ECF,2.1,6.82959378511104,20_7.5_250
brain ECF,2.2,6.63912855406911,20_7.5_250
brain ECF,2.3,6.45414247760695,20_7.5_250
brain ECF,2.4,6.27446427138514,20_7.5_250
brain ECF,2.5,6.09993427686568,20_7.5_250
brain ECF,2.6,5.93040087114151,20_7.5_250
brain ECF,2.7,5.76571854999891,20_7.5_250
brain ECF,2.8,5.60574687868453,20_7.5_250
brain ECF,2.9,5.4503499180753,20_7.5_250
brain ECF,3,5.29939587290489,20_7.5_250
brain ECF,3.1,5.15275685350263,20_7.5_250
brain ECF,3.2,5.01030870592554,20_7.5_250
brain ECF,3.3,4.8719308778056,20_7.5_250
brain ECF,3.4,4.73750630111028,20_7.5_250
brain ECF,3.5,4.60692128439408,20_7.5_250
brain ECF,3.6,4.48006541005379,20_7.5_250
brain ECF,3.7,4.35683143931383,20_7.5_250
brain ECF,3.8,4.23711522024455,20_7.5_250
brain ECF,3.9,4.12081559851587,20_7.5_250
brain ECF,4,4.00783433084703,20_7.5_250
brain ECF,4.1,3.89807600120767,20_7.5_250
brain ECF,4.2,3.79144793957625,20_7.5_250
brain ECF,4.3,3.68786014298826,20_7.5_250
brain ECF,4.4,3.58722519881734,20_7.5_250
brain ECF,4.5,3.48945821017626,20_7.5_250
brain ECF,4.6,3.39447672361742,20_7.5_250
brain ECF,4.7,3.30220065892817,20_7.5_250
brain ECF,4.8,3.21255224088945,20_7.5_250
brain ECF,4.9,3.12545593295198,20_7.5_250
brain ECF,5,3.04083837283009,20_7.5_250
brain ECF,5.1,2.95862830999712,20_7.5_250
brain ECF,5.2,2.87875654492048,20_7.5_250
brain ECF,5.3,2.80115587004726,20_7.5_250
brain ECF,5.4,2.72576101252268,20_7.5_250
brain ECF,5.5,2.65250857854491,20_7.5_250
brain ECF,5.6,2.58133699930237,20_7.5_250
brain ECF,5.7,2.51218647845649,20_7.5_250
brain ECF,5.8,2.4449989411378,20_7.5_250
brain ECF,5.9,2.3797179844872,20_7.5_250
brain ECF,6,2.31628882934712,20_7.5_250
brain ECF,6.1,2.25465827368596,20_7.5_250
brain ECF,6.2,2.19477464721006,20_7.5_250
brain ECF,6.3,2.13658776727547,20_7.5_250
brain ECF,6.4,2.08004889605929,20_7.5_250
brain ECF,6.5,2.02511069896759,20_7.5_250
brain ECF,6.6,1.97172720425564,20_7.5_250
brain ECF,6.7,1.91985376380996,20_7.5_250
brain ECF,6.8,1.86944701503122,20_7.5_250
brain ECF,6.9,1.82046484377548,20_7.5_250
brain ECF,7,1.77286634846005,20_7.5_250
brain ECF,7.1,1.72661180522812,20_7.5_250
brain ECF,7.2,1.681662633981,20_7.5_250
brain ECF,7.3,1.63798136544384,20_7.5_250
brain ECF,7.4,1.59553160919088,20_7.5_250
brain ECF,7.5,1.5542780226113,20_7.5_250
brain ECF,7.6,1.5141862807033,20_7.5_250
brain ECF,7.7,1.47522304664622,20_7.5_250
brain ECF,7.8,1.43735594358974,20_7.5_250
brain ECF,7.9,1.40055352691005,20_7.5_250
brain ECF,8,1.36478525735552,20_7.5_250
brain ECF,8.1,1.33002147497745,20_7.5_250
brain ECF,8.2,1.29623337382753,20_7.5_250
brain ECF,8.3,1.26339297726669,20_7.5_250
brain ECF,8.4,1.23147311418915,20_7.5_250
brain ECF,8.5,1.20044739579776,20_7.5_250
brain ECF,8.6,1.17029019306287,20_7.5_250
brain ECF,8.7,1.1409766148966,20_7.5_250
brain ECF,8.8,1.11248248670551,20_7.5_250
brain ECF,8.9,1.08478432999242,20_7.5_250
brain ECF,9,1.05785934220844,20_7.5_250
brain ECF,9.1,1.03168537727311,20_7.5_250
brain ECF,9.2,1.00624092675858,20_7.5_250
brain ECF,9.3,0.981505101224633,20_7.5_250
brain ECF,9.4,0.957457612704779,20_7.5_250
brain ECF,9.5,0.934078757296306,20_7.5_250
brain ECF,9.6,0.911349398348049,20_7.5_250
brain ECF,9.7,0.889250949985602,20_7.5_250
brain ECF,9.8,0.867765361370117,20_7.5_250
brain ECF,9.9,0.846875101304947,20_7.5_250
brain ECF,10,0.826563143220219,20_7.5_250
brain ECF,10.1,0.806812950667383,20_7.5_250
brain ECF,10.2,0.787608462986393,20_7.5_250
brain ECF,10.3,0.768934081916619,20_7.5_250
brain ECF,10.4,0.75077465815979,20_7.5_250
brain ECF,10.5,0.733115478326775,20_7.5_250
brain ECF,10.6,0.715942252464492,20_7.5_250
brain ECF,10.7,0.699241101951287,20_7.5_250
brain ECF,10.8,0.682998547583244,20_7.5_250
brain ECF,10.9,0.667201497902436,20_7.5_250
brain ECF,11,0.651837238235549,20_7.5_250
brain ECF,11.1,0.636893419793338,20_7.5_250
brain ECF,11.2,0.62235804916538,20_7.5_250
brain ECF,11.3,0.608219477737486,20_7.5_250
brain ECF,11.4,0.59446639226541,20_7.5_250
brain ECF,11.5,0.581087805011032,20_7.5_250
brain ECF,11.6,0.568073044162584,20_7.5_250
brain ECF,11.7,0.555411744996523,20_7.5_250
brain ECF,11.8,0.543093840990851,20_7.5_250
brain ECF,11.9,0.531109555119015,20_7.5_250
brain ECF,12,0.519449391501721,20_7.5_250
brain ECF,12.1,0.508104127472573,20_7.5_250
brain ECF,12.2,0.497064805662143,20_7.5_250
brain ECF,12.3,0.486322726000235,20_7.5_250
brain ECF,12.4,0.475869438856749,20_7.5_250
brain ECF,12.5,0.465696737587547,20_7.5_250
brain ECF,12.6,0.455796651261909,20_7.5_250
brain ECF,12.7,0.446161438343826,20_7.5_250
brain ECF,12.8,0.436783579879906,20_7.5_250
brain ECF,12.9,0.427655772827187,20_7.5_250
brain ECF,13,0.418770924266264,20_7.5_250
brain ECF,13.1,0.41012214521783,20_7.5_250
brain ECF,13.2,0.401702744392739,20_7.5_250
brain ECF,13.3,0.393506223065385,20_7.5_250
brain ECF,13.4,0.385526269191427,20_7.5_250
brain ECF,13.5,0.377756751952681,20_7.5_250
brain ECF,13.6,0.37019171692319,20_7.5_250
brain ECF,13.7,0.362825380560642,20_7.5_250
brain ECF,13.8,0.355652125500946,20_7.5_250
brain ECF,13.9,0.348666495867431,20_7.5_250
brain ECF,14,0.341863192088119,20_7.5_250
brain ICF,0,0,20_7.5_250
brain ICF,0.1,6.60191261793665,20_7.5_250
brain ICF,0.2,18.3016467165193,20_7.5_250
brain ICF,0.3,21.4254457931939,20_7.5_250
brain ICF,0.4,20.1201292631389,20_7.5_250
brain ICF,0.5,18.0542672509665,20_7.5_250
brain ICF,0.6,16.2737135784346,20_7.5_250
brain ICF,0.7,14.9418900310156,20_7.5_250
brain ICF,0.8,13.9766259661586,20_7.5_250
brain ICF,0.9,13.2621305379693,20_7.5_250
brain ICF,1,12.706433013361,20_7.5_250
brain ICF,1.1,12.2479746365087,20_7.5_250
brain ICF,1.2,11.8488235337886,20_7.5_250
brain ICF,1.3,11.4866922978141,20_7.5_250
brain ICF,1.4,11.1488583937612,20_7.5_250
brain ICF,1.5,10.8281748094181,20_7.5_250
brain ICF,1.6,10.5206439562303,20_7.5_250
brain ICF,1.7,10.2240087555533,20_7.5_250
brain ICF,1.8,9.93695930281598,20_7.5_250
brain ICF,1.9,9.6586958926538,20_7.5_250
brain ICF,2,9.38869226596777,20_7.5_250
brain ICF,2.1,9.12656888317233,20_7.5_250
brain ICF,2.2,8.87202580095316,20_7.5_250
brain ICF,2.3,8.62480730736861,20_7.5_250
brain ICF,2.4,8.3846834510033,20_7.5_250
brain ICF,2.5,8.15144032501324,20_7.5_250
brain ICF,2.6,7.92487502377519,20_7.5_250
brain ICF,2.7,7.7047929532831,20_7.5_250
brain ICF,2.8,7.49100636243007,20_7.5_250
brain ICF,2.9,7.28333354330327,20_7.5_250
brain ICF,3,7.0815983439502,20_7.5_250
brain ICF,3.1,6.88562984078829,20_7.5_250
brain ICF,3.2,6.69526210713649,20_7.5_250
brain ICF,3.3,6.51033403184423,20_7.5_250
brain ICF,3.4,6.33068916153649,20_7.5_250
brain ICF,3.5,6.15617555601133,20_7.5_250
brain ICF,3.6,5.98664565049887,20_7.5_250
brain ICF,3.7,5.82195612859972,20_7.5_250
brain ICF,3.8,5.66196779932591,20_7.5_250
brain ICF,3.9,5.50654547778791,20_7.5_250
brain ICF,4,5.35555786948857,20_7.5_250
brain ICF,4.1,5.20887745832069,20_7.5_250
brain ICF,4.2,5.06638039800083,20_7.5_250
brain ICF,4.3,4.92794640656008,20_7.5_250
brain ICF,4.4,4.79345866380998,20_7.5_250
brain ICF,4.5,4.66280371164253,20_7.5_250
brain ICF,4.6,4.53587135740862,20_7.5_250
brain ICF,4.7,4.41255458009858,20_7.5_250
brain ICF,4.8,4.29274943914386,20_7.5_250
brain ICF,4.9,4.17635498577943,20_7.5_250
brain ICF,5,4.06327317696945,20_7.5_250
brain ICF,5.1,3.95340879187581,20_7.5_250
brain ICF,5.2,3.84666935065163,20_7.5_250
brain ICF,5.3,3.74296503557354,20_7.5_250
brain ICF,5.4,3.64220861448936,20_7.5_250
brain ICF,5.5,3.54431536645281,20_7.5_250
brain ICF,5.6,3.44920300947337,20_7.5_250
brain ICF,5.7,3.35679163033157,20_7.5_250
brain ICF,5.8,3.26700361641658,20_7.5_250
brain ICF,5.9,3.17976358962862,20_7.5_250
brain ICF,6,3.09499834181811,20_7.5_250
brain ICF,6.1,3.01263677254133,20_7.5_250
brain ICF,6.2,2.93260982840317,20_7.5_250
brain ICF,6.3,2.85485044413679,20_7.5_250
brain ICF,6.4,2.77929348536665,20_7.5_250
brain ICF,6.5,2.70587569302405,20_7.5_250
brain ICF,6.6,2.63453562938285,20_7.5_250
brain ICF,6.7,2.56521362564795,20_7.5_250
brain ICF,6.8,2.49785173101485,20_7.5_250
brain ICF,6.9,2.4323936631436,20_7.5_250
brain ICF,7,2.36878476018922,20_7.5_250
brain ICF,7.1,2.30697193424697,20_7.5_250
brain ICF,7.2,2.24690362595723,20_7.5_250
brain ICF,7.3,2.18852976049146,20_7.5_250
brain ICF,7.4,2.13180170482052,20_7.5_250
brain ICF,7.5,2.07667222623996,20_7.5_250
brain ICF,7.6,2.02309545200224,20_7.5_250
brain ICF,7.7,1.97102682998875,20_7.5_250
brain ICF,7.8,1.92042309100822,20_7.5_250
brain ICF,7.9,1.87124221171936,20_7.5_250
brain ICF,8,1.82344337874214,20_7.5_250
brain ICF,8.1,1.77698695381831,20_7.5_250
brain ICF,8.2,1.73183443999654,20_7.5_250
brain ICF,8.3,1.68794844863457,20_7.5_250
brain ICF,8.4,1.64529266762462,20_7.5_250
brain ICF,8.5,1.6038318303554,20_7.5_250
brain ICF,8.6,1.56353168558761,20_7.5_250
brain ICF,8.7,1.52435896828562,20_7.5_250
brain ICF,8.8,1.48628137095471,20_7.5_250
brain ICF,8.9,1.44926751638054,20_7.5_250
brain ICF,9,1.41328693070293,20_7.5_250
brain ICF,9.1,1.37831001738254,20_7.5_250
brain ICF,9.2,1.34430803205492,20_7.5_250
brain ICF,9.3,1.31125305758629,20_7.5_250
brain ICF,9.4,1.27911798066753,20_7.5_250
brain ICF,9.5,1.24787646854707,20_7.5_250
brain ICF,9.6,1.21750294656267,20_7.5_250
brain ICF,9.7,1.18797257612414,20_7.5_250
brain ICF,9.8,1.1592612336764,20_7.5_250
brain ICF,9.9,1.13134549012743,20_7.5_250
brain ICF,10,1.10420259078131,20_7.5_250
brain ICF,10.1,1.07781043595281,20_7.5_250
brain ICF,10.2,1.05214756181259,20_7.5_250
brain ICF,10.3,1.0271931224938,20_7.5_250
brain ICF,10.4,1.0029268721344,20_7.5_250
brain ICF,10.5,0.979329147432516,20_7.5_250
brain ICF,10.6,0.95638085097716,20_7.5_250
brain ICF,10.7,0.93406343507125,20_7.5_250
brain ICF,10.8,0.912358885809893,20_7.5_250
brain ICF,10.9,0.891249707481969,20_7.5_250
brain ICF,11,0.870718907921064,20_7.5_250
brain ICF,11.1,0.850749983937722,20_7.5_250
brain ICF,11.2,0.831326907279962,20_7.5_250
brain ICF,11.3,0.812434110490449,20_7.5_250
brain ICF,11.4,0.794056474308957,20_7.5_250
brain ICF,11.5,0.776179314490108,20_7.5_250
brain ICF,11.6,0.75878836900073,20_7.5_250
brain ICF,11.7,0.741869786208354,20_7.5_250
brain ICF,11.8,0.725410113004825,20_7.5_250
brain ICF,11.9,0.70939628317125,20_7.5_250
brain ICF,12,0.693815606221271,20_7.5_250
brain ICF,12.1,0.678655756797372,20_7.5_250
brain ICF,12.2,0.66390476409183,20_7.5_250
brain ICF,12.3,0.649551001158339,20_7.5_250
brain ICF,12.4,0.635583175745271,20_7.5_250
brain ICF,12.5,0.621990320333788,20_7.5_250
brain ICF,12.6,0.608761782418615,20_7.5_250
brain ICF,12.7,0.595887216063564,20_7.5_250
brain ICF,12.8,0.583356572797662,20_7.5_250
brain ICF,12.9,0.571160092698278,20_7.5_250
brain ICF,13,0.559288296657378,20_7.5_250
brain ICF,13.1,0.547731978117801,20_7.5_250
brain ICF,13.2,0.536482194720669,20_7.5_250
brain ICF,13.3,0.52553026145404,20_7.5_250
brain ICF,13.4,0.514867742791675,20_7.5_250
brain ICF,13.5,0.504486445402689,20_7.5_250
brain ICF,13.6,0.494378411691356,20_7.5_250
brain ICF,13.7,0.484535912435295,20_7.5_250
brain ICF,13.8,0.474951440497017,20_7.5_250
brain ICF,13.9,0.465617704555006,20_7.5_250
brain ICF,14,0.45652762217739,20_7.5_250
sCSF,0,0,20_7.5_250
sCSF,0.1,0.104211858264662,20_7.5_250
sCSF,0.2,0.579084253489754,20_7.5_250
sCSF,0.3,1.27895836789007,20_7.5_250
sCSF,0.4,1.94594468561179,20_7.5_250
sCSF,0.5,2.51504956190226,20_7.5_250
sCSF,0.6,2.99019843935281,20_7.5_250
sCSF,0.7,3.39041876074887,20_7.5_250
sCSF,0.8,3.73344239382304,20_7.5_250
sCSF,0.9,4.03230036557193,20_7.5_250
sCSF,1,4.29580577377645,20_7.5_250
sCSF,1.1,4.52979172618446,20_7.5_250
sCSF,1.2,4.73818492444439,20_7.5_250
sCSF,1.3,4.92375025257741,20_7.5_250
sCSF,1.4,5.08855848893909,20_7.5_250
sCSF,1.5,5.23426442561033,20_7.5_250
sCSF,1.6,5.36226689934033,20_7.5_250
sCSF,1.7,5.47379915918213,20_7.5_250
sCSF,1.8,5.56997954533229,20_7.5_250
sCSF,1.9,5.65184008209163,20_7.5_250
sCSF,2,5.72034297473408,20_7.5_250
sCSF,2.1,5.77639055041652,20_7.5_250
sCSF,2.2,5.82083165142929,20_7.5_250
sCSF,2.3,5.8544661075657,20_7.5_250
sCSF,2.4,5.87804814270084,20_7.5_250
sCSF,2.5,5.89228918108951,20_7.5_250
sCSF,2.6,5.89786028504178,20_7.5_250
sCSF,2.7,5.89539435731002,20_7.5_250
sCSF,2.8,5.8854881778375,20_7.5_250
sCSF,2.9,5.86870430584606,20_7.5_250
sCSF,3,5.84557287273441,20_7.5_250
sCSF,3.1,5.81659327812549,20_7.5_250
sCSF,3.2,5.78223580166968,20_7.5_250
sCSF,3.3,5.74294313010695,20_7.5_250
sCSF,3.4,5.69913180660908,20_7.5_250
sCSF,3.5,5.65119360397889,20_7.5_250
sCSF,3.6,5.59949683542272,20_7.5_250
sCSF,3.7,5.54438759517107,20_7.5_250
sCSF,3.8,5.48619094403206,20_7.5_250
sCSF,3.9,5.42521202974325,20_7.5_250
sCSF,4,5.3617371488147,20_7.5_250
sCSF,4.1,5.29603475702905,20_7.5_250
sCSF,4.2,5.22835643119924,20_7.5_250
sCSF,4.3,5.1589377822415,20_7.5_250
sCSF,4.4,5.08799932016677,20_7.5_250
sCSF,4.5,5.01574727713472,20_7.5_250
sCSF,4.6,4.94237438710996,20_7.5_250
sCSF,4.7,4.86806062616117,20_7.5_250
sCSF,4.8,4.79297391544338,20_7.5_250
sCSF,4.9,4.71727078855983,20_7.5_250
sCSF,5,4.6410970246908,20_7.5_250
sCSF,5.1,4.56458824869286,20_7.5_250
sCSF,5.2,4.48787050138285,20_7.5_250
sCSF,5.3,4.41106078021275,20_7.5_250
sCSF,5.4,4.33426755130662,20_7.5_250
sCSF,5.5,4.25759123522606,20_7.5_250
sCSF,5.6,4.18112466790953,20_7.5_250
sCSF,5.7,4.10495353780691,20_7.5_250
sCSF,5.8,4.02915680012347,20_7.5_250
sCSF,5.9,3.95380706821663,20_7.5_250
sCSF,6,3.87897098847241,20_7.5_250
sCSF,6.1,3.80470959045301,20_7.5_250
sCSF,6.2,3.73107862086392,20_7.5_250
sCSF,6.3,3.65812885992601,20_7.5_250
sCSF,6.4,3.58590642109163,20_7.5_250
sCSF,6.5,3.51445303475714,20_7.5_250
sCSF,6.6,3.44380631662946,20_7.5_250
sCSF,6.7,3.3740000217247,20_7.5_250
sCSF,6.8,3.3050642850869,20_7.5_250
sCSF,6.9,3.23702584997119,20_7.5_250
sCSF,7,3.16990828246799,20_7.5_250
sCSF,7.1,3.10373217426079,20_7.5_250
sCSF,7.2,3.03851533591316,20_7.5_250
sCSF,7.3,2.97427297891078,20_7.5_250
sCSF,7.4,2.91101788757237,20_7.5_250
sCSF,7.5,2.84876058127093,20_7.5_250
sCSF,7.6,2.78750946836466,20_7.5_250
sCSF,7.7,2.72727099241296,20_7.5_250
sCSF,7.8,2.66804976656578,20_7.5_250
sCSF,7.9,2.60984870386762,20_7.5_250
sCSF,8,2.5526691392884,20_7.5_250
sCSF,8.1,2.49651094471963,20_7.5_250
sCSF,8.2,2.44137263728099,20_7.5_250
sCSF,8.3,2.38725148241214,20_7.5_250
sCSF,8.4,2.33414358924381,20_7.5_250
sCSF,8.5,2.28204400164308,20_7.5_250
sCSF,8.6,2.23094678378767,20_7.5_250
sCSF,8.7,2.1808451002016,20_7.5_250
sCSF,8.8,2.13173129296369,20_7.5_250
sCSF,8.9,2.08359695104182,20_7.5_250
sCSF,9,2.03643297807751,20_7.5_250
sCSF,9.1,1.9902296553717,20_7.5_250
sCSF,9.2,1.94497670033894,20_7.5_250
sCSF,9.3,1.90066332402446,20_7.5_250
sCSF,9.4,1.85727828091195,20_7.5_250
sCSF,9.5,1.81480991837346,20_7.5_250
sCSF,9.6,1.7732462223543,20_7.5_250
sCSF,9.7,1.7325748610307,20_7.5_250
sCSF,9.8,1.69278322408207,20_7.5_250
sCSF,9.9,1.65385846012635,20_7.5_250
sCSF,10,1.61578751205266,20_7.5_250
sCSF,10.1,1.57855714957751,20_7.5_250
sCSF,10.2,1.54215400089913,20_7.5_250
sCSF,10.3,1.50656457941967,20_7.5_250
sCSF,10.4,1.47177531094922,20_7.5_250
sCSF,10.5,1.43777255895599,20_7.5_250
sCSF,10.6,1.40454264699223,20_7.5_250
sCSF,10.7,1.37207187956838,20_7.5_250
sCSF,10.8,1.34034656222733,20_7.5_250
sCSF,10.9,1.30935302052562,20_7.5_250
sCSF,11,1.2790776159439,20_7.5_250
sCSF,11.1,1.2495067617122,20_7.5_250
sCSF,11.2,1.22062693706314,20_7.5_250
sCSF,11.3,1.19242470177797,20_7.5_250
sCSF,11.4,1.16488670625741,20_7.5_250
sCSF,11.5,1.13799970351712,20_7.5_250
sCSF,11.6,1.11175056002908,20_7.5_250
sCSF,11.7,1.08612626397161,20_7.5_250
sCSF,11.8,1.06111393382947,20_7.5_250
sCSF,11.9,1.03670082637861,20_7.5_250
sCSF,12,1.01287434351177,20_7.5_250
sCSF,12.1,0.989622037867631,20_7.5_250
sCSF,12.2,0.966931618519006,20_7.5_250
sCSF,12.3,0.944790956828211,20_7.5_250
sCSF,12.4,0.923188089125557,20_7.5_250
sCSF,12.5,0.902111221229355,20_7.5_250
sCSF,12.6,0.881548732341602,20_7.5_250
sCSF,12.7,0.861489176603165,20_7.5_250
sCSF,12.8,0.84192128601216,20_7.5_250
sCSF,12.9,0.822833972907681,20_7.5_250
sCSF,13,0.804216330496757,20_7.5_250
sCSF,13.1,0.786057634398837,20_7.5_250
sCSF,13.2,0.768347344233373,20_7.5_250
sCSF,13.3,0.751075102981113,20_7.5_250
sCSF,13.4,0.734230737962756,20_7.5_250
sCSF,13.5,0.717804260900116,20_7.5_250
sCSF,13.6,0.701785866993149,20_7.5_250
sCSF,13.7,0.686165935189086,20_7.5_250
sCSF,13.8,0.670935027081,20_7.5_250
sCSF,13.9,0.656083885922065,20_7.5_250
sCSF,14,0.641603436296544,20_7.5_250
brain ECF,0,0,20_7.5_300
brain ECF,0.1,5.55902250255189,20_7.5_300
brain ECF,0.2,14.1980204628751,20_7.5_300
brain ECF,0.3,16.1031143869978,20_7.5_300
brain ECF,0.4,14.9983706736119,20_7.5_300
brain ECF,0.5,13.4343261177384,20_7.5_300
brain ECF,0.6,12.1162887576972,20_7.5_300
brain ECF,0.7,11.1386938163287,20_7.5_300
brain ECF,0.8,10.431808015303,20_7.5_300
brain ECF,0.9,9.90779688074622,20_7.5_300
brain ECF,1,9.4987382769078,20_7.5_300
brain ECF,1.1,9.15976909536811,20_7.5_300
brain ECF,1.2,8.86348009473111,20_7.5_300
brain ECF,1.3,8.59386635016907,20_7.5_300
brain ECF,1.4,8.34183486445924,20_7.5_300
brain ECF,1.5,8.10229553395185,20_7.5_300
brain ECF,1.6,7.87240750807439,20_7.5_300
brain ECF,1.7,7.6505674952506,20_7.5_300
brain ECF,1.8,7.43584314896934,20_7.5_300
brain ECF,1.9,7.22766238579003,20_7.5_300
brain ECF,2,7.02564571229613,20_7.5_300
brain ECF,2.1,6.82951683910991,20_7.5_300
brain ECF,2.2,6.63905542294803,20_7.5_300
brain ECF,2.3,6.45407231423972,20_7.5_300
brain ECF,2.4,6.27439658130795,20_7.5_300
brain ECF,2.5,6.0998687729059,20_7.5_300
brain ECF,2.6,5.93033738000535,20_7.5_300
brain ECF,2.7,5.76565694769315,20_7.5_300
brain ECF,2.8,5.60568707786858,20_7.5_300
brain ECF,2.9,5.45029185345421,20_7.5_300
brain ECF,3,5.29933948719662,20_7.5_300
brain ECF,3.1,5.15270209127081,20_7.5_300
brain ECF,3.2,5.0102555167862,20_7.5_300
brain ECF,3.3,4.87187921653789,20_7.5_300
brain ECF,3.4,4.73745612436492,20_7.5_300
brain ECF,3.5,4.60687254925262,20_7.5_300
brain ECF,3.6,4.48001807468979,20_7.5_300
brain ECF,3.7,4.35678546329083,20_7.5_300
brain ECF,3.8,4.23707056446015,20_7.5_300
brain ECF,3.9,4.12077222502211,20_7.5_300
brain ECF,4,4.00779220277553,20_7.5_300
brain ECF,4.1,3.89803508278398,20_7.5_300
brain ECF,4.2,3.79140819614737,20_7.5_300
brain ECF,4.3,3.6878215408648,20_7.5_300
brain ECF,4.4,3.58718770517874,20_7.5_300
brain ECF,4.5,3.48942179312363,20_7.5_300
brain ECF,4.6,3.39444135221554,20_7.5_300
brain ECF,4.7,3.30216630316771,20_7.5_300
brain ECF,4.8,3.21251887161282,20_7.5_300
brain ECF,4.9,3.12542352185488,20_7.5_300
brain ECF,5,3.04080689240023,20_7.5_300
brain ECF,5.1,2.95859773347297,20_7.5_300
brain ECF,5.2,2.87872684629095,20_7.5_300
brain ECF,5.3,2.80112702406755,20_7.5_300
brain ECF,5.4,2.7257329946953,20_7.5_300
brain ECF,5.5,2.65248136508104,20_7.5_300
brain ECF,5.6,2.58131056710603,20_7.5_300
brain ECF,5.7,2.51216080510358,20_7.5_300
brain ECF,5.8,2.44497400483231,20_7.5_300
brain ECF,5.9,2.37969376396729,20_7.5_300
brain ECF,6,2.31626530400817,20_7.5_300
brain ECF,6.1,2.25463542357962,20_7.5_300
brain ECF,6.2,2.19475245294514,20_7.5_300
brain ECF,6.3,2.13656621000436,20_7.5_300
brain ECF,6.4,2.08002795749997,20_7.5_300
brain ECF,6.5,2.0250903613489,20_7.5_300
brain ECF,6.6,1.97170745029284,20_7.5_300
brain ECF,6.7,1.91983457668138,20_7.5_300
brain ECF,6.8,1.86942837837819,20_7.5_300
brain ECF,6.9,1.82044674175293,20_7.5_300
brain ECF,7,1.77284876576667,20_7.5_300
brain ECF,7.1,1.72659472694509,20_7.5_300
brain ECF,7.2,1.6816460456312,20_7.5_300
brain ECF,7.3,1.63796525294949,20_7.5_300
brain ECF,7.4,1.59551595886146,20_7.5_300
brain ECF,7.5,1.55426282110562,20_7.5_300
brain ECF,7.6,1.51417151503372,20_7.5_300
brain ECF,7.7,1.47520870435632,20_7.5_300
brain ECF,7.8,1.43734201251173,20_7.5_300
brain ECF,7.9,1.40053999521659,20_7.5_300
brain ECF,8,1.36477211357315,20_7.5_300
brain ECF,8.1,1.33000870795926,20_7.5_300
brain ECF,8.2,1.29622097270934,20_7.5_300
brain ECF,8.3,1.26338093158411,20_7.5_300
brain ECF,8.4,1.23146141366762,20_7.5_300
brain ECF,8.5,1.2004360304816,20_7.5_300
brain ECF,8.6,1.1702791533043,20_7.5_300
brain ECF,8.7,1.140965891284,20_7.5_300
brain ECF,8.8,1.11247207022809,20_7.5_300
brain ECF,8.9,1.08477421186735,20_7.5_300
brain ECF,9,1.05784951384854,20_7.5_300
brain ECF,9.1,1.03167583033597,20_7.5_300
brain ECF,9.2,1.00623165304866,20_7.5_300
brain ECF,9.3,0.981496092958738,20_7.5_300
brain ECF,9.4,0.957448862216151,20_7.5_300
brain ECF,9.5,0.93407025715999,20_7.5_300
brain ECF,9.6,0.911341141322403,20_7.5_300
brain ECF,9.7,0.88924292912984,20_7.5_300
brain ECF,9.8,0.867757569964775,20_7.5_300
brain ECF,9.9,0.846867532736697,20_7.5_300
brain ECF,10,0.826555791057616,20_7.5_300
brain ECF,10.1,0.806805808652712,20_7.5_300
brain ECF,10.2,0.787601525096377,20_7.5_300
brain ECF,10.3,0.768927342244289,20_7.5_300
brain ECF,10.4,0.750768110953314,20_7.5_300
brain ECF,10.5,0.733109118101482,20_7.5_300
brain ECF,10.6,0.715936073886319,20_7.5_300
brain ECF,10.7,0.699235099791711,20_7.5_300
brain ECF,10.8,0.682992716724279,20_7.5_300
brain ECF,10.9,0.667195833533638,20_7.5_300
brain ECF,11,0.651831735531243,20_7.5_300
brain ECF,11.1,0.636888074056181,20_7.5_300
brain ECF,11.2,0.622352855799483,20_7.5_300
brain ECF,11.3,0.608214432447337,20_7.5_300
brain ECF,11.4,0.594461490769911,20_7.5_300
brain ECF,11.5,0.581083043114316,20_7.5_300
brain ECF,11.6,0.568068417954402,20_7.5_300
brain ECF,11.7,0.555407250590358,20_7.5_300
brain ECF,11.8,0.543089474558307,20_7.5_300
brain ECF,11.9,0.53110531303577,20_7.5_300
brain ECF,12,0.519445270192466,20_7.5_300
brain ECF,12.1,0.508100123411259,20_7.5_300
brain ECF,12.2,0.497060915410676,20_7.5_300
brain ECF,12.3,0.48631894635622,20_7.5_300
brain ECF,12.4,0.475865766613943,20_7.5_300
brain ECF,12.5,0.465693169616787,20_7.5_300
brain ECF,12.6,0.455793184664603,20_7.5_300
brain ECF,12.7,0.446158070185776,20_7.5_300
brain ECF,12.8,0.436780307306811,20_7.5_300
brain ECF,12.9,0.427652593198272,20_7.5_300
brain ECF,13,0.418767834862375,20_7.5_300
brain ECF,13.1,0.410119143385866,20_7.5_300
brain ECF,13.2,0.401699827653953,20_7.5_300
brain ECF,13.3,0.393503388903027,20_7.5_300
brain ECF,13.4,0.385523515249318,20_7.5_300
brain ECF,13.5,0.377754075968245,20_7.5_300
brain ECF,13.6,0.370189116587126,20_7.5_300
brain ECF,13.7,0.362822853788256,20_7.5_300
brain ECF,13.8,0.355649670191338,20_7.5_300
brain ECF,13.9,0.348664109897404,20_7.5_300
brain ECF,14,0.341860873517418,20_7.5_300
brain ICF,0,0,20_7.5_300
brain ICF,0.1,6.67335316176082,20_7.5_300
brain ICF,0.2,18.4086496304172,20_7.5_300
brain ICF,0.3,21.4792568248602,20_7.5_300
brain ICF,0.4,20.1312281208831,20_7.5_300
brain ICF,0.5,18.0445880376006,20_7.5_300
brain ICF,0.6,16.2575394752066,20_7.5_300
brain ICF,0.7,14.9259172569934,20_7.5_300
brain ICF,0.8,13.9631078376682,20_7.5_300
brain ICF,0.9,13.2512882292885,20_7.5_300
brain ICF,1,12.6977789417002,20_7.5_300
brain ICF,1.1,12.2409075192624,20_7.5_300
brain ICF,1.2,11.8428407104192,20_7.5_300
brain ICF,1.3,11.4814321006067,20_7.5_300
brain ICF,1.4,11.1440809057949,20_7.5_300
brain ICF,1.5,10.8237286612145,20_7.5_300
brain ICF,1.6,10.5164366327808,20_7.5_300
brain ICF,1.7,10.2199847147023,20_7.5_300
brain ICF,1.8,9.93308535700844,20_7.5_300
brain ICF,1.9,9.6549520022337,20_7.5_300
brain ICF,2,9.38506594893151,20_7.5_300
brain ICF,2.1,9.12305197530864,20_7.5_300
brain ICF,2.2,8.86861254510025,20_7.5_300
brain ICF,2.3,8.62149333264977,20_7.5_300
brain ICF,2.4,8.38146514642233,20_7.5_300
brain ICF,2.5,8.14831454336153,20_7.5_300
brain ICF,2.6,7.92183890204185,20_7.5_300
brain ICF,2.7,7.70184379622968,20_7.5_300
brain ICF,2.8,7.48814161058536,20_7.5_300
brain ICF,2.9,7.28055074419803,20_7.5_300
brain ICF,3,7.07889512728396,20_7.5_300
brain ICF,3.1,6.88300390628417,20_7.5_300
brain ICF,3.2,6.69271122632754,20_7.5_300
brain ICF,3.3,6.50785604596887,20_7.5_300
brain ICF,3.4,6.32828197493256,20_7.5_300
brain ICF,3.5,6.15383713225126,20_7.5_300
brain ICF,3.6,5.98437401160198,20_7.5_300
brain ICF,3.7,5.81974935380438,20_7.5_300
brain ICF,3.8,5.65982402339775,20_7.5_300
brain ICF,3.9,5.50446288920619,20_7.5_300
brain ICF,4,5.35353470884145,20_7.5_300
brain ICF,4.1,5.20691201687693,20_7.5_300
brain ICF,4.2,5.064471016334,20_7.5_300
brain ICF,4.3,4.92609147295735,20_7.5_300
brain ICF,4.4,4.79165661280644,20_7.5_300
brain ICF,4.5,4.66105302279675,20_7.5_300
brain ICF,4.6,4.53417055410271,20_7.5_300
brain ICF,4.7,4.41090222826463,20_7.5_300
brain ICF,4.8,4.29114414597499,20_7.5_300
brain ICF,4.9,4.17479539857706,20_7.5_300
brain ICF,5,4.06175798194143,20_7.5_300
brain ICF,5.1,3.95193671299342,20_7.5_300
brain ICF,5.2,3.84523914859164,20_7.5_300
brain ICF,5.3,3.74157550671191,20_7.5_300
brain ICF,5.4,3.64085858987813,20_7.5_300
brain ICF,5.5,3.5430037107998,20_7.5_300
brain ICF,5.6,3.44792862018026,20_7.5_300
brain ICF,5.7,3.35555343655176,20_7.5_300
brain ICF,5.8,3.26580057810881,20_7.5_300
brain ICF,5.9,3.17859469656913,20_7.5_300
brain ICF,6,3.09386261292767,20_7.5_300
brain ICF,6.1,3.0115332550706,20_7.5_300
brain ICF,6.2,2.9315375970102,20_7.5_300
brain ICF,6.3,2.85380860010148,20_7.5_300
brain ICF,6.4,2.77828115587486,20_7.5_300
brain ICF,6.5,2.70489203037056,20_7.5_300
brain ICF,6.6,2.63357981023577,20_7.5_300
brain ICF,6.7,2.56428485033453,20_7.5_300
brain ICF,6.8,2.49694922285824,20_7.5_300
brain ICF,6.9,2.43151666788625,20_7.5_300
brain ICF,7,2.36793254540753,20_7.5_300
brain ICF,7.1,2.30614378852824,20_7.5_300
brain ICF,7.2,2.2460988583885,20_7.5_300
brain ICF,7.3,2.18774770002978,20_7.5_300
brain ICF,7.4,2.13104169971998,20_7.5_300
brain ICF,7.5,2.0759336434604,20_7.5_300
brain ICF,7.6,2.02237767668968,20_7.5_300
brain ICF,7.7,1.97032926520274,20_7.5_300
brain ICF,7.8,1.91974515690236,20_7.5_300
brain ICF,7.9,1.87058334512937,20_7.5_300
brain ICF,8,1.8228030327365,20_7.5_300
brain ICF,8.1,1.77636459720788,20_7.5_300
brain ICF,8.2,1.73122955683525,20_7.5_300
brain ICF,8.3,1.68736053794775,20_7.5_300
brain ICF,8.4,1.64472124271266,20_7.5_300
brain ICF,8.5,1.60327641856233,20_7.5_300
brain ICF,8.6,1.56299182789426,20_7.5_300
brain ICF,8.7,1.52383421883278,20_7.5_300
brain ICF,8.8,1.48577129689327,20_7.5_300
brain ICF,8.9,1.44877169728121,20_7.5_300
brain ICF,9,1.41280495816406,20_7.5_300
brain ICF,9.1,1.37784149475682,20_7.5_300
brain ICF,9.2,1.34385257398945,20_7.5_300
brain ICF,9.3,1.31081029005762,20_7.5_300
brain ICF,9.4,1.27868754027575,20_7.5_300
brain ICF,9.5,1.24745800238179,20_7.5_300
brain ICF,9.6,1.21709611183201,20_7.5_300
brain ICF,9.7,1.18757704002732,20_7.5_300
brain ICF,9.8,1.15887667302125,20_7.5_300
brain ICF,9.9,1.1309715909082,20_7.5_300
brain ICF,10,1.10383904801931,20_7.5_300
brain ICF,10.1,1.07745695343239,20_7.5_300
brain ICF,10.2,1.0518038519166,20_7.5_300
brain ICF,10.3,1.02685890580698,20_7.5_300
brain ICF,10.4,1.00260187726341,20_7.5_300
brain ICF,10.5,0.979013110930527,20_7.5_300
brain ICF,10.6,0.956073516969432,20_7.5_300
brain ICF,10.7,0.933764554982547,20_7.5_300
brain ICF,10.8,0.912068218164889,20_7.5_300
brain ICF,10.9,0.890967017968181,20_7.5_300
brain ICF,11,0.87044396876309,20_7.5_300
brain ICF,11.1,0.850482573900064,20_7.5_300
brain ICF,11.2,0.8310668114476,20_7.5_300
brain ICF,11.3,0.812181120356509,20_7.5_300
brain ICF,11.4,0.793810387219499,20_7.5_300
brain ICF,11.5,0.775939933570628,20_7.5_300
brain ICF,11.6,0.758555503260695,20_7.5_300
brain ICF,11.7,0.741643250032753,20_7.5_300
brain ICF,11.8,0.725189726046103,20_7.5_300
brain ICF,11.9,0.709181870394781,20_7.5_300
brain ICF,12,0.693606997553,20_7.5_300
brain ICF,12.1,0.678452786983056,20_7.5_300
brain ICF,12.2,0.66370727261171,20_7.5_300
brain ICF,12.3,0.649358832291624,20_7.5_300
brain ICF,12.4,0.635396178120793,20_7.5_300
brain ICF,12.5,0.621808346912609,20_7.5_300
brain ICF,12.6,0.608584690577353,20_7.5_300
brain ICF,12.7,0.595714867120324,20_7.5_300
brain ICF,12.8,0.583188832051387,20_7.5_300
brain ICF,12.9,0.570996829495753,20_7.5_300
brain ICF,13,0.559129383894756,20_7.5_300
brain ICF,13.1,0.547577292328219,20_7.5_300
brain ICF,13.2,0.536331616116839,20_7.5_300
brain ICF,13.3,0.525383673545103,20_7.5_300
brain ICF,13.4,0.514725032552067,20_7.5_300
brain ICF,13.5,0.504347503089087,20_7.5_300
brain ICF,13.6,0.494243130564118,20_7.5_300
brain ICF,13.7,0.484404189032679,20_7.5_300
brain ICF,13.8,0.474823174227657,20_7.5_300
brain ICF,13.9,0.465492797606382,20_7.5_300
brain ICF,14,0.456405979709287,20_7.5_300
sCSF,0,0,20_7.5_300
sCSF,0.1,0.102518805975213,20_7.5_300
sCSF,0.2,0.575655774180906,20_7.5_300
sCSF,0.3,1.27695450312752,20_7.5_300
sCSF,0.4,1.94558289370162,20_7.5_300
sCSF,0.5,2.51556735691656,20_7.5_300
sCSF,0.6,2.99101304827248,20_7.5_300
sCSF,0.7,3.39123624087726,20_7.5_300
sCSF,0.8,3.73415544928121,20_7.5_300
sCSF,0.9,4.03289218079589,20_7.5_300
sCSF,1,4.29629340752187,20_7.5_300
sCSF,1.1,4.5301994026062,20_7.5_300
sCSF,1.2,4.73853390110702,20_7.5_300
sCSF,1.3,4.92405635900896,20_7.5_300
sCSF,1.4,5.08883260066778,20_7.5_300
sCSF,1.5,5.23451371329062,20_7.5_300
sCSF,1.6,5.36249602188599,20_7.5_300
sCSF,1.7,5.47401116872277,20_7.5_300
sCSF,1.8,5.57017650200522,20_7.5_300
sCSF,1.9,5.65202344604916,20_7.5_300
sCSF,2,5.72051384701343,20_7.5_300
sCSF,2.1,5.77654981331172,20_7.5_300
sCSF,2.2,5.82098005314716,20_7.5_300
sCSF,2.3,5.85460430728365,20_7.5_300
sCSF,2.4,5.87817674002585,20_7.5_300
sCSF,2.5,5.89240872983691,20_7.5_300
sCSF,2.6,5.89797130194451,20_7.5_300
sCSF,2.7,5.89549732985086,20_7.5_300
sCSF,2.8,5.88558356599198,20_7.5_300
sCSF,2.9,5.8687925435277,20_7.5_300
sCSF,3,5.84565436917995,20_7.5_300
sCSF,3.1,5.81666842434772,20_7.5_300
sCSF,3.2,5.78230496960536,20_7.5_300
sCSF,3.3,5.74300667095452,20_7.5_300
sCSF,3.4,5.6991900508755,20_7.5_300
sCSF,3.5,5.65124686117411,20_7.5_300
sCSF,3.6,5.59954539936316,20_7.5_300
sCSF,3.7,5.54443174983167,20_7.5_300
sCSF,3.8,5.48623096029008,20_7.5_300
sCSF,3.9,5.4252481615489,20_7.5_300
sCSF,4,5.36176963410025,20_7.5_300
sCSF,4.1,5.2960638210004,20_7.5_300
sCSF,4.2,5.22838228695193,20_7.5_300
sCSF,4.3,5.158960632356,20_7.5_300
sCSF,4.4,5.08801935722866,20_7.5_300
sCSF,4.5,5.0157646830269,20_7.5_300
sCSF,4.6,4.94238933316017,20_7.5_300
sCSF,4.7,4.86807327402686,20_7.5_300
sCSF,4.8,4.79298441803934,20_7.5_300
sCSF,4.9,4.7172792897955,20_7.5_300
sCSF,5,4.64110366075635,20_7.5_300
sCSF,5.1,4.56459314898238,20_7.5_300
sCSF,5.2,4.48787378844903,20_7.5_300
sCSF,5.3,4.41106256933161,20_7.5_300
sCSF,5.4,4.3342679507566,20_7.5_300
sCSF,5.5,4.25759034701208,20_7.5_300
sCSF,5.6,4.18112258810296,20_7.5_300
sCSF,5.7,4.10495035686617,20_7.5_300
sCSF,5.8,4.02915260351831,20_7.5_300
sCSF,5.9,3.95380193777191,20_7.5_300
sCSF,6,3.87896500052648,20_7.5_300
sCSF,6.1,3.80470281593064,20_7.5_300
sCSF,6.2,3.73107112670122,20_7.5_300
sCSF,6.3,3.65812070925303,20_7.5_300
sCSF,6.4,3.58589767294175,20_7.5_300
sCSF,6.5,3.51444374477861,20_7.5_300
sCSF,6.6,3.44379653738028,20_7.5_300
sCSF,6.7,3.37398980294567,20_7.5_300
sCSF,6.8,3.30505367366283,20_7.5_300
sCSF,6.9,3.23701488930211,20_7.5_300
sCSF,7,3.16989701218355,20_7.5_300
sCSF,7.1,3.10372063213155,20_7.5_300
sCSF,7.2,3.03850355715455,20_7.5_300
sCSF,7.3,2.97426099662897,20_7.5_300
sCSF,7.4,2.91100573287665,20_7.5_300
sCSF,7.5,2.84874828365297,20_7.5_300
sCSF,7.6,2.78749705561515,20_7.5_300
sCSF,7.7,2.72725848886381,20_7.5_300
sCSF,7.8,2.66803719552994,20_7.5_300
sCSF,7.9,2.6098360871122,20_7.5_300
sCSF,8,2.55265649691502,20_7.5_300
sCSF,8.1,2.49649829540867,20_7.5_300
sCSF,8.2,2.44135999866405,20_7.5_300
sCSF,8.3,2.38723887006519,20_7.5_300
sCSF,8.4,2.33413101849391,20_7.5_300
sCSF,8.5,2.28203148642065,20_7.5_300
sCSF,8.6,2.23093433673106,20_7.5_300
sCSF,8.7,2.18083273322524,20_7.5_300
sCSF,8.8,2.13171901602015,20_7.5_300
sCSF,8.9,2.08358477348527,20_7.5_300
sCSF,9,2.03642090884556,20_7.5_300
sCSF,9.1,1.99021770260749,20_7.5_300
sCSF,9.2,1.94496487205536,20_7.5_300
sCSF,9.3,1.90065162630503,20_7.5_300
sCSF,9.4,1.85726671991347,20_7.5_300
sCSF,9.5,1.81479849946369,20_7.5_300
sCSF,9.6,1.77323495048853,20_7.5_300
sCSF,9.7,1.73256374004694,20_7.5_300
sCSF,9.8,1.69277225723328,20_7.5_300
sCSF,9.9,1.65384765071688,20_7.5_300
sCSF,10,1.61577686297225,20_7.5_300
sCSF,10.1,1.57854666334355,20_7.5_300
sCSF,10.2,1.54214367935146,20_7.5_300
sCSF,10.3,1.50655442432557,20_7.5_300
sCSF,10.4,1.47176532377992,20_7.5_300
sCSF,10.5,1.43776274034428,20_7.5_300
sCSF,10.6,1.40453299735224,20_7.5_300
sCSF,10.7,1.3720623992851,20_7.5_300
sCSF,10.8,1.34033725160074,20_7.5_300
sCSF,10.9,1.30934387891677,20_7.5_300
sCSF,11,1.27906864319617,20_7.5_300
sCSF,11.1,1.24949795749082,20_7.5_300
sCSF,11.2,1.22061830095506,20_7.5_300
sCSF,11.3,1.19241623252734,20_7.5_300
sCSF,11.4,1.16487840288451,20_7.5_300
sCSF,11.5,1.13799156501689,20_7.5_300
sCSF,11.6,1.11174258467724,20_7.5_300
sCSF,11.7,1.08611845027743,20_7.5_300
sCSF,11.8,1.06110628036512,20_7.5_300
sCSF,11.9,1.03669333130534,20_7.5_300
sCSF,12,1.01286700509894,20_7.5_300
sCSF,12.1,0.989614854458993,20_7.5_300
sCSF,12.2,0.966924588401728,20_7.5_300
sCSF,12.3,0.944784077830126,20_7.5_300
sCSF,12.4,0.923181359288731,20_7.5_300
sCSF,12.5,0.90210463856673,20_7.5_300
sCSF,12.6,0.881542294477405,20_7.5_300
sCSF,12.7,0.861482881440376,20_7.5_300
sCSF,12.8,0.841915131419445,20_7.5_300
sCSF,12.9,0.822827956442097,20_7.5_300
sCSF,13,0.804210450046196,20_7.5_300
sCSF,13.1,0.786051887840134,20_7.5_300
sCSF,13.2,0.768341729234393,20_7.5_300
sCSF,13.3,0.751069617407632,20_7.5_300
sCSF,13.4,0.734225379493613,20_7.5_300
sCSF,13.5,0.717799027176227,20_7.5_300
sCSF,13.6,0.701780755843921,20_7.5_300
sCSF,13.7,0.686160944189331,20_7.5_300
sCSF,13.8,0.67093015395813,20_7.5_300
sCSF,13.9,0.656079128522017,20_7.5_300
sCSF,14,0.64159879230893,20_7.5_300
