Model,MW_g_per_mol,logP,Predicted_log10_parameter,PS_BBB_L_per_h
Smith,50,-6,-7.31549319692302,0.00025245112249661
Smith,50,-5.95317725752508,-7.27396142434777,0.000277785184155394
Smith,50,-5.90635451505017,-7.23242965177252,0.000305661578261677
Smith,50,-5.85953177257525,-7.19089787919727,0.000336335433833487
Smith,50,-5.81270903010033,-7.14936610662202,0.000370087482683598
Smith,50,-5.76588628762542,-7.10783433404677,0.00040722662871998
Smith,50,-5.7190635451505,-7.06630256147152,0.000448092775081555
Smith,50,-5.67224080267559,-7.02477078889627,0.000493059934983661
Smith,50,-5.62541806020067,-6.98323901632102,0.000542539654744143
Smith,50,-5.57859531772575,-6.94170724374577,0.000596984780318136
Smith,50,-5.53177257525084,-6.90017547117052,0.000656893601813423
Smith,50,-5.48494983277592,-6.85864369859527,0.000722814413917656
Smith,50,-5.438127090301,-6.81711192602002,0.000795350533975084
Smith,50,-5.39130434782609,-6.77558015344476,0.000875165823639093
Smith,50,-5.34448160535117,-6.73404838086951,0.000962990764635464
Smith,50,-5.29765886287625,-6.69251660829426,0.00105962914424275
Smith,50,-5.25083612040134,-6.65098483571901,0.00116596541167626
Smith,50,-5.20401337792642,-6.60945306314376,0.0012829727727024
Smith,50,-5.1571906354515,-6.56792129056851,0.00141172209656655
Smith,50,-5.11036789297659,-6.52638951799326,0.00155339171675198
Smith,50,-5.06354515050167,-6.48485774541801,0.00170927821526802
Smith,50,-5.01672240802676,-6.44332597284276,0.00188080828916656
Smith,50,-4.96989966555184,-6.40179420026751,0.0020695518078916
Smith,50,-4.92307692307692,-6.36026242769226,0.00227723618096415
Smith,50,-4.87625418060201,-6.318730655117,0.00250576216749817
Smith,50,-4.82943143812709,-6.27719888254175,0.00275722127223833
Smith,50,-4.78260869565217,-6.2356671099665,0.00303391488733101
Smith,50,-4.73578595317726,-6.19413533739125,0.00333837535501689
Smith,50,-4.68896321070234,-6.152603564816,0.00367338914401399
Smith,50,-4.64214046822742,-6.11107179224075,0.00404202235170513
Smith,50,-4.59531772575251,-6.0695400196655,0.00444764876552966
Smith,50,-4.54849498327759,-6.02800824709025,0.00489398074040155
Smith,50,-4.50167224080268,-5.986476474515,0.0053851031747488
Smith,50,-4.45484949832776,-5.94494470193975,0.00592551089612792
Smith,50,-4.40802675585284,-5.9034129293645,0.00652014979857254
Smith,50,-4.36120401337793,-5.86188115678925,0.00717446210817123
Smith,50,-4.31438127090301,-5.82034938421399,0.0078944361911522
Smith,50,-4.26755852842809,-5.77881761163874,0.00868666136032594
Smith,50,-4.22073578595318,-5.73728583906349,0.00955838818148286
Smith,50,-4.17391304347826,-5.69575406648824,0.0105175948316792
Smith,50,-4.12709030100334,-5.65422229391299,0.0115730601167323
Smith,50,-4.08026755852843,-5.61269052133774,0.0127344438161929
Smith,50,-4.03344481605351,-5.57115874876249,0.0140123750911234
Smith,50,-3.9866220735786,-5.52962697618724,0.015418549763804
Smith,50,-3.93979933110368,-5.48809520361199,0.0169658373596849
Smith,50,-3.89297658862876,-5.44656343103674,0.01866839889125
Smith,50,-3.84615384615385,-5.40503165846149,0.0205418164617661
Smith,50,-3.79933110367893,-5.36349988588624,0.0226032358750736
Smith,50,-3.75250836120401,-5.32196811331098,0.0248715235566023
Smith,50,-3.7056856187291,-5.28043634073573,0.0273674392217794
Smith,50,-3.65886287625418,-5.23890456816048,0.0301138258721175
Smith,50,-3.61204013377926,-5.19737279558523,0.0331358188578541
Smith,50,-3.56521739130435,-5.15584102300998,0.0364610759205174
Smith,50,-3.51839464882943,-5.11430925043473,0.0401200303208028
Smith,50,-3.47157190635451,-5.07277747785948,0.0441461693684242
Smith,50,-3.4247491638796,-5.03124570528423,0.0485763409030893
Smith,50,-3.37792642140468,-4.98971393270898,0.0534510905315583
Smith,50,-3.33110367892977,-4.94818216013373,0.0588150327072318
Smith,50,-3.28428093645485,-4.90665038755848,0.0647172590484451
Smith,50,-3.23745819397993,-4.86511861498323,0.0712117876324595
Smith,50,-3.19063545150502,-4.82358684240797,0.0783580573771587
Smith,50,-3.1438127090301,-4.78205506983272,0.0862214720351072
Smith,50,-3.09698996655518,-4.74052329725747,0.0948739987786862
Smith,50,-3.05016722408027,-4.69899152468222,0.104394826854651
Smith,50,-3.00334448160535,-4.65745975210697,0.114871092336216
Smith,50,-2.95652173913043,-4.61592797953172,0.126398675605713
Smith,50,-2.90969899665552,-4.57439620695647,0.139083078866493
Smith,50,-2.8628762541806,-4.53286443438122,0.153040391715219
Smith,50,-2.81605351170569,-4.49133266180597,0.168398353611584
Smith,50,-2.76923076923077,-4.44980088923072,0.18529752296937
Smith,50,-2.72240802675585,-4.40826911665547,0.203892563568522
Smith,50,-2.67558528428094,-4.36673734408021,0.224353660061692
Smith,50,-2.62876254180602,-4.32520557150496,0.246868075530187
Smith,50,-2.5819397993311,-4.28367379892971,0.271641865344295
Smith,50,-2.53511705685619,-4.24214202635446,0.298901763013522
Smith,50,-2.48829431438127,-4.20061025377921,0.32889725528631
Smith,50,-2.44147157190635,-4.15907848120396,0.361902865490874
Smith,50,-2.39464882943144,-4.11754670862871,0.398220666014653
Smith,50,-2.34782608695652,-4.07601493605346,0.438183042916948
Smith,50,-2.30100334448161,-4.03448316347821,0.482155737976921
Smith,50,-2.25418060200669,-3.99295139090296,0.530541196018239
Smith,50,-2.20735785953177,-3.95141961832771,0.583782248145591
Smith,50,-2.16053511705686,-3.90988784575246,0.642366164602614
Smith,50,-2.11371237458194,-3.86835607317721,0.706829114343617
Smith,50,-2.06688963210702,-3.82682430060195,0.777761072133761
Smith,50,-2.02006688963211,-3.7852925280267,0.855811218088262
Smith,50,-1.97324414715719,-3.74376075545145,0.941693879067982
Smith,50,-1.92642140468227,-3.7022289828762,1.03619506630801
Smith,50,-1.87959866220736,-3.66069721030095,1.14017966911256
Smith,50,-1.83277591973244,-3.6191654377257,1.25459937045406
Smith,50,-1.78595317725753,-3.57763366515045,1.38050135692109
Smith,50,-1.73913043478261,-3.5361018925752,1.51903790273004
Smith,50,-1.69230769230769,-3.49457011999995,1.67147691551481
Smith,50,-1.64548494983278,-3.4530383474247,1.8392135404112
Smith,50,-1.59866220735786,-3.41150657484945,2.0237829286383
Smith,50,-1.55183946488294,-3.36997480227419,2.22687428743709
Smith,50,-1.50501672240803,-3.32844302969894,2.4503463399531
Smith,50,-1.45819397993311,-3.28691125712369,2.69624433655472
Smith,50,-1.41137123745819,-3.24537948454844,2.96681877327697
Smith,50,-1.36454849498328,-3.20384771197319,3.26454598870516
Smith,50,-1.31772575250836,-3.16231593939794,3.59215082780386
Smith,50,-1.27090301003344,-3.12078416682269,3.95263158011445
Smith,50,-1.22408026755853,-3.07925239424744,4.34928742055904
Smith,50,-1.17725752508361,-3.03772062167219,4.78574860399343
Smith,50,-1.1304347826087,-2.99618884909694,5.26600968985426
Smith,50,-1.08361204013378,-2.95465707652169,5.79446610097719
Smith,50,-1.03678929765886,-2.91312530394644,6.3759543511784
Smith,50,-0.989966555183947,-2.87159353137119,7.01579630976786
Smith,50,-0.94314381270903,-2.83006175879593,7.71984790811047
Smith,50,-0.896321070234114,-2.78852998622068,8.49455273400452
Smith,50,-0.849498327759197,-2.74699821364543,9.34700100438188
Smith,50,-0.802675585284281,-2.70546644107018,10.2849944560564
Smith,50,-0.755852842809364,-2.66393466849493,11.3171177484117
Smith,50,-0.709030100334449,-2.62240289591968,12.4528170315148
Smith,50,-0.662207357859532,-2.58087112334443,13.7024863987253
Smith,50,-0.615384615384615,-2.53933935076918,15.077563015026
Smith,50,-0.568561872909699,-2.49780757819393,16.5906317917037
Smith,50,-0.521739130434782,-2.45627580561868,18.2555405653806
Smith,50,-0.474916387959866,-2.41474403304343,20.0875268355307
Smith,50,-0.42809364548495,-2.37321226046817,22.103357220403
Smith,50,-0.381270903010034,-2.33168048789292,24.3214809076737
Smith,50,-0.334448160535117,-2.29014871531767,26.7621985042302
Smith,50,-0.287625418060201,-2.24861694274242,29.4478478304274
Smith,50,-0.240802675585284,-2.20708517016717,32.4030083592325
Smith,50,-0.193979933110368,-2.16555339759192,35.6547261713166
Smith,50,-0.147157190635451,-2.12402162501667,39.2327614849179
Smith,50,-0.100334448160535,-2.08248985244142,43.1698610259056
Smith,50,-0.0535117056856187,-2.04095807986617,47.5020577308185
Smith,50,-0.00668896321070278,-1.99942630729092,52.2690005258056
Smith,50,0.040133779264214,-1.95789453471567,57.5143171996561
Smith,50,0.0869565217391308,-1.91636276214042,63.2860136919879
Smith,50,0.133779264214047,-1.87483098956516,69.6369134509419
Smith,50,0.180602006688964,-1.83329921698991,76.6251408814505
Smith,50,0.227424749163879,-1.79176744441466,84.3146533086716
Smith,50,0.274247491638796,-1.75023567183941,92.7758263252007
Smith,50,0.321070234113712,-1.70870389926416,102.086097879247
Smith,50,0.367892976588629,-1.66717212668891,112.330676998566
Smith,50,0.414715719063545,-1.62564035411366,123.603323636501
Smith,50,0.461538461538462,-1.58410858153841,136.007206777404
Smith,50,0.508361204013378,-1.54257680896316,149.655848654938
Smith,50,0.555183946488294,-1.50104503638791,164.674163724908
Smith,50,0.60200668896321,-1.45951326381266,181.199601901445
Smith,50,0.648829431438127,-1.41798149123741,199.383406519624
Smith,50,0.695652173913044,-1.37644971866215,219.391998537567
Smith,50,0.74247491638796,-1.3349179460869,241.408499646485
Smith,50,0.789297658862877,-1.29338617351165,265.634408228375
Smith,50,0.836120401337793,-1.2518544009364,292.291443499994
Smith,50,0.882943143812709,-1.21032262836115,321.623574721011
Smith,50,0.929765886287625,-1.1687908557859,353.899254037944
Smith,50,0.976588628762542,-1.12725908321065,389.413873399222
Smith,50,1.02341137123746,-1.0857273106354,428.492468027431
Smith,50,1.07023411371237,-1.04419553806015,471.492691191331
Smith,50,1.11705685618729,-1.0026637654849,518.808087503213
Smith,50,1.16387959866221,-0.961131992909646,570.871694699328
Smith,50,1.21070234113712,-0.919600220334396,628.160006867402
Smith,50,1.25752508361204,-0.878068447759145,691.197335393339
Smith,50,1.30434782608696,-0.836536675183894,760.560607539124
Smith,50,1.35117056856187,-0.795004902608643,836.88464656928
Smith,50,1.39799331103679,-0.753473130033392,920.86798175037
Smith,50,1.44481605351171,-0.711941357458141,1013.27924139757
Smith,50,1.49163879598662,-0.67040958488289,1114.96418747848
Smith,50,1.53846153846154,-0.62887781230764,1226.8534561558
Smith,50,1.58528428093646,-0.587346039732389,1349.97107511176
Smith,50,1.63210702341137,-0.545814267157138,1485.44383560588
Smith,50,1.67892976588629,-0.504282494581887,1634.51160504075
Smith,50,1.7257525083612,-0.462750722006636,1798.53867441793
Smith,50,1.77257525083612,-0.421218949431385,1979.02624453765
Smith,50,1.81939799331104,-0.379687176856135,2177.6261652179
Smith,50,1.86622073578595,-0.338155404280884,2396.15605327633
Smith,50,1.91304347826087,-0.296623631705633,2636.6159276371
Smith,50,1.95986622073579,-0.255091859130382,2901.20651380961
Smith,50,2.0066889632107,-0.213560086555131,3192.34938526467
Smith,50,2.05351170568562,-0.17202831397988,3512.70912604483
Smith,50,2.10033444816053,-0.13049654140463,3865.21771744467
Smith,50,2.14715719063545,-0.088964768829378,4253.10137195162
Smith,50,2.19397993311037,-0.0474329962541276,4679.91006003548
Smith,50,2.24080267558528,-0.00590122367887735,5149.55000002064
Smith,50,2.2876254180602,0.0356305488963733,5666.31940839299
Smith,50,2.33444816053512,0.0771623214716251,6234.94783773387
Smith,50,2.38127090301003,0.118694094046875,6860.63946230791
Smith,50,2.42809364548495,0.160225866622126,7549.12070746111
Smith,50,2.47491638795987,0.201757639197376,8306.69265874043
Smith,50,2.52173913043478,0.243289411772629,9140.28873039158
Smith,50,2.5685618729097,0.284821184347879,10057.5381210253
Smith,50,2.61538461538461,0.326352956923129,11066.835637209
Smith,50,2.66220735785953,0.36788472949838,12177.4185240188
Smith,50,2.70903010033445,0.409416502073632,13399.4510057181
Smith,50,2.75585284280936,0.450948274648882,14744.1173102907
Smith,50,2.80267558528428,0.492480047224132,16223.7240292041
Smith,50,2.8494983277592,0.534011819799385,17851.8127492156
Smith,50,2.89632107023411,0.575543592374635,19643.283987042
Smith,50,2.94314381270903,0.617075364949885,21614.5335611665
Smith,50,2.98996655518395,0.658607137525136,23783.6026488739
Smith,50,3.03678929765886,0.700138910100388,26170.3429018615
Smith,50,3.08361204013378,0.741670682675638,28796.5981315888
Smith,50,3.1304347826087,0.783202455250888,31686.4042271773
Smith,50,3.17725752508361,0.824734227826139,34866.2091355401
Smith,50,3.22408026755853,0.866266000401391,38365.1149170333
Smith,50,3.27090301003344,0.907797772976642,42215.1440919579
Smith,50,3.31772575250836,0.949329545551892,46451.5327155593
Smith,50,3.36454849498328,0.990861318127144,51113.0528637884
Smith,50,3.41137123745819,1.03239309070239,56242.3674812634
Smith,50,3.45819397993311,1.07392486327764,61886.4208390589
Smith,50,3.50501672240803,1.1154566358529,68096.8681758465
Smith,50,3.55183946488294,1.15698840842815,74930.5484545314
Smith,50,3.59866220735786,1.1985201810034,82450.0045611248
Smith,50,3.64548494983278,1.24005195357865,90724.0557067937
Smith,50,3.69230769230769,1.2815837261539,99828.4272717948
Smith,50,3.73913043478261,1.32311549872915,109846.443855726
Smith,50,3.78595317725753,1.3646472713044,120869.79187699
Smith,50,3.83277591973244,1.40617904387965,132999.358700909
Smith,50,3.87959866220736,1.4477108164549,146346.155976301
Smith,50,3.92642140468227,1.48924258903015,161032.335631055
Smith,50,3.97324414715719,1.5307743616054,177192.307825236
Smith,50,4.02006688963211,1.57230613418065,194973.971093407
Smith,50,4.06688963210702,1.61383790675591,214540.065934616
Smith,50,4.11371237458194,1.65536967933116,236069.664238303
Smith,50,4.16053511705686,1.69690145190641,259759.808177598
Smith,50,4.20735785953177,1.73843322448166,285827.313569392
Smith,50,4.25418060200669,1.77996499705691,314510.754205822
Smith,50,4.30100334448161,1.82149676963216,346072.64531806
Smith,50,4.34782608695652,1.86302854220741,380801.846155833
Smith,50,4.39464882943144,1.90456031478266,419016.203671394
Smith,50,4.44147157190636,1.94609208735791,461065.461503405
Smith,50,4.48829431438127,1.98762385993316,507334.460884143
Smith,50,4.53511705685619,2.02915563250841,558246.662765268
Smith,50,4.5819397993311,2.07068740508366,614268.023397147
Smith,50,4.62876254180602,2.11221917765892,675911.258831648
Smith,50,4.67558528428094,2.15375095023417,743740.537377781
Smith,50,4.72240802675585,2.19528272280942,818376.642956269
Smith,50,4.76923076923077,2.23681449538467,900502.656608836
Smith,50,4.81605351170569,2.27834626795992,990870.208160256
Smith,50,4.8628762541806,2.31987804053517,1090306.35524936
Smith,50,4.90969899665552,2.36140981311042,1199721.15268692
Smith,50,4.95652173913044,2.40294158568567,1320115.98141629
Smith,50,5.00334448160535,2.44447335826092,1452592.71330483
Smith,50,5.05016722408027,2.48600513083617,1598363.79564358
Smith,50,5.09698996655518,2.52753690341142,1758763.34765011
Smith,50,5.1438127090301,2.56906867598668,1935259.37053143
Smith,50,5.19063545150502,2.61060044856193,2129467.18285533
Smith,50,5.23745819397993,2.65213222113718,2343164.20419274
Smith,50,5.28428093645485,2.69366399371243,2578306.22233317
Smith,50,5.33110367892977,2.73519576628768,2837045.29295344
Smith,50,5.37792642140468,2.77672753886293,3121749.43555992
Smith,50,5.4247491638796,2.81825931143818,3435024.30596502
Smith,50,5.47157190635452,2.85979108401343,3779737.04364716
Smith,50,5.51839464882943,2.90132285658868,4159042.51224942
Smith,50,5.56521739130435,2.94285462916393,4576412.17337359
Smith,50,5.61204013377926,2.98438640173918,5035665.85792714
Smith,50,5.65886287625418,3.02591817431443,5541006.72579939
Smith,50,5.7056856187291,3.06744994688968,6097059.73382282
Smith,50,5.75250836120401,3.10898171946493,6708913.96408484
Smith,50,5.79933110367893,3.15051349204019,7382169.19998453
Smith,50,5.84615384615385,3.19204526461544,8122987.17630584
Smith,50,5.89297658862876,3.23357703719069,8938147.97235577
Smith,50,5.93979933110368,3.27510880976594,9835112.06428618
Smith,50,5.98662207357859,3.31664058234119,10822088.6045114
Smith,50,6.03344481605351,3.35817235491644,11908110.5531252
Smith,50,6.08026755852843,3.39970412749169,13103117.3489318
Smith,50,6.12709030100334,3.44123590006694,14418045.8767088
Smith,50,6.17391304347826,3.48276767264219,15864930.5632469
Smith,50,6.22073578595318,3.52429944521744,17457013.5182633
Smith,50,6.26755852842809,3.56583121779269,19208865.7282127
Smith,50,6.31438127090301,3.60736299036795,21136520.4121817
Smith,50,6.36120401337793,3.6488947629432,23257619.7603596
Smith,50,6.40802675585284,3.69042653551845,25591576.3980584
Smith,50,6.45484949832776,3.7319583080937,28159751.0530258
Smith,50,6.50167224080267,3.77349008066895,30985648.0520891
Smith,50,6.54849498327759,3.8150218532442,34095130.4363457
Smith,50,6.59531772575251,3.85655362581945,37516656.663666
Smith,50,6.64214046822742,3.8980853983947,41281541.0648493
Smith,50,6.68896321070234,3.93961717096995,45424240.4371627
Smith,50,6.73578595317726,3.9811489435452,49982669.3982139
Smith,50,6.78260869565217,4.02268071612045,54998547.3863259
Smith,50,6.82943143812709,4.0642124886957,60517780.4832093
Smith,50,6.87625418060201,4.10574426127096,66590881.5534372
Smith,50,6.92307692307692,4.14727603384621,73273432.5458976
Smith,50,6.96989966555184,4.18880780642146,80626593.1882844
Smith,50,7.01672240802676,4.23033957899671,88717660.7302677
Smith,50,7.06354515050167,4.27187135157196,97620685.8582064
Smith,50,7.11036789297659,4.31340312414721,107417150.418342
Smith,50,7.1571906354515,4.35493489672246,118196713.151106
Smith,50,7.20401337792642,4.39646666929771,130058030.261613
Smith,50,7.25083612040134,4.43799844187296,143109658.336318
Smith,50,7.29765886287625,4.47953021444821,157471047.869488
Smith,50,7.34448160535117,4.52106198702346,173273636.492369
Smith,50,7.39130434782609,4.56259375959872,190662051.91048
Smith,50,7.438127090301,4.60412553217397,209795435.558457
Smith,50,7.48494983277592,4.64565730474922,230848899.08679
Smith,50,7.53177257525084,4.68718907732447,254015127.010397
Smith,50,7.57859531772575,4.72872084989972,279506140.186746
Smith,50,7.62541806020067,4.77025262247497,307555236.263134
Smith,50,7.67224080267559,4.81178439505022,338419124.852405
Smith,50,7.7190635451505,4.85331616762547,372380276.978545
Smith,50,7.76588628762542,4.89484794020072,409749510.294654
Smith,50,7.81270903010033,4.93637971277597,450868833.733591
Smith,50,7.85953177257525,4.97791148535122,496114577.62599
Smith,50,7.90635451505017,5.01944325792647,545900837.932939
Smith,50,7.95317725752508,5.06097503050173,600683266.11549
Smith,50,8,5.10250680307698,660963239.326435
Luco,50,-6,-4.931,0.0611885980816124
Luco,50,-5.95317725752508,-4.91002341137124,0.0642165680414746
Luco,50,-5.90635451505017,-4.88904682274248,0.06739437967716
Luco,50,-5.85953177257525,-4.86807023411371,0.0707294480317872
Luco,50,-5.81270903010033,-4.84709364548495,0.074229555088207
Luco,50,-5.76588628762542,-4.82611705685619,0.0779028679273284
Luco,50,-5.7190635451505,-4.80514046822742,0.0817579577850244
Luco,50,-5.67224080267559,-4.78416387959866,0.085803820052085
Luco,50,-5.62541806020067,-4.7631872909699,0.0900498952638852
Luco,50,-5.57859531772575,-4.74221070234114,0.0945060911287438
Luco,50,-5.53177257525084,-4.72123411371237,0.0991828056463758
Luco,50,-5.48494983277592,-4.70025752508361,0.10409095137038
Luco,50,-5.438127090301,-4.67928093645485,0.109241980871376
Luco,50,-5.39130434782609,-4.65830434782609,0.114647913460209
Luco,50,-5.34448160535117,-4.63732775919732,0.120321363233569
Luco,50,-5.29765886287625,-4.61635117056856,0.126275568507483
Luco,50,-5.25083612040134,-4.5953745819398,0.132524422707332
Luco,50,-5.20401337792642,-4.57439799331104,0.139082506786505
Luco,50,-5.1571906354515,-4.55342140468227,0.1459651232493
Luco,50,-5.11036789297659,-4.53244481605351,0.153188331857494
Luco,50,-5.06354515050167,-4.51146822742475,0.160768987103872
Luco,50,-5.01672240802676,-4.49049163879599,0.168724777540167
Luco,50,-4.96989966555184,-4.46951505016722,0.177074267051181
Luco,50,-4.92307692307692,-4.44853846153846,0.185836938171386
Luco,50,-4.87625418060201,-4.4275618729097,0.195033237545089
Luco,50,-4.82943143812709,-4.40658528428094,0.204684623636229
Luco,50,-4.78260869565217,-4.38560869565217,0.214813616799131
Luco,50,-4.73578595317726,-4.36463210702341,0.225443851827061
Luco,50,-4.68896321070234,-4.34365551839465,0.236600133101188
Luco,50,-4.64214046822742,-4.32267892976589,0.248308492468635
Luco,50,-4.59531772575251,-4.30170234113712,0.260596249984681
Luco,50,-4.54849498327759,-4.28072575250836,0.273492077660842
Luco,50,-4.50167224080268,-4.2597491638796,0.287026066367574
Luco,50,-4.45484949832776,-4.23877257525084,0.301229796047722
Luco,50,-4.40802675585284,-4.21779598662207,0.316136409404533
Luco,50,-4.36120401337793,-4.19681939799331,0.331780689236191
Luco,50,-4.31438127090301,-4.17584280936455,0.348199139597312
Luco,50,-4.26755852842809,-4.15486622073579,0.365430070976787
Luco,50,-4.22073578595318,-4.13388963210702,0.383513689690721
Luco,50,-4.17391304347826,-4.11291304347826,0.402492191699061
Luco,50,-4.12709030100334,-4.0919364548495,0.42240986106482
Luco,50,-4.08026755852843,-4.07095986622074,0.443313173285634
Luco,50,-4.03344481605351,-4.04998327759197,0.465250903738775
Luco,50,-3.9866220735786,-4.02900668896321,0.488274241492661
Luco,50,-3.93979933110368,-4.00803010033445,0.512436908750413
Luco,50,-3.89297658862876,-3.98705351170569,0.537795286204188
Luco,50,-3.84615384615385,-3.96607692307692,0.564408544592781
Luco,50,-3.79933110367893,-3.94510033444816,0.592338782769459
Luco,50,-3.75250836120401,-3.9241237458194,0.621651172602202
Luco,50,-3.7056856187291,-3.90314715719064,0.652414111044458
Luco,50,-3.65886287625418,-3.88217056856187,0.684699379731248
Luco,50,-3.61204013377926,-3.86119397993311,0.718582312473017
Luco,50,-3.56521739130435,-3.84021739130435,0.754141971038074
Luco,50,-3.51839464882943,-3.81924080267559,0.791461329633752
Luco,50,-3.47157190635451,-3.79826421404682,0.830627468516802
Luco,50,-3.4247491638796,-3.77728762541806,0.871731777184745
Luco,50,-3.37792642140468,-3.7563110367893,0.914870167622323
Luco,50,-3.33110367892977,-3.73533444816054,0.960143298100645
Luco,50,-3.28428093645485,-3.71435785953177,1.00765680805121
Luco,50,-3.23745819397993,-3.69338127090301,1.05752156456287
Luco,50,-3.19063545150502,-3.67240468227425,1.10985392107694
Luco,50,-3.1438127090301,-3.65142809364548,1.16477598888398
Luco,50,-3.09698996655518,-3.63045150501672,1.22241592205593
Luco,50,-3.05016722408027,-3.60947491638796,1.28290821647826
Luco,50,-3.00334448160535,-3.5884983277592,1.34639402368004
Luco,50,-2.95652173913043,-3.56752173913043,1.41302148019414
Luco,50,-2.90969899665552,-3.54654515050167,1.48294605321608
Luco,50,-2.8628762541806,-3.52556856187291,1.55633090336815
Luco,50,-2.81605351170569,-3.50459197324415,1.63334726541519
Luco,50,-2.76923076923077,-3.48361538461538,1.71417484782039
Luco,50,-2.72240802675585,-3.46263879598662,1.79900225207352
Luco,50,-2.67558528428094,-3.44166220735786,1.88802741276992
Luco,50,-2.62876254180602,-3.4206856187291,1.98145805946718
Luco,50,-2.5819397993311,-3.39970903010033,2.0795122013972
Luco,50,-2.53511705685619,-3.37873244147157,2.18241863616465
Luco,50,-2.48829431438127,-3.35775585284281,2.29041748361881
Luco,50,-2.44147157190635,-3.33677926421405,2.40376074614446
Luco,50,-2.39464882943144,-3.31580267558528,2.52271289667933
Luco,50,-2.34782608695652,-3.29482608695652,2.64755149583
Luco,50,-2.30100334448161,-3.27384949832776,2.7785678395264
Luco,50,-2.25418060200669,-3.252872909699,2.91606763872597
Luco,50,-2.20735785953177,-3.23189632107023,3.06037173275362
Luco,50,-2.16053511705686,-3.21091973244147,3.21181683794183
Luco,50,-2.11371237458194,-3.18994314381271,3.37075633331801
Luco,50,-2.06688963210702,-3.16896655518395,3.53756108517209
Luco,50,-2.02006688963211,-3.14798996655518,3.71262031242863
Luco,50,-1.97324414715719,-3.12701337792642,3.89634249484265
Luco,50,-1.92642140468227,-3.10603678929766,4.08915632613818
Luco,50,-1.87959866220736,-3.0850602006689,4.2915117143138
Luco,50,-1.83277591973244,-3.06408361204013,4.5038808314491
Luco,50,-1.78595317725753,-3.04310702341137,4.72675921546171
Luco,50,-1.73913043478261,-3.02213043478261,4.96066692638573
Luco,50,-1.69230769230769,-3.00115384615385,5.20614975986957
Luco,50,-1.64548494983278,-2.98017725752508,5.46378052072477
Luco,50,-1.59866220735786,-2.95920066889632,5.73416035949747
Luco,50,-1.55183946488294,-2.93822408026756,6.01792017518132
Luco,50,-1.50501672240803,-2.9172474916388,6.31572208734464
Luco,50,-1.45819397993311,-2.89627090301003,6.62826098110734
Luco,50,-1.41137123745819,-2.87529431438127,6.95626612857207
Luco,50,-1.36454849498328,-2.85431772575251,7.30050289049345
Luco,50,-1.31772575250836,-2.83334113712375,7.66177450215576
Luco,50,-1.27090301003344,-2.81236454849498,8.04092394762634
Luco,50,-1.22408026755853,-2.79138795986622,8.43883592675805
Luco,50,-1.17725752508361,-2.77041137123746,8.85643891953044
Luco,50,-1.1304347826087,-2.7494347826087,9.29470735254675
Luco,50,-1.08361204013378,-2.72845819397993,9.75466387274162
Luco,50,-1.03678929765886,-2.70748160535117,10.2373817336055
Luco,50,-0.989966555183947,-2.68650501672241,10.743987299493
Luco,50,-0.94314381270903,-2.66552842809365,11.2756626738596
Luco,50,-0.896321070234114,-2.64455183946488,11.8336484575581
Luco,50,-0.849498327759197,-2.62357525083612,12.419246643633
Luco,50,-0.802675585284281,-2.60259866220736,13.0338236553645
Luco,50,-0.755852842809364,-2.5816220735786,13.6788135346545
Luco,50,-0.709030100334449,-2.56064548494983,14.3557212881913
Luco,50,-0.662207357859532,-2.53966889632107,15.0661263992027
Luco,50,-0.615384615384615,-2.51869230769231,15.811686512991
Luco,50,-0.568561872909699,-2.49771571906355,16.59414130485
Luco,50,-0.521739130434782,-2.47673913043478,17.4153165393892
Luco,50,-0.474916387959866,-2.45576254180602,18.2771283307368
Luco,50,-0.42809364548495,-2.43478595317726,19.1815876135627
Luco,50,-0.381270903010034,-2.4138093645485,20.130804835354
Luco,50,-0.334448160535117,-2.39283277591973,21.1269948808915
Luco,50,-0.287625418060201,-2.37185618729097,22.1724822404185
Luco,50,-0.240802675585284,-2.35087959866221,23.2697064335601
Luco,50,-0.193979933110368,-2.32990301003345,24.4212277016508
Luco,50,-0.147157190635451,-2.30892642140468,25.629732981751
Luco,50,-0.100334448160535,-2.28794983277592,26.8980421762927
Luco,50,-0.0535117056856187,-2.26697324414716,28.2291147329852
Luco,50,-0.00668896321070278,-2.24599665551839,29.6260565503312
Luco,50,0.040133779264214,-2.22502006688963,31.0921272248698
Luco,50,0.0869565217391308,-2.20404347826087,32.6307476570547
Luco,50,0.133779264214047,-2.18306688963211,34.245508033516
Luco,50,0.180602006688964,-2.16209030100334,35.9401762043311
Luco,50,0.227424749163879,-2.14111371237458,37.7187064748517
Luco,50,0.274247491638796,-2.12013712374582,39.5852488326024
Luco,50,0.321070234113712,-2.09916053511706,41.5441586307795
Luco,50,0.367892976588629,-2.07818394648829,43.6000067509467
Luco,50,0.414715719063545,-2.05720735785953,45.7575902686401
Luco,50,0.461538461538462,-2.03623076923077,48.0219436467698
Luco,50,0.508361204013378,-2.01525418060201,50.3983504829367
Luco,50,0.555183946488294,-1.99427759197324,52.8923558380749
Luco,50,0.60200668896321,-1.97330100334448,55.5097791751877
Luco,50,0.648829431438127,-1.95232441471572,58.2567279383685
Luco,50,0.695652173913044,-1.93134782608696,61.1396118037901
Luco,50,0.74247491638796,-1.91037123745819,64.165157635917
Luco,50,0.789297658862877,-1.88939464882943,67.3404251838388
Luco,50,0.836120401337793,-1.86841806020067,70.6728235543497
Luco,50,0.882943143812709,-1.84744147157191,74.1701285002121
Luco,50,0.929765886287625,-1.82646488294314,77.8405005639454
Luco,50,0.976588628762542,-1.80548829431438,81.6925041194754
Luco,50,1.02341137123746,-1.78451170568562,85.735127356075
Luco,50,1.07023411371237,-1.76353511705686,89.9778032512296
Luco,50,1.11705685618729,-1.74255852842809,94.4304315813593
Luco,50,1.16387959866221,-1.72158193979933,99.103402021764
Luco,50,1.21070234113712,-1.70060535117057,104.007618389686
Luco,50,1.25752508361204,-1.67962876254181,109.154524087063
Luco,50,1.30434782608696,-1.65865217391304,114.556128802338
Luco,50,1.35117056856187,-1.63767558528428,120.225036533627
Luco,50,1.39799331103679,-1.61669899665552,126.174474998643
Luco,50,1.44481605351171,-1.59572240802676,132.418326499991
Luco,50,1.49163879598662,-1.57474581939799,138.97116031786
Luco,50,1.53846153846154,-1.55376923076923,145.848266705694
Luco,50,1.58528428093646,-1.53279264214047,153.065692568169
Luco,50,1.63210702341137,-1.51181605351171,160.640278904724
Luco,50,1.67892976588629,-1.49083946488294,168.589700106017
Luco,50,1.7257525083612,-1.46986287625418,176.932505195003
Luco,50,1.77257525083612,-1.44888628762542,185.688161108856
Luco,50,1.81939799331104,-1.42790969899666,194.877098122737
Luco,50,1.86622073578595,-1.40693311036789,204.520757521401
Luco,50,1.91304347826087,-1.38595652173913,214.641641629859
Luco,50,1.95986622073579,-1.36497993311037,225.263366319872
Luco,50,2.0066889632107,-1.34400334448161,236.410716114751
Luco,50,2.05351170568562,-1.32302675585284,248.109702021083
Luco,50,2.10033444816053,-1.30205016722408,260.387622222296
Luco,50,2.14715719063545,-1.28107357859532,273.273125775711
Luco,50,2.19397993311037,-1.26009698996656,286.796279461677
Luco,50,2.24080267558528,-1.23912040133779,300.988637940816
Luco,50,2.2876254180602,-1.21814381270903,315.883317383039
Luco,50,2.33444816053512,-1.19716722408027,331.515072740168
Luco,50,2.38127090301003,-1.17619063545151,347.920378842456
Luco,50,2.42809364548495,-1.15521404682274,365.13751550824
Luco,50,2.47491638795987,-1.13423745819398,383.206656865311
Luco,50,2.52173913043478,-1.11326086956522,402.169965092437
Luco,50,2.5685618729097,-1.09228428093645,422.071688799761
Luco,50,2.61538461538461,-1.07130769230769,442.958266277633
Luco,50,2.66220735785953,-1.05033110367893,464.878433854807
Luco,50,2.70903010033445,-1.02935451505017,487.883339618829
Luco,50,2.75585284280936,-1.0083779264214,512.026662763979
Luco,50,2.80267558528428,-0.987401337792642,537.364738845243
Luco,50,2.8494983277592,-0.966424749163879,563.956691230594
Luco,50,2.89632107023411,-0.945448160535117,591.864569058288
Luco,50,2.94314381270903,-0.924471571906355,621.153492021107
Luco,50,2.98996655518395,-0.903494983277592,651.891802315367
Luco,50,3.03678929765886,-0.882518394648829,684.151224109254
Luco,50,3.08361204013378,-0.861541806020067,718.007030902584
Luco,50,3.1304347826087,-0.840565217391305,753.538221168506
Luco,50,3.17725752508361,-0.819588628762542,790.827702686989
Luco,50,3.22408026755853,-0.798612040133779,829.962486000201
Luco,50,3.27090301003344,-0.777635451505017,871.033887441188
Luco,50,3.31772575250836,-0.756658862876255,914.137742209621
Luco,50,3.36454849498328,-0.735682274247491,959.374627991759
Luco,50,3.41137123745819,-0.714705685618729,1006.85009964643
Luco,50,3.45819397993311,-0.693729096989967,1056.6749355047
Luco,50,3.50501672240803,-0.672752508361204,1108.96539585779
Luco,50,3.55183946488294,-0.651775919732441,1163.84349423659
Luco,50,3.59866220735786,-0.630799331103679,1221.43728211565
Luco,50,3.64548494983278,-0.609822742474917,1281.88114770592
Luco,50,3.69230769230769,-0.588846153846154,1345.31612953358
Luco,50,3.73913043478261,-0.567869565217391,1411.89024553658
Luco,50,3.78595317725753,-0.546892976588629,1481.75883844673
Luco,50,3.83277591973244,-0.525916387959867,1555.08493826344
Luco,50,3.87959866220736,-0.504939799331104,1632.03964266466
Luco,50,3.92642140468227,-0.483963210702341,1712.80251624287
Luco,50,3.97324414715719,-0.462986622073578,1797.56200949751
Luco,50,4.02006688963211,-0.442010033444816,1886.51589856175
Luco,50,4.06688963210702,-0.421033444816053,1979.87174668935
Luco,50,4.11371237458194,-0.400056856187291,2077.84738857869
Luco,50,4.16053511705686,-0.379080267558528,2180.67143866401
Luco,50,4.20735785953177,-0.358103678929766,2288.58382455978
Luco,50,4.25418060200669,-0.337127090301003,2401.83634690309
Luco,50,4.30100334448161,-0.316150501672241,2520.6932669003
Luco,50,4.34782608695652,-0.295173913043478,2645.43192294894
Luco,50,4.39464882943144,-0.274197324414716,2776.34337777368
Luco,50,4.44147157190636,-0.253220735785953,2913.73309758632
Luco,50,4.48829431438127,-0.232244147157191,3057.92166485468
Luco,50,4.53511705685619,-0.211267558528428,3209.24552634341
Luco,50,4.5819397993311,-0.190290969899666,3368.05777817224
Luco,50,4.62876254180602,-0.169314381270903,3534.72898972351
Luco,50,4.67558528428094,-0.148337792642141,3709.64806832147
Luco,50,4.72240802675585,-0.127361204013378,3893.22316670101
Luco,50,4.76923076923077,-0.106384615384615,4085.88263538318
Luco,50,4.81605351170569,-0.0854080267558525,4288.07602217987
Luco,50,4.8628762541806,-0.0644314381270902,4500.27512115984
Luco,50,4.90969899665552,-0.043454849498328,4722.97507352371
Luco,50,4.95652173913044,-0.0224782608695648,4956.69552295668
Luco,50,5.00334448160535,-0.0015016722408025,5201.98182815488
Luco,50,5.05016722408027,0.0194749163879598,5459.40633535461
Luco,50,5.09698996655518,0.0404515050167221,5729.56971383382
Luco,50,5.1438127090301,0.0614280936454852,6013.10235750194
Luco,50,5.19063545150502,0.0824046822742475,6310.66585584859
Luco,50,5.23745819397993,0.10338127090301,6622.95453768357
Luco,50,5.28428093645485,0.124357859531772,6950.69709126995
Luco,50,5.33110367892977,0.145334448160535,7294.65826463098
Luco,50,5.37792642140468,0.166311036789298,7655.64064999797
Luco,50,5.4247491638796,0.18728762541806,8034.48655656335
Luco,50,5.47157190635452,0.208264214046823,8432.07997590828
Luco,50,5.51839464882943,0.229240802675585,8849.34864469117
Luco,50,5.56521739130435,0.250217391304348,9287.2662094102
Luco,50,5.61204013377926,0.27119397993311,9746.85449829091
Luco,50,5.65886287625418,0.292170568561873,10229.1859056
Luco,50,5.7056856187291,0.313147157190636,10735.3858939489
Luco,50,5.75250836120401,0.334123745819398,11266.6356204266
Luco,50,5.79933110367893,0.35510033444816,11824.1746926874
Luco,50,5.84615384615385,0.376076923076923,12409.3040614281
Luco,50,5.89297658862876,0.397053511705686,13023.3890559998
Luco,50,5.93979933110368,0.418030100334448,13667.8625702413
Luco,50,5.98662207357859,0.43900668896321,14344.2284059647
Luco,50,6.03344481605351,0.459983277591973,15054.0647818976
Luco,50,6.08026755852843,0.480959866220736,15799.0280162669
Luco,50,6.12709030100334,0.501936454849498,16580.8563916199
Luco,50,6.17391304347826,0.522913043478261,17401.3742108982
Luco,50,6.22073578595318,0.543889632107023,18262.4960542298
Luco,50,6.26755852842809,0.564866220735786,19166.2312463738
Luco,50,6.31438127090301,0.585842809364548,20114.6885452383
Luco,50,6.36120401337793,0.606819397993311,21110.081062415
Luco,50,6.40802675585284,0.627795986622073,22154.7314272099
Luco,50,6.45484949832776,0.648772575250836,23251.0772062214
Luco,50,6.50167224080267,0.669749163879598,24401.6765911096
Luco,50,6.54849498327759,0.690725752508361,25609.2143678307
Luco,50,6.59531772575251,0.711702341137124,26876.5081812637
Luco,50,6.64214046822742,0.732678929765886,28206.5151098472
Luco,50,6.68896321070234,0.753655518394649,29602.3385655685
Luco,50,6.73578595317726,0.774632107023412,31067.2355354035
Luco,50,6.78260869565217,0.795608695652174,32604.6241811067
Luco,50,6.82943143812709,0.816585284280936,34218.0918150817
Luco,50,6.87625418060201,0.837561872909699,35911.403270946
Luco,50,6.92307692307692,0.858538461538462,37688.5096883195
Luco,50,6.96989966555184,0.879515050167224,39553.5577323357
Luco,50,7.01672240802676,0.900491638795986,41510.8992693888
Luco,50,7.06354515050167,0.921468227424749,43565.1015216928
Luco,50,7.11036789297659,0.942444816053512,45720.9577243482
Luco,50,7.1571906354515,0.963421404682274,47983.4983097821
Luco,50,7.20401337792642,0.984397993311036,50358.0026456606
Luco,50,7.25083612040134,1.0053745819398,52850.0113536612
Luco,50,7.29765886287625,1.02635117056856,55465.33923785
Luco,50,7.34448160535117,1.04732775919732,58210.0888528316
Luco,50,7.39130434782609,1.06830434782609,61090.66474333
Luco,50,7.438127090301,1.08928093645485,64113.7883884262
Luco,50,7.48494983277592,1.11025752508361,67286.5138853264
Luco,50,7.53177257525084,1.13123411371237,70616.244409253
Luco,50,7.57859531772575,1.15221070234114,74110.7494878676
Luco,50,7.62541806020067,1.1731872909699,77778.1831305346
Luco,50,7.67224080267559,1.19416387959866,81627.1028547256
Luco,50,7.7190635451505,1.21514046822742,85666.4896539627
Luco,50,7.76588628762542,1.23611705685619,89905.7689538916
Luco,50,7.81270903010033,1.25709364548495,94354.8326053842
Luco,50,7.85953177257525,1.27807023411371,99024.0619659892
Luco,50,7.90635451505017,1.29904682274247,103924.352123587
Luco,50,7.95317725752508,1.32002341137124,109067.137318774
Luco,50,8,1.341,114464.417625293
Tsinman,50,-6,-9.76215869560519,9.33759566419567e-05
Tsinman,50,-5.95317725752508,-9.72749113707677,0.000101135266393482
Tsinman,50,-5.90635451505017,-9.69282357854834,0.000109539355486342
Tsinman,50,-5.85953177257525,-9.65815602001991,0.000118641803480102
Tsinman,50,-5.81270903010033,-9.62348846149148,0.000128500642262462
Tsinman,50,-5.76588628762542,-9.58882090296305,0.000139178726026655
Tsinman,50,-5.7190635451505,-9.55415334443463,0.000150744131993037
Tsinman,50,-5.67224080267559,-9.5194857859062,0.000163270594429656
Tsinman,50,-5.62541806020067,-9.48481822737777,0.000176837974738841
Tsinman,50,-5.57859531772575,-9.45015066884934,0.000191532770606823
Tsinman,50,-5.53177257525084,-9.41548311032091,0.000207448667462421
Tsinman,50,-5.48494983277592,-9.38081555179249,0.000224687135760574
Tsinman,50,-5.438127090301,-9.34614799326406,0.00024335807789865
Tsinman,50,-5.39130434782609,-9.31148043473563,0.000263580528889883
Tsinman,50,-5.34448160535117,-9.2768128762072,0.000285483415261046
Tsinman,50,-5.29765886287625,-9.24214531767877,0.000309206377012621
Tsinman,50,-5.25083612040134,-9.20747775915035,0.000334900657881812
Tsinman,50,-5.20401337792642,-9.17281020062192,0.000362730069584215
Tsinman,50,-5.1571906354515,-9.13814264209349,0.000392872036181553
Tsinman,50,-5.11036789297659,-9.10347508356506,0.00042551872523379
Tsinman,50,-5.06354515050167,-9.06880752503663,0.000460878272947166
Tsinman,50,-5.01672240802676,-9.0341399665082,0.000499176111128971
Tsinman,50,-4.96989966555184,-8.99947240797978,0.000540656404409001
Tsinman,50,-4.92307692307692,-8.96480484945135,0.000585583606890485
Tsinman,50,-4.87625418060201,-8.93013729092292,0.000634244148154885
Tsinman,50,-4.82943143812709,-8.89546973239449,0.000686948259369474
Tsinman,50,-4.78260869565217,-8.86080217386606,0.000744031951139906
Tsinman,50,-4.73578595317726,-8.82613461533763,0.000805859155717456
Tsinman,50,-4.68896321070234,-8.79146705680921,0.000872824047218282
Tsinman,50,-4.64214046822742,-8.75679949828078,0.000945353554647216
Tsinman,50,-4.59531772575251,-8.72213193975235,0.00102391008374753
Tsinman,50,-4.54849498327759,-8.68746438122392,0.00110899446502965
Tsinman,50,-4.50167224080268,-8.65279682269549,0.00120114914677378
Tsinman,50,-4.45484949832776,-8.61812926416707,0.00130096165336298
Tsinman,50,-4.40802675585284,-8.58346170563864,0.00140906833099528
Tsinman,50,-4.36120401337793,-8.54879414711021,0.00152615840465504
Tsinman,50,-4.31438127090301,-8.51412658858178,0.00165297837220857
Tsinman,50,-4.26755852842809,-8.47945903005335,0.00179033676363817
Tsinman,50,-4.22073578595318,-8.44479147152493,0.00193910929575667
Tsinman,50,-4.17391304347826,-8.4101239129965,0.00210024445526601
Tsinman,50,-4.12709030100334,-8.37545635446807,0.00227476954575392
Tsinman,50,-4.08026755852843,-8.34078879593964,0.00246379723718118
Tsinman,50,-4.03344481605351,-8.30612123741122,0.00266853265961488
Tsinman,50,-3.9866220735786,-8.27145367888279,0.00289028108643325
Tsinman,50,-3.93979933110368,-8.23678612035436,0.00313045625598577
Tsinman,50,-3.89297658862876,-8.20211856182593,0.00339058938476252
Tsinman,50,-3.84615384615385,-8.1674510032975,0.00367233892953543
Tsinman,50,-3.79933110367893,-8.13278344476907,0.00397750116070928
Tsinman,50,-3.75250836120401,-8.09811588624065,0.00430802161429173
Tsinman,50,-3.7056856187291,-8.06344832771222,0.00466600749549379
Tsinman,50,-3.65886287625418,-8.02878076918379,0.00505374111303841
Tsinman,50,-3.61204013377926,-7.99411321065536,0.00547369442982687
Tsinman,50,-3.56521739130435,-7.95944565212693,0.00592854482272922
Tsinman,50,-3.51839464882943,-7.9247780935985,0.00642119215197423
Tsinman,50,-3.47157190635451,-7.89011053507008,0.00695477724896316
Tsinman,50,-3.4247491638796,-7.85544297654165,0.00753270194037477
Tsinman,50,-3.37792642140468,-7.82077541801322,0.00815865073622381
Tsinman,50,-3.33110367892977,-7.78610785948479,0.0088366143201431
Tsinman,50,-3.28428093645485,-7.75144030095636,0.00957091499164965
Tsinman,50,-3.23745819397993,-7.71677274242794,0.0103662342225999
Tsinman,50,-3.19063545150502,-7.68210518389951,0.0112276425035179
Tsinman,50,-3.1438127090301,-7.64743762537108,0.0121606316700786
Tsinman,50,-3.09698996655518,-7.61277006684265,0.0131711499158424
Tsinman,50,-3.05016722408027,-7.57810250831422,0.0142656397144602
Tsinman,50,-3.00334448160535,-7.5434349497858,0.0154510788931195
Tsinman,50,-2.95652173913043,-7.50876739125737,0.0167350251190915
Tsinman,50,-2.90969899665552,-7.47409983272894,0.0181256640830006
Tsinman,50,-2.8628762541806,-7.43943227420051,0.0196318616860023
Tsinman,50,-2.81605351170569,-7.40476471567208,0.0212632205635867
Tsinman,50,-2.76923076923077,-7.37009715714366,0.0230301413063697
Tsinman,50,-2.72240802675585,-7.33542959861523,0.0249438887681786
Tsinman,50,-2.67558528428094,-7.3007620400868,0.0270166638841759
Tsinman,50,-2.62876254180602,-7.26609448155837,0.0292616814568899
Tsinman,50,-2.5819397993311,-7.23142692302994,0.0316932544060709
Tsinman,50,-2.53511705685619,-7.19675936450152,0.0343268850195012
Tsinman,50,-2.48829431438127,-7.16209180597309,0.0371793637865207
Tsinman,50,-2.44147157190635,-7.12742424744466,0.0402688764443716
Tsinman,50,-2.39464882943144,-7.09275668891623,0.0436151199198296
Tsinman,50,-2.34782608695652,-7.0580891303878,0.0472394279052946
Tsinman,50,-2.30100334448161,-7.02342157185937,0.0511649068699442
Tsinman,50,-2.25418060200669,-6.98875401333095,0.0554165833730738
Tsinman,50,-2.20735785953177,-6.95408645480252,0.0600215636188098
Tsinman,50,-2.16053511705686,-6.91941889627409,0.0650092062694232
Tsinman,50,-2.11371237458194,-6.88475133774566,0.0704113096189979
Tsinman,50,-2.06688963210702,-6.85008377921723,0.0762623143207679
Tsinman,50,-2.02006688963211,-6.81541622068881,0.0825995229605898
Tsinman,50,-1.97324414715719,-6.78074866216038,0.0894633378764251
Tsinman,50,-1.92642140468227,-6.74608110363195,0.0968975187400315
Tsinman,50,-1.87959866220736,-6.71141354510352,0.10494946154305
Tsinman,50,-1.83277591973244,-6.67674598657509,0.113670500766143
Tsinman,50,-1.78595317725753,-6.64207842804667,0.123116236657637
Tsinman,50,-1.73913043478261,-6.60741086951824,0.133346889708205
Tsinman,50,-1.69230769230769,-6.57274331098981,0.144427684581513
Tsinman,50,-1.64548494983278,-6.53807575246138,0.156429265948552
Tsinman,50,-1.59866220735786,-6.50340819393295,0.169428148876764
Tsinman,50,-1.55183946488294,-6.46874063540452,0.183507206645385
Tsinman,50,-1.50501672240803,-6.4340730768761,0.198756199097034
Tsinman,50,-1.45819397993311,-6.39940551834767,0.215272344894001
Tsinman,50,-1.41137123745819,-6.36473795981924,0.233160941327606
Tsinman,50,-1.36454849498328,-6.33007040129081,0.252536035632184
Tsinman,50,-1.31772575250836,-6.29540284276238,0.273521152083585
Tsinman,50,-1.27090301003344,-6.26073528423396,0.296250079517749
Tsinman,50,-1.22408026755853,-6.22606772570553,0.320867724290123
Tsinman,50,-1.17725752508361,-6.1914001671771,0.347531034113879
Tsinman,50,-1.1304347826087,-6.15673260864867,0.376409998666794
Tsinman,50,-1.08361204013378,-6.12206505012024,0.407688733346065
Tsinman,50,-1.03678929765886,-6.08739749159182,0.441566653080467
Tsinman,50,-0.989966555183947,-6.05272993306339,0.478259743683366
Tsinman,50,-0.94314381270903,-6.01806237453496,0.51800193885202
Tsinman,50,-0.896321070234114,-5.98339481600653,0.561046611592085
Tsinman,50,-0.849498327759197,-5.9487272574781,0.607668189575799
Tsinman,50,-0.802675585284281,-5.91405969894968,0.658163904732399
Tsinman,50,-0.755852842809364,-5.87939214042125,0.71285568822517
Tsinman,50,-0.709030100334449,-5.84472458189282,0.77209222289635
Tsinman,50,-0.662207357859532,-5.81005702336439,0.836251166265126
Tsinman,50,-0.615384615384615,-5.77538946483596,0.905741558251215
Tsinman,50,-0.568561872909699,-5.74072190630754,0.981006428974292
Tsinman,50,-0.521739130434782,-5.70605434777911,1.06252562325507
Tsinman,50,-0.474916387959866,-5.67138678925068,1.1508188598254
Tsinman,50,-0.42809364548495,-5.63671923072225,1.24644904475108
Tsinman,50,-0.381270903010034,-5.60205167219382,1.35002586019193
Tsinman,50,-0.334448160535117,-5.56738411366539,1.46220965137883
Tsinman,50,-0.287625418060201,-5.53271655513697,1.58371563658895
Tsinman,50,-0.240802675585284,-5.49804899660854,1.71531846695938
Tsinman,50,-0.193979933110368,-5.46338143808011,1.85785716520999
Tsinman,50,-0.147157190635451,-5.42871387955168,2.01224047476184
Tsinman,50,-0.100334448160535,-5.39404632102325,2.17945265335406
Tsinman,50,-0.0535117056856187,-5.35937876249483,2.36055974809583
Tsinman,50,-0.00668896321070278,-5.3247112039664,2.55671639195963
Tsinman,50,0.040133779264214,-5.29004364543797,2.76917316504615
Tsinman,50,0.0869565217391308,-5.25537608690954,2.999284567552
Tsinman,50,0.133779264214047,-5.22070852838111,3.24851765527116
Tsinman,50,0.180602006688964,-5.18604096985269,3.51846139268528
Tsinman,50,0.227424749163879,-5.15137341132426,3.8108367832723
Tsinman,50,0.274247491638796,-5.11670585279583,4.12750784161871
Tsinman,50,0.321070234113712,-5.0820382942674,4.47049347728693
Tsinman,50,0.367892976588629,-5.04737073573897,4.84198036620259
Tsinman,50,0.414715719063545,-5.01270317721055,5.24433689162199
Tsinman,50,0.461538461538462,-4.97803561868212,5.6801282435594
Tsinman,50,0.508361204013378,-4.94336806015369,6.15213277293909
Tsinman,50,0.555183946488294,-4.90870050162526,6.66335970473683
Tsinman,50,0.60200668896321,-4.87403294309683,7.21706832303927
Tsinman,50,0.648829431438127,-4.8393653845684,7.81678875033417
Tsinman,50,0.695652173913044,-4.80469782603998,8.46634445350786
Tsinman,50,0.74247491638796,-4.77003026751155,9.16987662003518
Tsinman,50,0.789297658862877,-4.73536270898312,9.93187055977014
Tsinman,50,0.836120401337793,-4.70069515045469,10.7571843006597
Tsinman,50,0.882943143812709,-4.66602759192626,11.6510795606903
Tsinman,50,0.929765886287625,-4.63136003339784,12.619255293526
Tsinman,50,0.976588628762542,-4.59669247486941,13.667884021706
Tsinman,50,1.02341137123746,-4.56202491634098,14.80365118904
Tsinman,50,1.07023411371237,-4.52735735781255,16.0337977830904
Tsinman,50,1.11705685618729,-4.49268979928412,17.366166499476
Tsinman,50,1.16387959866221,-4.4580222407557,18.8092517423152
Tsinman,50,1.21070234113712,-4.42335468222727,20.3722537795812
Tsinman,50,1.25752508361204,-4.38868712369884,22.065137398633
Tsinman,50,1.30434782608696,-4.35401956517041,23.8986954358744
Tsinman,50,1.35117056856187,-4.31935200664198,25.8846175855704
Tsinman,50,1.39799331103679,-4.28468444811356,28.0355649265048
Tsinman,50,1.44481605351171,-4.25001688958513,30.3652506416175
Tsinman,50,1.49163879598662,-4.2153493310567,32.8885274452434
Tsinman,50,1.53846153846154,-4.18068177252827,35.6214822753363
Tsinman,50,1.58528428093646,-4.14601421399984,38.5815388543831
Tsinman,50,1.63210702341137,-4.11134665547142,41.7875687728724
Tsinman,50,1.67892976588629,-4.07667909694299,45.2600118035252
Tsinman,50,1.7257525083612,-4.04201153841456,49.0210062133372
Tsinman,50,1.77257525083612,-4.00734397988613,53.0945299042294
Tsinman,50,1.81939799331104,-3.9726764213577,57.5065532821342
Tsinman,50,1.86622073578595,-3.93800886282928,62.2852048291235
Tsinman,50,1.91304347826087,-3.90334130430085,67.4609504341673
Tsinman,50,1.95986622073579,-3.86867374577242,73.0667876258349
Tsinman,50,2.0066889632107,-3.83400618724399,79.1384559452472
Tsinman,50,2.05351170568562,-3.79933862871556,85.7146648005009
Tsinman,50,2.10033444816053,-3.76467107018713,92.8373402552273
Tsinman,50,2.14715719063545,-3.73000351165871,100.551892324667
Tsinman,50,2.19397993311037,-3.69533595313028,108.907504483381
Tsinman,50,2.24080267558528,-3.66066839460185,117.95744723034
Tsinman,50,2.2876254180602,-3.62600083607342,127.759417710481
Tsinman,50,2.33444816053512,-3.59133327754499,138.375907557984
Tsinman,50,2.38127090301003,-3.55666571901657,149.874601306395
Tsinman,50,2.42809364548495,-3.52199816048814,162.328807905658
Tsinman,50,2.47491638795987,-3.48733060195971,175.817928097117
Tsinman,50,2.52173913043478,-3.45266304343128,190.42796062624
Tsinman,50,2.5685618729097,-3.41799548490285,206.252050520344
Tsinman,50,2.61538461538461,-3.38332792637443,223.391082926846
Tsinman,50,2.66220735785953,-3.348660367846,241.954326297991
Tsinman,50,2.70903010033445,-3.31399280931757,262.060129022633
Tsinman,50,2.75585284280936,-3.27932525078914,283.836673946378
Tsinman,50,2.80267558528428,-3.24465769226071,307.422795590492
Tsinman,50,2.8494983277592,-3.20999013373228,332.968865279643
Tsinman,50,2.89632107023411,-3.17532257520386,360.637749821575
Tsinman,50,2.94314381270903,-3.14065501667543,390.605849850671
Tsinman,50,2.98996655518395,-3.105987458147,423.064224455288
Tsinman,50,3.03678929765886,-3.07131989961857,458.219809258824
Tsinman,50,3.08361204013378,-3.03665234109014,496.296735720282
Tsinman,50,3.1304347826087,-3.00198478256172,537.537760065454
Tsinman,50,3.17725752508361,-2.96731722403329,582.205810958705
Tsinman,50,3.22408026755853,-2.93264966550486,630.585665782457
Tsinman,50,3.27090301003344,-2.89798210697643,682.985766211302
Tsinman,50,3.31772575250836,-2.863314548448,739.740184655837
Tsinman,50,3.36454849498328,-2.82864698991958,801.210754113075
Tsinman,50,3.41137123745819,-2.79397943139115,867.789375002119
Tsinman,50,3.45819397993311,-2.75931187286272,939.900513692167
Tsinman,50,3.50501672240803,-2.72464431433429,1018.00390865196
Tsinman,50,3.55183946488294,-2.68997675580586,1102.59750147353
Tsinman,50,3.59866220735786,-2.65530919727744,1194.22061145672
Tsinman,50,3.64548494983278,-2.62064163874901,1293.45737399378
Tsinman,50,3.69230769230769,-2.58597408022058,1400.9404646752
Tsinman,50,3.73913043478261,-2.55130652169215,1517.35513285946
Tsinman,50,3.78595317725753,-2.51663896316372,1643.44357042234
Tsinman,50,3.83277591973244,-2.4819714046353,1780.00964353854
Tsinman,50,3.87959866220736,-2.44730384610687,1927.92401766246
Tsinman,50,3.92642140468227,-2.41263628757844,2088.12970838228
Tsinman,50,3.97324414715719,-2.37796872905001,2261.64809353605
Tsinman,50,4.02006688963211,-2.34330117052158,2449.58542491979
Tsinman,50,4.06688963210702,-2.30863361199315,2653.1398811023
Tsinman,50,4.11371237458194,-2.27396605346473,2873.60920631131
Tsinman,50,4.16053511705686,-2.2392984949363,3112.39898409214
Tsinman,50,4.20735785953177,-2.20463093640787,3371.03159848671
Tsinman,50,4.25418060200669,-2.16996337787944,3651.15593986439
Tsinman,50,4.30100334448161,-2.13529581935101,3954.55791728306
Tsinman,50,4.34782608695652,-2.10062826082259,4283.17184440142
Tsinman,50,4.39464882943144,-2.06596070229416,4639.09277153213
Tsinman,50,4.44147157190636,-2.03129314376573,5024.58984245807
Tsinman,50,4.48829431438127,-1.9966255852373,5442.12076116656
Tsinman,50,4.53511705685619,-1.96195802670887,5894.34746073351
Tsinman,50,4.5819397993311,-1.92729046818045,6384.15307425263
Tsinman,50,4.62876254180602,-1.89262290965202,6914.6603160068
Tsinman,50,4.67558528428094,-1.85795535112359,7489.25139006889
Tsinman,50,4.72240802675585,-1.82328779259516,8111.58955325806
Tsinman,50,4.76923076923077,-1.78862023406673,8785.64246992385
Tsinman,50,4.81605351170569,-1.7539526755383,9515.70750745477
Tsinman,50,4.8628762541806,-1.71928511700988,10306.4391337809
Tsinman,50,4.90969899665552,-1.68461755848145,11162.8785915408
Tsinman,50,4.95652173913044,-1.64994999995302,12090.4860380976
Tsinman,50,5.00334448160535,-1.61528244142459,13095.1753563106
Tsinman,50,5.05016722408027,-1.58061488289616,14183.3518579958
Tsinman,50,5.09698996655518,-1.54594732436774,15361.9531204498
Tsinman,50,5.1438127090301,-1.51127976583931,16638.4932163874
Tsinman,50,5.19063545150502,-1.47661220731088,18021.1106192767
Tsinman,50,5.23745819397993,-1.44194464878245,19518.6200894891
Tsinman,50,5.28428093645485,-1.40727709025402,21140.5688720587
Tsinman,50,5.33110367892977,-1.3726095317256,22897.297564336
Tsinman,50,5.37792642140468,-1.33794197319717,24800.0060415919
Tsinman,50,5.4247491638796,-1.30327441466874,26860.8248608761
Tsinman,50,5.47157190635452,-1.26860685614031,29092.892598358
Tsinman,50,5.51839464882943,-1.23393929761188,31510.4396132079
Tsinman,50,5.56521739130435,-1.19927173908346,34128.8787720497
Tsinman,50,5.61204013377926,-1.16460418055503,36964.9037123887
Tsinman,50,5.65886287625418,-1.1299366220266,40036.595271486
Tsinman,50,5.7056856187291,-1.09526906349817,43363.5367592087
Tsinman,50,5.75250836120401,-1.06060150496974,46966.9388097658
Tsinman,50,5.79933110367893,-1.02593394644132,50869.774608314
Tsinman,50,5.84615384615385,-0.991266387912887,55096.9263545576
Tsinman,50,5.89297658862876,-0.956598829384459,59675.3438971083
Tsinman,50,5.93979933110368,-0.921931270856031,64634.2165499686
Tsinman,50,5.98662207357859,-0.887263712327603,70005.159186534
Tsinman,50,6.03344481605351,-0.852596153799175,75822.4137975471
Tsinman,50,6.08026755852843,-0.817928595270747,82123.0677980132
Tsinman,50,6.12709030100334,-0.783261036742319,88947.2904748815
Tsinman,50,6.17391304347826,-0.74859347821389,96338.589082937
Tsinman,50,6.22073578595318,-0.713925919685462,104344.086221625
Tsinman,50,6.26755852842809,-0.679258361157034,113014.820261202
Tsinman,50,6.31438127090301,-0.644590802628607,122406.070733549
Tsinman,50,6.36120401337793,-0.609923244100178,132577.710762155
Tsinman,50,6.40802675585284,-0.57525568557175,143594.588778155
Tsinman,50,6.45484949832776,-0.540588127043322,155526.941956017
Tsinman,50,6.50167224080267,-0.505920568514895,168450.844004717
Tsinman,50,6.54849498327759,-0.471253009986465,182448.690169232
Tsinman,50,6.59531772575251,-0.436585451458038,197609.722534464
Tsinman,50,6.64214046822742,-0.40191789292961,214030.598980606
Tsinman,50,6.68896321070234,-0.367250334401181,231816.009417288
Tsinman,50,6.73578595317726,-0.332582775872753,251079.343225244
Tsinman,50,6.78260869565217,-0.297915217344326,271943.412160725
Tsinman,50,6.82943143812709,-0.263247658815898,294541.233331466
Tsinman,50,6.87625418060201,-0.228580100287468,319016.877236017
Tsinman,50,6.92307692307692,-0.193912541759041,345526.386273018
Tsinman,50,6.96989966555184,-0.159244983230613,374238.769576333
Tsinman,50,7.01672240802676,-0.124577424702185,405337.080518485
Tsinman,50,7.06354515050167,-0.0899098661737566,439019.583751965
Tsinman,50,7.11036789297659,-0.0552423076453289,475501.019228757
Tsinman,50,7.1571906354515,-0.0205747491169012,515013.971256753
Tsinman,50,7.20401337792642,0.0140928094115266,557810.351321349
Tsinman,50,7.25083612040134,0.0487603679399561,604163.004125818
Tsinman,50,7.29765886287625,0.0834279264683838,654367.447089649
Tsinman,50,7.34448160535117,0.118095484996812,708743.754394886
Tsinman,50,7.39130434782609,0.15276304352524,767638.597592006
Tsinman,50,7.438127090301,0.187430602053668,831427.455775083
Tsinman,50,7.48494983277592,0.222098160582096,900517.009417019
Tsinman,50,7.53177257525084,0.256765719110523,975347.733126513
Tsinman,50,7.57859531772575,0.291433277638953,1056396.7038567
Tsinman,50,7.62541806020067,0.326100836167381,1144180.64246892
Tsinman,50,7.67224080267559,0.360768394695808,1239259.2080429
Tsinman,50,7.7190635451505,0.395435953224236,1342238.56593592
Tsinman,50,7.76588628762542,0.430103511752665,1453775.25233877
Tsinman,50,7.81270903010033,0.464771070281092,1574580.35996676
Tsinman,50,7.85953177257525,0.49943862880952,1705424.07157122
Tsinman,50,7.90635451505017,0.534106187337949,1847140.57017449
Tsinman,50,7.95317725752508,0.568773745866377,2000633.35733329
Tsinman,50,8,0.603441304394805,2166881.01333651
Smith,200,-6,-7.58250680307698,0.000136509758996598
Smith,200,-5.95317725752508,-7.54097503050173,0.000150208833166854
Smith,200,-5.90635451505017,-7.49944325792647,0.000165282641528288
Smith,200,-5.85953177257525,-7.45791148535122,0.000181869141878115
Smith,200,-5.81270903010033,-7.41637971277597,0.000200120136401746
Smith,200,-5.76588628762542,-7.37484794020072,0.000220202660989586
Smith,200,-5.7190635451505,-7.33331616762547,0.000242300513975021
Smith,200,-5.67224080267559,-7.29178439505022,0.000266615938284851
Smith,200,-5.62541806020067,-7.25025262247497,0.000293371472397453
Smith,200,-5.57859531772575,-7.20872084989972,0.000322811987048938
Smith,200,-5.53177257525084,-7.16718907732447,0.000355206926327537
Smith,200,-5.48494983277592,-7.12565730474922,0.000390852773667073
Smith,200,-5.438127090301,-7.08412553217397,0.000430075765308637
Smith,200,-5.39130434782609,-7.04259375959871,0.000473234876064517
Smith,200,-5.34448160535117,-7.00106198702346,0.000520725104710524
Smith,200,-5.29765886287625,-6.95953021444821,0.000572981089075139
Smith,200,-5.25083612040134,-6.91799844187296,0.000630481083911332
Smith,200,-5.20401337792642,-6.87646666929771,0.000693751337957124
Smith,200,-5.1571906354515,-6.83493489672246,0.000763370910244451
Smith,200,-5.11036789297659,-6.79340312414721,0.000839976969735882
Smith,200,-5.06354515050167,-6.75187135157196,0.000924270626792339
Smith,200,-5.01672240802676,-6.71033957899671,0.00101702334984222
Smith,200,-4.96989966555184,-6.66880780642146,0.00111908402597833
Smith,200,-4.92307692307692,-6.62727603384621,0.00123138673010227
Smith,200,-4.87625418060201,-6.58574426127096,0.00135495927372064
Smith,200,-4.82943143812709,-6.5442124886957,0.00149093261163297
Smith,200,-4.78260869565217,-6.50268071612045,0.00164055119260287
Smith,200,-4.73578595317726,-6.4611489435452,0.00180518434874322
Smith,200,-4.68896321070234,-6.41961717096995,0.00198633882785291
Smith,200,-4.64214046822742,-6.3780853983947,0.0021856725834029
Smith,200,-4.59531772575251,-6.33655362581945,0.0024050099483797
Smith,200,-4.54849498327759,-6.2950218532442,0.00264635833185957
Smith,200,-4.50167224080268,-6.25349008066895,0.00291192659112317
Smith,200,-4.45484949832776,-6.2119583080937,0.00320414524745477
Smith,200,-4.40802675585284,-6.17042653551845,0.0035256887306445
Smith,200,-4.36120401337793,-6.1288947629432,0.00387949985577833
Smith,200,-4.31438127090301,-6.08736299036795,0.00426881675633142
Smith,200,-4.26755852842809,-6.04583121779269,0.00469720252006039
Smith,200,-4.22073578595318,-6.00429944521744,0.00516857779892689
Smith,200,-4.17391304347826,-5.96276767264219,0.00568725669150337
Smith,200,-4.12709030100334,-5.92123590006694,0.00625798622626235
Smith,200,-4.08026755852843,-5.87970412749169,0.0068859898071063
Smith,200,-4.03344481605351,-5.83817235491644,0.0075770150187582
Smith,200,-3.9866220735786,-5.79664058234119,0.00833738622953515
Smith,200,-3.93979933110368,-5.75510880976594,0.00917406247293339
Smith,200,-3.89297658862876,-5.71357703719069,0.0100947011377662
Smith,200,-3.84615384615385,-5.67204526461544,0.0111077280497562
Smith,200,-3.79933110367893,-5.63051349204019,0.0122224145859798
Smith,200,-3.75250836120401,-5.58898171946494,0.0134489625279268
Smith,200,-3.7056856187291,-5.54744994688969,0.0147985974297631
Smith,200,-3.65886287625418,-5.50591817431443,0.0162836713563176
Smith,200,-3.61204013377926,-5.46438640173918,0.0179177759310669
Smith,200,-3.56521739130435,-5.42285462916393,0.0197158667287499
Smith,200,-3.51839464882943,-5.38132285658868,0.0216944001510729
Smith,200,-3.47157190635451,-5.33979108401343,0.0238714840382121
Smith,200,-3.4247491638796,-5.29825931143818,0.026267043394534
Smith,200,-3.37792642140468,-5.25672753886293,0.0289030027452792
Smith,200,-3.33110367892977,-5.21519576628768,0.0318034867931674
Smith,200,-3.28428093645485,-5.17366399371243,0.0349950412113626
Smith,200,-3.23745819397993,-5.13213222113718,0.0385068755935299
Smith,200,-3.19063545150502,-5.09060044856193,0.0423711307844992
Smith,200,-3.1438127090301,-5.04906867598667,0.0466231730381885
Smith,200,-3.09698996655518,-5.00753690341142,0.0513019176949623
Smith,200,-3.05016722408027,-4.96600513083617,0.0564501853407734
Smith,200,-3.00334448160535,-4.92447335826092,0.0621150937077073
Smith,200,-2.95652173913043,-4.88294158568567,0.0683484889026653
Smith,200,-2.90969899665552,-4.84140981311042,0.0752074199108569
Smith,200,-2.8628762541806,-4.79987804053517,0.0827546607168281
Smith,200,-2.81605351170569,-4.75834626795992,0.0910592848215593
Smith,200,-2.76923076923077,-4.71681449538467,0.1001972974137
Smith,200,-2.72240802675585,-4.67528272280942,0.110252330980668
Smith,200,-2.67558528428094,-4.63375095023417,0.121316410725951
Smith,200,-2.62876254180602,-4.59221917765892,0.133490796797832
Smith,200,-2.5819397993311,-4.55068740508366,0.146886911037735
Smith,200,-2.53511705685619,-4.50915563250841,0.161627356729943
Smith,200,-2.48829431438127,-4.46762385993316,0.177847040685586
Smith,200,-2.44147157190635,-4.42609208735791,0.195694407930393
Smith,200,-2.39464882943144,-4.38456031478266,0.215332800296243
Smith,200,-2.34782608695652,-4.34302854220741,0.236941951350569
Smith,200,-2.30100334448161,-4.30149676963216,0.26071963134543
Smith,200,-2.25418060200669,-4.25996499705691,0.286883457241071
Smith,200,-2.20735785953177,-4.21843322448166,0.315672884369594
Smith,200,-2.16053511705686,-4.17690145190641,0.347351397966746
Smith,200,-2.11371237458194,-4.13536967933116,0.382208924629049
Smith,200,-2.06688963210702,-4.09383790675591,0.420564485766312
Smith,200,-2.02006688963211,-4.05230613418065,0.462769117334315
Smith,200,-1.97324414715719,-4.0107743616054,0.509209082569508
Smith,200,-1.92642140468227,-3.96924258903015,0.560309407129173
Smith,200,-1.87959866220736,-3.9277108164549,0.616537768991169
Smith,200,-1.83277591973244,-3.88617904387965,0.678408778714252
Smith,200,-1.78595317725753,-3.8446472713044,0.746488689232523
Smith,200,-1.73913043478261,-3.80311549872915,0.821400578288809
Smith,200,-1.69230769230769,-3.7615837261539,0.903830050937354
Smith,200,-1.64548494983278,-3.72005195357865,0.994531514306032
Smith,200,-1.59866220735786,-3.6785201810034,1.09433508204564
Smith,200,-1.55183946488294,-3.63698840842815,1.20415417165689
Smith,200,-1.50501672240803,-3.5954566358529,1.32499386422687
Smith,200,-1.45819397993311,-3.55392486327764,1.45796010308478
Smith,200,-1.41137123745819,-3.51239309070239,1.60426981556423
Smith,200,-1.36454849498328,-3.47086131812714,1.76526205050815
Smith,200,-1.31772575250836,-3.42932954555189,1.94241023344833
Smith,200,-1.27090301003344,-3.38779777297664,2.13733565162108
Smith,200,-1.22408026755853,-3.34626600040139,2.35182229223568
Smith,200,-1.17725752508361,-3.30473422782614,2.58783316979792
Smith,200,-1.1304347826087,-3.26320245525089,2.84752829191879
Smith,200,-1.08361204013378,-3.22167068267564,3.13328442803407
Smith,200,-1.03678929765886,-3.18013891010039,3.4477168619615
Smith,200,-0.989966555183947,-3.13860713752514,3.79370332737772
Smith,200,-0.94314381270903,-3.09707536494989,4.17441034527663
Smith,200,-0.896321070234114,-3.05554359237463,4.59332220445333
Smith,200,-0.849498327759197,-3.01401181979938,5.05427285024751
Smith,200,-0.802675585284281,-2.97248004722413,5.56148097339698
Smith,200,-0.755852842809364,-2.93094827464888,6.11958862013989
Smith,200,-0.709030100334449,-2.88941650207363,6.73370367693109
Smith,200,-0.662207357859532,-2.84788472949838,7.40944661859949
Smith,200,-0.615384615384615,-2.80635295692313,8.15300194779231
Smith,200,-0.568561872909699,-2.76482118434788,8.97117479648828
Smith,200,-0.521739130434782,-2.72328941177263,9.87145320760529
Smith,200,-0.474916387959866,-2.68175763919738,10.8620766667132
Smith,200,-0.42809364548495,-2.64022586662213,11.9521115110646
Smith,200,-0.381270903010034,-2.59869409404688,13.1515339060988
Smith,200,-0.334448160535117,-2.55716232147162,14.471321148832
Smith,200,-0.287625418060201,-2.51563054889637,15.9235521337565
Smith,200,-0.240802675585284,-2.47409877632112,17.5215179007293
Smith,200,-0.193979933110368,-2.43256700374587,19.2798432765989
Smith,200,-0.147157190635451,-2.39103523117062,21.2146207238554
Smith,200,-0.100334448160535,-2.34950345859537,23.3435576213059
Smith,200,-0.0535117056856187,-2.30797168602012,25.6861383247111
Smith,200,-0.00668896321070278,-2.26643991344487,28.2638024905854
Smith,200,0.040133779264214,-2.22490814086962,31.1001412952099
Smith,200,0.0869565217391308,-2.18337636829437,34.2211133446818
Smith,200,0.133779264214047,-2.14184459571912,37.6552822520432
Smith,200,0.180602006688964,-2.10031282314386,41.4340780558328
Smith,200,0.227424749163879,-2.05878105056861,45.5920848725994
Smith,200,0.274247491638796,-2.01724927799336,50.1673574160218
Smith,200,0.321070234113712,-1.97571750541811,55.2017692794619
Smith,200,0.367892976588629,-1.93418573284286,60.7413961694893
Smith,200,0.414715719063545,-1.89265396026761,66.8369375977872
Smith,200,0.461538461538462,-1.85112218769236,73.5441808908302
Smith,200,0.508361204013378,-1.80959041511711,80.9245117640193
Smith,200,0.555183946488294,-1.76805864254186,89.0454761331285
Smith,200,0.60200668896321,-1.72652686996661,97.9813983048457
Smith,200,0.648829431438127,-1.68499509739136,107.814061204184
Smith,200,0.695652173913044,-1.64346332481611,118.633454864307
Smith,200,0.74247491638796,-1.60193155224086,130.538600029059
Smith,200,0.789297658862877,-1.5603997796656,143.638454405946
Smith,200,0.836120401337793,-1.51886800709035,158.052909863721
Smith,200,0.882943143812709,-1.4773362345151,173.913889701081
Smith,200,0.929765886287625,-1.43580446193985,191.366556028857
Smith,200,0.976588628762542,-1.3942726893646,210.570638315832
Smith,200,1.02341137123746,-1.35274091678935,231.701895257239
Smith,200,1.07023411371237,-1.3112091442141,254.9537233452
Smith,200,1.11705685618729,-1.26967737163885,280.538926862963
Smith,200,1.16387959866221,-1.2281455990636,308.691665502224
Smith,200,1.21070234113712,-1.18661382648835,339.669597428396
Smith,200,1.25752508361204,-1.1450820539131,373.756237407509
Smith,200,1.30434782608696,-1.10355028133785,411.263551576666
Smith,200,1.35117056856187,-1.06201850876259,452.534812605792
Smith,200,1.39799331103679,-1.02048673618734,497.947741381559
Smith,200,1.44481605351171,-0.978954963612093,547.917963966651
Smith,200,1.49163879598662,-0.937423191036842,602.902815472996
Smith,200,1.53846153846154,-0.895891418461591,663.405525662576
Smith,200,1.58528428093646,-0.85435964588634,729.979824583108
Smith,200,1.63210702341137,-0.81282787331109,803.235010390033
Smith,200,1.67892976588629,-0.771296100735838,883.841525736336
Smith,200,1.7257525083612,-0.729764328160588,972.537093766134
Smith,200,1.77257525083612,-0.688232555585337,1070.13346986962
Smith,200,1.81939799331104,-0.646700783010086,1177.52387099238
Smith,200,1.86622073578595,-0.605169010434835,1295.69115049343
Smith,200,1.91304347826087,-0.563637237859585,1425.71679336923
Smith,200,1.95986622073579,-0.522105465284334,1568.79081416969
Smith,200,2.0066889632107,-0.480573692709082,1726.22264819309
Smith,200,2.05351170568562,-0.439041920133832,1899.45313563804
Smith,200,2.10033444816053,-0.397510147558581,2090.06770839308
Smith,200,2.14715719063545,-0.355978374983329,2299.81090015161
Smith,200,2.19397993311037,-0.314446602408079,2530.60231265073
Smith,200,2.24080267558528,-0.272914829832829,2784.55418415969
Smith,200,2.2876254180602,-0.231383057257578,3063.99072100722
Smith,200,2.33444816053512,-0.189851284682326,3371.46936907297
Smith,200,2.38127090301003,-0.148319512107076,3709.80421992291
Smith,200,2.42809364548495,-0.106787739531826,4082.09176580539
Smith,200,2.47491638795987,-0.0652559669565751,4491.73923922121
Smith,200,2.52173913043478,-0.0237241943813229,4942.49579643611
Smith,200,2.5685618729097,0.0178075781939275,5438.48683033166
Smith,200,2.61538461538461,0.059339350769178,5984.25172663134
Smith,200,2.66220735785953,0.100871123344428,6584.78540905215
Smith,200,2.70903010033445,0.14240289591968,7245.58405360968
Smith,200,2.75585284280936,0.183934668494931,7972.69539046066
Smith,200,2.80267558528428,0.225466441070181,8772.77405365351
Smith,200,2.8494983277592,0.266998213645433,9653.14248535586
Smith,200,2.89632107023411,0.308529986220684,10621.8579519639
Smith,200,2.94314381270903,0.350061758795934,11687.7862854356
Smith,200,2.98996655518395,0.391593531371184,12860.6830247396
Smith,200,3.03678929765886,0.433125303946436,14151.2827000379
Smith,200,3.08361204013378,0.474657076521687,15571.3970767464
Smith,200,3.1304347826087,0.516188849096937,17134.0232586164
Smith,200,3.17725752508361,0.557720621672187,18853.4626392143
Smith,200,3.22408026755853,0.59925239424744,20745.4517904602
Smith,200,3.27090301003344,0.64078416682269,22827.3064861385
Smith,200,3.31772575250836,0.68231593939794,25118.0801785055
Smith,200,3.36454849498328,0.723847711973192,27638.7383783956
Smith,200,3.41137123745819,0.765379484548443,30412.350534779
Smith,200,3.45819397993311,0.806911257123693,33464.3011698844
Smith,200,3.50501672240803,0.848443029698944,36822.5222022243
Smith,200,3.55183946488294,0.889974802274195,40517.748583781
Smith,200,3.59866220735786,0.931506574849446,44583.7995909828
Smith,200,3.64548494983278,0.973038347424696,49057.8883438896
Smith,200,3.69230769230769,1.01457011999995,53980.9623863529
Smith,200,3.73913043478261,1.0561018925752,59398.0784441938
Smith,200,3.78595317725753,1.09763366515045,65358.8147912411
Smith,200,3.83277591973244,1.1391654377257,71917.7249972691
Smith,200,3.87959866220736,1.18069721030095,79134.8372106034
Smith,200,3.92642140468227,1.2222289828762,87076.203544905
Smith,200,3.97324414715719,1.26376075545145,95814.5045982067
Smith,200,4.02006688963211,1.3052925280267,105429.714636852
Smith,200,4.06688963210702,1.34682430060195,116009.833532199
Smith,200,4.11371237458194,1.38835607317721,127651.692148888
Smith,200,4.16053511705686,1.42988784575246,140461.838555709
Smith,200,4.20735785953177,1.47141961832771,154557.513169808
Smith,200,4.25418060200669,1.51295139090296,170067.721758898
Smith,200,4.30100334448161,1.55448316347821,187134.41612175
Smith,200,4.34782608695652,1.59601493605346,205913.793252752
Smith,200,4.39464882943144,1.63754670862871,226577.724880662
Smith,200,4.44147157190636,1.67907848120396,249315.33046493
Smith,200,4.48829431438127,1.72061025377921,274334.708045884
Smith,200,4.53511705685619,1.76214202635446,301864.838789794
Smith,200,4.5819397993311,1.80367379892971,332157.68265949
Smith,200,4.62876254180602,1.84520557150496,365490.484390435
Smith,200,4.67558528428094,1.88673734408022,402168.310876907
Smith,200,4.72240802675585,1.92826911665547,442526.843190824
Smith,200,4.76923076923077,1.96980088923072,486935.448786205
Smith,200,4.81605351170569,2.01133266180597,535800.562006538
Smith,200,4.8628762541806,2.05286443438122,589569.403833994
Smith,200,4.90969899665552,2.09439620695647,648734.074924188
Smith,200,4.95652173913044,2.13592797953172,713836.059386563
Smith,200,5.00334448160535,2.17745975210697,785471.180529685
Smith,200,5.05016722408027,2.21899152468222,864295.05392721
Smith,200,5.09698996655518,2.26052329725747,951029.087711778
Smith,200,5.1438127090301,2.30205506983272,1046467.08501247
Smith,200,5.19063545150502,2.34358684240797,1151482.5089623
Smith,200,5.23745819397993,2.38511861498322,1267036.47676631
Smith,200,5.28428093645485,2.42665038755847,1394186.55599306
Smith,200,5.33110367892977,2.46818216013373,1534096.44359457
Smith,200,5.37792642140468,2.50971393270898,1688046.61623864
Smith,200,5.4247491638796,2.55124570528423,1857446.049427
Smith,200,5.47157190635452,2.59277747785948,2043845.11265429
Smith,200,5.51839464882943,2.63430925043473,2248949.75862662
Smith,200,5.56521739130435,2.67584102300998,2474637.13640138
Smith,200,5.61204013377926,2.71737279558523,2722972.77134214
Smith,200,5.65886287625418,2.75890456816048,2996229.46912252
Smith,200,5.7056856187291,2.80043634073573,3296908.11679076
Smith,200,5.75250836120401,2.84196811331098,3627760.5712703
Smith,200,5.79933110367893,2.88349988588623,3991814.84477466
Smith,200,5.84615384615385,2.92503165846149,4392402.81763791
Smith,200,5.89297658862876,2.96656343103674,4833190.73219252
Smith,200,5.93979933110368,3.00809520361199,5318212.74677938
Smith,200,5.98662207357859,3.04962697618724,5851907.85698134
Smith,200,6.03344481605351,3.09115874876249,6439160.5219889
Smith,200,6.08026755852843,3.13269052133774,7085345.36791707
Smith,200,6.12709030100334,3.17422229391299,7796376.37720479
Smith,200,6.17391304347826,3.21575406648824,8578761.01428575
Smith,200,6.22073578595318,3.25728583906349,9439659.78289708
Smith,200,6.26755852842809,3.29881761163874,10386951.7601037
Smith,200,6.31438127090301,3.34034938421399,11429306.7068154
Smith,200,6.36120401337793,3.38188115678925,12576264.4147634
Smith,200,6.40802675585284,3.4234129293645,13838322.0161316
Smith,200,6.45484949832776,3.46494470193975,15227030.0549143
Smith,200,6.50167224080267,3.506476474515,16755098.1992598
Smith,200,6.54849498327759,3.54800824709025,18436511.562295
Smith,200,6.59531772575251,3.5895400196655,20286658.6960171
Smith,200,6.64214046822742,3.63107179224075,22322472.4296736
Smith,200,6.68896321070234,3.672603564816,24562584.8416017
Smith,200,6.73578595317726,3.71413533739125,27027497.7828566
Smith,200,6.78260869565217,3.7556671099665,29739770.5132847
Smith,200,6.82943143812709,3.79719888254175,32724226.1673161
Smith,200,6.87625418060201,3.83873065511701,36008178.9390845
Smith,200,6.92307692307692,3.88026242769226,39621684.0661037
Smith,200,6.96989966555184,3.92179420026751,43597812.8993949
Smith,200,7.01672240802676,3.96332597284276,47972955.577543
Smith,200,7.06354515050167,4.00485774541801,52787154.0748061
Smith,200,7.11036789297659,4.04638951799326,58084468.6713803
Smith,200,7.1571906354515,4.08792129056851,63913381.1998169
Smith,200,7.20401337792642,4.12945306314376,70327238.7581615
Smith,200,7.25083612040134,4.17098483571901,77384741.9507456
Smith,200,7.29765886287625,4.21251660829426,85150482.1250857
Smith,200,7.34448160535117,4.25404838086951,93695532.5217658
Smith,200,7.39130434782609,4.29558015344476,103098098.747594
Smith,200,7.438127090301,4.33711192602001,113444234.525263
Smith,200,7.48494983277592,4.37864369859526,124828629.27017
Smith,200,7.53177257525084,4.42017547117052,137355474.702415
Smith,200,7.57859531772575,4.46170724374577,151139418.42534
Smith,200,7.62541806020067,4.50323901632102,166306613.197911
Smith,200,7.67224080267559,4.54477078889627,182995871.504044
Smith,200,7.7190635451505,4.58630256147152,201359935.985668
Smith,200,7.76588628762542,4.62783433404677,221566877.36672
Smith,200,7.81270903010033,4.66936610662202,243801632.662085
Smith,200,7.85953177257525,4.71089787919727,268267697.749421
Smith,200,7.90635451505017,4.75242965177252,295188989.794517
Smith,200,7.95317725752508,4.79396142434777,324811896.575408
Smith,200,8,4.83549319692302,357407531.460961
Luco,200,-6,-5.48,0.0172850445413912
Luco,200,-5.95317725752508,-5.45902341137124,0.0181404097118173
Luco,200,-5.90635451505017,-5.43804682274248,0.0190381033571875
Luco,200,-5.85953177257525,-5.41707023411371,0.0199802201381837
Luco,200,-5.81270903010033,-5.39609364548495,0.0209689583715578
Luco,200,-5.76588628762542,-5.37511705685619,0.0220066251596413
Luco,200,-5.7190635451505,-5.35414046822742,0.0230956417736919
Luco,200,-5.67224080267559,-5.33316387959866,0.0242385493036406
Luco,200,-5.62541806020067,-5.3121872909699,0.0254380145874206
Luco,200,-5.57859531772575,-5.29121070234114,0.0266968364337147
Luco,200,-5.53177257525084,-5.27023411371237,0.0280179521526403
Luco,200,-5.48494983277592,-5.24925752508361,0.0294044444096111
Luco,200,-5.438127090301,-5.22828093645485,0.0308595484183675
Luco,200,-5.39130434782609,-5.20730434782609,0.0323866594899612
Luco,200,-5.34448160535117,-5.18632775919732,0.0339893409553069
Luco,200,-5.29765886287625,-5.16535117056856,0.0356713324797885
Luco,200,-5.25083612040134,-5.1443745819398,0.0374365587893207
Luco,200,-5.20401337792642,-5.12339799331104,0.0392891388282274
Luco,200,-5.1571906354515,-5.10242140468227,0.041233395370305
Luco,200,-5.11036789297659,-5.08144481605351,0.0432738651054976
Luco,200,-5.06354515050167,-5.06046822742475,0.0454153092257209
Luco,200,-5.01672240802676,-5.03949163879599,0.0476627245345324
Luco,200,-4.96989966555184,-5.01851505016722,0.0500213551065756
Luco,200,-4.92307692307692,-4.99753846153846,0.0524967045239996
Luco,200,-4.87625418060201,-4.9765618729097,0.0550945487184101
Luco,200,-4.82943143812709,-4.95558528428094,0.057820949448314
Luco,200,-4.78260869565217,-4.93460869565217,0.060682268443508
Luco,200,-4.73578595317726,-4.91363210702341,0.0636851822494128
Luco,200,-4.68896321070234,-4.89265551839465,0.0668366978059936
Luco,200,-4.64214046822742,-4.87167892976589,0.0701441687976154
Luco,200,-4.59531772575251,-4.85070234113712,0.0736153128119853
Luco,200,-4.54849498327759,-4.82972575250836,0.0772582293482202
Luco,200,-4.50167224080268,-4.8087491638796,0.0810814187160586
Luco,200,-4.45484949832776,-4.78777257525084,0.0850938018703151
Luco,200,-4.40802675585284,-4.76679598662207,0.0893047412268618
Luco,200,-4.36120401337793,-4.74581939799331,0.0937240625087048
Luco,200,-4.31438127090301,-4.72484280936455,0.0983620776731327
Luco,200,-4.26755852842809,-4.70386622073579,0.103229608973435
Luco,200,-4.22073578595318,-4.68288963210702,0.108338014211335
Luco,200,-4.17391304347826,-4.66191304347826,0.113699213239061
Luco,200,-4.12709030100334,-4.6409364548495,0.119325715772893
Luco,200,-4.08026755852843,-4.61995986622074,0.125230650583092
Luco,200,-4.03344481605351,-4.59898327759197,0.13142779612831
Luco,200,-3.9866220735786,-4.57800668896321,0.137931612705977
Luco,200,-3.93979933110368,-4.55703010033445,0.144757276193675
Luco,200,-3.89297658862876,-4.53605351170569,0.151920713460227
Luco,200,-3.84615384615385,-4.51507692307692,0.159438639529147
Luco,200,-3.79933110367893,-4.49410033444816,0.167328596581139
Luco,200,-3.75250836120401,-4.4731237458194,0.175608994886683
Luco,200,-3.7056856187291,-4.45214715719064,0.184299155764192
Luco,200,-3.65886287625418,-4.43117056856187,0.193419356664001
Luco,200,-3.61204013377926,-4.41019397993311,0.202990878483365
Luco,200,-3.56521739130435,-4.38921739130435,0.213036055222892
Luco,200,-3.51839464882943,-4.36824080267559,0.223578326100254
Luco,200,-3.47157190635451,-4.34726421404682,0.234642290242804
Luco,200,-3.4247491638796,-4.32628762541806,0.246253764086686
Luco,200,-3.37792642140468,-4.3053110367893,0.258439841616408
Luco,200,-3.33110367892977,-4.28433444816054,0.271228957585403
Luco,200,-3.28428093645485,-4.26335785953177,0.284650953865134
Luco,200,-3.23745819397993,-4.24238127090301,0.298737149077519
Luco,200,-3.19063545150502,-4.22140468227425,0.313520411673192
Luco,200,-3.1438127090301,-4.20042809364548,0.3290352366261
Luco,200,-3.09698996655518,-4.17945150501672,0.345317825923392
Luco,200,-3.05016722408027,-4.15847491638796,0.362406173038427
Luco,200,-3.00334448160535,-4.1374983277592,0.380340151583994
Luco,200,-2.95652173913043,-4.11652173913043,0.399161608352618
Luco,200,-2.90969899665552,-4.09554515050167,0.418914460961039
Luco,200,-2.8628762541806,-4.07456856187291,0.439644800326716
Luco,200,-2.81605351170569,-4.05359197324415,0.461400998215468
Luco,200,-2.76923076923077,-4.03261538461538,0.484233820111198
Luco,200,-2.72240802675585,-4.01163879598662,0.508196543671074
Luco,200,-2.67558528428094,-3.99066220735786,0.533345083042566
Luco,200,-2.62876254180602,-3.9696856187291,0.559738119332416
Luco,200,-2.5819397993311,-3.94870903010033,0.587437237531982
Luco,200,-2.53511705685619,-3.92773244147157,0.616507070218438
Luco,200,-2.48829431438127,-3.90675585284281,0.647015448367161
Luco,200,-2.44147157190635,-3.88577926421405,0.679033559627193
Luco,200,-2.39464882943144,-3.86480267558528,0.712636114429103
Luco,200,-2.34782608695652,-3.84382608695652,0.747901520312829
Luco,200,-2.30100334448161,-3.82284949832776,0.784912064882293
Luco,200,-2.25418060200669,-3.801872909699,0.823754107813674
Luco,200,-2.20735785953177,-3.78089632107023,0.864518282365377
Luco,200,-2.16053511705686,-3.75991973244147,0.907299706859895
Luco,200,-2.11371237458194,-3.73894314381271,0.952198206631033
Luco,200,-2.06688963210702,-3.71796655518395,0.99931854695437
Luco,200,-2.02006688963211,-3.69698996655518,1.04877067750449
Luco,200,-1.97324414715719,-3.67601337792642,1.10066998890941
Luco,200,-1.92642140468227,-3.65503678929766,1.15513758200076
Luco,200,-1.87959866220736,-3.6340602006689,1.21230055038812
Luco,200,-1.83277591973244,-3.61308361204013,1.27229227701673
Luco,200,-1.78595317725753,-3.59210702341137,1.33525274540061
Luco,200,-1.73913043478261,-3.57113043478261,1.40132886625737
Luco,200,-1.69230769230769,-3.55015384615385,1.47067482030677
Luco,200,-1.64548494983278,-3.52917725752508,1.54345241803299
Luco,200,-1.59866220735786,-3.50820066889632,1.61983147724999
Luco,200,-1.55183946488294,-3.48722408026756,1.69999021935109
Luco,200,-1.50501672240803,-3.4662474916388,1.78411568516727
Luco,200,-1.45819397993311,-3.44527090301003,1.87240417140453
Luco,200,-1.41137123745819,-3.42429431438127,1.96506168867877
Luco,200,-1.36454849498328,-3.40331772575251,2.06230444221692
Luco,200,-1.31772575250836,-3.38234113712375,2.16435933634596
Luco,200,-1.27090301003344,-3.36136454849498,2.27146450394698
Luco,200,-1.22408026755853,-3.34038795986622,2.3838698621098
Luco,200,-1.17725752508361,-3.31941137123746,2.50183769528457
Luco,200,-1.1304347826087,-3.2984347826087,2.62564326729111
Luco,200,-1.08361204013378,-3.27745819397993,2.75557546361415
Luco,200,-1.03678929765886,-3.25648160535117,2.891937465483
Luco,200,-0.989966555183947,-3.23550501672241,3.03504745730865
Luco,200,-0.94314381270903,-3.21452842809365,3.18523936912903
Luco,200,-0.896321070234114,-3.19355183946488,3.34286365579481
Luco,200,-0.849498327759197,-3.17257525083612,3.50828811471379
Luco,200,-0.802675585284281,-3.15159866220736,3.68189874406219
Luco,200,-0.755852842809364,-3.1306220735786,3.86410064346515
Luco,200,-0.709030100334449,-3.10964548494983,4.05531895924828
Luco,200,-0.662207357859532,-3.08866889632107,4.25599987646566
Luco,200,-0.615384615384615,-3.06769230769231,4.4666116600193
Luco,200,-0.568561872909699,-3.04671571906355,4.68764574729924
Luco,200,-0.521739130434782,-3.02573913043478,4.91961789489389
Luco,200,-0.474916387959866,-3.00476254180602,5.1630693820463
Luco,200,-0.42809364548495,-2.98378595317726,5.41856827366445
Luco,200,-0.381270903010034,-2.9628093645485,5.68671074583277
Luco,200,-0.334448160535117,-2.94183277591973,5.96812247691771
Luco,200,-0.287625418060201,-2.92085618729097,6.26346010751323
Luco,200,-0.240802675585284,-2.89987959866221,6.57341277263312
Luco,200,-0.193979933110368,-2.87890301003345,6.89870370972501
Luco,200,-0.147157190635451,-2.85792642140468,7.24009194625848
Luco,200,-0.100334448160535,-2.83694983277592,7.59837407082474
Luco,200,-0.0535117056856187,-2.81597324414716,7.97438609188079
Luco,200,-0.00668896321070278,-2.79499665551839,8.3690053884751
Luco,200,0.040133779264214,-2.77402006688963,8.78315275750663
Luco,200,0.0869565217391308,-2.75304347826087,9.21779456229416
Luco,200,0.133779264214047,-2.73206688963211,9.67394498746944
Luco,200,0.180602006688964,-2.71109030100334,10.1526684054557
Luco,200,0.227424749163879,-2.69011371237458,10.6550818600532
Luco,200,0.274247491638796,-2.66913712374582,11.1823576729274
Luco,200,0.321070234113712,-2.64816053511706,11.735726179081
Luco,200,0.367892976588629,-2.62718394648829,12.3164785976939
Luco,200,0.414715719063545,-2.60620735785953,12.9259700450279
Luco,200,0.461538461538462,-2.58523076923077,13.5656226964291
Luco,200,0.508361204013378,-2.56425418060201,14.2369291048031
Luco,200,0.555183946488294,-2.54327759197324,14.9414556833094
Luco,200,0.60200668896321,-2.52230100334448,15.6808463603981
Luco,200,0.648829431438127,-2.50132441471572,16.456826415721
Luco,200,0.695652173913044,-2.48034782608696,17.2712065058647
Luco,200,0.74247491638796,-2.45937123745819,18.1258868893011
Luco,200,0.789297658862877,-2.43839464882943,19.0228618604136
Luco,200,0.836120401337793,-2.41741806020067,19.9642244029434
Luco,200,0.882943143812709,-2.39644147157191,20.9521710737174
Luco,200,0.929765886287625,-2.37546488294314,21.9890071280504
Luco,200,0.976588628762542,-2.35448829431438,23.0771518987825
Luco,200,1.02341137123746,-2.33351170568562,24.2191444415024
Luco,200,1.07023411371237,-2.31253511705686,25.4176494591304
Luco,200,1.11705685618729,-2.29155852842809,26.675463519683
Luco,200,1.16387959866221,-2.27058193979933,27.9955215817302
Luco,200,1.21070234113712,-2.24960535117057,29.3809038427699
Luco,200,1.25752508361204,-2.22862876254181,30.8348429264999
Luco,200,1.30434782608696,-2.20765217391304,32.3607314257589
Luco,200,1.35117056856187,-2.18667558528428,33.9621298187352
Luco,200,1.39799331103679,-2.16569899665552,35.6427747769169
Luco,200,1.44481605351171,-2.14472240802676,37.4065878841674
Luco,200,1.49163879598662,-2.12374581939799,39.2576847872724
Luco,200,1.53846153846154,-2.10276923076923,41.2003847993081
Luco,200,1.58528428093646,-2.08179264214047,43.2392209782425
Luco,200,1.63210702341137,-2.06081605351171,45.3789507042828
Luco,200,1.67892976588629,-2.03983946488294,47.6245667806532
Luco,200,1.7257525083612,-2.01886287625418,49.9813090837033
Luco,200,1.77257525083612,-1.99788628762542,52.4546767895328
Luco,200,1.81939799331104,-1.97690969899666,55.0504412056604
Luco,200,1.86622073578595,-1.95593311036789,57.7746592376796
Luco,200,1.91304347826087,-1.93495652173913,60.6336875223223
Luco,200,1.95986622073579,-1.91397993311037,63.6341972599108
Luco,200,2.0066889632107,-1.89300334448161,66.7831897808042
Luco,200,2.05351170568562,-1.87202675585284,70.0880128821659
Luco,200,2.10033444816053,-1.85105016722408,73.5563779731681
Luco,200,2.14715719063545,-1.83007357859532,77.1963780686427
Luco,200,2.19397993311037,-1.80909698996655,81.0165066731622
Luco,200,2.24080267558528,-1.78812040133779,85.0256775996166
Luco,200,2.2876254180602,-1.76714381270903,89.2332457685289
Luco,200,2.33444816053512,-1.74616722408027,93.6490290366425
Luco,200,2.38127090301003,-1.7251906354515,98.2833311057141
Luco,200,2.42809364548495,-1.70421404682274,103.14696556497
Luco,200,2.47491638795987,-1.68323745819398,108.251281123321
Luco,200,2.52173913043478,-1.66226086956522,113.608188090218
Luco,200,2.5685618729097,-1.64128428093645,119.23018616693
Luco,200,2.61538461538461,-1.62030769230769,125.130393613106
Luco,200,2.66220735785953,-1.59933110367893,131.322577856662
Luco,200,2.70903010033445,-1.57835451505017,137.821187618423
Luco,200,2.75585284280936,-1.5573779264214,144.641386626488
Luco,200,2.80267558528428,-1.53640133779264,151.799088998974
Luco,200,2.8494983277592,-1.51542474916388,159.310996377703
Luco,200,2.89632107023411,-1.49444816053512,167.194636899487
Luco,200,2.94314381270903,-1.47347157190635,175.468406095939
Luco,200,2.98996655518395,-1.45249498327759,184.151609817239
Luco,200,3.03678929765886,-1.43151839464883,193.26450928003
Luco,200,3.08361204013378,-1.41054180602007,202.828368344539
Luco,200,3.1304347826087,-1.3895652173913,212.865503131252
Luco,200,3.17725752508361,-1.36858862876254,223.399334092907
Luco,200,3.22408026755853,-1.34761204013378,234.454440663323
Luco,200,3.27090301003344,-1.32663545150502,246.056618610559
Luco,200,3.31772575250836,-1.30565886287625,258.232940228261
Luco,200,3.36454849498328,-1.28468227424749,271.011817505613
Luco,200,3.41137123745819,-1.26370568561873,284.42306842331
Luco,200,3.45819397993311,-1.24272909698997,298.497986530257
Luco,200,3.50501672240803,-1.2217525083612,313.269413963313
Luco,200,3.55183946488294,-1.20077591973244,328.771818080488
Luco,200,3.59866220735786,-1.17979933110368,345.041371886398
Luco,200,3.64548494983278,-1.15882274247492,362.116038437642
Luco,200,3.69230769230769,-1.13784615384615,380.035659425052
Luco,200,3.73913043478261,-1.11686956521739,398.842048139509
Luco,200,3.78595317725753,-1.09589297658863,418.579087038252
Luco,200,3.83277591973244,-1.07491638795987,439.292830139342
Luco,200,3.87959866220736,-1.0539397993311,461.031610483199
Luco,200,3.92642140468227,-1.03296321070234,483.846152911971
Luco,200,3.97324414715719,-1.01198662207358,507.789692429877
Luco,200,4.02006688963211,-0.991010033444816,532.91809842072
Luco,200,4.06688963210702,-0.970033444816053,559.290005012412
Luco,200,4.11371237458194,-0.949056856187291,586.966947892685
Luco,200,4.16053511705686,-0.928080267558528,616.01350789526
Luco,200,4.20735785953177,-0.907103678929766,646.497461691493
Luco,200,4.25418060200669,-0.886127090301003,678.489939939124
Luco,200,4.30100334448161,-0.865150501672241,712.065593257151
Luco,200,4.34782608695652,-0.844173913043478,747.302766414122
Luco,200,4.39464882943144,-0.823197324414716,784.283681136269
Luco,200,4.44147157190636,-0.802220735785953,823.09462796207
Luco,200,4.48829431438127,-0.781244147157191,863.826167590889
Luco,200,4.53511705685619,-0.760267558528428,906.573342195533
Luco,200,4.5819397993311,-0.739290969899666,951.435897191785
Luco,200,4.62876254180602,-0.718314381270903,998.518513982396
Luco,200,4.67558528428094,-0.697337792642141,1047.9310542186
Luco,200,4.72240802675585,-0.676361204013378,1099.78881614916
Luco,200,4.76923076923077,-0.655384615384615,1154.21280365498
Luco,200,4.81605351170569,-0.634408026755853,1211.33000859721
Luco,200,4.8628762541806,-0.61343143812709,1271.27370713758
Luco,200,4.90969899665552,-0.592454849498328,1334.18377072232
Luco,200,4.95652173913044,-0.571478260869565,1400.20699245547
Luco,200,5.00334448160535,-0.550501672240802,1469.49742962301
Luco,200,5.05016722408027,-0.52952508361204,1542.21676316712
Luco,200,5.09698996655518,-0.508548494983278,1618.53467494927
Luco,200,5.1438127090301,-0.487571906354515,1698.62924368256
Luco,200,5.19063545150502,-0.466595317725752,1782.6873604571
Luco,200,5.23745819397993,-0.44561872909699,1870.90516482794
Luco,200,5.28428093645485,-0.424642140468228,1963.48850248333
Luco,200,5.33110367892977,-0.403665551839465,2060.65340556094
Luco,200,5.37792642140468,-0.382688963210702,2162.62659673299
Luco,200,5.4247491638796,-0.36171237458194,2269.64601823653
Luco,200,5.47157190635452,-0.340735785953177,2381.9613870831
Luco,200,5.51839464882943,-0.319759197324415,2499.83477774355
Luco,200,5.56521739130435,-0.298782608695652,2623.54123366742
Luco,200,5.61204013377926,-0.27780602006689,2753.36940906391
Luco,200,5.65886287625418,-0.256829431438127,2889.62224244193
Luco,200,5.7056856187291,-0.235852842809364,3032.61766348089
Luco,200,5.75250836120401,-0.214876254180602,3182.6893348815
Luco,200,5.79933110367893,-0.19389966555184,3340.18743092777
Luco,200,5.84615384615385,-0.172923076923077,3505.47945457684
Luco,200,5.89297658862876,-0.151946488294314,3678.95109498303
Luco,200,5.93979933110368,-0.130969899665552,3861.00712745745
Luco,200,5.98662207357859,-0.10999331103679,4052.07235796268
Luco,200,6.03344481605351,-0.0890167224080265,4252.59261434662
Luco,200,6.08026755852843,-0.0680401337792642,4463.03578662846
Luco,200,6.12709030100334,-0.0470635451505019,4683.89291876403
Luco,200,6.17391304347826,-0.0260869565217388,4915.67935443808
Luco,200,6.22073578595318,-0.00511036789297648,5158.9359395571
Luco,200,6.26755852842809,0.0158662207357858,5414.23028424852
Luco,200,6.31438127090301,0.0368428093645481,5682.15808731101
Luco,200,6.36120401337793,0.0578193979933113,5963.34452620634
Luco,200,6.40802675585284,0.0787959866220735,6258.4457158361
Luco,200,6.45484949832776,0.0997725752508358,6568.15023950739
Luco,200,6.50167224080267,0.120749163879599,6893.18075565949
Luco,200,6.54849498327759,0.141725752508361,7234.29568410086
Luco,200,6.59531772575251,0.162702341137124,7592.29097569099
Luco,200,6.64214046822742,0.183678929765886,7968.00196959646
Luco,200,6.68896321070234,0.204655518394649,8362.30534245494
Luco,200,6.73578595317726,0.225632107023412,8776.12115399511
Luco,200,6.78260869565217,0.246608695652174,9210.41499388607
Luco,200,6.82943143812709,0.267585284280936,9666.20023482512
Luco,200,6.87625418060201,0.288561872909699,10144.5403971218
Luco,200,6.92307692307692,0.309538461538462,10646.551630295
Luco,200,6.96989966555184,0.330515050167224,11173.4053174747
Luco,200,7.01672240802676,0.351491638795986,11726.3308086839
Luco,200,7.06354515050167,0.372468227424749,12306.61828938
Luco,200,7.11036789297659,0.393444816053512,12915.6217909479
Luco,200,7.1571906354515,0.414421404682274,13554.7623501705
Luco,200,7.20401337792642,0.435397993311036,14225.5313250479
Luco,200,7.25083612040134,0.4563745819398,14929.4938747025
Luco,200,7.29765886287625,0.477351170568562,15668.2926114909
Luco,200,7.34448160535117,0.498327759197324,16443.6514338428
Luco,200,7.39130434782609,0.519304347826087,17257.3795487722
Luco,200,7.438127090301,0.54028093645485,18111.3756934448
Luco,200,7.48494983277592,0.561257525083612,19007.6325656546
Luco,200,7.53177257525084,0.582234113712375,19948.2414735452
Luco,200,7.57859531772575,0.603210702341137,20935.3972154272
Luco,200,7.62541806020067,0.6241872909699,21971.4032010774
Luco,200,7.67224080267559,0.645163879598662,23058.6768264699
Luco,200,7.7190635451505,0.666140468227425,24199.7551144803
Luco,200,7.76588628762542,0.687117056856188,25397.3006347247
Luco,200,7.81270903010033,0.70809364548495,26654.1077163473
Luco,200,7.85953177257525,0.729070234113712,27973.1089682535
Luco,200,7.90635451505017,0.750046822742475,29357.382122001
Luco,200,7.95317725752508,0.771023411371238,30810.1572133187
Luco,200,8,0.792,32334.824119008
Tsinman,200,-6,-9.98504130439481,5.58923609996141e-05
Tsinman,200,-5.95317725752508,-9.95037374586638,6.05368771827575e-05
Tsinman,200,-5.90635451505017,-9.91570618733795,6.5567341108843e-05
Tsinman,200,-5.85953177257525,-9.88103862880952,7.10158240753761e-05
Tsinman,200,-5.81270903010033,-9.84637107028109,7.69170624249181e-05
Tsinman,200,-5.76588628762542,-9.81170351175266,8.33086790037003e-05
Tsinman,200,-5.7190635451505,-9.77703595322424,9.02314230228992e-05
Tsinman,200,-5.67224080267559,-9.74236839469581,9.77294298517903e-05
Tsinman,200,-5.62541806020067,-9.70770083616738,0.00010585050239906
Tsinman,200,-5.57859531772575,-9.67303327763895,0.000114646415876211
Tsinman,200,-5.53177257525084,-9.63836571911053,0.000124173247886048
Tsinman,200,-5.48494983277592,-9.6036981605821,0.00013449173594069
Tsinman,200,-5.438127090301,-9.56903060205367,0.000145667664688447
Tsinman,200,-5.39130434782609,-9.53436304352524,0.000157772285318284
Tsinman,200,-5.34448160535117,-9.49969548499681,0.000170882769815752
Tsinman,200,-5.29765886287625,-9.46502792646839,0.000185082702966459
Tsinman,200,-5.25083612040134,-9.43036036793996,0.000200462615243802
Tsinman,200,-5.20401337792642,-9.39569280941153,0.000217120559978354
Tsinman,200,-5.1571906354515,-9.3610252508831,0.000235162738488573
Tsinman,200,-5.11036789297659,-9.32635769235467,0.000254704177158342
Tsinman,200,-5.06354515050167,-9.29169013382624,0.000275869460777948
Tsinman,200,-5.01672240802676,-9.25702257529782,0.00029879352682388
Tsinman,200,-4.96989966555184,-9.22235501676939,0.000323622525741312
Tsinman,200,-4.92307692307692,-9.18768745824096,0.000350514752713898
Tsinman,200,-4.87625418060201,-9.15301989971253,0.000379641656861345
Tsinman,200,-4.82943143812709,-9.1183523411841,0.00041118893429878
Tsinman,200,-4.78260869565217,-9.08368478265568,0.000445357712026622
Tsinman,200,-4.73578595317726,-9.04901722412725,0.000482365830198797
Tsinman,200,-4.68896321070234,-9.01434966559882,0.000522449230944192
Tsinman,200,-4.64214046822742,-8.97968210707039,0.000565863462595776
Tsinman,200,-4.59531772575251,-8.94501454854196,0.000612885308917385
Tsinman,200,-4.54849498327759,-8.91034699001354,0.00066381455371521
Tsinman,200,-4.50167224080268,-8.87567943148511,0.000718975892084115
Tsinman,200,-4.45484949832776,-8.84101187295668,0.000778721000473754
Tsinman,200,-4.40802675585284,-8.80634431442825,0.000843430778772064
Tsinman,200,-4.36120401337793,-8.77167675589982,0.000913517778700292
Tsinman,200,-4.31438127090301,-8.73700919737139,0.00098942883400161
Tsinman,200,-4.26755852842809,-8.70234163884297,0.00107164790919189
Tsinman,200,-4.22073578595318,-8.66767408031454,0.00116069918503454
Tsinman,200,-4.17391304347826,-8.63300652178611,0.00125715040041067
Tsinman,200,-4.12709030100334,-8.59833896325768,0.00136161647189034
Tsinman,200,-4.08026755852843,-8.56367140472925,0.00147476341408112
Tsinman,200,-4.03344481605351,-8.52900384620083,0.00159731258574799
Tsinman,200,-3.9866220735786,-8.4943362876724,0.00173004528877509
Tsinman,200,-3.93979933110368,-8.45966872914397,0.00187380774928991
Tsinman,200,-3.89297658862876,-8.42500117061554,0.00202951651270638
Tsinman,200,-3.84615384615385,-8.39033361208711,0.0021981642870827
Tsinman,200,-3.79933110367893,-8.35566605355869,0.00238082627204759
Tsinman,200,-3.75250836120401,-8.32099849503026,0.00257866701364473
Tsinman,200,-3.7056856187291,-8.28633093650183,0.00279294782879752
Tsinman,200,-3.65886287625418,-8.2516633779734,0.00302503484672858
Tsinman,200,-3.61204013377926,-8.21699581944497,0.00327640771860102
Tsinman,200,-3.56521739130435,-8.18232826091655,0.00354866905090945
Tsinman,200,-3.51839464882943,-8.14766070238812,0.00384355462276217
Tsinman,200,-3.47157190635451,-8.11299314385969,0.00416294445219412
Tsinman,200,-3.4247491638796,-8.07832558533126,0.00450887478206293
Tsinman,200,-3.37792642140468,-8.04365802680283,0.0048835510619432
Tsinman,200,-3.33110367892977,-8.0089904682744,0.00528936200878368
Tsinman,200,-3.28428093645485,-7.97432290974598,0.0057288948359704
Tsinman,200,-3.23745819397993,-7.93965535121755,0.0062049517478868
Tsinman,200,-3.19063545150502,-7.90498779268912,0.0067205678051309
Tsinman,200,-3.1438127090301,-7.87032023416069,0.00727903027428766
Tsinman,200,-3.09698996655518,-7.83565267563226,0.00788389958561905
Tsinman,200,-3.05016722408027,-7.80098511710384,0.00853903203228631
Tsinman,200,-3.00334448160535,-7.76631755857541,0.00924860435582099
Tsinman,200,-2.95652173913043,-7.73165000004698,0.0100171403745875
Tsinman,200,-2.90969899665552,-7.69698244151855,0.0108495398250046
Tsinman,200,-2.8628762541806,-7.66231488299012,0.0117511095994009
Tsinman,200,-2.81605351170569,-7.6276473244617,0.0127275975796579
Tsinman,200,-2.76923076923077,-7.59297976593327,0.0137852292823457
Tsinman,200,-2.72240802675585,-7.55831220740484,0.0149307475489768
Tsinman,200,-2.67558528428094,-7.52364464887641,0.0161714555344229
Tsinman,200,-2.62876254180602,-7.48897709034798,0.0175152632675608
Tsinman,200,-2.5819397993311,-7.45430953181955,0.0189707380809931
Tsinman,200,-2.53511705685619,-7.41964197329113,0.0205471592313532
Tsinman,200,-2.48829431438127,-7.3849744147627,0.022254577058421
Tsinman,200,-2.44147157190635,-7.35030685623427,0.0241038770602149
Tsinman,200,-2.39464882943144,-7.31563929770584,0.0261068492925643
Tsinman,200,-2.34782608695652,-7.28097173917741,0.0282762635356134
Tsinman,200,-2.30100334448161,-7.24630418064899,0.0306259507064756
Tsinman,200,-2.25418060200669,-7.21163662212056,0.0331708910370758
Tsinman,200,-2.20735785953177,-7.17696906359213,0.0359273095793531
Tsinman,200,-2.16053511705686,-7.1423015050637,0.0389127796467076
Tsinman,200,-2.11371237458194,-7.10763394653527,0.0421463348511743
Tsinman,200,-2.06688963210702,-7.07296638800685,0.045648590450608
Tsinman,200,-2.02006688963211,-7.03829882947842,0.0494418747795168
Tsinman,200,-1.97324414715719,-7.00363127094999,0.0535503716014709
Tsinman,200,-1.92642140468227,-6.96896371242156,0.0580002742906435
Tsinman,200,-1.87959866220736,-6.93429615389313,0.062819952825453
Tsinman,200,-1.83277591973244,-6.8996285953647,0.0680401346589625
Tsinman,200,-1.78595317725753,-6.86496103683628,0.0736941006191588
Tsinman,200,-1.73913043478261,-6.83029347830785,0.0798178970880585
Tsinman,200,-1.69230769230769,-6.79562591977942,0.0864505658123684
Tsinman,200,-1.64548494983278,-6.76095836125099,0.0936343928108421
Tsinman,200,-1.59866220735786,-6.72629080272257,0.101415177965217
Tsinman,200,-1.55183946488294,-6.69162324419414,0.109842527013491
Tsinman,200,-1.50501672240803,-6.65695568566571,0.118970167807106
Tsinman,200,-1.45819397993311,-6.62228812713728,0.12885629284833
Tsinman,200,-1.41137123745819,-6.58762056860885,0.139563930291631
Tsinman,200,-1.36454849498328,-6.55295301008042,0.15116134577435
Tsinman,200,-1.31772575250836,-6.518285451552,0.163722477638498
Tsinman,200,-1.27090301003344,-6.48361789302357,0.17732740831841
Tsinman,200,-1.22408026755853,-6.44895033449514,0.192062874899532
Tsinman,200,-1.17725752508361,-6.41428277596671,0.208022822103374
Tsinman,200,-1.1304347826087,-6.37961521743828,0.225309001224149
Tsinman,200,-1.08361204013378,-6.34494765890986,0.244031618835538
Tsinman,200,-1.03678929765886,-6.31028010038143,0.26431003940339
Tsinman,200,-0.989966555183947,-6.275612541853,0.286273546283782
Tsinman,200,-0.94314381270903,-6.24094498332457,0.310062165958127
Tsinman,200,-0.896321070234114,-6.20627742479614,0.335827560760164
Tsinman,200,-0.849498327759197,-6.17160986626772,0.363733995786358
Tsinman,200,-0.802675585284281,-6.13694230773929,0.39395938615412
Tsinman,200,-0.755852842809364,-6.10227474921086,0.426696431284613
Tsinman,200,-0.709030100334449,-6.06760719068243,0.46215384344161
Tsinman,200,-0.662207357859532,-6.032939632154,0.500557678358897
Tsinman,200,-0.615384615384615,-5.99827207362558,0.542152776439488
Tsinman,200,-0.568561872909699,-5.96360451509715,0.587204323714916
Tsinman,200,-0.521739130434782,-5.92893695656872,0.635999542516368
Tsinman,200,-0.474916387959866,-5.89426939804029,0.688849522636363
Tsinman,200,-0.42809364548495,-5.85960183951186,0.746091204655441
Tsinman,200,-0.381270903010034,-5.82493428098343,0.808089528078337
Tsinman,200,-0.334448160535117,-5.79026672245501,0.875239757974952
Tsinman,200,-0.287625418060201,-5.75559916392658,0.947970004959391
Tsinman,200,-0.240802675585284,-5.72093160539815,1.02674395457299
Tsinman,200,-0.193979933110368,-5.68626404686972,1.11206382347228
Tsinman,200,-0.147157190635451,-5.65159648834129,1.20447356126886
Tsinman,200,-0.100334448160535,-5.61692892981287,1.30456231843409
Tsinman,200,-0.0535117056856187,-5.58226137128444,1.4129682023782
Tsinman,200,-0.00668896321070278,-5.54759381275601,1.53038234565009
Tsinman,200,0.040133779264214,-5.51292625422758,1.65755331219448
Tsinman,200,0.0869565217391308,-5.47825869569915,1.79529186975808
Tsinman,200,0.133779264214047,-5.44359113717073,1.94447615887078
Tsinman,200,0.180602006688964,-5.4089235786423,2.10605729135639
Tsinman,200,0.227424749163879,-5.37425602011387,2.28106541406568
Tsinman,200,0.274247491638796,-5.33958846158544,2.47061627649053
Tsinman,200,0.321070234113712,-5.30492090305701,2.67591834413046
Tsinman,200,0.367892976588629,-5.27025334452858,2.89828050296234
Tsinman,200,0.414715719063545,-5.23558578600016,3.13912040413222
Tsinman,200,0.461538461538462,-5.20091822747173,3.39997350207039
Tsinman,200,0.508361204013378,-5.1662506689433,3.68250284365134
Tsinman,200,0.555183946488294,-5.13158311041487,3.98850967080844
Tsinman,200,0.60200668896321,-5.09691555188645,4.31994490419968
Tsinman,200,0.648829431438127,-5.06224799335802,4.6789215811374
Tsinman,200,0.695652173913044,-5.02758043482959,5.06772832707899
Tsinman,200,0.74247491638796,-4.99291287630116,5.48884394656509
Tsinman,200,0.789297658862877,-4.95824531777273,5.94495322662839
Tsinman,200,0.836120401337793,-4.9235777592443,6.43896405342631
Tsinman,200,0.882943143812709,-4.88891020071588,6.97402595122351
Tsinman,200,0.929765886287625,-4.85424264218745,7.55355016191743
Tsinman,200,0.976588628762542,-4.81957508365902,8.18123139312281
Tsinman,200,1.02341137123746,-4.78490752513059,8.86107137346759
Tsinman,200,1.07023411371237,-4.75023996660216,9.59740436527563
Tsinman,200,1.11705685618729,-4.71557240807374,10.3949247972896
Tsinman,200,1.16387959866221,-4.68090484954531,11.2587171936049
Tsinman,200,1.21070234113712,-4.64623729101688,12.1942885896226
Tsinman,200,1.25752508361204,-4.61156973248845,13.2076036416888
Tsinman,200,1.30434782608696,-4.57690217396002,14.3051226542565
Tsinman,200,1.35117056856187,-4.5422346154316,15.4938427670105
Tsinman,200,1.39799331103679,-4.50756705690317,16.7813425645402
Tsinman,200,1.44481605351171,-4.47289949837474,18.175830392965
Tsinman,200,1.49163879598662,-4.43823193984631,19.6861966915506
Tsinman,200,1.53846153846154,-4.40356438131788,21.3220706729537
Tsinman,200,1.58528428093646,-4.36889682278945,23.0938817134526
Tsinman,200,1.63210702341137,-4.33422926426103,25.0129258445544
Tsinman,200,1.67892976588629,-4.2995617057326,27.0914377698891
Tsinman,200,1.7257525083612,-4.26489414720417,29.3426688665276
Tsinman,200,1.77257525083612,-4.23022658867574,31.7809716680169
Tsinman,200,1.81939799331104,-4.19555903014732,34.4218913677439
Tsinman,200,1.86622073578595,-4.16089147161889,37.2822649260018
Tsinman,200,1.91304347826087,-4.12622391309046,40.380328412607
Tsinman,200,1.95986622073579,-4.09155635456203,43.7358332694211
Tsinman,200,2.0066889632107,-4.0568887960336,47.3701722339981
Tsinman,200,2.05351170568562,-4.02222123750517,51.3065157271747
Tsinman,200,2.10033444816053,-3.98755367897675,55.5699595741293
Tsinman,200,2.14715719063545,-3.95288612044832,60.1876850006947
Tsinman,200,2.19397993311037,-3.91821856191989,65.1891319249641
Tsinman,200,2.24080267558528,-3.88355100339146,70.6061866490018
Tsinman,200,2.2876254180602,-3.84888344486303,76.4733851472654
Tsinman,200,2.33444816053512,-3.8142158863346,82.8281332477924
Tsinman,200,2.38127090301003,-3.77954832780618,89.7109451098929
Tsinman,200,2.42809364548495,-3.74488076927775,97.1657015187496
Tsinman,200,2.47491638795987,-3.71021321074932,105.239929643653
Tsinman,200,2.52173913043478,-3.67554565222089,113.985106043452
Tsinman,200,2.5685618729097,-3.64087809369247,123.456984851001
Tsinman,200,2.61538461538461,-3.60621053516404,133.715953228926
Tsinman,200,2.66220735785953,-3.57154297663561,144.827416362868
Tsinman,200,2.70903010033445,-3.53687541810718,156.862214446723
Tsinman,200,2.75585284280936,-3.50220785957875,169.897074318299
Tsinman,200,2.80267558528428,-3.46754030105032,184.015098624797
Tsinman,200,2.8494983277592,-3.4328727425219,199.306295636703
Tsinman,200,2.89632107023411,-3.39820518399347,215.868153087911
Tsinman,200,2.94314381270903,-3.36353762546504,233.806259700531
Tsinman,200,2.98996655518395,-3.32887006693661,253.234978356858
Tsinman,200,3.03678929765886,-3.29420250840818,274.278175210264
Tsinman,200,3.08361204013378,-3.25953494987976,297.07000938338
Tsinman,200,3.1304347826087,-3.22486739135133,321.755788288252
Tsinman,200,3.17725752508361,-3.1901998328229,348.492894021453
Tsinman,200,3.22408026755853,-3.15553227429447,377.451786740342
Tsinman,200,3.27090301003344,-3.12086471576604,408.817091417381
Tsinman,200,3.31772575250836,-3.08619715723762,442.788774901048
Tsinman,200,3.36454849498328,-3.05152959870919,479.583420787568
Tsinman,200,3.41137123745819,-3.01686204018076,519.43561023132
Tsinman,200,3.45819397993311,-2.98219448165233,562.599417497166
Tsinman,200,3.50501672240803,-2.9475269231239,609.35002978944
Tsinman,200,3.55183946488294,-2.91285936459547,659.985501684709
Tsinman,200,3.59866220735786,-2.87819180606705,714.828655353525
Tsinman,200,3.64548494983278,-2.84352424753862,774.229138685892
Tsinman,200,3.69230769230769,-2.80885668901019,838.565654441825
Tsinman,200,3.73913043478261,-2.77418913048176,908.248374638786
Tsinman,200,3.78595317725753,-2.73952157195333,983.721555568696
Tsinman,200,3.83277591973244,-2.70485401342491,1065.46637011639
Tsinman,200,3.87959866220736,-2.67018645489648,1154.00397543664
Tsinman,200,3.92642140468227,-2.63551889636805,1249.89883554757
Tsinman,200,3.97324414715719,-2.60085133783962,1353.76232002326
Tsinman,200,4.02006688963211,-2.56618377931119,1466.25660172879
Tsinman,200,4.06688963210702,-2.53151622078277,1588.09887844739
Tsinman,200,4.11371237458194,-2.49684866225434,1720.06594531422
Tsinman,200,4.16053511705686,-2.46218110372591,1862.99914720815
Tsinman,200,4.20735785953177,-2.42751354519748,2017.80974267487
Tsinman,200,4.25418060200669,-2.39284598666905,2185.48471357873
Tsinman,200,4.30100334448161,-2.35817842814063,2367.09305752218
Tsinman,200,4.34782608695652,-2.3235108696122,2563.79260314962
Tsinman,200,4.39464882943144,-2.28884331108377,2776.83739178602
Tsinman,200,4.44147157190636,-2.25417575255534,3007.58567247142
Tsinman,200,4.48829431438127,-2.21950819402691,3257.50856136282
Tsinman,200,4.53511705685619,-2.18484063549849,3528.19942071089
Tsinman,200,4.5819397993311,-2.15017307697006,3821.38401720634
Tsinman,200,4.62876254180602,-2.11550551844163,4138.93152445951
Tsinman,200,4.67558528428094,-2.0808379599132,4482.86643975873
Tsinman,200,4.72240802675585,-2.04617040138477,4855.38149108165
Tsinman,200,4.76923076923077,-2.01150284285634,5258.85161664713
Tsinman,200,4.81605351170569,-1.97683528432792,5695.84910613299
Tsinman,200,4.8628762541806,-1.94216772579949,6169.16000009149
Tsinman,200,4.90969899665552,-1.90750016727106,6681.80185211533
Tsinman,200,4.95652173913044,-1.87283260874263,7237.04296699548
Tsinman,200,5.00334448160535,-1.8381650502142,7838.42323752204
Tsinman,200,5.05016722408027,-1.80349749168578,8489.77671277157
Tsinman,200,5.09698996655518,-1.76882993315735,9195.2560417628
Tsinman,200,5.1438127090301,-1.73416237462892,9959.35894831944
Tsinman,200,5.19063545150502,-1.69949481610049,10786.9569059281
Tsinman,200,5.23745819397993,-1.66482725757206,11683.3261954058
Tsinman,200,5.28428093645485,-1.63015969904364,12654.1815433823
Tsinman,200,5.33110367892977,-1.59549214051521,13705.7125560565
Tsinman,200,5.37792642140468,-1.56082458198678,14844.6231805077
Tsinman,200,5.4247491638796,-1.52615702345835,16078.1744451431
Tsinman,200,5.47157190635452,-1.49148946492992,17414.2307517714
Tsinman,200,5.51839464882943,-1.45682190640149,18861.3100144305
Tsinman,200,5.56521739130435,-1.42215434787307,20428.6379646295
Tsinman,200,5.61204013377926,-1.38748678934464,22126.2069692196
Tsinman,200,5.65886287625418,-1.35281923081621,23964.839735884
Tsinman,200,5.7056856187291,-1.31815167228778,25956.2583123962
Tsinman,200,5.75250836120401,-1.28348411375936,28113.1588195444
Tsinman,200,5.79933110367893,-1.24881655523093,30449.2923941766
Tsinman,200,5.84615384615385,-1.2141489967025,32979.5528584109
Tsinman,200,5.89297658862876,-1.17948143817407,35720.0716739389
Tsinman,200,5.93979933110368,-1.14481387964564,38688.3207867972
Tsinman,200,5.98662207357859,-1.11014632111721,41903.2240182812
Tsinman,200,6.03344481605351,-1.07547876258879,45385.2777121688
Tsinman,200,6.08026755852843,-1.04081120406036,49156.6814074267
Tsinman,200,6.12709030100334,-1.00614364553193,53241.4793694953
Tsinman,200,6.17391304347826,-0.971476087003501,57665.7138824701
Tsinman,200,6.22073578595318,-0.936808528475074,62457.5912794817
Tsinman,200,6.26755852842809,-0.902140969946646,67647.6617697894
Tsinman,200,6.31438127090301,-0.867473411418218,73269.0142090571
Tsinman,200,6.36120401337793,-0.83280585288979,79357.4870545556
Tsinman,200,6.40802675585284,-0.798138294361362,85951.8968502169
Tsinman,200,6.45484949832776,-0.763470735832934,93094.2856982292
Tsinman,200,6.50167224080267,-0.728803177304506,100830.189294905
Tsinman,200,6.54849498327759,-0.694135618776077,109208.927239664
Tsinman,200,6.59531772575251,-0.659468060247649,118283.917467969
Tsinman,200,6.64214046822742,-0.624800501719221,128113.016812858
Tsinman,200,6.68896321070234,-0.590132943190793,138758.889866293
Tsinman,200,6.73578595317726,-0.555465384662365,150289.408491969
Tsinman,200,6.78260869565217,-0.520797826133937,162778.084536641
Tsinman,200,6.82943143812709,-0.48613026760551,176304.538498691
Tsinman,200,6.87625418060201,-0.45146270907708,190955.007141884
Tsinman,200,6.92307692307692,-0.416795150548652,206822.893290563
Tsinman,200,6.96989966555184,-0.382127592020225,224009.361311466
Tsinman,200,7.01672240802676,-0.347460033491797,242623.982078585
Tsinman,200,7.06354515050167,-0.312792474963368,262785.431533021
Tsinman,200,7.11036789297659,-0.278124916434941,284622.247291402
Tsinman,200,7.1571906354515,-0.243457357906513,308273.648126602
Tsinman,200,7.20401337792642,-0.208789799378085,333890.421545256
Tsinman,200,7.25083612040134,-0.174122240849656,361635.885120759
Tsinman,200,7.29765886287625,-0.139454682321228,391686.927710648
Tsinman,200,7.34448160535117,-0.1047871237928,424235.137196564
Tsinman,200,7.39130434782609,-0.0701195652643715,459488.021936596
Tsinman,200,7.438127090301,-0.0354520067359437,497670.333717268
Tsinman,200,7.48494983277592,-0.000784448207515998,539025.500639565
Tsinman,200,7.53177257525084,0.0338831103209117,583817.179074205
Tsinman,200,7.57859531772575,0.0685506688493412,632330.934580549
Tsinman,200,7.62541806020067,0.103218227377769,684876.062505668
Tsinman,200,7.67224080267559,0.137885785906197,741787.559870705
Tsinman,200,7.7190635451505,0.172553344434624,803428.261116048
Tsinman,200,7.76588628762542,0.207220902963053,870191.151321639
Tsinman,200,7.81270903010033,0.241888461491481,942501.871650123
Tsinman,200,7.85953177257525,0.276556020019909,1020821.4329861
Tsinman,200,7.90635451505017,0.311223578548337,1105649.15507207
Tsinman,200,7.95317725752508,0.345891137076766,1197525.8498792
Tsinman,200,8,0.380558695605194,1297037.26950836
Smith,400,-6,-7.71601360615395,0.000100382243291694
Smith,400,-5.95317725752508,-7.6744818335787,0.000110455836610864
Smith,400,-5.90635451505017,-7.63295006100345,0.00012154033862297
Smith,400,-5.85953177257525,-7.5914182884282,0.000133737196384001
Smith,400,-5.81270903010033,-7.54988651585295,0.000147158037399713
Smith,400,-5.76588628762542,-7.5083547432777,0.000161925691257619
Smith,400,-5.7190635451505,-7.46682297070245,0.00017817531378214
Smith,400,-5.67224080267559,-7.4252911981272,0.000196055624001361
Smith,400,-5.62541806020067,-7.38375942555195,0.000215730265246294
Smith,400,-5.57859531772575,-7.34222765297669,0.000237379302839655
Smith,400,-5.53177257525084,-7.30069588040144,0.0002612008720812
Smith,400,-5.48494983277592,-7.25916410782619,0.000287412991612267
Smith,400,-5.438127090301,-7.21763233525094,0.000316255558755688
Smith,400,-5.39130434782609,-7.17610056267569,0.000347992545092744
Smith,400,-5.34448160535117,-7.13456879010044,0.000382914412371408
Smith,400,-5.29765886287625,-7.09303701752519,0.00042134077085664
Smith,400,-5.25083612040134,-7.05150524494994,0.000463623304452365
Smith,400,-5.20401337792642,-7.00997347237469,0.000510148989366294
Smith,400,-5.1571906354515,-6.96844169979944,0.000561343635775303
Smith,400,-5.11036789297659,-6.92690992722419,0.000617675784905232
Smith,400,-5.06354515050167,-6.88537815464893,0.000679660997191767
Smith,400,-5.01672240802676,-6.84384638207368,0.000747866570768321
Smith,400,-4.96989966555184,-6.80231460949843,0.000822916733465227
Smith,400,-4.92307692307692,-6.76078283692318,0.000905498355838217
Smith,400,-4.87625418060201,-6.71925106434793,0.000996367237512689
Smith,400,-4.82943143812709,-6.67771929177268,0.00109635502437736
Smith,400,-4.78260869565217,-6.63618751919743,0.0012063768199345
Smith,400,-4.73578595317726,-6.59465574662218,0.00132743956046701
Smith,400,-4.68896321070234,-6.55312397404693,0.00146065123067311
Smith,400,-4.64214046822742,-6.51159220147168,0.00160723100411162
Smith,400,-4.59531772575251,-6.47006042889643,0.0017685204012646
Smith,400,-4.54849498327759,-6.42852865632118,0.00194599556733779
Smith,400,-4.50167224080268,-6.38699688374592,0.00214128078216713
Smith,400,-4.45484949832776,-6.34546511117067,0.00235616332587583
Smith,400,-4.40802675585284,-6.30393333859542,0.00259260983633531
Smith,400,-4.36120401337793,-6.26240156602017,0.00285278430813536
Smith,400,-4.31438127090301,-6.22086979344492,0.00313906789779332
Smith,400,-4.26755852842809,-6.17933802086967,0.00345408071646229
Smith,400,-4.22073578595318,-6.13780624829442,0.00380070580958876
Smith,400,-4.17391304347826,-6.09627447571917,0.00418211554298501
Smith,400,-4.12709030100334,-6.05474270314392,0.00460180063680573
Smith,400,-4.08026755852843,-6.01321093056867,0.00506360211315222
Smith,400,-4.03344481605351,-5.97167915799342,0.00557174644969349
Smith,400,-3.9866220735786,-5.93014738541816,0.00613088426103573
Smith,400,-3.93979933110368,-5.88861561284291,0.00674613286185756
Smith,400,-3.89297658862876,-5.84708384026766,0.00742312310135605
Smith,400,-3.84615384615385,-5.80555206769241,0.00816805089763871
Smith,400,-3.79933110367893,-5.76402029511716,0.00898773394371285
Smith,400,-3.75250836120401,-5.72248852254191,0.00988967410405345
Smith,400,-3.7056856187291,-5.68095674996666,0.0108821260728132
Smith,400,-3.65886287625418,-5.63942497739141,0.0119741729220444
Smith,400,-3.61204013377926,-5.59789320481616,0.0131758092313624
Smith,400,-3.56521739130435,-5.55636143224091,0.0144980325598649
Smith,400,-3.51839464882943,-5.51482965966566,0.015952944097474
Smith,400,-3.47157190635451,-5.47329788709041,0.0175538594168739
Smith,400,-3.4247491638796,-5.43176611451516,0.0193154303396677
Smith,400,-3.37792642140468,-5.39023434193991,0.0212537790320869
Smith,400,-3.33110367892977,-5.34870256936465,0.0233866455575201
Smith,400,-3.28428093645485,-5.3071707967894,0.0257335502362833
Smith,400,-3.23745819397993,-5.26563902421415,0.0283159722985743
Smith,400,-3.19063545150502,-5.2241072516389,0.0311575464656692
Smith,400,-3.1438127090301,-5.18257547906365,0.0342842792585023
Smith,400,-3.09698996655518,-5.1410437064884,0.0377247870133192
Smith,400,-3.05016722408027,-5.09951193391315,0.0415105577827588
Smith,400,-3.00334448160535,-5.0579801613379,0.0456762395193216
Smith,400,-2.95652173913043,-5.01644838876265,0.0502599571787246
Smith,400,-2.90969899665552,-4.9749166161874,0.0553036616453217
Smith,400,-2.8628762541806,-4.93338484361215,0.0608535136730063
Smith,400,-2.81605351170569,-4.89185307103689,0.0669603063554838
Smith,400,-2.76923076923077,-4.85032129846164,0.0736799299924261
Smith,400,-2.72240802675585,-4.80878952588639,0.081073883606033
Smith,400,-2.67558528428094,-4.76725775331114,0.0892098377894803
Smith,400,-2.62876254180602,-4.72572598073589,0.0981622540385269
Smith,400,-2.5819397993311,-4.68419420816064,0.108013066234502
Smith,400,-2.53511705685619,-4.64266243558539,0.118852430515704
Smith,400,-2.48829431438127,-4.60113066301014,0.130779550400154
Smith,400,-2.44147157190635,-4.55959889043489,0.14390358471135
Smith,400,-2.39464882943144,-4.51806711785964,0.158344646616496
Smith,400,-2.34782608695652,-4.47653534528439,0.174234902920563
Smith,400,-2.30100334448161,-4.43500357270914,0.191719783677078
Smith,400,-2.25418060200669,-4.39347180013388,0.210959313186197
Smith,400,-2.20735785953177,-4.35194002755863,0.232129574561546
Smith,400,-2.16053511705686,-4.31040825498338,0.255424321269786
Smith,400,-2.11371237458194,-4.26887648240813,0.281056750391936
Smith,400,-2.06688963210702,-4.22734470983288,0.309261453835638
Smith,400,-2.02006688963211,-4.18581293725763,0.340296565356135
Smith,400,-1.97324414715719,-4.14428116468238,0.37444612303584
Smith,400,-1.92642140468227,-4.10274939210713,0.412022668844266
Smith,400,-1.87959866220736,-4.06121761953188,0.453370109069876
Smith,400,-1.83277591973244,-4.01968584695663,0.498866861802991
Smith,400,-1.78595317725753,-3.97815407438138,0.548929320275958
Smith,400,-1.73913043478261,-3.93662230180613,0.604015663757642
Smith,400,-1.69230769230769,-3.89509052923087,0.664630050880093
Smith,400,-1.64548494983278,-3.85355875665562,0.731327233775378
Smith,400,-1.59866220735786,-3.81202698408037,0.804717635251851
Smith,400,-1.55183946488294,-3.77049521150512,0.885472935476965
Smith,400,-1.50501672240803,-3.72896343892987,0.974332219296778
Smith,400,-1.45819397993311,-3.68743166635462,1.0721087404534
Smith,400,-1.41137123745819,-3.64589989377937,1.1796973646075
Smith,400,-1.36454849498328,-3.60436812120412,1.29808275928552
Smith,400,-1.31772575250836,-3.56283634862887,1.42834840570737
Smith,400,-1.27090301003344,-3.52130457605362,1.57168651497206
Smith,400,-1.22408026755853,-3.47977280347837,1.72940893935588
Smith,400,-1.17725752508361,-3.43824103090312,1.90295917858478
Smith,400,-1.1304347826087,-3.39670925832786,2.09392559096452
Smith,400,-1.08361204013378,-3.35517748575261,2.30405593027846
Smith,400,-1.03678929765886,-3.31364571317736,2.53527334149731
Smith,400,-0.989966555183947,-3.27211394060211,2.78969396169567
Smith,400,-0.94314381270903,-3.23058216802686,3.06964628726191
Smith,400,-0.896321070234114,-3.18905039545161,3.37769248465282
Smith,400,-0.849498327759197,-3.14751862287636,3.71665183973255
Smith,400,-0.802675585284281,-3.10598685030111,4.08962656030753
Smith,400,-0.755852842809364,-3.06445507772586,4.50003016800636
Smith,400,-0.709030100334449,-3.02292330515061,4.95161873935123
Smith,400,-0.662207357859532,-2.98139153257536,5.44852528194423
Smith,400,-0.615384615384615,-2.9398597600001,5.99529756038426
Smith,400,-0.568561872909699,-2.89832798742485,6.59693971810358
Smith,400,-0.521739130434782,-2.8567962148496,7.25895807605308
Smith,400,-0.474916387959866,-2.81526444227435,7.98741152739281
Smith,400,-0.42809364548495,-2.7737326696991,8.7889669894081
Smith,400,-0.381270903010034,-2.73220089712385,9.67096042015491
Smith,400,-0.334448160535117,-2.6906691245486,10.6414639582691
Smith,400,-0.287625418060201,-2.64913735197335,11.7093598004123
Smith,400,-0.240802675585284,-2.6076055793981,12.8844214924929
Smith,400,-0.193979933110368,-2.56607380682285,14.1774033786516
Smith,400,-0.147157190635451,-2.5245420342476,15.6001390266622
Smith,400,-0.100334448160535,-2.48301026167235,17.1656495305513
Smith,400,-0.0535117056856187,-2.4414784890971,18.8882626816411
Smith,400,-0.00668896321070278,-2.39994671652184,20.7837440986842
Smith,400,0.040133779264214,-2.35841494394659,22.8694415172152
Smith,400,0.0869565217391308,-2.31688317137134,25.1644435586771
Smith,400,0.133779264214047,-2.27535139879609,27.689754432401
Smith,400,0.180602006688964,-2.23381962622084,30.4684861693392
Smith,400,0.227424749163879,-2.19228785364559,33.5260701469037
Smith,400,0.274247491638796,-2.15075608107034,36.8904898408179
Smith,400,0.321070234113712,-2.10922430849509,40.5925369341618
Smith,400,0.367892976588629,-2.06769253591984,44.6660931275604
Smith,400,0.414715719063545,-2.02616076334459,49.1484402296841
Smith,400,0.461538461538462,-1.98462899076934,54.0806013660584
Smith,400,0.508361204013378,-1.94309721819409,59.5077164289758
Smith,400,0.555183946488294,-1.90156544561883,65.479455204688
Smith,400,0.60200668896321,-1.86003367304358,72.0504719588771
Smith,400,0.648829431438127,-1.81850190046833,79.2809056408471
Smith,400,0.695652173913044,-1.77697012789308,87.2369302843754
Smith,400,0.74247491638796,-1.73543835531783,95.9913606425805
Smith,400,0.789297658862877,-1.69390658274258,105.624318599669
Smith,400,0.836120401337793,-1.65237481016733,116.223966458659
Smith,400,0.882943143812709,-1.61084303759208,127.887313816252
Smith,400,0.929765886287625,-1.56931126501683,140.721105409476
Smith,400,0.976588628762542,-1.52777949244158,154.842798059837
Smith,400,1.02341137123746,-1.48624771986633,170.381635656089
Smith,400,1.07023411371237,-1.44471594729107,187.479832014054
Smith,400,1.11705685618729,-1.40318417471582,206.293872439191
Smith,400,1.16387959866221,-1.36165240214057,226.995945904021
Smith,400,1.21070234113712,-1.32012062956532,249.775520947912
Smith,400,1.25752508361204,-1.27858885699007,274.841079722102
Smith,400,1.30434782608696,-1.23705708441482,302.422026050197
Smith,400,1.35117056856187,-1.19552531183957,332.770784967015
Smith,400,1.39799331103679,-1.15399353926432,366.165112951076
Smith,400,1.44481605351171,-1.11246176668907,402.910639994325
Smith,400,1.49163879598662,-1.07092999411382,443.343666774521
Smith,400,1.53846153846154,-1.02939822153857,487.834242530417
Smith,400,1.58528428093646,-0.987866448963316,536.789551808939
Smith,400,1.63210702341137,-0.946334676388065,590.65764108036
Smith,400,1.67892976588629,-0.904802903812814,649.931519328069
Smith,400,1.7257525083612,-0.863271131237564,715.153670142093
Smith,400,1.77257525083612,-0.821739358662313,786.921016611817
Smith,400,1.81939799331104,-0.780207586087062,865.890384457284
Smith,400,1.86622073578595,-0.738675813511811,952.784513398552
Smith,400,1.91304347826087,-0.69714404093656,1048.39867178003
Smith,400,1.95986622073579,-0.655612268361309,1153.60793498787
Smith,400,2.0066889632107,-0.614080495786058,1269.37519427363
Smith,400,2.05351170568562,-0.572548723210808,1396.75996928206
Smith,400,2.10033444816053,-0.531016950635557,1536.92810493686
Smith,400,2.14715719063545,-0.489485178060305,1691.16244143148
Smith,400,2.19397993311037,-0.447953405485055,1860.87455497861
Smith,400,2.24080267558528,-0.406421632909804,2047.6176767713
Smith,400,2.2876254180602,-0.364889860334554,2253.10090839225
Smith,400,2.33444816053512,-0.323358087759302,2479.20486377251
Smith,400,2.38127090301003,-0.281826315184052,2727.99888085758
Smith,400,2.42809364548495,-0.240294542608801,3001.75996050445
Smith,400,2.47491638795987,-0.198762770033551,3302.99360594132
Smith,400,2.52173913043478,-0.157230997458299,3634.456753516
Smith,400,2.5685618729097,-0.115699224883048,3999.18300459849
Smith,400,2.61538461538461,-0.0741674523077978,4400.51038956432
Smith,400,2.66220735785953,-0.0326356797325473,4842.11191795853
Smith,400,2.70903010033445,0.00889609284270443,5328.0291944402
Smith,400,2.75585284280936,0.0504278654179549,5862.70940816575
Smith,400,2.80267558528428,0.0919596379932053,6451.04603414368
Smith,400,2.8494983277592,0.133491410568457,7098.42361906546
Smith,400,2.89632107023411,0.175023183143708,7810.76706149947
Smith,400,2.94314381270903,0.216554955718958,8594.59583746807
Smith,400,2.98996655518395,0.258086728294209,9457.08366768818
Smith,400,3.03678929765886,0.299618500869461,10406.1241725594
Smith,400,3.08361204013378,0.341150273444711,11450.4031157838
Smith,400,3.1304347826087,0.382682046019961,12599.4778978025
Smith,400,3.17725752508361,0.424213818595212,13863.865026585
Smith,400,3.22408026755853,0.465745591170464,15255.1363663164
Smith,400,3.27090301003344,0.507277363745714,16786.0250448668
Smith,400,3.31772575250836,0.548809136320964,18470.541989323
Smith,400,3.36454849498328,0.590340908896217,20324.104156134
Smith,400,3.41137123745819,0.631872681471467,22363.6756294513
Smith,400,3.45819397993311,0.673404454046717,24607.9228790199
Smith,400,3.50501672240803,0.714936226621968,27077.3855985609
Smith,400,3.55183946488294,0.75646799919722,29794.6646881867
Smith,400,3.59866220735786,0.79799977177247,32784.6291012918
Smith,400,3.64548494983278,0.83953154434772,36074.6434490141
Smith,400,3.69230769230769,0.881063316922971,39694.8184453372
Smith,400,3.73913043478261,0.922595089498223,43678.2864849451
Smith,400,3.78595317725753,0.964126862073474,48061.5048759604
Smith,400,3.83277591973244,1.00565863464872,52884.5895027986
Smith,400,3.87959866220736,1.04719040722397,58191.681972872
Smith,400,3.92642140468227,1.08872217979923,64031.3536073242
Smith,400,3.97324414715719,1.13025395237448,70457.0499731822
Smith,400,4.02006688963211,1.17178572494973,77527.5800253531
Smith,400,4.06688963210702,1.21331749752498,85307.6543351631
Smith,400,4.11371237458194,1.25484927010023,93868.4773313936
Smith,400,4.16053511705686,1.29638104267548,103288.398974093
Smith,400,4.20735785953177,1.33791281525073,113653.631825382
Smith,400,4.25418060200669,1.37944458782598,125059.040079994
Smith,400,4.30100334448161,1.42097636040123,137609.007776879
Smith,400,4.34782608695652,1.46250813297648,151418.394137877
Smith,400,4.39464882943144,1.50403990555173,166613.584776866
Smith,400,4.44147157190636,1.54557167812699,183333.648400211
Smith,400,4.48829431438127,1.58710345070224,201731.609584808
Smith,400,4.53511705685619,1.62863522327749,221975.849282398
Smith,400,4.5819397993311,1.67016699585274,244251.64586776
Smith,400,4.62876254180602,1.71169876842799,268762.870834709
Smith,400,4.67558528428094,1.75323054100324,295733.854659151
Smith,400,4.72240802675585,1.79476231357849,325411.439905875
Smith,400,4.76923076923077,1.83629408615374,358067.240369426
Smith,400,4.81605351170569,1.87782585872899,394000.126925045
Smith,400,4.8628762541806,1.91935763130424,433538.962840585
Smith,400,4.90969899665552,1.96088940387949,477045.613583386
Smith,400,4.95652173913044,2.00242117645474,524918.258668322
Smith,400,5.00334448160535,2.04395294903,577595.035857549
Smith,400,5.05016722408027,2.08548472160525,635558.051064258
Smith,400,5.09698996655518,2.1270164941805,699337.790659649
Smith,400,5.1438127090301,2.16854826675575,769517.976565248
Smith,400,5.19063545150502,2.210080039331,846740.908565113
Smith,400,5.23745819397993,2.25161181190625,931713.342731615
Smith,400,5.28428093645485,2.2931435844815,1025212.95976497
Smith,400,5.33110367892977,2.33467535705675,1128095.48244584
Smith,400,5.37792642140468,2.376207129632,1241302.50734097
Smith,400,5.4247491638796,2.41773890220725,1365870.12243882
Smith,400,5.47157190635452,2.4592706747825,1502938.38958515
Smith,400,5.51839464882943,2.50080244735775,1653761.77850319
Smith,400,5.56521739130435,2.54233421993301,1819720.64789226
Smith,400,5.61204013377926,2.58386599250825,2002333.87868144
Smith,400,5.65886287625418,2.62539776508351,2203272.77505996
Smith,400,5.7056856187291,2.66692953765876,2424376.36050841
Smith,400,5.75250836120401,2.70846131023401,2667668.20882269
Smith,400,5.79933110367893,2.74999308280926,2935374.96417054
Smith,400,5.84615384615385,2.79152485538451,3229946.71967915
Smith,400,5.89297658862876,2.83305662795976,3554079.44106182
Smith,400,5.93979933110368,2.87458840053501,3910739.64050807
Smith,400,5.98662207357859,2.91612017311026,4303191.52665649
Smith,400,6.03344481605351,2.95765194568551,4735026.87913084
Smith,400,6.08026755852843,2.99918371826076,5210197.92105601
Smith,400,6.12709030100334,3.04071549083601,5733053.49040793
Smith,400,6.17391304347826,3.08224726341127,6308378.84124312
Smith,400,6.22073578595318,3.12377903598652,6941439.43907493
Smith,400,6.26755852842809,3.16531080856177,7638029.15121848
Smith,400,6.31438127090301,3.20684258113702,8404523.27314954
Smith,400,6.36120401337793,3.24837435371227,9247936.87618279
Smith,400,6.40802675585284,3.28990612628752,10175989.0104762
Smith,400,6.45484949832776,3.33143789886277,11197173.3509576
Smith,400,6.50167224080267,3.37296967143802,12320835.9327354
Smith,400,6.54849498327759,3.41450144401327,13557260.6874396
Smith,400,6.59531772575251,3.45603321658852,14917763.5633355
Smith,400,6.64214046822742,3.49756498916377,16414796.0906112
Smith,400,6.68896321070234,3.53909676173903,18062059.3396843
Smith,400,6.73578595317726,3.58062853431428,19874629.3154914
Smith,400,6.78260869565217,3.62216030688953,21869094.9353893
Smith,400,6.82943143812709,3.66369207946478,24063709.8534606
Smith,400,6.87625418060201,3.70522385204003,26478559.5207456
Smith,400,6.92307692307692,3.74675562461528,29135745.0103578
Smith,400,6.96989966555184,3.78828739719053,32059585.2898832
Smith,400,7.01672240802676,3.82981916976578,35276839.7922862
Smith,400,7.06354515050167,3.87135094234103,38816953.3223292
Smith,400,7.11036789297659,3.91288271491628,42712325.5399243
Smith,400,7.1571906354515,3.95441448749153,46998607.4867711
Smith,400,7.20401337792642,3.99594626006678,51715027.8701378
Smith,400,7.25083612040134,4.03747803264203,56904752.089983
Smith,400,7.29765886287625,4.07900980521729,62615277.2952918
Smith,400,7.34448160535117,4.12054157779254,68898867.0852402
Smith,400,7.39130434782609,4.16207335036779,75813029.83364
Smith,400,7.438127090301,4.20360512294304,83421045.0143623
Smith,400,7.48494983277592,4.24513689551829,91792542.3447509
Smith,400,7.53177257525084,4.28666866809354,101004139.047434
Smith,400,7.57859531772575,4.32820044066879,111140141.062851
Smith,400,7.62541806020067,4.36973221324404,122293314.630102
Smith,400,7.67224080267559,4.41126398581929,134565735.297741
Smith,400,7.7190635451505,4.45279575839454,148069722.13479
Smith,400,7.76588628762542,4.49432753096979,162928865.692023
Smith,400,7.81270903010033,4.53585930354505,179279159.121566
Smith,400,7.85953177257525,4.5773910761203,197270242.807009
Smith,400,7.90635451505017,4.61892284869555,217066773.895053
Smith,400,7.95317725752508,4.6604546212708,238849933.262881
Smith,400,8,4.70198639384605,262819083.713219
Luco,400,-6,-6.212,0.00320383766696023
Luco,400,-5.95317725752508,-6.19102341137124,0.00336238230625547
Luco,400,-5.90635451505017,-6.17004682274248,0.00352877266223867
Luco,400,-5.85953177257525,-6.14907023411371,0.00370339698689128
Luco,400,-5.81270903010033,-6.12809364548495,0.00388666274517511
Luco,400,-5.76588628762542,-6.10711705685619,0.00407899756580311
Luco,400,-5.7190635451505,-6.08614046822743,0.00428085023905981
Luco,400,-5.67224080267559,-6.06516387959866,0.00449269176399968
Luco,400,-5.62541806020067,-6.0441872909699,0.00471501644746713
Luco,400,-5.57859531772575,-6.02321070234114,0.00494834305750229
Luco,400,-5.53177257525084,-6.00223411371237,0.0051932160338242
Luco,400,-5.48494983277592,-5.98125752508361,0.00545020675821571
Luco,400,-5.438127090301,-5.96028093645485,0.00571991488777446
Luco,400,-5.39130434782609,-5.93930434782609,0.00600296975414105
Luco,400,-5.34448160535117,-5.91832775919733,0.00630003183196895
Luco,400,-5.29765886287625,-5.89735117056856,0.00661179428006319
Luco,400,-5.25083612040134,-5.8763745819398,0.00693898455878337
Luco,400,-5.20401337792642,-5.85539799331104,0.00728236612748542
Luco,400,-5.1571906354515,-5.83442140468227,0.00764274022596261
Luco,400,-5.11036789297659,-5.81344481605351,0.00802094774404267
Luco,400,-5.06354515050167,-5.79246822742475,0.00841787118370363
Luco,400,-5.01672240802676,-5.77149163879599,0.00883443671828648
Luco,400,-4.96989966555184,-5.75051505016723,0.00927161635360998
Luco,400,-4.92307692307692,-5.72953846153846,0.00973043019602966
Luco,400,-4.87625418060201,-5.7085618729097,0.0102119488327341
Luco,400,-4.82943143812709,-5.68758528428094,0.0107172958298319
Luco,400,-4.78260869565217,-5.66660869565217,0.0112476503540589
Luco,400,-4.73578595317726,-5.64563210702341,0.0118042499242222
Luco,400,-4.68896321070234,-5.62465551839465,0.0123883932988028
Luco,400,-4.64214046822742,-5.60367892976589,0.0130014435064527
Luco,400,-4.59531772575251,-5.58270234113712,0.0136448310264588
Luco,400,-4.54849498327759,-5.56172575250836,0.014320057126596
Luco,400,-4.50167224080268,-5.5407491638796,0.0150286973661552
Luco,400,-4.45484949832776,-5.51977257525084,0.0157724052723223
Luco,400,-4.40802675585284,-5.49879598662207,0.0165529161984865
Luco,400,-4.36120401337793,-5.47781939799331,0.0173720513734791
Luco,400,-4.31438127090301,-5.45684280936455,0.0182317221511935
Luco,400,-4.26755852842809,-5.43586622073579,0.0191339344705007
Luco,400,-4.22073578595318,-5.41488963210702,0.0200807935358673
Luco,400,-4.17391304347826,-5.39391304347826,0.0210745087295984
Luco,400,-4.12709030100334,-5.3729364548495,0.0221173987671666
Luco,400,-4.08026755852843,-5.35195986622074,0.0232118971076572
Luco,400,-4.03344481605351,-5.33098327759197,0.0243605576319537
Luco,400,-3.9866220735786,-5.31000668896321,0.0255660606019133
Luco,400,-3.93979933110368,-5.28903010033445,0.0268312189144368
Luco,400,-3.89297658862876,-5.26805351170569,0.0281589846650271
Luco,400,-3.84615384615385,-5.24707692307692,0.0295524560361508
Luco,400,-3.79933110367893,-5.22610033444816,0.0310148845264761
Luco,400,-3.75250836120401,-5.2051237458194,0.0325496825378557
Luco,400,-3.7056856187291,-5.18414715719064,0.0341604313377583
Luco,400,-3.65886287625418,-5.16317056856187,0.0358508894157274
Luco,400,-3.61204013377926,-5.14219397993311,0.037625001253367
Luco,400,-3.56521739130435,-5.12121739130435,0.0394869065283174
Luco,400,-3.51839464882943,-5.10024080267559,0.041440949773697
Luco,400,-3.47157190635451,-5.07926421404682,0.0434916905155514
Luco,400,-3.4247491638796,-5.05828762541806,0.0456439139119604
Luco,400,-3.37792642140468,-5.0373110367893,0.0479026419186327
Luco,400,-3.33110367892977,-5.01633444816053,0.050273145007038
Luco,400,-3.28428093645485,-4.99535785953177,0.0527609544624217
Luco,400,-3.23745819397993,-4.97438127090301,0.0553718752903966
Luco,400,-3.19063545150502,-4.95340468227425,0.0581119997622291
Luco,400,-3.1438127090301,-4.93242809364548,0.0609877216304252
Luco,400,-3.09698996655518,-4.91145150501672,0.0640057510477857
Luco,400,-3.05016722408027,-4.89047491638796,0.0671731302247463
Luco,400,-3.00334448160535,-4.8694983277592,0.0704972498615315
Luco,400,-2.95652173913043,-4.84852173913043,0.0739858663934694
Luco,400,-2.90969899665552,-4.82754515050167,0.0776471200897054
Luco,400,-2.8628762541806,-4.80656856187291,0.0814895540475459
Luco,400,-2.81605351170569,-4.78559197324415,0.0855221341267533
Luco,400,-2.76923076923077,-4.76461538461538,0.0897542698703067
Luco,400,-2.72240802675585,-4.74363879598662,0.0941958364604442
Luco,400,-2.67558528428094,-4.72266220735786,0.0988571977612194
Luco,400,-2.62876254180602,-4.7016856187291,0.103749230501337
Luco,400,-2.5819397993311,-4.68070903010033,0.108883349653697
Luco,400,-2.53511705685619,-4.65973244147157,0.114271535070869
Luco,400,-2.48829431438127,-4.63875585284281,0.119926359438645
Luco,400,-2.44147157190635,-4.61777926421405,0.125861017612893
Luco,400,-2.39464882943144,-4.59680267558528,0.13208935740818
Luco,400,-2.34782608695652,-4.57582608695652,0.138625911909985
Luco,400,-2.30100334448161,-4.55484949832776,0.145485933385915
Luco,400,-2.25418060200669,-4.533872909699,0.15268542887505
Luco,400,-2.20735785953177,-4.51289632107023,0.160241197538448
Luco,400,-2.16053511705686,-4.49191973244147,0.16817086985798
Luco,400,-2.11371237458194,-4.47094314381271,0.176492948774949
Luco,400,-2.06688963210702,-4.44996655518395,0.185226852864486
Luco,400,-2.02006688963211,-4.42898996655518,0.194392961646476
Luco,400,-1.97324414715719,-4.40801337792642,0.204012663138722
Luco,400,-1.92642140468227,-4.38703678929766,0.214108403763333
Luco,400,-1.87959866220736,-4.3660602006689,0.224703740722757
Luco,400,-1.83277591973244,-4.34508361204013,0.235823396967694
Luco,400,-1.78595317725753,-4.32410702341137,0.247493318885147
Luco,400,-1.73913043478261,-4.30313043478261,0.259740736841206
Luco,400,-1.69230769230769,-4.28215384615385,0.27259422871985
Luco,400,-1.64548494983278,-4.26117725752508,0.28608378660602
Luco,400,-1.59866220735786,-4.24020066889632,0.300240886768558
Luco,400,-1.55183946488294,-4.21922408026756,0.315098563106313
Luco,400,-1.50501672240803,-4.1982474916388,0.330691484228792
Luco,400,-1.45819397993311,-4.17727090301003,0.34705603435121
Luco,400,-1.41137123745819,-4.15629431438127,0.3642303981927
Luco,400,-1.36454849498328,-4.13531772575251,0.38225465007579
Luco,400,-1.31772575250836,-4.11434113712375,0.401170847435032
Luco,400,-1.27090301003344,-4.09336454849498,0.421023128952996
Luco,400,-1.22408026755853,-4.07238795986622,0.441857817552602
Luco,400,-1.17725752508361,-4.05141137123746,0.463723528486117
Luco,400,-1.1304347826087,-4.0304347826087,0.486671282773026
Luco,400,-1.08361204013378,-4.00945819397993,0.510754626251476
Luco,400,-1.03678929765886,-3.98848160535117,0.536029754521081
Luco,400,-0.989966555183947,-3.96750501672241,0.562555644068629
Luco,400,-0.94314381270903,-3.94652842809365,0.590394189882651
Luco,400,-0.896321070234114,-3.92555183946488,0.619610349877973
Luco,400,-0.849498327759197,-3.90457525083612,0.650272296467234
Luco,400,-0.802675585284281,-3.88359866220736,0.682451575633054
Luco,400,-0.755852842809364,-3.8626220735786,0.716223273872019
Luco,400,-0.709030100334449,-3.84164548494983,0.751666193400033
Luco,400,-0.662207357859532,-3.82066889632107,0.788863036027863
Luco,400,-0.615384615384615,-3.79969230769231,0.827900596135909
Luco,400,-0.568561872909699,-3.77871571906355,0.86886996319851
Luco,400,-0.521739130434782,-3.75773913043478,0.911866734330324
Luco,400,-0.474916387959866,-3.73676254180602,0.956991237350757
Luco,400,-0.42809364548495,-3.71578595317726,1.00434876488692
Luco,400,-0.381270903010034,-3.6948093645485,1.05404982006139
Luco,400,-0.334448160535117,-3.67383277591973,1.10621037433797
Luco,400,-0.287625418060201,-3.65285618729097,1.16095213812729
Luco,400,-0.240802675585284,-3.63187959866221,1.21840284478343
Luco,400,-0.193979933110368,-3.61090301003345,1.27869654865444
Luco,400,-0.147157190635451,-3.58992642140468,1.3419739378821
Luco,400,-0.100334448160535,-3.56894983277592,1.40838266268088
Luco,400,-0.0535117056856187,-3.54797324414716,1.47807767986203
Luco,400,-0.00668896321070278,-3.52699665551839,1.55122161440675
Luco,400,0.040133779264214,-3.50602006688963,1.62798513893215
Luco,400,0.0869565217391308,-3.48504347826087,1.70854737193533
Luco,400,0.133779264214047,-3.46406688963211,1.79309629574498
Luco,400,0.180602006688964,-3.44309030100334,1.88182919515566
Luco,400,0.227424749163879,-3.42211371237458,1.97495311776821
Luco,400,0.274247491638796,-3.40113712374582,2.07268535711062
Luco,400,0.321070234113712,-3.38016053511706,2.17525395966638
Luco,400,0.367892976588629,-3.35918394648829,2.28289825699373
Luco,400,0.414715719063545,-3.33820735785953,2.39586942417718
Luco,400,0.461538461538462,-3.31723076923077,2.5144310659145
Luco,400,0.508361204013378,-3.29625418060201,2.63885983160673
Luco,400,0.555183946488294,-3.27527759197324,2.76944606088649
Luco,400,0.60200668896321,-3.25430100334448,2.90649446109069
Luco,400,0.648829431438127,-3.23332441471572,3.0503248182587
Luco,400,0.695652173913044,-3.21234782608696,3.20127274331478
Luco,400,0.74247491638796,-3.19137123745819,3.35969045517596
Luco,400,0.789297658862877,-3.17039464882943,3.52594760261281
Luco,400,0.836120401337793,-3.14941806020067,3.70043212678052
Luco,400,0.882943143812709,-3.12844147157191,3.88355116643322
Luco,400,0.929765886287625,-3.10746488294314,4.07573200793352
Luco,400,0.976588628762542,-3.08648829431438,4.27742308227405
Luco,400,1.02341137123746,-3.06551170568562,4.48909501143758
Luco,400,1.07023411371237,-3.04453511705686,4.71124170653705
Luco,400,1.11705685618729,-3.02355852842809,4.94438152029806
Luco,400,1.16387959866221,-3.00258193979933,5.18905845657288
Luco,400,1.21070234113712,-2.98160535117057,5.44584343970837
Luco,400,1.25752508361204,-2.96062876254181,5.71533564672961
Luco,400,1.30434782608696,-2.93965217391304,5.99816390544775
Luco,400,1.35117056856187,-2.91867558528428,6.29498816175447
Luco,400,1.39799331103679,-2.89769899665552,6.60650101952672
Luco,400,1.44481605351171,-2.87672240802676,6.93342935673497
Luco,400,1.49163879598662,-2.85574581939799,7.27653602152599
Luco,400,1.53846153846154,-2.83476923076923,7.63662161223765
Luco,400,1.58528428093646,-2.81379264214047,8.01452634549936
Luco,400,1.63210702341137,-2.79281605351171,8.411132016777
Luco,400,1.67892976588629,-2.77183946488294,8.82736405793713
Luco,400,1.7257525083612,-2.75086287625418,9.26419369663141
Luco,400,1.77257525083612,-2.72988628762542,9.7226402225402
Luco,400,1.81939799331104,-2.70890969899666,10.2037733657629
Luco,400,1.86622073578595,-2.68793311036789,10.7087157929054
Luco,400,1.91304347826087,-2.66695652173913,11.2386457266877
Luco,400,1.95986622073579,-2.64597993311037,11.7947996951861
Luco,400,2.0066889632107,-2.6250033444816,12.3784754171234
Luco,400,2.05351170568562,-2.60402675585284,12.9910348299399
Luco,400,2.10033444816053,-2.58305016722408,13.633907267712
Luco,400,2.14715719063545,-2.56207357859532,14.3085927963315
Luco,400,2.19397993311037,-2.54109698996655,15.0166657137303
Luco,400,2.24080267558528,-2.52012040133779,15.7597782233162
Luco,400,2.2876254180602,-2.49914381270903,16.5396642891914
Luco,400,2.33444816053512,-2.47816722408027,17.3581436821509
Luco,400,2.38127090301003,-2.4571906354515,18.217126225899
Luco,400,2.42809364548495,-2.43621404682274,19.118616253395
Luco,400,2.47491638795987,-2.41523745819398,20.0647172837243
Luco,400,2.52173913043478,-2.39426086956522,21.0576369304076
Luco,400,2.5685618729097,-2.37328428093645,22.099692052604
Luco,400,2.61538461538461,-2.35230769230769,23.1933141612235
Luco,400,2.66220735785953,-2.33133110367893,24.3410550925677
Luco,400,2.70903010033445,-2.31035451505017,25.5455929627333
Luco,400,2.75585284280936,-2.2893779264214,26.8097384166764
Luco,400,2.80267558528428,-2.26840133779264,28.1364411865157
Luco,400,2.8494983277592,-2.24742474916388,29.5287969743794
Luco,400,2.89632107023411,-2.22644816053512,30.9900546758556
Luco,400,2.94314381270903,-2.20547157190635,32.5236239609015
Luco,400,2.98996655518395,-2.18449498327759,34.1330832298998
Luco,400,3.03678929765886,-2.16351839464883,35.8221879634281
Luco,400,3.08361204013378,-2.14254180602007,37.5948794852231
Luco,400,3.1304347826087,-2.1215652173913,39.4552941587879
Luco,400,3.17725752508361,-2.10058862876254,41.4077730391014
Luco,400,3.22408026755853,-2.07961204013378,43.45687200195
Luco,400,3.27090301003344,-2.05863545150502,45.6073723745189
Luco,400,3.31772575250836,-2.03765886287625,47.864292092047
Luco,400,3.36454849498328,-2.01668227424749,50.2328974065777
Luco,400,3.41137123745819,-1.99570568561873,52.7187151751279
Luco,400,3.45819397993311,-1.97472909698997,55.327545755948
Luco,400,3.50501672240803,-1.9537525083612,58.0654765429626
Luco,400,3.55183946488294,-1.93277591973244,60.9388961699766
Luco,400,3.59866220735786,-1.91179933110368,63.9545094177868
Luco,400,3.64548494983278,-1.89082274247492,67.1193528589862
Luco,400,3.69230769230769,-1.86984615384615,70.4408112769635
Luco,400,3.73913043478261,-1.84886956521739,73.9266348974113
Luco,400,3.78595317725753,-1.82789297658863,77.5849574725501
Luco,400,3.83277591973244,-1.80691638795987,81.4243152602661
Luco,400,3.87959866220736,-1.7859397993311,85.4536669424469
Luco,400,3.92642140468227,-1.76496321070234,89.6824145289937
Luco,400,3.97324414715719,-1.74398662207358,94.1204252962857
Luco,400,4.02006688963211,-1.72301003344482,98.7780548112892
Luco,400,4.06688963210702,-1.70203344481605,103.666171095033
Luco,400,4.11371237458194,-1.68105685618729,108.796179981836
Luco,400,4.16053511705686,-1.66008026755853,114.180051733455
Luco,400,4.20735785953177,-1.63910367892977,119.830348970259
Luco,400,4.25418060200669,-1.618127090301,125.760255984598
Luco,400,4.30100334448161,-1.59715050167224,131.983609504776
Luco,400,4.34782608695652,-1.57617391304348,138.514930981395
Luco,400,4.39464882943144,-1.55519732441472,145.369460471425
Luco,400,4.44147157190636,-1.53422073578595,152.563192199055
Luco,400,4.48829431438127,-1.51324414715719,160.112911876294
Luco,400,4.53511705685619,-1.49226755852843,168.036235870428
Luco,400,4.5819397993311,-1.47129096989967,176.351652309702
Luco,400,4.62876254180602,-1.4503143812709,185.078564223154
Luco,400,4.67558528428094,-1.42933779264214,194.237334815261
Luco,400,4.72240802675585,-1.40836120401338,203.849334981041
Luco,400,4.76923076923077,-1.38738461538461,213.936993172477
Luco,400,4.81605351170569,-1.36640802675585,224.523847732627
Luco,400,4.8628762541806,-1.34543143812709,235.634601819528
Luco,400,4.90969899665552,-1.32445484949833,247.295181048063
Luco,400,4.95652173913044,-1.30347826086956,259.532793984275
Luco,400,5.00334448160535,-1.2825016722408,272.375995633303
Luco,400,5.05016722408027,-1.26152508361204,285.854754069069
Luco,400,5.09698996655518,-1.24054849498328,300.000520361188
Luco,400,5.1438127090301,-1.21957190635451,314.846301962282
Luco,400,5.19063545150502,-1.19859531772575,330.426739726911
Luco,400,5.23745819397993,-1.17761872909699,346.778188741869
Luco,400,5.28428093645485,-1.15664214046823,363.938803156425
Luco,400,5.33110367892977,-1.13566555183946,381.948625210463
Luco,400,5.37792642140468,-1.1146889632107,400.849678668255
Luco,400,5.4247491638796,-1.09371237458194,420.686066875891
Luco,400,5.47157190635452,-1.07273578595318,441.504075671154
Luco,400,5.51839464882943,-1.05175919732441,463.352281385981
Luco,400,5.56521739130435,-1.03078260869565,486.281664193527
Luco,400,5.61204013377926,-1.00980602006689,510.34572706429
Luco,400,5.65886287625418,-0.988829431438127,535.600620608894
Luco,400,5.7056856187291,-0.967852842809364,562.105274098817
Luco,400,5.75250836120401,-0.946876254180602,589.921532970791
Luco,400,5.79933110367893,-0.92589966555184,619.11430313573
Luco,400,5.84615384615385,-0.904923076923076,649.751702428907
Luco,400,5.89297658862876,-0.883946488294314,681.905219554759
Luco,400,5.93979933110368,-0.862969899665552,715.649880897237
Luco,400,5.98662207357859,-0.84199331103679,751.064425584884
Luco,400,6.03344481605351,-0.821016722408026,788.231489219173
Luco,400,6.08026755852843,-0.800040133779264,827.237796694786
Luco,400,6.12709030100334,-0.779063545150502,868.174364561783
Luco,400,6.17391304347826,-0.758086956521739,911.136713401829
Luco,400,6.22073578595318,-0.737110367892976,956.225090714028
Luco,400,6.26755852842809,-0.716133779264214,1003.54470483048
Luco,400,6.31438127090301,-0.695157190635452,1053.20597040732
Luco,400,6.36120401337793,-0.674180602006689,1105.32476606411
Luco,400,6.40802675585284,-0.653204013377926,1160.02270477272
Luco,400,6.45484949832776,-0.632227424749164,1217.42741762665
Luco,400,6.50167224080267,-0.611250836120401,1277.67285165293
Luco,400,6.54849498327759,-0.590274247491639,1340.89958236142
Luco,400,6.59531772575251,-0.569297658862876,1407.25514176102
Luco,400,6.64214046822742,-0.548321070234114,1476.89436260785
Luco,400,6.68896321070234,-0.527344481605351,1549.97973968909
Luco,400,6.73578595317726,-0.506367892976588,1626.68180898496
Luco,400,6.78260869565217,-0.485391304347826,1707.17954559418
Luco,400,6.82943143812709,-0.464414715719064,1791.6607813508
Luco,400,6.87625418060201,-0.443438127090301,1880.32264310743
Luco,400,6.92307692307692,-0.422461538461538,1973.37201270704
Luco,400,6.96989966555184,-0.401484949832776,2071.02600971707
Luco,400,7.01672240802676,-0.380508361204014,2173.51249805191
Luco,400,7.06354515050167,-0.35953177257525,2281.07061766609
Luco,400,7.11036789297659,-0.338555183946488,2393.95134255874
Luco,400,7.1571906354515,-0.317578595317726,2512.41806639135
Luco,400,7.20401337792642,-0.296602006688964,2636.74721708543
Luco,400,7.25083612040134,-0.2756254180602,2767.22890183389
Luco,400,7.29765886287625,-0.254648829431438,2904.1675840315
Luco,400,7.34448160535117,-0.233672240802676,3047.88279370379
Luco,400,7.39130434782609,-0.212695652173913,3198.70987309213
Luco,400,7.438127090301,-0.19171906354515,3357.00075913464
Luco,400,7.48494983277592,-0.170742474916388,3523.12480466901
Luco,400,7.53177257525084,-0.149765886287625,3697.46964027309
Luco,400,7.57859531772575,-0.128789297658863,3880.44207875447
Luco,400,7.62541806020067,-0.1078127090301,4072.46906439944
Luco,400,7.67224080267559,-0.0868361204013377,4273.99866919643
Luco,400,7.7190635451505,-0.0658595317725754,4485.50113835835
Luco,400,7.76588628762542,-0.0448829431438122,4707.46998758352
Luco,400,7.81270903010033,-0.02390635451505,4940.42315461545
Luco,400,7.85953177257525,-0.00292976588628768,5184.90420778863
Luco,400,7.90635451505017,0.0180468227424746,5441.48361438014
Luco,400,7.95317725752508,0.0390234113712378,5710.76007172682
Luco,400,8,0.0600000000000001,5993.36190421373
Tsinman,400,-6,-10.0964826087896,4.3242535540861e-05
Tsinman,400,-5.95317725752508,-10.0618150502612,4.68358826911284e-05
Tsinman,400,-5.90635451505017,-10.0271474917328,5.07278280521818e-05
Tsinman,400,-5.85953177257525,-9.99247993320433,5.49431843926612e-05
Tsinman,400,-5.81270903010033,-9.9578123746759,5.95088263605666e-05
Tsinman,400,-5.76588628762542,-9.92314481614747,6.44538618203042e-05
Tsinman,400,-5.7190635451505,-9.88847725761904,6.98098174274141e-05
Tsinman,400,-5.67224080267559,-9.85380969909061,7.56108396240999e-05
Tsinman,400,-5.62541806020067,-9.81914214056219,8.18939123369816e-05
Tsinman,400,-5.57859531772575,-9.78447458203376,8.86990927649954e-05
Tsinman,400,-5.53177257525084,-9.74980702350533,9.60697667606783e-05
Tsinman,400,-5.48494983277592,-9.7151394649769,0.000104052925433004
Tsinman,400,-5.438127090301,-9.68047190644847,0.000112699464735224
Tsinman,400,-5.39130434782609,-9.64580434792005,0.000122064509947717
Tsinman,400,-5.34448160535117,-9.61113678939162,0.000132207767124553
Tsinman,400,-5.29765886287625,-9.57646923086319,0.000143193903744395
Tsinman,400,-5.25083612040134,-9.54180167233476,0.000155092960992539
Tsinman,400,-5.20401337792642,-9.50713411380633,0.000167980800302575
Tsinman,400,-5.1571906354515,-9.47246655527791,0.000181939587004538
Tsinman,400,-5.11036789297659,-9.43779899674948,0.000197058314163029
Tsinman,400,-5.06354515050167,-9.40313143822105,0.000213433369944972
Tsinman,400,-5.01672240802676,-9.36846387969262,0.000231169152134225
Tsinman,400,-4.96989966555184,-9.33379632116419,0.000250378733710829
Tsinman,400,-4.92307692307692,-9.29912876263577,0.000271184583738223
Tsinman,400,-4.87625418060201,-9.26446120410734,0.000293719348154418
Tsinman,400,-4.82943143812709,-9.22979364557891,0.000318126695444955
Tsinman,400,-4.78260869565217,-9.19512608705048,0.000344562232589185
Tsinman,400,-4.73578595317726,-9.16045852852205,0.000373194497119426
Tsinman,400,-4.68896321070234,-9.12579096999363,0.000404206031617732
Tsinman,400,-4.64214046822742,-9.0911234114652,0.000437794547500712
Tsinman,400,-4.59531772575251,-9.05645585293677,0.000474174185511944
Tsinman,400,-4.54849498327759,-9.02178829440834,0.000513576880958186
Tsinman,400,-4.50167224080268,-8.98712073587991,0.000556253842393315
Tsinman,400,-4.45484949832776,-8.95245317735148,0.000602477153177223
Tsinman,400,-4.40802675585284,-8.91778561882306,0.000652541506120288
Tsinman,400,-4.36120401337793,-8.88311806029463,0.000706766082272469
Tsinman,400,-4.31438127090301,-8.8484505017662,0.000765496585835096
Tsinman,400,-4.26755852842809,-8.81378294323777,0.000829107448168802
Tsinman,400,-4.22073578595318,-8.77911538470934,0.000898004214948998
Tsinman,400,-4.17391304347826,-8.74444782618092,0.000972626131688041
Tsinman,400,-4.12709030100334,-8.70978026765249,0.00105344894410788
Tsinman,400,-4.08026755852843,-8.67511270912406,0.00114098793121666
Tsinman,400,-4.03344481605351,-8.64044515059563,0.00123580119042652
Tsinman,400,-3.9866220735786,-8.6057775920672,0.00133849319565642
Tsinman,400,-3.93979933110368,-8.57111003353878,0.00144971865110456
Tsinman,400,-3.89297658862876,-8.53644247501035,0.0015701866652596
Tsinman,400,-3.84615384615385,-8.50177491648192,0.00170066527176194
Tsinman,400,-3.79933110367893,-8.46710735795349,0.00184198632593718
Tsinman,400,-3.75250836120401,-8.43243979942506,0.00199505080821953
Tsinman,400,-3.7056856187291,-8.39777224089664,0.00216083456827635
Tsinman,400,-3.65886287625418,-8.36310468236821,0.00234039454645522
Tsinman,400,-3.61204013377926,-8.32843712383978,0.00253487551221774
Tsinman,400,-3.56521739130435,-8.29376956531135,0.00274551736252052
Tsinman,400,-3.51839464882943,-8.25910200678292,0.00297366302667338
Tsinman,400,-3.47157190635451,-8.2244344482545,0.00322076702807164
Tsinman,400,-3.4247491638796,-8.18976688972607,0.00348840475738705
Tsinman,400,-3.37792642140468,-8.15509933119764,0.0037782825163379
Tsinman,400,-3.33110367892977,-8.12043177266921,0.00409224839607129
Tsinman,400,-3.28428093645485,-8.08576421414078,0.00443230405951209
Tsinman,400,-3.23745819397993,-8.05109665561235,0.00480061750279567
Tsinman,400,-3.19063545150502,-8.01642909708393,0.005199536877144
Tsinman,400,-3.1438127090301,-7.9817615385555,0.00563160545930525
Tsinman,400,-3.09698996655518,-7.94709398002707,0.00609957786599969
Tsinman,400,-3.05016722408027,-7.91242642149864,0.00660643761574573
Tsinman,400,-3.00334448160535,-7.87775886297021,0.00715541615003008
Tsinman,400,-2.95652173913043,-7.84309130444179,0.0077500134350897
Tsinman,400,-2.90969899665552,-7.80842374591336,0.00839402027565066
Tsinman,400,-2.8628762541806,-7.77375618738493,0.00909154248288333
Tsinman,400,-2.81605351170569,-7.7390886288565,0.00984702705065424
Tsinman,400,-2.76923076923077,-7.70442107032807,0.0106652905069597
Tsinman,400,-2.72240802675585,-7.66975351179965,0.0115515496212928
Tsinman,400,-2.67558528428094,-7.63508595327122,0.0125114546637162
Tsinman,400,-2.62876254180602,-7.60041839474279,0.0135511254276816
Tsinman,400,-2.5819397993311,-7.56575083621436,0.0146771902462551
Tsinman,400,-2.53511705685619,-7.53108327768593,0.0158968282504948
Tsinman,400,-2.48829431438127,-7.4964157191575,0.0172178151393934
Tsinman,400,-2.44147157190635,-7.46174816062908,0.0186485727531904
Tsinman,400,-2.39464882943144,-7.42708060210065,0.0201982227661022
Tsinman,400,-2.34782608695652,-7.39241304357222,0.0218766448407852
Tsinman,400,-2.30100334448161,-7.35774548504379,0.0236945396152896
Tsinman,400,-2.25418060200669,-7.32307792651536,0.025663496924073
Tsinman,400,-2.20735785953177,-7.28841036798694,0.02779606968801
Tsinman,400,-2.16053511705686,-7.25374280945851,0.0301058539444784
Tsinman,400,-2.11371237458194,-7.21907525093008,0.0326075755277454
Tsinman,400,-2.06688963210702,-7.18440769240165,0.0353171839522802
Tsinman,400,-2.02006688963211,-7.14974013387322,0.0382519540975342
Tsinman,400,-1.97324414715719,-7.1150725753448,0.0414305963424752
Tsinman,400,-1.92642140468227,-7.08040501681637,0.0448733758520265
Tsinman,400,-1.87959866220736,-7.04573745828794,0.048602241775913
Tsinman,400,-1.83277591973244,-7.01106989975951,0.0526409671836096
Tsinman,400,-1.78595317725753,-6.97640234123108,0.0570153006275358
Tsinman,400,-1.73913043478261,-6.94173478270265,0.0617531303007754
Tsinman,400,-1.69230769230769,-6.90706722417423,0.0668846618358936
Tsinman,400,-1.64548494983278,-6.8723996656458,0.072442610878394
Tsinman,400,-1.59866220735786,-6.83773210711737,0.0784624116625512
Tsinman,400,-1.55183946488294,-6.80306454858894,0.0849824429193758
Tsinman,400,-1.50501672240803,-6.76839699006052,0.0920442725569687
Tsinman,400,-1.45819397993311,-6.73372943153209,0.099692922673207
Tsinman,400,-1.41137123745819,-6.69906187300366,0.107977156590321
Tsinman,400,-1.36454849498328,-6.66439431447523,0.116949789741335
Tsinman,400,-1.31772575250836,-6.6297267559468,0.126668026390394
Tsinman,400,-1.27090301003344,-6.59505919741837,0.137193824333714
Tsinman,400,-1.22408026755853,-6.56039163888995,0.148594289906276
Tsinman,400,-1.17725752508361,-6.52572408036152,0.16094210581259
Tsinman,400,-1.1304347826087,-6.49105652183309,0.174315994509132
Tsinman,400,-1.08361204013378,-6.45638896330466,0.188801220092714
Tsinman,400,-1.03678929765886,-6.42172140477623,0.204490131894524
Tsinman,400,-0.989966555183947,-6.38705384624781,0.221482753245479
Tsinman,400,-0.94314381270903,-6.35238628771938,0.239887419166515
Tsinman,400,-0.896321070234114,-6.31771872919095,0.259821467049357
Tsinman,400,-0.849498327759197,-6.28305117066252,0.281411984731143
Tsinman,400,-0.802675585284281,-6.24838361213409,0.304796620732176
Tsinman,400,-0.755852842809364,-6.21371605360567,0.330124461822444
Tsinman,400,-0.709030100334449,-6.17904849507724,0.357556983511705
Tsinman,400,-0.662207357859532,-6.14438093654881,0.387269079522958
Tsinman,400,-0.615384615384615,-6.10971337802038,0.419450176812585
Tsinman,400,-0.568561872909699,-6.07504581949195,0.454305443245899
Tsinman,400,-0.521739130434782,-6.04037826096353,0.492057095627526
Tsinman,400,-0.474916387959866,-6.0057107024351,0.532945816425856
Tsinman,400,-0.42809364548495,-5.97104314390667,0.577232288223777
Tsinman,400,-0.381270903010034,-5.93637558537824,0.625198855678439
Tsinman,400,-0.334448160535117,-5.90170802684981,0.677151325585757
Tsinman,400,-0.287625418060201,-5.86704046832139,0.733420916525776
Tsinman,400,-0.240802675585284,-5.83237290979296,0.79436637051874
Tsinman,400,-0.193979933110368,-5.79770535126453,0.860376240154499
Tsinman,400,-0.147157190635451,-5.7630377927361,0.93187136577672
Tsinman,400,-0.100334448160535,-5.72837023420767,1.0093075585149
Tsinman,400,-0.0535117056856187,-5.69370267567924,1.09317850626971
Tsinman,400,-0.00668896321070278,-5.65903511715082,1.18401892117846
Tsinman,400,0.040133779264214,-5.62436755862239,1.28240794862712
Tsinman,400,0.0869565217391308,-5.58970000009396,1.3889728595428
Tsinman,400,0.133779264214047,-5.55503244156553,1.50439304950648
Tsinman,400,0.180602006688964,-5.5203648830371,1.62940437018212
Tsinman,400,0.227424749163879,-5.48569732450868,1.76480382067676
Tsinman,400,0.274247491638796,-5.45102976598025,1.91145462874092
Tsinman,400,0.321070234113712,-5.41636220745182,2.07029175420415
Tsinman,400,0.367892976588629,-5.38169464892339,2.24232784973242
Tsinman,400,0.414715719063545,-5.34702709039496,2.42865971690955
Tsinman,400,0.461538461538462,-5.31235953186654,2.63047529880299
Tsinman,400,0.508361204013378,-5.27769197333811,2.84906125359445
Tsinman,400,0.555183946488294,-5.24302441480968,3.08581115756037
Tsinman,400,0.60200668896321,-5.20835685628125,3.34223438969961
Tsinman,400,0.648829431438127,-5.17368929775282,3.61996575465173
Tsinman,400,0.695652173913044,-5.1390217392244,3.9207759052557
Tsinman,400,0.74247491638796,-5.10435418069597,4.24658263119747
Tsinman,400,0.789297658862877,-5.06968662216754,4.59946308571593
Tsinman,400,0.836120401337793,-5.03501906363911,4.9816670283178
Tsinman,400,0.882943143812709,-5.00035150511068,5.39563116792921
Tsinman,400,0.929765886287625,-4.96568394658225,5.84399469792741
Tsinman,400,0.976588628762542,-4.93101638805383,6.32961612209515
Tsinman,400,1.02341137123746,-4.8963488295254,6.85559147876975
Tsinman,400,1.07023411371237,-4.86168127099697,7.42527407937394
Tsinman,400,1.11705685618729,-4.82701371246854,8.04229588716924
Tsinman,400,1.16387959866221,-4.79234615394011,8.71059067253078
Tsinman,400,1.21070234113712,-4.75767859541169,9.43441909236776
Tsinman,400,1.25752508361204,-4.72301103688326,10.2183958535814
Tsinman,400,1.30434782608696,-4.68834347835483,11.0675191337387
Tsinman,400,1.35117056856187,-4.6536759198264,11.9872024465309
Tsinman,400,1.39799331103679,-4.61900836129797,12.9833091551725
Tsinman,400,1.44481605351171,-4.58434080276955,14.0621898537776
Tsinman,400,1.49163879598662,-4.54967324424112,15.2307228550362
Tsinman,400,1.53846153846154,-4.51500568571269,16.4963580423148
Tsinman,400,1.58528428093646,-4.48033812718426,17.8671643657584
Tsinman,400,1.63210702341137,-4.44567056865583,19.3518812851998
Tsinman,400,1.67892976588629,-4.4110030101274,20.9599744878471
Tsinman,400,1.7257525083612,-4.37633545159898,22.7016962359721
Tsinman,400,1.77257525083612,-4.34166789307055,24.5881507293422
Tsinman,400,1.81939799331104,-4.30700033454212,26.6313648991067
Tsinman,400,1.86622073578595,-4.27233277601369,28.8443650844801
Tsinman,400,1.91304347826087,-4.23766521748527,31.2412600810664
Tsinman,400,1.95986622073579,-4.20299765895684,33.8373310902928
Tsinman,400,2.0066889632107,-4.16833010042841,36.6491291434175
Tsinman,400,2.05351170568562,-4.13366254189998,39.6945806212303
Tsinman,400,2.10033444816053,-4.09899498337155,42.9931015421782
Tsinman,400,2.14715719063545,-4.06432742484312,46.5657213475496
Tsinman,400,2.19397993311037,-4.0296598663147,50.4352169728989
Tsinman,400,2.24080267558528,-3.99499230778627,54.6262580604745
Tsinman,400,2.2876254180602,-3.96032474925784,59.1655642384369
Tsinman,400,2.33444816053512,-3.92565719072941,64.0820754695898
Tsinman,400,2.38127090301003,-3.89098963220098,69.4071365556655
Tsinman,400,2.42809364548495,-3.85632207367256,75.1746969734598
Tsinman,400,2.47491638795987,-3.82165451514413,81.4215273168508
Tsinman,400,2.52173913043478,-3.7869869566157,88.1874537246116
Tsinman,400,2.5685618729097,-3.75231939808727,95.5156117885913
Tsinman,400,2.61538461538461,-3.71765183955884,103.452721561035
Tsinman,400,2.66220735785953,-3.68298428103042,112.049385414326
Tsinman,400,2.70903010033445,-3.64831672250199,121.360410652135
Tsinman,400,2.75585284280936,-3.61364916397356,131.44515892875
Tsinman,400,2.80267558528428,-3.57898160544513,142.367924704286
Tsinman,400,2.8494983277592,-3.5443140469167,154.198345148579
Tsinman,400,2.89632107023411,-3.50964648838827,167.011844107076
Tsinman,400,2.94314381270903,-3.47497892985985,180.890112959189
Tsinman,400,2.98996655518395,-3.44031137133142,195.921631434772
Tsinman,400,3.03678929765886,-3.40564381280299,212.202231709163
Tsinman,400,3.08361204013378,-3.37097625427456,229.835709373118
Tsinman,400,3.1304347826087,-3.33630869574613,248.934485172822
Tsinman,400,3.17725752508361,-3.30164113721771,269.620321738854
Tsinman,400,3.22408026755853,-3.26697357868928,292.025099873548
Tsinman,400,3.27090301003344,-3.23230602016085,316.291659345891
Tsinman,400,3.31772575250836,-3.19763846163242,342.574709554407
Tsinman,400,3.36454849498328,-3.16297090310399,371.04181586384
Tsinman,400,3.41137123745819,-3.12830334457556,401.874467903972
Tsinman,400,3.45819397993311,-3.09363578604714,435.269236641423
Tsinman,400,3.50501672240803,-3.05896822751871,471.439027601222
Tsinman,400,3.55183946488294,-3.02430066899028,510.61443822799
Tsinman,400,3.59866220735786,-2.98963311046185,553.045228040449
Tsinman,400,3.64548494983278,-2.95496555193342,599.001910952125
Tsinman,400,3.69230769230769,-2.920297993405,648.777479909935
Tsinman,400,3.73913043478261,-2.88563043487657,702.68927484595
Tsinman,400,3.78595317725753,-2.85096287634814,761.081005851301
Tsinman,400,3.83277591973244,-2.81629531781971,824.32494447082
Tsinman,400,3.87959866220736,-2.78162775929128,892.824297088794
Tsinman,400,3.92642140468227,-2.74696020076286,967.015775537191
Tsinman,400,3.97324414715719,-2.71229264223443,1047.37238131501
Tsinman,400,4.02006688963211,-2.677625083706,1134.40642116938
Tsinman,400,4.06688963210702,-2.64295752517757,1228.6727732639
Tsinman,400,4.11371237458194,-2.60828996664914,1330.77242475744
Tsinman,400,4.16053511705686,-2.57362240812072,1441.35630334704
Tsinman,400,4.20735785953177,-2.53895484959229,1561.12942720233
Tsinman,400,4.25418060200669,-2.50428729106386,1690.85539974933
Tsinman,400,4.30100334448161,-2.46961973253543,1831.36127795952
Tsinman,400,4.34782608695652,-2.434952174007,1983.54284518164
Tsinman,400,4.39464882943144,-2.40028461547858,2148.37032213271
Tsinman,400,4.44147157190636,-2.36561705695015,2326.89455245821
Tsinman,400,4.48829431438127,-2.33094949842172,2520.25370229687
Tsinman,400,4.53511705685619,-2.29628193989329,2729.68051656271
Tsinman,400,4.5819397993311,-2.26161438136486,2956.510178206
Tsinman,400,4.62876254180602,-2.22694682283643,3202.18882055932
Tsinman,400,4.67558528428094,-2.19227926430801,3468.28274703833
Tsinman,400,4.72240802675585,-2.15761170577958,3756.48841697681
Tsinman,400,4.76923076923077,-2.12294414725115,4068.64326125976
Tsinman,400,4.81605351170569,-2.08827658872272,4406.7373967086
Tsinman,400,4.8628762541806,-2.05360903019429,4772.92631390282
Tsinman,400,4.90969899665552,-2.01894147166587,5169.5446193279
Tsinman,400,4.95652173913044,-1.98427391313744,5599.12091946162
Tsinman,400,5.00334448160535,-1.94960635460901,6064.39394169084
Tsinman,400,5.05016722408027,-1.91493879608058,6568.32999483656
Tsinman,400,5.09698996655518,-1.88027123755215,7114.14188060493
Tsinman,400,5.1438127090301,-1.84560367902373,7705.30937653302
Tsinman,400,5.19063545150502,-1.8109361204953,8345.60142101621
Tsinman,400,5.23745819397993,-1.77626856196687,9039.1001418565
Tsinman,400,5.28428093645485,-1.74160100343844,9790.22688152309
Tsinman,400,5.33110367892977,-1.70693344491001,10603.7703850476
Tsinman,400,5.37792642140468,-1.67226588638159,11484.9173302631
Tsinman,400,5.4247491638796,-1.63759832785316,12439.2853950303
Tsinman,400,5.47157190635452,-1.60293076932473,13472.959072268
Tsinman,400,5.51839464882943,-1.5682632107963,14592.5284611226
Tsinman,400,5.56521739130435,-1.53359565226787,15805.1312815891
Tsinman,400,5.61204013377926,-1.49892809373945,17118.4983804411
Tsinman,400,5.65886287625418,-1.46426053521102,18541.0030185906
Tsinman,400,5.7056856187291,-1.42959297668259,20081.7142541055
Tsinman,400,5.75250836120401,-1.39492541815416,21750.4547612224
Tsinman,400,5.79933110367893,-1.36025785962573,23557.8634539761
Tsinman,400,5.84615384615385,-1.3255903010973,25515.4633136965
Tsinman,400,5.89297658862876,-1.29092274256888,27635.7348528016
Tsinman,400,5.93979933110368,-1.25625518404045,29932.1956832501
Tsinman,400,5.98662207357859,-1.22158762551202,32419.4866969333
Tsinman,400,6.03344481605351,-1.18692006698359,35113.4654074437
Tsinman,400,6.08026755852843,-1.15225250845516,38031.3070483121
Tsinman,400,6.12709030100334,-1.11758494992674,41191.6140722578
Tsinman,400,6.17391304347826,-1.08291739139831,44614.5347495528
Tsinman,400,6.22073578595318,-1.04824983286988,48321.8916216154
Tsinman,400,6.26755852842809,-1.01358227434145,52337.3206287789
Tsinman,400,6.31438127090301,-0.978914715813024,56686.4217992307
Tsinman,400,6.36120401337793,-0.944247157284596,61396.9224598282
Tsinman,400,6.40802675585284,-0.909579598756168,66498.8540093266
Tsinman,400,6.45484949832776,-0.87491204022774,72024.7433810236
Tsinman,400,6.50167224080267,-0.840244481699312,78009.8204154728
Tsinman,400,6.54849498327759,-0.805576923170883,84492.2424653538
Tsinman,400,6.59531772575251,-0.770909364642455,91513.3376644479
Tsinman,400,6.64214046822742,-0.736241806114027,99117.8684116631
Tsinman,400,6.68896321070234,-0.701574247585599,107354.316749923
Tsinman,400,6.73578595317726,-0.666906689057171,116275.193459332
Tsinman,400,6.78260869565217,-0.632239130528743,125937.372835217
Tsinman,400,6.82943143812709,-0.597571572000316,136402.45528539
Tsinman,400,6.87625418060201,-0.562904013471886,147737.160058336
Tsinman,400,6.92307692307692,-0.528236454943458,160013.750606145
Tsinman,400,6.96989966555184,-0.493568896415031,173310.495294044
Tsinman,400,7.01672240802676,-0.458901337886603,187712.166393738
Tsinman,400,7.06354515050167,-0.424233779358174,203310.580541867
Tsinman,400,7.11036789297659,-0.389566220829746,220205.184109204
Tsinman,400,7.1571906354515,-0.354898662301319,238503.687212596
Tsinman,400,7.20401337792642,-0.320231103772891,258322.750411697
Tsinman,400,7.25083612040134,-0.285563545244461,279788.728468513
Tsinman,400,7.29765886287625,-0.250895986716034,303038.475911498
Tsinman,400,7.34448160535117,-0.216228428187606,328220.219540039
Tsinman,400,7.39130434782609,-0.181560869659177,355494.503431879
Tsinman,400,7.438127090301,-0.14689331113075,385035.212478315
Tsinman,400,7.48494983277592,-0.112225752602322,417030.680972623
Tsinman,400,7.53177257525084,-0.0775581940738942,451684.893319425
Tsinman,400,7.57859531772575,-0.0428906355454647,489218.784520016
Tsinman,400,7.62541806020067,-0.00822307701703695,529871.648724782
Tsinman,400,7.67224080267559,0.0264444815113908,573902.664832837
Tsinman,400,7.7190635451505,0.0611120400398185,621592.548865178
Tsinman,400,7.76588628762542,0.0957795985682471,673245.34364595
Tsinman,400,7.81270903010033,0.130447157096675,729190.357201761
Tsinman,400,7.85953177257525,0.165114715625103,789784.262237178
Tsinman,400,7.90635451505017,0.199782274153531,855413.370071397
Tsinman,400,7.95317725752508,0.23444983268196,926496.093533402
Tsinman,400,8,0.269117391210388,1003485.61451758
Grumetto,NaN,-6,-11.844,7.73381465607714e-07
Grumetto,NaN,-5.95317725752508,-11.8000334448161,8.55776418447414e-07
Grumetto,NaN,-5.90635451505017,-11.7560668896321,9.46949611463996e-07
Grumetto,NaN,-5.85953177257525,-11.7121003344482,1.04783626578385e-06
Grumetto,NaN,-5.81270903010033,-11.6681337792642,1.15947123965168e-06
Grumetto,NaN,-5.76588628762542,-11.6241672240803,1.28299964362631e-06
Grumetto,NaN,-5.7190635451505,-11.5802006688963,1.41968858670419e-06
Grumetto,NaN,-5.67224080267559,-11.5362341137124,1.57094017385805e-06
Grumetto,NaN,-5.62541806020067,-11.4922675585284,1.73830588831477e-06
Grumetto,NaN,-5.57859531772575,-11.4483010033445,1.92350250610043e-06
Grumetto,NaN,-5.53177257525084,-11.4043344481605,2.12842970609823e-06
Grumetto,NaN,-5.48494983277592,-11.3603678929766,2.35518955625675e-06
Grumetto,NaN,-5.438127090301,-11.3164013377926,2.60610807583083e-06
Grumetto,NaN,-5.39130434782609,-11.2724347826087,2.88375909483281e-06
Grumetto,NaN,-5.34448160535117,-11.2284682274247,3.19099065543543e-06
Grumetto,NaN,-5.29765886287625,-11.1845016722408,3.5309542261423e-06
Grumetto,NaN,-5.25083612040134,-11.1405351170569,3.90713702839437e-06
Grumetto,NaN,-5.20401337792642,-11.0965685618729,4.32339780720656e-06
Grumetto,NaN,-5.1571906354515,-11.052602006689,4.7840064127569e-06
Grumetto,NaN,-5.11036789297659,-11.008635451505,5.29368759894122e-06
Grumetto,NaN,-5.06354515050167,-10.9646688963211,5.85766948816341e-06
Grumetto,NaN,-5.01672240802676,-10.9207023411371,6.48173719949458e-06
Grumetto,NaN,-4.96989966555184,-10.8767357859532,7.1722921902998e-06
Grumetto,NaN,-4.92307692307692,-10.8327692307692,7.93641792003642e-06
Grumetto,NaN,-4.87625418060201,-10.7888026755853,8.7819525097795e-06
Grumetto,NaN,-4.82943143812709,-10.7448361204013,9.71756914278886e-06
Grumetto,NaN,-4.78260869565217,-10.7008695652174,1.07528650308373e-05
Grumetto,NaN,-4.73578595317726,-10.6569030100334,1.18984598588842e-05
Grumetto,NaN,-4.68896321070234,-10.6129364548495,1.31661047179027e-05
Grumetto,NaN,-4.64214046822742,-10.5689698996656,1.45688026432553e-05
Grumetto,NaN,-4.59531772575251,-10.5250033444816,1.61209419950545e-05
Grumetto,NaN,-4.54849498327759,-10.4810367892977,1.78384440486759e-05
Grumetto,NaN,-4.50167224080268,-10.4370702341137,1.97389263093534e-05
Grumetto,NaN,-4.45484949832776,-10.3931036789298,2.18418832260768e-05
Grumetto,NaN,-4.40802675585284,-10.3491371237458,2.41688861584895e-05
Grumetto,NaN,-4.36120401337793,-10.3051705685619,2.67438046479724e-05
Grumetto,NaN,-4.31438127090301,-10.2612040133779,2.95930512626326e-05
Grumetto,NaN,-4.26755852842809,-10.217237458194,3.27458525277256e-05
Grumetto,NaN,-4.22073578595318,-10.17327090301,3.62345487206159e-05
Grumetto,NaN,-4.17391304347826,-10.1293043478261,4.00949256054653e-05
Grumetto,NaN,-4.12709030100334,-10.0853377926421,4.43665815104559e-05
Grumetto,NaN,-4.08026755852843,-10.0413712374582,4.90933335128975e-05
Grumetto,NaN,-4.03344481605351,-9.99740468227425,5.43236668987127e-05
Grumetto,NaN,-3.9866220735786,-9.9534381270903,6.01112325066906e-05
Grumetto,NaN,-3.93979933110368,-9.90947157190636,6.65153970590864e-05
Grumetto,NaN,-3.89297658862876,-9.86550501672241,7.36018521236525e-05
Grumetto,NaN,-3.84615384615385,-9.82153846153846,8.14432879536116e-05
Grumetto,NaN,-3.79933110367893,-9.77757190635452,9.01201391175771e-05
Grumetto,NaN,-3.75250836120401,-9.73360535117057,9.97214095678132e-05
Grumetto,NaN,-3.7056856187291,-9.68963879598662,0.000110345585610087
Grumetto,NaN,-3.65886287625418,-9.64567224080267,0.000122101646140019
Grumetto,NaN,-3.61204013377926,-9.60170568561873,0.000135110180508568
Grumetto,NaN,-3.56521739130435,-9.55773913043478,0.000149504625483298
Grumetto,NaN,-3.51839464882943,-9.51377257525084,0.000165432633993733
Grumetto,NaN,-3.47157190635451,-9.46980602006689,0.000183057589700876
Grumetto,NaN,-3.4247491638796,-9.42583946488294,0.000202560282926786
Grumetto,NaN,-3.37792642140468,-9.381872909699,0.000224140765135308
Grumetto,NaN,-3.33110367892977,-9.33790635451505,0.000248020400986505
Grumetto,NaN,-3.28428093645485,-9.2939397993311,0.000274444139014036
Grumetto,NaN,-3.23745819397993,-9.24997324414716,0.000303683024217244
Grumetto,NaN,-3.19063545150502,-9.20600668896321,0.000336036978341208
Grumetto,NaN,-3.1438127090301,-9.16204013377926,0.000371837876363843
Grumetto,NaN,-3.09698996655518,-9.11807357859532,0.000411452950747526
Grumetto,NaN,-3.05016722408027,-9.07410702341137,0.000455288558374814
Grumetto,NaN,-3.00334448160535,-9.03014046822742,0.00050379434880809
Grumetto,NaN,-2.95652173913043,-8.98617391304348,0.000557467876629616
Grumetto,NaN,-2.90969899665552,-8.94220735785953,0.000616859705173696
Grumetto,NaN,-2.8628762541806,-8.89824080267558,0.000682579054003137
Grumetto,NaN,-2.81605351170569,-8.85427424749164,0.000755300048059749
Grumetto,NaN,-2.76923076923077,-8.81030769230769,0.000835768632590414
Grumetto,NaN,-2.72240802675585,-8.76634113712375,0.000924810224779428
Grumetto,NaN,-2.67558528428094,-8.7223745819398,0.00102333818057482
Grumetto,NaN,-2.62876254180602,-8.67840802675585,0.00113236316355817
Grumetto,NaN,-2.5819397993311,-8.63444147157191,0.00125300351196046
Grumetto,NaN,-2.53511705685619,-8.59047491638796,0.00138649671016483
Grumetto,NaN,-2.48829431438127,-8.54650836120401,0.0015342120823669
Grumetto,NaN,-2.44147157190635,-8.50254180602007,0.0016976648385994
Grumetto,NaN,-2.39464882943144,-8.45857525083612,0.00187853161720018
Grumetto,NaN,-2.34782608695652,-8.41460869565217,0.00207866768315239
Grumetto,NaN,-2.30100334448161,-8.37064214046823,0.00230012595871135
Grumetto,NaN,-2.25418060200669,-8.32667558528428,0.00254517808152691
Grumetto,NaN,-2.20735785953177,-8.28270903010034,0.00281633770626818
Grumetto,NaN,-2.16053511705686,-8.23874247491639,0.00311638628876982
Grumetto,NaN,-2.11371237458194,-8.19477591973244,0.00344840161718436
Grumetto,NaN,-2.06688963210702,-8.1508093645485,0.00381578938280268
Grumetto,NaN,-2.02006688963211,-8.10684280936455,0.0042223181143843
Grumetto,NaN,-1.97324414715719,-8.0628762541806,0.00467215783434129
Grumetto,NaN,-1.92642140468227,-8.01890969899666,0.00516992283329646
Grumetto,NaN,-1.87959866220736,-7.97494314381271,0.00572071900178183
Grumetto,NaN,-1.83277591973244,-7.93097658862876,0.00633019620458833
Grumetto,NaN,-1.78595317725753,-7.88701003344482,0.00700460623500357
Grumetto,NaN,-1.73913043478261,-7.84304347826087,0.00775086694341123
Grumetto,NaN,-1.69230769230769,-7.79907692307692,0.00857663319805932
Grumetto,NaN,-1.64548494983278,-7.75511036789298,0.00949037540588709
Grumetto,NaN,-1.59866220735786,-7.71114381270903,0.0105014663988483
Grumetto,NaN,-1.55183946488294,-7.66717725752508,0.0116202775769787
Grumetto,NaN,-1.50501672240803,-7.62321070234114,0.0128582852944082
Grumetto,NaN,-1.45819397993311,-7.57924414715719,0.0142281885795867
Grumetto,NaN,-1.41137123745819,-7.53527759197324,0.0157440393972529
Grumetto,NaN,-1.36454849498328,-7.4913110367893,0.0174213867883281
Grumetto,NaN,-1.31772575250836,-7.44734448160535,0.0192774363662663
Grumetto,NaN,-1.27090301003344,-7.4033779264214,0.0213312268059178
Grumetto,NaN,-1.22408026755853,-7.35941137123746,0.0236038251352627
Grumetto,NaN,-1.17725752508361,-7.31544481605351,0.0261185428332466
Grumetto,NaN,-1.1304347826087,-7.27147826086956,0.0289011749503687
Grumetto,NaN,-1.08361204013378,-7.22751170568562,0.0319802647048358
Grumetto,NaN,-1.03678929765886,-7.18354515050167,0.0353873962684108
Grumetto,NaN,-0.989966555183947,-7.13957859531773,0.039157518745246
Grumetto,NaN,-0.94314381270903,-7.09561204013378,0.0433293046669565
Grumetto,NaN,-0.896321070234114,-7.05164548494983,0.0479455466812455
Grumetto,NaN,-0.849498327759197,-7.00767892976589,0.0530535965031668
Grumetto,NaN,-0.802675585284281,-6.96371237458194,0.0587058506316256
Grumetto,NaN,-0.755852842809364,-6.91974581939799,0.0649602878134195
Grumetto,NaN,-0.709030100334449,-6.87577926421405,0.0718810637679271
Grumetto,NaN,-0.662207357859532,-6.8318127090301,0.0795391692729145
Grumetto,NaN,-0.615384615384615,-6.78784615384615,0.0880131583618576
Grumetto,NaN,-0.568561872909699,-6.74387959866221,0.0973899541023652
Grumetto,NaN,-0.521739130434782,-6.69991304347826,0.107765740221081
Grumetto,NaN,-0.474916387959866,-6.65594648829431,0.119246947721023
Grumetto,NaN,-0.42809364548495,-6.61197993311037,0.131951346611719
Grumetto,NaN,-0.381270903010034,-6.56801337792642,0.14600925395071
Grumetto,NaN,-0.334448160535117,-6.52404682274247,0.161564870588064
Grumetto,NaN,-0.287625418060201,-6.48008026755853,0.178777760325724
Grumetto,NaN,-0.240802675585284,-6.43611371237458,0.197824486664387
Grumetto,NaN,-0.193979933110368,-6.39214715719064,0.218900423927043
Grumetto,NaN,-0.147157190635451,-6.34818060200669,0.242221761337018
Grumetto,NaN,-0.100334448160535,-6.30421404682274,0.268027720607621
Grumetto,NaN,-0.0535117056856187,-6.2602474916388,0.296583009790616
Grumetto,NaN,-0.00668896321070278,-6.21628093645485,0.328180538554188
Grumetto,NaN,0.040133779264214,-6.1723143812709,0.363144422742738
Grumetto,NaN,0.0869565217391308,-6.12834782608696,0.401833309038164
Grumetto,NaN,0.133779264214047,-6.08438127090301,0.444644053825799
Grumetto,NaN,0.180602006688964,-6.04041471571906,0.492015794001444
Grumetto,NaN,0.227424749163879,-5.99644816053512,0.544434451476354
Grumetto,NaN,0.274247491638796,-5.95248160535117,0.602437717585726
Grumetto,NaN,0.321070234113712,-5.90851505016722,0.666620568528922
Grumetto,NaN,0.367892976588629,-5.86454849498328,0.737641368416792
Grumetto,NaN,0.414715719063545,-5.82058193979933,0.816228622528903
Grumetto,NaN,0.461538461538462,-5.77661538461538,0.90318845005313
Grumetto,NaN,0.508361204013378,-5.73264882943144,0.999412852960186
Grumetto,NaN,0.555183946488294,-5.68868227424749,1.10588886583222
Grumetto,NaN,0.60200668896321,-5.64471571906355,1.22370868050103
Grumetto,NaN,0.648829431438127,-5.6007491638796,1.3540808493507
Grumetto,NaN,0.695652173913044,-5.55678260869565,1.49834268220406
Grumetto,NaN,0.74247491638796,-5.51281605351171,1.65797396395568
Grumetto,NaN,0.789297658862877,-5.46884949832776,1.83461213366179
Grumetto,NaN,0.836120401337793,-5.42488294314381,2.03006908078867
Grumetto,NaN,0.882943143812709,-5.38091638795987,2.24634973090934
Grumetto,NaN,0.929765886287625,-5.33694983277592,2.48567261149363
Grumetto,NaN,0.976588628762542,-5.29298327759197,2.75049260874817
Grumetto,NaN,1.02341137123746,-5.24901672240803,3.04352614893737
Grumetto,NaN,1.07023411371237,-5.20505016722408,3.36777906248635
Grumetto,NaN,1.11705685618729,-5.16108361204013,3.72657741668537
Grumetto,NaN,1.16387959866221,-5.11711705685619,4.1236016332665
Grumetto,NaN,1.21070234113712,-5.07315050167224,4.56292424081788
Grumetto,NaN,1.25752508361204,-5.02918394648829,5.04905164928619
Grumetto,NaN,1.30434782608696,-4.98521739130435,5.58697037507467
Grumetto,NaN,1.35117056856187,-4.9412508361204,6.18219819089689
Grumetto,NaN,1.39799331103679,-4.89728428093645,6.84084072506255
Grumetto,NaN,1.44481605351171,-4.85331772575251,7.5696540907701
Grumetto,NaN,1.49163879598662,-4.80935117056856,8.37611418783454
Grumetto,NaN,1.53846153846154,-4.76538461538462,9.26849338772165
Grumetto,NaN,1.58528428093646,-4.72141806020067,10.2559453884963
Grumetto,NaN,1.63210702341137,-4.67745150501672,11.3485991100949
Grumetto,NaN,1.67892976588629,-4.63348494983278,12.557662593066
Grumetto,NaN,1.7257525083612,-4.58951839464883,13.8955379665331
Grumetto,NaN,1.77257525083612,-4.54555183946488,15.3759486646807
Grumetto,NaN,1.81939799331104,-4.50158528428094,17.0140801967008
Grumetto,NaN,1.86622073578595,-4.45761872909699,18.8267359141693
Grumetto,NaN,1.91304347826087,-4.41365217391304,20.8325093736541
Grumetto,NaN,1.95986622073579,-4.3696856187291,23.0519750625894
Grumetto,NaN,2.0066889632107,-4.32571906354515,25.5078994448106
Grumetto,NaN,2.05351170568562,-4.2817525083612,28.2254744905784
Grumetto,NaN,2.10033444816053,-4.23778595317726,31.232576086557
Grumetto,NaN,2.14715719063545,-4.19381939799331,34.5600499764207
Grumetto,NaN,2.19397993311037,-4.14985284280936,38.2420281651624
Grumetto,NaN,2.24080267558528,-4.10588628762542,42.3162790326653
Grumetto,NaN,2.2876254180602,-4.06191973244147,46.8245947478708
Grumetto,NaN,2.33444816053512,-4.01795317725752,51.8132199574977
Grumetto,NaN,2.38127090301003,-3.97398662207358,57.3333261466423
Grumetto,NaN,2.42809364548495,-3.93002006688963,63.4415365370781
Grumetto,NaN,2.47491638795987,-3.88605351170569,70.2005069074669
Grumetto,NaN,2.52173913043478,-3.84208695652174,77.6795682933233
Grumetto,NaN,2.5685618729097,-3.79812040133779,85.9554381593111
Grumetto,NaN,2.61538461538461,-3.75415384615385,95.113007338819
Grumetto,NaN,2.66220735785953,-3.7101872909699,105.246210812949
Grumetto,NaN,2.70903010033445,-3.66622073578595,116.45899126105
Grumetto,NaN,2.75585284280936,-3.62225418060201,128.866365266545
Grumetto,NaN,2.80267558528428,-3.57828762541806,142.595603114799
Grumetto,NaN,2.8494983277592,-3.53432107023411,157.787534284963
Grumetto,NaN,2.89632107023411,-3.49035451505017,174.597992027036
Grumetto,NaN,2.94314381270903,-3.44638795986622,193.199411842119
Grumetto,NaN,2.98996655518395,-3.40242140468228,213.782600262441
Grumetto,NaN,3.03678929765886,-3.35845484949833,236.558692074689
Grumetto,NaN,3.08361204013378,-3.31448829431438,261.761316063096
Grumetto,NaN,3.1304347826087,-3.27052173913044,289.648991487704
Grumetto,NaN,3.17725752508361,-3.22655518394649,320.507779879978
Grumetto,NaN,3.22408026755853,-3.18258862876254,354.654219356926
Grumetto,NaN,3.27090301003344,-3.1386220735786,392.438571552839
Grumetto,NaN,3.31772575250836,-3.09465551839465,434.248414474489
Grumetto,NaN,3.36454849498328,-3.0506889632107,480.512618133966
Grumetto,NaN,3.41137123745819,-3.00672240802676,531.705743739731
Grumetto,NaN,3.45819397993311,-2.96275585284281,588.352911571204
Grumetto,NaN,3.50501672240803,-2.91878929765886,651.035187469702
Grumetto,NaN,3.55183946488294,-2.87482274247492,720.395543198424
Grumetto,NaN,3.59866220735786,-2.83085618729097,797.145451810624
Grumetto,NaN,3.64548494983278,-2.78688963210702,882.072185678888
Grumetto,NaN,3.69230769230769,-2.74292307692308,976.046892045958
Grumetto,NaN,3.73913043478261,-2.69895652173913,1080.03352893319
Grumetto,NaN,3.78595317725753,-2.65498996655518,1195.09875306784
Grumetto,NaN,3.83277591973244,-2.61102341137124,1322.42286125607
Grumetto,NaN,3.87959866220736,-2.56705685618729,1463.31189743398
Grumetto,NaN,3.92642140468227,-2.52309030100334,1619.21104958666
Grumetto,NaN,3.97324414715719,-2.4791237458194,1791.7194739557
Grumetto,NaN,4.02006688963211,-2.43515719063545,1982.60669859658
Grumetto,NaN,4.06688963210702,-2.3911906354515,2193.83077454747
Grumetto,NaN,4.11371237458194,-2.34722408026756,2427.55836079764
Grumetto,NaN,4.16053511705686,-2.30325752508361,2686.18694907957
Grumetto,NaN,4.20735785953177,-2.25929096989967,2972.36945645851
Grumetto,NaN,4.25418060200669,-2.21532441471572,3289.04143798139
Grumetto,NaN,4.30100334448161,-2.17135785953177,3639.45119852218
Grumetto,NaN,4.34782608695652,-2.12739130434783,4027.1931127003
Grumetto,NaN,4.39464882943144,-2.08342474916388,4456.24449465519
Grumetto,NaN,4.44147157190636,-2.03945819397993,4931.00639587397
Grumetto,NaN,4.48829431438127,-1.99549163879599,5456.34874956098
Grumetto,NaN,4.53511705685619,-1.95152508361204,6037.66032462406
Grumetto,NaN,4.5819397993311,-1.90755852842809,6680.90400168658
Grumetto,NaN,4.62876254180602,-1.86359197324415,7392.67793812682
Grumetto,NaN,4.67558528428094,-1.8196254180602,8180.28324955277
Grumetto,NaN,4.72240802675585,-1.77565886287625,9051.79890196452
Grumetto,NaN,4.76923076923077,-1.73169230769231,10016.16458282
Grumetto,NaN,4.81605351170569,-1.68772575250836,11083.2724010654
Grumetto,NaN,4.8628762541806,-1.64375919732441,12264.0683567556
Grumetto,NaN,4.90969899665552,-1.59979264214047,13570.6646211018
Grumetto,NaN,4.95652173913044,-1.55582608695652,15016.4637786759
Grumetto,NaN,5.00334448160535,-1.51185953177258,16616.2963061994
Grumetto,NaN,5.05016722408027,-1.46789297658863,18386.572698127
Grumetto,NaN,5.09698996655518,-1.42392642140468,20345.4517994711
Grumetto,NaN,5.1438127090301,-1.37995986622074,22513.0270725643
Grumetto,NaN,5.19063545150502,-1.33599331103679,24911.5327084152
Grumetto,NaN,5.23745819397993,-1.29202675585284,27565.5716968741
Grumetto,NaN,5.28428093645485,-1.2480602006689,30502.368195066
Grumetto,NaN,5.33110367892977,-1.20409364548495,33752.0467827947
Grumetto,NaN,5.37792642140468,-1.160127090301,37347.9414694178
Grumetto,NaN,5.4247491638796,-1.11616053511706,41326.9376218719
Grumetto,NaN,5.47157190635452,-1.07219397993311,45729.8503212182
Grumetto,NaN,5.51839464882943,-1.02822742474916,50601.8430287528
Grumetto,NaN,5.56521739130435,-0.984260869565218,55992.8908562043
Grumetto,NaN,5.61204013377926,-0.940294314381272,61958.2931920749
Grumetto,NaN,5.65886287625418,-0.896327759197324,68559.2409424554
Grumetto,NaN,5.7056856187291,-0.852361204013378,75863.4442048651
Grumetto,NaN,5.75250836120401,-0.808394648829432,83945.8268135626
Grumetto,NaN,5.79933110367893,-0.764428093645486,92889.2948807184
Grumetto,NaN,5.84615384615385,-0.720461538461538,102785.587216863
Grumetto,NaN,5.89297658862876,-0.676494983277593,113736.216353907
Grumetto,NaN,5.93979933110368,-0.632528428093647,125853.509823413
Grumetto,NaN,5.98662207357859,-0.5885618729097,139261.762371154
Grumetto,NaN,6.03344481605351,-0.544595317725753,154098.510926964
Grumetto,NaN,6.08026755852843,-0.500628762541806,170515.945408041
Grumetto,NaN,6.12709030100334,-0.45666220735786,188682.469827232
Grumetto,NaN,6.17391304347826,-0.412695652173912,208784.42971953
Grumetto,NaN,6.22073578595318,-0.368729096989966,231028.023606132
Grumetto,NaN,6.26755852842809,-0.32476254180602,255641.418103138
Grumetto,NaN,6.31438127090301,-0.280795986622074,282877.088370889
Grumetto,NaN,6.36120401337793,-0.236829431438127,313014.407911428
Grumetto,NaN,6.40802675585284,-0.192862876254181,346362.514279275
Grumetto,NaN,6.45484949832776,-0.148896321070235,383263.480100914
Grumetto,NaN,6.50167224080267,-0.104929765886289,424095.821930154
Grumetto,NaN,6.54849498327759,-0.060963210702341,469278.382931911
Grumetto,NaN,6.59531772575251,-0.0169966555183949,519274.629221548
Grumetto,NaN,6.64214046822742,0.0269698996655512,574597.403930068
Grumetto,NaN,6.68896321070234,0.0709364548494991,635814.187760579
Grumetto,NaN,6.73578595317726,0.114903010033445,703552.919996911
Grumetto,NaN,6.78260869565217,0.158869565217391,778508.439674157
Grumetto,NaN,6.82943143812709,0.202836120401337,861449.612982277
Grumetto,NaN,6.87625418060201,0.246802675585284,953227.22001308
Grumetto,NaN,6.92307692307692,0.29076923076923,1054782.6817499
Grumetto,NaN,6.96989966555184,0.334735785953177,1167157.71681829
Grumetto,NaN,7.01672240802676,0.378702341137123,1291505.02705305
Grumetto,NaN,7.06354515050167,0.422668896321071,1429100.12149025
Grumetto,NaN,7.11036789297659,0.466635451505017,1581354.40007044
Grumetto,NaN,7.1571906354515,0.510602006688963,1749829.63126086
Grumetto,NaN,7.20401337792642,0.554568561872909,1936253.97210274
Grumetto,NaN,7.25083612040134,0.598535117056857,2142539.69501145
Grumetto,NaN,7.29765886287625,0.642501672240802,2370802.80316458
Grumetto,NaN,7.34448160535117,0.686468227424748,2623384.73568538
Grumetto,NaN,7.39130434782609,0.730434782608696,2902876.38526523
Grumetto,NaN,7.438127090301,0.774401337792642,3212144.67458925
Grumetto,NaN,7.48494983277592,0.818367892976588,3554361.96417621
Grumetto,NaN,7.53177257525084,0.862334448160534,3933038.59328754
Grumetto,NaN,7.57859531772575,0.906301003344482,4352058.88769814
Grumetto,NaN,7.62541806020067,0.950267558528428,4815721.00368342
Grumetto,NaN,7.67224080267559,0.994234113712374,5328781.01692777
Grumetto,NaN,7.7190635451505,1.03820066889632,5896501.70860199
Grumetto,NaN,7.76588628762542,1.08216722408027,6524706.54903954
Grumetto,NaN,7.81270903010033,1.12613377926421,7219839.43275629
Grumetto,NaN,7.85953177257525,1.17010033444816,7989030.77755362
Grumetto,NaN,7.90635451505017,1.21406688963211,8840170.66572532
Grumetto,NaN,7.95317725752508,1.25803344481605,9781989.77762371
Grumetto,NaN,8,1.302,10824148.9477719
