site,PS,source,time,conc
plasma,NaN,,0,0
plasma,NaN,,0.1,61.0348058824578
plasma,NaN,,0.2,98.6883790405084
plasma,NaN,,0.3,120.736791989929
plasma,NaN,,0.4,132.487940517466
plasma,NaN,,0.5,137.550128240494
plasma,NaN,,0.6,138.363330028277
plasma,NaN,,0.7,136.566118136069
plasma,NaN,,0.8,133.248836263921
plasma,NaN,,0.9,129.128094482417
plasma,NaN,,1,124.666849751534
plasma,NaN,,1.1,120.156902108562
plasma,NaN,,1.2,115.775428560427
plasma,NaN,,1.3,111.62361439262
plasma,NaN,,1.4,107.75295407943
plasma,NaN,,1.5,104.18306612955
plasma,NaN,,1.6,100.913684782397
plasma,NaN,,1.7,97.9326710300317
plasma,NaN,,1.8,95.2212908527797
plasma,NaN,,1.9,92.7576584417834
plasma,NaN,,2,90.5189181656162
plasma,NaN,,2.1,88.4825881559553
plasma,NaN,,2.2,86.6273541096644
plasma,NaN,,2.3,84.9334867361929
plasma,NaN,,2.4,83.3830237545986
plasma,NaN,,2.5,81.9598077876128
plasma,NaN,,2.6,80.6494301776648
plasma,NaN,,2.7,79.4391216813091
plasma,NaN,,2.8,78.3176197658746
plasma,NaN,,2.9,77.2750252395267
plasma,NaN,,3,76.302658942949
plasma,NaN,,3.1,75.3929229314111
plasma,NaN,,3.2,74.5391740242999
plasma,NaN,,3.3,73.7356073864026
plasma,NaN,,3.4,72.9771508578058
plasma,NaN,,3.5,72.2593723014723
plasma,NaN,,3.6,71.5783964329123
plasma,NaN,,3.7,70.9308309574547
plasma,NaN,,3.8,70.3137042130355
plasma,NaN,,3.9,69.7244093034056
plasma,NaN,,4,69.1606560315748
plasma,NaN,,4.1,68.6204282144273
plasma,NaN,,4.2,68.1019475207696
plasma,NaN,,4.3,67.6036411953035
plasma,NaN,,4.4,67.1241153588667
plasma,NaN,,4.5,66.6621313119834
plasma,NaN,,4.6,66.2165856073527
plasma,NaN,,4.7,65.7864916843346
plasma,NaN,,4.8,65.3709647983954
plasma,NaN,,4.9,64.9692086710364
plasma,NaN,,5,64.5805040458286
plasma,NaN,,5.1,64.2041992472174
plasma,NaN,,5.2,63.8397017235931
plasma,NaN,,5.3,63.4864706892013
plasma,NaN,,5.4,63.1440105263374
plasma,NaN,,5.5,62.8118653508216
plasma,NaN,,5.6,62.4896144569025
plasma,NaN,,5.7,62.176867577153
plasma,NaN,,5.8,61.8732621774939
plasma,NaN,,5.9,61.5784598814221
plasma,NaN,,6,61.2921442787565
plasma,NaN,,6.1,61.0140181266326
plasma,NaN,,6.2,60.7438015306647
plasma,NaN,,6.3,60.4812300638062
plasma,NaN,,6.4,60.2260534824737
plasma,NaN,,6.5,59.9780339935128
plasma,NaN,,6.6,59.7369451745947
plasma,NaN,,6.7,59.5025714312209
plasma,NaN,,6.8,59.2747066625818
plasma,NaN,,6.9,59.053153552752
plasma,NaN,,7,58.8377232146271
plasma,NaN,,7.1,58.6282341457085
plasma,NaN,,7.2,58.4245117742928
plasma,NaN,,7.3,58.2263881537681
plasma,NaN,,7.4,58.0337012818438
plasma,NaN,,7.5,57.8462951177945
plasma,NaN,,7.6,57.6640187331638
plasma,NaN,,7.7,57.4867262125119
plasma,NaN,,7.8,57.314276759488
plasma,NaN,,7.9,57.146533947552
plasma,NaN,,8,56.9833656999553
plasma,NaN,,8.1,56.8246441100393
plasma,NaN,,8.2,56.6702453310366
plasma,NaN,,8.3,56.5200491104095
plasma,NaN,,8.4,56.3739389544887
plasma,NaN,,8.5,56.2318016453738
plasma,NaN,,8.6,56.0935275016837
plasma,NaN,,8.7,55.9590098109781
plasma,NaN,,8.8,55.8281452521631
plasma,NaN,,8.9,55.7008332739622
plasma,NaN,,9,55.5769762033141
plasma,NaN,,9.1,55.4564790841093
plasma,NaN,,9.2,55.3392498139881
plasma,NaN,,9.3,55.2251988776115
plasma,NaN,,9.4,55.1142391942933
plasma,NaN,,9.5,55.0062861318323
plasma,NaN,,9.6,54.9012574130692
plasma,NaN,,9.7,54.7990731808578
plasma,NaN,,9.8,54.6996557241351
plasma,NaN,,9.9,54.6029294213388
plasma,NaN,,10,54.5088207744307
plasma,NaN,,10.1,54.4172582318975
plasma,NaN,,10.2,54.3281721599888
plasma,NaN,,10.3,54.2414952269625
plasma,NaN,,10.4,54.1571615790719
plasma,NaN,,10.5,54.0751072706463
plasma,NaN,,10.6,53.9952701304635
plasma,NaN,,10.7,53.9175896373768
plasma,NaN,,10.8,53.8420069622733
plasma,NaN,,10.9,53.7684650665965
plasma,NaN,,11,53.6969082979304
plasma,NaN,,11.1,53.6272825567979
plasma,NaN,,11.2,53.5595351496034
plasma,NaN,,11.3,53.4936148601358
plasma,NaN,,11.4,53.4294719413788
plasma,NaN,,11.5,53.3670580440597
plasma,NaN,,11.6,53.306325971012
plasma,NaN,,11.7,53.2472298614228
plasma,NaN,,11.8,53.1897252026423
plasma,NaN,,11.9,53.1337685417113
plasma,NaN,,12,53.0793176208936
plasma,NaN,,12.1,53.0263315383719
plasma,NaN,,12.2,52.9747703788716
plasma,NaN,,12.3,52.9245952800241
plasma,NaN,,12.4,52.8757684776236
plasma,NaN,,12.5,52.8282532483767
plasma,NaN,,12.6,52.7820138294398
plasma,NaN,,12.7,52.7370154341996
plasma,NaN,,12.8,52.6932243865755
plasma,NaN,,12.9,52.6506077583563
plasma,NaN,,13,52.6091335694514
plasma,NaN,,13.1,52.5687706841255
plasma,NaN,,13.2,52.5294888024056
plasma,NaN,,13.3,52.4912584366755
plasma,NaN,,13.4,52.4540509280043
plasma,NaN,,13.5,52.4178385434605
plasma,NaN,,13.6,52.3825941111061
plasma,NaN,,13.7,52.3482912601978
plasma,NaN,,13.8,52.3149043476446
plasma,NaN,,13.9,52.282408405053
plasma,NaN,,14,52.2507791348004
plasma,NaN,,14.1,52.219992907759
plasma,NaN,,14.2,52.1900268377471
plasma,NaN,,14.3,52.1608585194042
plasma,NaN,,14.4,52.1324661911499
plasma,NaN,,14.5,52.1048287303272
plasma,NaN,,14.6,52.0779256259552
plasma,NaN,,14.7,52.0517368299147
plasma,NaN,,14.8,52.0262428689549
plasma,NaN,,14.9,52.0014248518796
plasma,NaN,,15,51.9772643684932
plasma,NaN,,15.1,51.9537434898829
plasma,NaN,,15.2,51.9308447795557
plasma,NaN,,15.3,51.9085513403776
plasma,NaN,,15.4,51.8868466536264
plasma,NaN,,15.5,51.8657146661167
plasma,NaN,,15.6,51.845139772699
plasma,NaN,,15.7,51.8251068469152
plasma,NaN,,15.8,51.8056010869163
plasma,NaN,,15.9,51.7866081140541
plasma,NaN,,16,51.7681139694823
plasma,NaN,,16.1,51.7501050763815
plasma,NaN,,16.2,51.7325681826971
plasma,NaN,,16.3,51.715490404559
plasma,NaN,,16.4,51.698859333385
plasma,NaN,,16.5,51.6826627910337
plasma,NaN,,16.6,51.6668889341306
plasma,NaN,,16.7,51.6515262550545
plasma,NaN,,16.8,51.6365635533655
plasma,NaN,,16.9,51.6219899280947
plasma,NaN,,17,51.6077947679449
plasma,NaN,,17.1,51.5939677384197
plasma,NaN,,17.2,51.5804988230416
plasma,NaN,,17.3,51.5673783072533
plasma,NaN,,17.4,51.5545966463659
plasma,NaN,,17.5,51.5421445814612
plasma,NaN,,17.6,51.5300131263552
plasma,NaN,,17.7,51.5181936360675
plasma,NaN,,17.8,51.5066775571915
plasma,NaN,,17.9,51.4954566188646
plasma,NaN,,18,51.4845227753125
plasma,NaN,,18.1,51.4738682505335
plasma,NaN,,18.2,51.4634854186414
plasma,NaN,,18.3,51.4533668807972
plasma,NaN,,18.4,51.4435054371028
plasma,NaN,,18.5,51.4338940978673
plasma,NaN,,18.6,51.424526044536
plasma,NaN,,18.7,51.4153946412853
plasma,NaN,,18.8,51.4064934278198
plasma,NaN,,18.9,51.3978161583836
plasma,NaN,,19,51.3893567353075
plasma,NaN,,19.1,51.3811092009736
plasma,NaN,,19.2,51.3730677666497
plasma,NaN,,19.3,51.3652268408122
plasma,NaN,,19.4,51.3575809965139
plasma,NaN,,19.5,51.3501248840932
plasma,NaN,,19.6,51.3428533257606
plasma,NaN,,19.7,51.3357612796284
plasma,NaN,,19.8,51.3288438815026
plasma,NaN,,19.9,51.3220963662634
plasma,NaN,,20,51.3155140824452
plasma,NaN,,20.1,51.3090925104916
plasma,NaN,,20.2,51.3028272472071
plasma,NaN,,20.3,51.2967141679081
plasma,NaN,,20.4,51.2907490738928
plasma,NaN,,20.5,51.2849279421577
plasma,NaN,,20.6,51.279246863277
plasma,NaN,,20.7,51.273702023889
plasma,NaN,,20.8,51.2682896649149
plasma,NaN,,20.9,51.2630061930945
plasma,NaN,,21,51.2578480811738
plasma,NaN,,21.1,51.2528118900444
plasma,NaN,,21.2,51.247894342178
plasma,NaN,,21.3,51.2430922941572
plasma,NaN,,21.4,51.2384025556582
plasma,NaN,,21.5,51.2338220829485
plasma,NaN,,21.6,51.2293479171176
plasma,NaN,,21.7,51.2249770865602
plasma,NaN,,21.8,51.2207067424989
plasma,NaN,,21.9,51.2165341406004
plasma,NaN,,22,51.2124565729975
plasma,NaN,,22.1,51.2084713917105
plasma,NaN,,22.2,51.2045763590449
plasma,NaN,,22.3,51.2007689289406
plasma,NaN,,22.4,51.1970467323944
plasma,NaN,,22.5,51.193407490529
plasma,NaN,,22.6,51.1898489550253
plasma,NaN,,22.7,51.1863687094027
plasma,NaN,,22.8,51.182964737189
plasma,NaN,,22.9,51.1796349436457
plasma,NaN,,23,51.176377283583
plasma,NaN,,23.1,51.1731897587497
plasma,NaN,,23.2,51.1700705910648
plasma,NaN,,23.3,51.1670178354957
plasma,NaN,,23.4,51.1640296718589
plasma,NaN,,23.5,51.1611043276265
plasma,NaN,,23.6,51.1582400754088
plasma,NaN,,23.7,51.1554353189997
plasma,NaN,,23.8,51.1526884294173
plasma,NaN,,23.9,51.1499978240495
plasma,NaN,,24,51.1473619789947
plasma,NaN,,24.1,51.1447794139063
plasma,NaN,,24.2,51.1422486652725
plasma,NaN,,24.3,51.1397683186841
plasma,NaN,,24.4,51.137337014212
plasma,NaN,,24.5,51.1349534177662
plasma,NaN,,24.6,51.1326162298546
plasma,NaN,,24.7,51.1303241861447
plasma,NaN,,24.8,51.1280760553362
plasma,NaN,,24.9,51.1258706329382
plasma,NaN,,25,51.1237067452835
plasma,NaN,,25.1,51.1215832464483
plasma,NaN,,25.2,51.1194990364039
plasma,NaN,,25.3,51.1174530982075
plasma,NaN,,25.4,51.1154443500446
plasma,NaN,,25.5,51.1134717742222
plasma,NaN,,25.6,51.1115343796496
plasma,NaN,,25.7,51.1096312022313
plasma,NaN,,25.8,51.1077613311836
plasma,NaN,,25.9,51.1059238606956
plasma,NaN,,26,51.1041179218505
brain ECF,4698,in situ perfusion,0,0
brain ECF,4698,in situ perfusion,0.1,0.70211576675062
brain ECF,4698,in situ perfusion,0.2,1.22747989298806
brain ECF,4698,in situ perfusion,0.3,1.53801233711272
brain ECF,4698,in situ perfusion,0.4,1.70646638505798
brain ECF,4698,in situ perfusion,0.5,1.78239004477704
brain ECF,4698,in situ perfusion,0.6,1.79931676289532
brain ECF,4698,in situ perfusion,0.7,1.77979099085269
brain ECF,4698,in situ perfusion,0.8,1.73883647811752
brain ECF,4698,in situ perfusion,0.9,1.68634718110338
brain ECF,4698,in situ perfusion,1,1.62873310710906
brain ECF,4698,in situ perfusion,1.1,1.57005113628974
brain ECF,4698,in situ perfusion,1.2,1.51278044497409
brain ECF,4698,in situ perfusion,1.3,1.45835246211689
brain ECF,4698,in situ perfusion,1.4,1.40751202416548
brain ECF,4698,in situ perfusion,1.5,1.36056205176322
brain ECF,4698,in situ perfusion,1.6,1.31752859646803
brain ECF,4698,in situ perfusion,1.7,1.27827100792844
brain ECF,4698,in situ perfusion,1.8,1.24255492039866
brain ECF,4698,in situ perfusion,1.9,1.21009976889459
brain ECF,4698,in situ perfusion,2,1.1806090698003
brain ECF,4698,in situ perfusion,2.1,1.15378929314023
brain ECF,4698,in situ perfusion,2.2,1.12936091789785
brain ECF,4698,in situ perfusion,2.3,1.10706443238339
brain ECF,4698,in situ perfusion,2.4,1.08666312184661
brain ECF,4698,in situ perfusion,2.5,1.06794375482658
brain ECF,4698,in situ perfusion,2.6,1.05071593808105
brain ECF,4698,in situ perfusion,2.7,1.03481081798723
brain ECF,4698,in situ perfusion,2.8,1.02007938761198
brain ECF,4698,in situ perfusion,2.9,1.00639062012365
brain ECF,4698,in situ perfusion,3,0.993629584822328
brain ECF,4698,in situ perfusion,3.1,0.981695664497394
brain ECF,4698,in situ perfusion,3.2,0.970500875929877
brain ECF,4698,in situ perfusion,3.3,0.959968331173189
brain ECF,4698,in situ perfusion,3.4,0.950030847871004
brain ECF,4698,in situ perfusion,3.5,0.940629710208047
brain ECF,4698,in situ perfusion,3.6,0.931713589223173
brain ECF,4698,in situ perfusion,3.7,0.923237574558307
brain ECF,4698,in situ perfusion,3.8,0.915162321236388
brain ECF,4698,in situ perfusion,3.9,0.907453325541722
brain ECF,4698,in situ perfusion,4,0.900080277907668
brain ECF,4698,in situ perfusion,4.1,0.893016502854117
brain ECF,4698,in situ perfusion,4.2,0.886238469954793
brain ECF,4698,in situ perfusion,4.3,0.879725383477646
brain ECF,4698,in situ perfusion,4.4,0.8734588251151
brain ECF,4698,in situ perfusion,4.5,0.86742243579842
brain ECF,4698,in situ perfusion,4.6,0.861601638911922
brain ECF,4698,in situ perfusion,4.7,0.855983408969219
brain ECF,4698,in situ perfusion,4.8,0.850556066486267
brain ECF,4698,in situ perfusion,4.9,0.845309106851415
brain ECF,4698,in situ perfusion,5,0.840233052444077
brain ECF,4698,in situ perfusion,5.1,0.835319321696544
brain ECF,4698,in situ perfusion,5.2,0.830560112167693
brain ECF,4698,in situ perfusion,5.3,0.825948304054219
brain ECF,4698,in situ perfusion,5.4,0.821477376344974
brain ECF,4698,in situ perfusion,5.5,0.81714133186399
brain ECF,4698,in situ perfusion,5.6,0.812934638173909
brain ECF,4698,in situ perfusion,5.7,0.808852171709122
brain ECF,4698,in situ perfusion,5.8,0.804889175070015
brain ECF,4698,in situ perfusion,5.9,0.801041211729107
brain ECF,4698,in situ perfusion,6,0.797304129860904
brain ECF,4698,in situ perfusion,6.1,0.793674031233853
brain ECF,4698,in situ perfusion,6.2,0.79014724760078
brain ECF,4698,in situ perfusion,6.3,0.7867203129588
brain ECF,4698,in situ perfusion,6.4,0.783389946663937
brain ECF,4698,in situ perfusion,6.5,0.780153036932526
brain ECF,4698,in situ perfusion,6.6,0.777006621435864
brain ECF,4698,in situ perfusion,6.7,0.773947880624987
brain ECF,4698,in situ perfusion,6.8,0.770974120760571
brain ECF,4698,in situ perfusion,6.9,0.768082762108404
brain ECF,4698,in situ perfusion,7,0.765271332534021
brain ECF,4698,in situ perfusion,7.1,0.762537460076754
brain ECF,4698,in situ perfusion,7.2,0.759878863094458
brain ECF,4698,in situ perfusion,7.3,0.757293345035577
brain ECF,4698,in situ perfusion,7.4,0.754778789786887
brain ECF,4698,in situ perfusion,7.5,0.752333156076127
brain ECF,4698,in situ perfusion,7.6,0.749954474475705
brain ECF,4698,in situ perfusion,7.7,0.747640840143345
brain ECF,4698,in situ perfusion,7.8,0.745390414986526
brain ECF,4698,in situ perfusion,7.9,0.743201417311957
brain ECF,4698,in situ perfusion,8,0.741072124401182
brain ECF,4698,in situ perfusion,8.1,0.739000865302804
brain ECF,4698,in situ perfusion,8.2,0.736986021994278
brain ECF,4698,in situ perfusion,8.3,0.735026024266822
brain ECF,4698,in situ perfusion,8.4,0.733119351925109
brain ECF,4698,in situ perfusion,8.5,0.731264527511062
brain ECF,4698,in situ perfusion,8.6,0.729460117326848
brain ECF,4698,in situ perfusion,8.7,0.727704729643498
brain ECF,4698,in situ perfusion,8.8,0.725997014342146
brain ECF,4698,in situ perfusion,8.9,0.724335659350344
brain ECF,4698,in situ perfusion,9,0.722719390582678
brain ECF,4698,in situ perfusion,9.1,0.721146969011401
brain ECF,4698,in situ perfusion,9.2,0.719617193869993
brain ECF,4698,in situ perfusion,9.3,0.718128895348991
brain ECF,4698,in situ perfusion,9.4,0.716680937175581
brain ECF,4698,in situ perfusion,9.5,0.715272216262501
brain ECF,4698,in situ perfusion,9.6,0.713901657985131
brain ECF,4698,in situ perfusion,9.7,0.712568219189992
brain ECF,4698,in situ perfusion,9.8,0.711270885367161
brain ECF,4698,in situ perfusion,9.9,0.710008668765915
brain ECF,4698,in situ perfusion,10,0.708780611737728
brain ECF,4698,in situ perfusion,10.1,0.707585780616057
brain ECF,4698,in situ perfusion,10.2,0.706423268335296
brain ECF,4698,in situ perfusion,10.3,0.705292193606014
brain ECF,4698,in situ perfusion,10.4,0.70419169825341
brain ECF,4698,in situ perfusion,10.5,0.703120948281812
brain ECF,4698,in situ perfusion,10.6,0.702079132285749
brain ECF,4698,in situ perfusion,10.7,0.701065460860656
brain ECF,4698,in situ perfusion,10.8,0.700079167691044
brain ECF,4698,in situ perfusion,10.9,0.69911950547809
brain ECF,4698,in situ perfusion,11,0.698185747504188
brain ECF,4698,in situ perfusion,11.1,0.697277188920875
brain ECF,4698,in situ perfusion,11.2,0.696393142279343
brain ECF,4698,in situ perfusion,11.3,0.695532938643192
brain ECF,4698,in situ perfusion,11.4,0.694695928615538
brain ECF,4698,in situ perfusion,11.5,0.693881480669182
brain ECF,4698,in situ perfusion,11.6,0.693088979065861
brain ECF,4698,in situ perfusion,11.7,0.692317825647639
brain ECF,4698,in situ perfusion,11.8,0.6915674397385
brain ECF,4698,in situ perfusion,11.9,0.690837254809783
brain ECF,4698,in situ perfusion,12,0.690126720205477
brain ECF,4698,in situ perfusion,12.1,0.689435301502289
brain ECF,4698,in situ perfusion,12.2,0.688762477428569
brain ECF,4698,in situ perfusion,12.3,0.688107741161792
brain ECF,4698,in situ perfusion,12.4,0.687470600423221
brain ECF,4698,in situ perfusion,12.5,0.686850575766513
brain ECF,4698,in situ perfusion,12.6,0.686247200453003
brain ECF,4698,in situ perfusion,12.7,0.685660021027427
brain ECF,4698,in situ perfusion,12.8,0.685088596675157
brain ECF,4698,in situ perfusion,12.9,0.684532497567027
brain ECF,4698,in situ perfusion,13,0.683991306066003
brain ECF,4698,in situ perfusion,13.1,0.683464617161454
brain ECF,4698,in situ perfusion,13.2,0.682952035077014
brain ECF,4698,in situ perfusion,13.3,0.68245317524084
brain ECF,4698,in situ perfusion,13.4,0.681967664161063
brain ECF,4698,in situ perfusion,13.5,0.681495138333425
brain ECF,4698,in situ perfusion,13.6,0.681035243468279
brain ECF,4698,in situ perfusion,13.7,0.680587634995748
brain ECF,4698,in situ perfusion,13.8,0.680151979460881
brain ECF,4698,in situ perfusion,13.9,0.679727950440664
brain ECF,4698,in situ perfusion,14,0.679315230884144
brain ECF,4698,in situ perfusion,14.1,0.678913512779793
brain ECF,4698,in situ perfusion,14.2,0.678522497197355
brain ECF,4698,in situ perfusion,14.3,0.678141892061524
brain ECF,4698,in situ perfusion,14.4,0.677771413608295
brain ECF,4698,in situ perfusion,14.5,0.677410786456713
brain ECF,4698,in situ perfusion,14.6,0.677059742219381
brain ECF,4698,in situ perfusion,14.7,0.676718019630544
brain ECF,4698,in situ perfusion,14.8,0.676385364651802
brain ECF,4698,in situ perfusion,14.9,0.676061530865313
brain ECF,4698,in situ perfusion,15,0.675746277549058
brain ECF,4698,in situ perfusion,15.1,0.675439370711104
brain ECF,4698,in situ perfusion,15.2,0.675140583111588
brain ECF,4698,in situ perfusion,15.3,0.674849693724169
brain ECF,4698,in situ perfusion,15.4,0.67456648688723
brain ECF,4698,in situ perfusion,15.5,0.674290752881125
brain ECF,4698,in situ perfusion,15.6,0.674022289838725
brain ECF,4698,in situ perfusion,15.7,0.673760899079978
brain ECF,4698,in situ perfusion,15.8,0.673506387947065
brain ECF,4698,in situ perfusion,15.9,0.673258569033019
brain ECF,4698,in situ perfusion,16,0.673017259791499
brain ECF,4698,in situ perfusion,16.1,0.672782282657092
brain ECF,4698,in situ perfusion,16.2,0.672553464690705
brain ECF,4698,in situ perfusion,16.3,0.672330637427186
brain ECF,4698,in situ perfusion,16.4,0.672113639944056
brain ECF,4698,in situ perfusion,16.5,0.671902313067573
brain ECF,4698,in situ perfusion,16.6,0.67169650230167
brain ECF,4698,in situ perfusion,16.7,0.671496057663326
brain ECF,4698,in situ perfusion,16.8,0.671300832066773
brain ECF,4698,in situ perfusion,16.9,0.671110683177739
brain ECF,4698,in situ perfusion,17,0.670925472356962
brain ECF,4698,in situ perfusion,17.1,0.670745064356949
brain ECF,4698,in situ perfusion,17.2,0.670569330501354
brain ECF,4698,in situ perfusion,17.3,0.670398143653573
brain ECF,4698,in situ perfusion,17.4,0.670231379835236
brain ECF,4698,in situ perfusion,17.5,0.670068919029802
brain ECF,4698,in situ perfusion,17.6,0.669910642544068
brain ECF,4698,in situ perfusion,17.7,0.669756435796639
brain ECF,4698,in situ perfusion,17.8,0.669606187570186
brain ECF,4698,in situ perfusion,17.9,0.669459788957408
brain ECF,4698,in situ perfusion,18,0.669317137609387
brain ECF,4698,in situ perfusion,18.1,0.669178132497657
brain ECF,4698,in situ perfusion,18.2,0.669042674013456
brain ECF,4698,in situ perfusion,18.3,0.668910666464259
brain ECF,4698,in situ perfusion,18.4,0.66878201433822
brain ECF,4698,in situ perfusion,18.5,0.668656625441709
brain ECF,4698,in situ perfusion,18.6,0.668534411366866
brain ECF,4698,in situ perfusion,18.7,0.668415285091127
brain ECF,4698,in situ perfusion,18.8,0.668299162549948
brain ECF,4698,in situ perfusion,18.9,0.668185962344273
brain ECF,4698,in situ perfusion,19,0.66807560380928
brain ECF,4698,in situ perfusion,19.1,0.667968008870044
brain ECF,4698,in situ perfusion,19.2,0.667863102205437
brain ECF,4698,in situ perfusion,19.3,0.667760812815632
brain ECF,4698,in situ perfusion,19.4,0.667661068504459
brain ECF,4698,in situ perfusion,19.5,0.66756380037961
brain ECF,4698,in situ perfusion,19.6,0.667468941468011
brain ECF,4698,in situ perfusion,19.7,0.667376425023737
brain ECF,4698,in situ perfusion,19.8,0.667286188123646
brain ECF,4698,in situ perfusion,19.9,0.667198168871351
brain ECF,4698,in situ perfusion,20,0.667112307033772
brain ECF,4698,in situ perfusion,20.1,0.667028543336346
brain ECF,4698,in situ perfusion,20.2,0.666946820578206
brain ECF,4698,in situ perfusion,20.3,0.666867082856898
brain ECF,4698,in situ perfusion,20.4,0.666789275564471
brain ECF,4698,in situ perfusion,20.5,0.66671334690587
brain ECF,4698,in situ perfusion,20.6,0.66663924574421
brain ECF,4698,in situ perfusion,20.7,0.666566921731623
brain ECF,4698,in situ perfusion,20.8,0.666496326217666
brain ECF,4698,in situ perfusion,20.9,0.666427412364798
brain ECF,4698,in situ perfusion,21,0.666360134818231
brain ECF,4698,in situ perfusion,21.1,0.666294448823202
brain ECF,4698,in situ perfusion,21.2,0.666230311193778
brain ECF,4698,in situ perfusion,21.3,0.66616767975731
brain ECF,4698,in situ perfusion,21.4,0.666106513156855
brain ECF,4698,in situ perfusion,21.5,0.666046771891461
brain ECF,4698,in situ perfusion,21.6,0.665988417258379
brain ECF,4698,in situ perfusion,21.7,0.665931411614881
brain ECF,4698,in situ perfusion,21.8,0.665875718306137
brain ECF,4698,in situ perfusion,21.9,0.665821301126363
brain ECF,4698,in situ perfusion,22,0.665768125513172
brain ECF,4698,in situ perfusion,22.1,0.665716157527577
brain ECF,4698,in situ perfusion,22.2,0.665665364079874
brain ECF,4698,in situ perfusion,22.3,0.665615712891744
brain ECF,4698,in situ perfusion,22.4,0.665567173733207
brain ECF,4698,in situ perfusion,22.5,0.665519715941718
brain ECF,4698,in situ perfusion,22.6,0.665473309739388
brain ECF,4698,in situ perfusion,22.7,0.66542792626797
brain ECF,4698,in situ perfusion,22.8,0.665383537388745
brain ECF,4698,in situ perfusion,22.9,0.66534011659874
brain ECF,4698,in situ perfusion,23,0.665297637885157
brain ECF,4698,in situ perfusion,23.1,0.665256075149667
brain ECF,4698,in situ perfusion,23.2,0.66521540343779
brain ECF,4698,in situ perfusion,23.3,0.665175598472236
brain ECF,4698,in situ perfusion,23.4,0.665136636715657
brain ECF,4698,in situ perfusion,23.5,0.665098495400559
brain ECF,4698,in situ perfusion,23.6,0.665061152122147
brain ECF,4698,in situ perfusion,23.7,0.665024585189828
brain ECF,4698,in situ perfusion,23.8,0.664988773497921
brain ECF,4698,in situ perfusion,23.9,0.664953696500347
brain ECF,4698,in situ perfusion,24,0.664919334136204
brain ECF,4698,in situ perfusion,24.1,0.664885666942321
brain ECF,4698,in situ perfusion,24.2,0.664852675925275
brain ECF,4698,in situ perfusion,24.3,0.66482034256919
brain ECF,4698,in situ perfusion,24.4,0.664788648814737
brain ECF,4698,in situ perfusion,24.5,0.664757577728606
brain ECF,4698,in situ perfusion,24.6,0.664727112143754
brain ECF,4698,in situ perfusion,24.7,0.664697235407
brain ECF,4698,in situ perfusion,24.8,0.664667931370532
brain ECF,4698,in situ perfusion,24.9,0.664639184290114
brain ECF,4698,in situ perfusion,25,0.66461097945122
brain ECF,4698,in situ perfusion,25.1,0.664583302263311
brain ECF,4698,in situ perfusion,25.2,0.664556138038159
brain ECF,4698,in situ perfusion,25.3,0.664529472771614
brain ECF,4698,in situ perfusion,25.4,0.664503292824892
brain ECF,4698,in situ perfusion,25.5,0.664477584910664
brain ECF,4698,in situ perfusion,25.6,0.664452336270646
brain ECF,4698,in situ perfusion,25.7,0.664427534544659
brain ECF,4698,in situ perfusion,25.8,0.664403167464536
brain ECF,4698,in situ perfusion,25.9,0.664379223208371
brain ECF,4698,in situ perfusion,26,0.664355690277116
brain ECF,34,in vitro cell-based,0,0
brain ECF,34,in vitro cell-based,0.1,0.129901718551851
brain ECF,34,in vitro cell-based,0.2,0.341604840808154
brain ECF,34,in vitro cell-based,0.3,0.574663299312878
brain ECF,34,in vitro cell-based,0.4,0.796233676570842
brain ECF,34,in vitro cell-based,0.5,0.989911693917887
brain ECF,34,in vitro cell-based,0.6,1.1492735932955
brain ECF,34,in vitro cell-based,0.7,1.273700147192
brain ECF,34,in vitro cell-based,0.8,1.36572065891562
brain ECF,34,in vitro cell-based,0.9,1.42936078763205
brain ECF,34,in vitro cell-based,1,1.46914671331046
brain ECF,34,in vitro cell-based,1.1,1.48953295642617
brain ECF,34,in vitro cell-based,1.2,1.49459871947095
brain ECF,34,in vitro cell-based,1.3,1.4879107679685
brain ECF,34,in vitro cell-based,1.4,1.47248587151707
brain ECF,34,in vitro cell-based,1.5,1.45080997706645
brain ECF,34,in vitro cell-based,1.6,1.42488674009537
brain ECF,34,in vitro cell-based,1.7,1.39629876849882
brain ECF,34,in vitro cell-based,1.8,1.36627144532317
brain ECF,34,in vitro cell-based,1.9,1.33573380403427
brain ECF,34,in vitro cell-based,2,1.30537350318257
brain ECF,34,in vitro cell-based,2.1,1.27568481977504
brain ECF,34,in vitro cell-based,2.2,1.24700941249233
brain ECF,34,in vitro cell-based,2.3,1.21957025499778
brain ECF,34,in vitro cell-based,2.4,1.19349951355492
brain ECF,34,in vitro cell-based,2.5,1.16886110439442
brain ECF,34,in vitro cell-based,2.6,1.1456685740925
brain ECF,34,in vitro cell-based,2.7,1.12389931192282
brain ECF,34,in vitro cell-based,2.8,1.10350560753835
brain ECF,34,in vitro cell-based,2.9,1.08442316332058
brain ECF,34,in vitro cell-based,3,1.06657755262367
brain ECF,34,in vitro cell-based,3.1,1.04988902136202
brain ECF,34,in vitro cell-based,3.2,1.03427608058816
brain ECF,34,in vitro cell-based,3.3,1.01965803290159
brain ECF,34,in vitro cell-based,3.4,1.00595676412842
brain ECF,34,in vitro cell-based,3.5,0.993097883200453
brain ECF,34,in vitro cell-based,3.6,0.981011468774428
brain ECF,34,in vitro cell-based,3.7,0.969632466048412
brain ECF,34,in vitro cell-based,3.8,0.958900830146102
brain ECF,34,in vitro cell-based,3.9,0.94876150465013
brain ECF,34,in vitro cell-based,4,0.939164265373497
brain ECF,34,in vitro cell-based,4.1,0.9300634891424
brain ECF,34,in vitro cell-based,4.2,0.921417875291398
brain ECF,34,in vitro cell-based,4.3,0.91319013728109
brain ECF,34,in vitro cell-based,4.4,0.905346683805846
brain ECF,34,in vitro cell-based,4.5,0.897857298157045
brain ECF,34,in vitro cell-based,4.6,0.890694827126647
brain ECF,34,in vitro cell-based,4.7,0.883834886204111
brain ECF,34,in vitro cell-based,4.8,0.877255581400799
brain ECF,34,in vitro cell-based,4.9,0.870937252907297
brain ECF,34,in vitro cell-based,5,0.864862235771131
brain ECF,34,in vitro cell-based,5.1,0.85901464530298
brain ECF,34,in vitro cell-based,5.2,0.853380182239688
brain ECF,34,in vitro cell-based,5.3,0.847945956258467
brain ECF,34,in vitro cell-based,5.4,0.84270032703377
brain ECF,34,in vitro cell-based,5.5,0.837632761008615
brain ECF,34,in vitro cell-based,5.6,0.832733706403426
brain ECF,34,in vitro cell-based,5.7,0.827994480048529
brain ECF,34,in vitro cell-based,5.8,0.823407168862099
brain ECF,34,in vitro cell-based,5.9,0.818964539351294
brain ECF,34,in vitro cell-based,6,0.814659963458287
brain ECF,34,in vitro cell-based,6.1,0.810487350945765
brain ECF,34,in vitro cell-based,6.2,0.806441086874168
brain ECF,34,in vitro cell-based,6.3,0.802515978262223
brain ECF,34,in vitro cell-based,6.4,0.798707206126274
brain ECF,34,in vitro cell-based,6.5,0.795010287926912
brain ECF,34,in vitro cell-based,6.6,0.791421037973226
brain ECF,34,in vitro cell-based,6.7,0.787935541714066
brain ECF,34,in vitro cell-based,6.8,0.784550116137866
brain ECF,34,in vitro cell-based,6.9,0.781261301400926
brain ECF,34,in vitro cell-based,7,0.77806583127769
brain ECF,34,in vitro cell-based,7.1,0.77496061181057
brain ECF,34,in vitro cell-based,7.2,0.771942712499413
brain ECF,34,in vitro cell-based,7.3,0.769009345429041
brain ECF,34,in vitro cell-based,7.4,0.766157852912506
brain ECF,34,in vitro cell-based,7.5,0.763385700404873
brain ECF,34,in vitro cell-based,7.6,0.760690464427151
brain ECF,34,in vitro cell-based,7.7,0.758069820348782
brain ECF,34,in vitro cell-based,7.8,0.755521541593977
brain ECF,34,in vitro cell-based,7.9,0.75304348551039
brain ECF,34,in vitro cell-based,8,0.750633594471367
brain ECF,34,in vitro cell-based,8.1,0.74828988488322
brain ECF,34,in vitro cell-based,8.2,0.746010446636129
brain ECF,34,in vitro cell-based,8.3,0.743793435436122
brain ECF,34,in vitro cell-based,8.4,0.741637071472753
brain ECF,34,in vitro cell-based,8.5,0.739539633234825
brain ECF,34,in vitro cell-based,8.6,0.737499456710462
brain ECF,34,in vitro cell-based,8.7,0.735514929747887
brain ECF,34,in vitro cell-based,8.8,0.733584492825139
brain ECF,34,in vitro cell-based,8.9,0.731706633488815
brain ECF,34,in vitro cell-based,9,0.729879888791864
brain ECF,34,in vitro cell-based,9.1,0.728102836810785
brain ECF,34,in vitro cell-based,9.2,0.726374097314703
brain ECF,34,in vitro cell-based,9.3,0.724692337862982
brain ECF,34,in vitro cell-based,9.4,0.723056257032738
brain ECF,34,in vitro cell-based,9.5,0.721464595015892
brain ECF,34,in vitro cell-based,9.6,0.719916130762584
brain ECF,34,in vitro cell-based,9.7,0.718409673199205
brain ECF,34,in vitro cell-based,9.8,0.716944070373557
brain ECF,34,in vitro cell-based,9.9,0.715518200675269
brain ECF,34,in vitro cell-based,10,0.714130973522187
brain ECF,34,in vitro cell-based,10.1,0.712781331537745
brain ECF,34,in vitro cell-based,10.2,0.711468244257288
brain ECF,34,in vitro cell-based,10.3,0.710190711303686
brain ECF,34,in vitro cell-based,10.4,0.708947761293494
brain ECF,34,in vitro cell-based,10.5,0.707738447576034
brain ECF,34,in vitro cell-based,10.6,0.706561851727615
brain ECF,34,in vitro cell-based,10.7,0.705417079827139
brain ECF,34,in vitro cell-based,10.8,0.704303262315362
brain ECF,34,in vitro cell-based,10.9,0.703219555940277
brain ECF,34,in vitro cell-based,11,0.702165137890939
brain ECF,34,in vitro cell-based,11.1,0.701139208344277
brain ECF,34,in vitro cell-based,11.2,0.700140991720732
brain ECF,34,in vitro cell-based,11.3,0.699169731574612
brain ECF,34,in vitro cell-based,11.4,0.698224691838503
brain ECF,34,in vitro cell-based,11.5,0.697305158064521
brain ECF,34,in vitro cell-based,11.6,0.696410435577473
brain ECF,34,in vitro cell-based,11.7,0.695539846783057
brain ECF,34,in vitro cell-based,11.8,0.694692733541813
brain ECF,34,in vitro cell-based,11.9,0.693868457464648
brain ECF,34,in vitro cell-based,12,0.693066395069283
brain ECF,34,in vitro cell-based,12.1,0.692285940467492
brain ECF,34,in vitro cell-based,12.2,0.691526506251608
brain ECF,34,in vitro cell-based,12.3,0.69078751890721
brain ECF,34,in vitro cell-based,12.4,0.690068421019666
brain ECF,34,in vitro cell-based,12.5,0.68936867121758
brain ECF,34,in vitro cell-based,12.6,0.688687742436985
brain ECF,34,in vitro cell-based,12.7,0.688025121470187
brain ECF,34,in vitro cell-based,12.8,0.68738030961997
brain ECF,34,in vitro cell-based,12.9,0.68675282223802
brain ECF,34,in vitro cell-based,13,0.686142186771551
brain ECF,34,in vitro cell-based,13.1,0.685547943893502
brain ECF,34,in vitro cell-based,13.2,0.684969648179239
brain ECF,34,in vitro cell-based,13.3,0.684406864401488
brain ECF,34,in vitro cell-based,13.4,0.68385916956339
brain ECF,34,in vitro cell-based,13.5,0.68332615298276
brain ECF,34,in vitro cell-based,13.6,0.682807415412882
brain ECF,34,in vitro cell-based,13.7,0.682302567143322
brain ECF,34,in vitro cell-based,13.8,0.681811229361305
brain ECF,34,in vitro cell-based,13.9,0.681333035221019
brain ECF,34,in vitro cell-based,14,0.68086762619905
brain ECF,34,in vitro cell-based,14.1,0.680414653701189
brain ECF,34,in vitro cell-based,14.2,0.679973778881237
brain ECF,34,in vitro cell-based,14.3,0.679544673032597
brain ECF,34,in vitro cell-based,14.4,0.679127014998228
brain ECF,34,in vitro cell-based,14.5,0.678720492676991
brain ECF,34,in vitro cell-based,14.6,0.678324803138589
brain ECF,34,in vitro cell-based,14.7,0.677939651498387
brain ECF,34,in vitro cell-based,14.8,0.67756475028432
brain ECF,34,in vitro cell-based,14.9,0.677199819969657
brain ECF,34,in vitro cell-based,15,0.676844589830962
brain ECF,34,in vitro cell-based,15.1,0.676498795068142
brain ECF,34,in vitro cell-based,15.2,0.676162178400288
brain ECF,34,in vitro cell-based,15.3,0.675834489860214
brain ECF,34,in vitro cell-based,15.4,0.675515486904182
brain ECF,34,in vitro cell-based,15.5,0.675204932462276
brain ECF,34,in vitro cell-based,15.6,0.674902596216017
brain ECF,34,in vitro cell-based,15.7,0.674608254952903
brain ECF,34,in vitro cell-based,15.8,0.674321690915391
brain ECF,34,in vitro cell-based,15.9,0.674042692020401
brain ECF,34,in vitro cell-based,16,0.673771052017629
brain ECF,34,in vitro cell-based,16.1,0.673506570946723
brain ECF,34,in vitro cell-based,16.2,0.673249053906856
brain ECF,34,in vitro cell-based,16.3,0.672998310826586
brain ECF,34,in vitro cell-based,16.4,0.672754156881294
brain ECF,34,in vitro cell-based,16.5,0.67251641299478
brain ECF,34,in vitro cell-based,16.6,0.672284904803407
brain ECF,34,in vitro cell-based,16.7,0.672059461886091
brain ECF,34,in vitro cell-based,16.8,0.671839918658648
brain ECF,34,in vitro cell-based,16.9,0.671626114725136
brain ECF,34,in vitro cell-based,17,0.671417894244544
brain ECF,34,in vitro cell-based,17.1,0.671215104538882
brain ECF,34,in vitro cell-based,17.2,0.671017597441557
brain ECF,34,in vitro cell-based,17.3,0.670825229229497
brain ECF,34,in vitro cell-based,17.4,0.670637860472217
brain ECF,34,in vitro cell-based,17.5,0.670455354598716
brain ECF,34,in vitro cell-based,17.6,0.670277579073859
brain ECF,34,in vitro cell-based,17.7,0.670104405127519
brain ECF,34,in vitro cell-based,17.8,0.669935707793907
brain ECF,34,in vitro cell-based,17.9,0.669771364900498
brain ECF,34,in vitro cell-based,18,0.669611257752997
brain ECF,34,in vitro cell-based,18.1,0.669455270976955
brain ECF,34,in vitro cell-based,18.2,0.669303292730246
brain ECF,34,in vitro cell-based,18.3,0.669155213498091
brain ECF,34,in vitro cell-based,18.4,0.669010926899622
brain ECF,34,in vitro cell-based,18.5,0.668870329568831
brain ECF,34,in vitro cell-based,18.6,0.668733321831234
brain ECF,34,in vitro cell-based,18.7,0.668599805308466
brain ECF,34,in vitro cell-based,18.8,0.668469684714931
brain ECF,34,in vitro cell-based,18.9,0.66834286725438
brain ECF,34,in vitro cell-based,19,0.668219263503231
brain ECF,34,in vitro cell-based,19.1,0.668098786190073
brain ECF,34,in vitro cell-based,19.2,0.667981349690482
brain ECF,34,in vitro cell-based,19.3,0.667866871015936
brain ECF,34,in vitro cell-based,19.4,0.667755269382822
brain ECF,34,in vitro cell-based,19.5,0.667646467415564
brain ECF,34,in vitro cell-based,19.6,0.667540388303338
brain ECF,34,in vitro cell-based,19.7,0.667436957811436
brain ECF,34,in vitro cell-based,19.8,0.667336103674005
brain ECF,34,in vitro cell-based,19.9,0.667237755847855
brain ECF,34,in vitro cell-based,20,0.667141846417588
brain ECF,34,in vitro cell-based,20.1,0.66704830865342
brain ECF,34,in vitro cell-based,20.2,0.666957077852763
brain ECF,34,in vitro cell-based,20.3,0.666868091010067
brain ECF,34,in vitro cell-based,20.4,0.666781287537759
brain ECF,34,in vitro cell-based,20.5,0.6666966077954
brain ECF,34,in vitro cell-based,20.6,0.666613993758259
brain ECF,34,in vitro cell-based,20.7,0.66653338902228
brain ECF,34,in vitro cell-based,20.8,0.666454738820416
brain ECF,34,in vitro cell-based,20.9,0.666377990415921
brain ECF,34,in vitro cell-based,21,0.666303091620416
brain ECF,34,in vitro cell-based,21.1,0.666229991942372
brain ECF,34,in vitro cell-based,21.2,0.666158642212408
brain ECF,34,in vitro cell-based,21.3,0.666088995129529
brain ECF,34,in vitro cell-based,21.4,0.66602100446495
brain ECF,34,in vitro cell-based,21.5,0.665954624889371
brain ECF,34,in vitro cell-based,21.6,0.665889812487793
brain ECF,34,in vitro cell-based,21.7,0.66582652453896
brain ECF,34,in vitro cell-based,21.8,0.665764720055653
brain ECF,34,in vitro cell-based,21.9,0.665704358368468
brain ECF,34,in vitro cell-based,22,0.665645400175967
brain ECF,34,in vitro cell-based,22.1,0.665587807214452
brain ECF,34,in vitro cell-based,22.2,0.665531542219303
brain ECF,34,in vitro cell-based,22.3,0.66547656936563
brain ECF,34,in vitro cell-based,22.4,0.665422853431312
brain ECF,34,in vitro cell-based,22.5,0.665370359992441
brain ECF,34,in vitro cell-based,22.6,0.665319055630795
brain ECF,34,in vitro cell-based,22.7,0.665268907775594
brain ECF,34,in vitro cell-based,22.8,0.665219885083784
brain ECF,34,in vitro cell-based,22.9,0.665171957397111
brain ECF,34,in vitro cell-based,23,0.665125094384846
brain ECF,34,in vitro cell-based,23.1,0.665079266909146
brain ECF,34,in vitro cell-based,23.2,0.66503444657431
brain ECF,34,in vitro cell-based,23.3,0.664990605769838
brain ECF,34,in vitro cell-based,23.4,0.664947718863174
brain ECF,34,in vitro cell-based,23.5,0.664905759221723
brain ECF,34,in vitro cell-based,23.6,0.664864701539297
brain ECF,34,in vitro cell-based,23.7,0.664824521180891
brain ECF,34,in vitro cell-based,23.8,0.66478519415889
brain ECF,34,in vitro cell-based,23.9,0.664746697618415
brain ECF,34,in vitro cell-based,24,0.66470900894452
brain ECF,34,in vitro cell-based,24.1,0.664672106034033
brain ECF,34,in vitro cell-based,24.2,0.664635967496585
brain ECF,34,in vitro cell-based,24.3,0.664600572513418
brain ECF,34,in vitro cell-based,24.4,0.664565900890605
brain ECF,34,in vitro cell-based,24.5,0.664531933027313
brain ECF,34,in vitro cell-based,24.6,0.664498649682623
brain ECF,34,in vitro cell-based,24.7,0.664466032186491
brain ECF,34,in vitro cell-based,24.8,0.664434062349973
brain ECF,34,in vitro cell-based,24.9,0.664402722478457
brain ECF,34,in vitro cell-based,25,0.664371995783726
brain ECF,34,in vitro cell-based,25.1,0.664341865300758
brain ECF,34,in vitro cell-based,25.2,0.664312314724137
brain ECF,34,in vitro cell-based,25.3,0.664283328160557
brain ECF,34,in vitro cell-based,25.4,0.664254890111476
brain ECF,34,in vitro cell-based,25.5,0.664226986143177
brain ECF,34,in vitro cell-based,25.6,0.664199601619793
brain ECF,34,in vitro cell-based,25.7,0.664172722201519
brain ECF,34,in vitro cell-based,25.8,0.664146334070512
brain ECF,34,in vitro cell-based,25.9,0.664120423762281
brain ECF,34,in vitro cell-based,26,0.664094978151519
brain ECF,80,in vitro PAMPA,0,0
brain ECF,80,in vitro PAMPA,0.1,0.212694183199806
brain ECF,80,in vitro PAMPA,0.2,0.57125318964692
brain ECF,80,in vitro PAMPA,0.3,0.926631018193835
brain ECF,80,in vitro PAMPA,0.4,1.21935839805248
brain ECF,80,in vitro PAMPA,0.5,1.43417948550067
brain ECF,80,in vitro PAMPA,0.6,1.57603303299615
brain ECF,80,in vitro PAMPA,0.7,1.65752454423995
brain ECF,80,in vitro PAMPA,0.8,1.69275062028053
brain ECF,80,in vitro PAMPA,0.9,1.69454245594095
brain ECF,80,in vitro PAMPA,1,1.67348049894598
brain ECF,80,in vitro PAMPA,1.1,1.63777211907503
brain ECF,80,in vitro PAMPA,1.2,1.59350514225766
brain ECF,80,in vitro PAMPA,1.3,1.54502724758919
brain ECF,80,in vitro PAMPA,1.4,1.49533051002551
brain ECF,80,in vitro PAMPA,1.5,1.44638990638407
brain ECF,80,in vitro PAMPA,1.6,1.39944004629394
brain ECF,80,in vitro PAMPA,1.7,1.35519084066471
brain ECF,80,in vitro PAMPA,1.8,1.31399037525245
brain ECF,80,in vitro PAMPA,1.9,1.27594454472078
brain ECF,80,in vitro PAMPA,2,1.2410030994207
brain ECF,80,in vitro PAMPA,2.1,1.20902044275224
brain ECF,80,in vitro PAMPA,2.2,1.17979745684307
brain ECF,80,in vitro PAMPA,2.3,1.15310973571183
brain ECF,80,in vitro PAMPA,2.4,1.12872622273833
brain ECF,80,in vitro PAMPA,2.5,1.10642096617299
brain ECF,80,in vitro PAMPA,2.6,1.08598002044017
brain ECF,80,in vitro PAMPA,2.7,1.06720532179766
brain ECF,80,in vitro PAMPA,2.8,1.04991638178556
brain ECF,80,in vitro PAMPA,2.9,1.03395059351341
brain ECF,80,in vitro PAMPA,3,1.01916268354036
brain ECF,80,in vitro PAMPA,3.1,1.00542366848649
brain ECF,80,in vitro PAMPA,3.2,0.992619573816285
brain ECF,80,in vitro PAMPA,3.3,0.980650023381493
brain ECF,80,in vitro PAMPA,3.4,0.969426830803403
brain ECF,80,in vitro PAMPA,3.5,0.958872645422765
brain ECF,80,in vitro PAMPA,3.6,0.948919691144335
brain ECF,80,in vitro PAMPA,3.7,0.939508609572304
brain ECF,80,in vitro PAMPA,3.8,0.930587415383419
brain ECF,80,in vitro PAMPA,3.9,0.92211056390092
brain ECF,80,in vitro PAMPA,4,0.914038127873445
brain ECF,80,in vitro PAMPA,4.1,0.906335066064187
brain ECF,80,in vitro PAMPA,4.2,0.898970582248773
brain ECF,80,in vitro PAMPA,4.3,0.891917569982961
brain ECF,80,in vitro PAMPA,4.4,0.885152124702867
brain ECF,80,in vitro PAMPA,4.5,0.878653124538876
brain ECF,80,in vitro PAMPA,4.6,0.87240186323095
brain ECF,80,in vitro PAMPA,4.7,0.866381730824238
brain ECF,80,in vitro PAMPA,4.8,0.860577935866647
brain ECF,80,in vitro PAMPA,4.9,0.85497726949781
brain ECF,80,in vitro PAMPA,5,0.849567896128652
brain ECF,80,in vitro PAMPA,5.1,0.84433917848282
brain ECF,80,in vitro PAMPA,5.2,0.839281525522143
brain ECF,80,in vitro PAMPA,5.3,0.834386258579552
brain ECF,80,in vitro PAMPA,5.4,0.829645494892056
brain ECF,80,in vitro PAMPA,5.5,0.825052046147587
brain ECF,80,in vitro PAMPA,5.6,0.820599334119097
brain ECF,80,in vitro PAMPA,5.7,0.816281316313362
brain ECF,80,in vitro PAMPA,5.8,0.812092422970407
brain ECF,80,in vitro PAMPA,5.9,0.808027499188001
brain ECF,80,in vitro PAMPA,6,0.804081760652601
brain ECF,80,in vitro PAMPA,6.1,0.800250750514283
brain ECF,80,in vitro PAMPA,6.2,0.79653030181033
brain ECF,80,in vitro PAMPA,6.3,0.792916505602849
brain ECF,80,in vitro PAMPA,6.4,0.789405682682193
brain ECF,80,in vitro PAMPA,6.5,0.785994362901138
brain ECF,80,in vitro PAMPA,6.6,0.782679262122678
brain ECF,80,in vitro PAMPA,6.7,0.779457267982409
brain ECF,80,in vitro PAMPA,6.8,0.776325416942241
brain ECF,80,in vitro PAMPA,6.9,0.77328089051358
brain ECF,80,in vitro PAMPA,7,0.770320996683113
brain ECF,80,in vitro PAMPA,7.1,0.767443159363312
brain ECF,80,in vitro PAMPA,7.2,0.764644912169009
brain ECF,80,in vitro PAMPA,7.3,0.761923886709373
brain ECF,80,in vitro PAMPA,7.4,0.759277806037531
brain ECF,80,in vitro PAMPA,7.5,0.756704480608176
brain ECF,80,in vitro PAMPA,7.6,0.754201800898355
brain ECF,80,in vitro PAMPA,7.7,0.751767731547984
brain ECF,80,in vitro PAMPA,7.8,0.749400309286843
brain ECF,80,in vitro PAMPA,7.9,0.747097636684234
brain ECF,80,in vitro PAMPA,8,0.744857880215777
brain ECF,80,in vitro PAMPA,8.1,0.742679266005793
brain ECF,80,in vitro PAMPA,8.2,0.740560077032253
brain ECF,80,in vitro PAMPA,8.3,0.738498650105684
brain ECF,80,in vitro PAMPA,8.4,0.736493373825487
brain ECF,80,in vitro PAMPA,8.5,0.734542685550017
brain ECF,80,in vitro PAMPA,8.6,0.732645069918202
brain ECF,80,in vitro PAMPA,8.7,0.730799056135316
brain ECF,80,in vitro PAMPA,8.8,0.729003217489885
brain ECF,80,in vitro PAMPA,8.9,0.727256168719408
brain ECF,80,in vitro PAMPA,9,0.725556565847943
brain ECF,80,in vitro PAMPA,9.1,0.723903102574564
brain ECF,80,in vitro PAMPA,9.2,0.722294509216524
brain ECF,80,in vitro PAMPA,9.3,0.720729556283262
brain ECF,80,in vitro PAMPA,9.4,0.719207044877366
brain ECF,80,in vitro PAMPA,9.5,0.71772581148976
brain ECF,80,in vitro PAMPA,9.6,0.71628472649737
brain ECF,80,in vitro PAMPA,9.7,0.714882689265426
brain ECF,80,in vitro PAMPA,9.8,0.713518632467677
brain ECF,80,in vitro PAMPA,9.9,0.712191517435003
brain ECF,80,in vitro PAMPA,10,0.710900333358959
brain ECF,80,in vitro PAMPA,10.1,0.709644099436099
brain ECF,80,in vitro PAMPA,10.2,0.708421859869275
brain ECF,80,in vitro PAMPA,10.3,0.707232686199593
brain ECF,80,in vitro PAMPA,10.4,0.706075676972959
brain ECF,80,in vitro PAMPA,10.5,0.70494995369499
brain ECF,80,in vitro PAMPA,10.6,0.703854663073473
brain ECF,80,in vitro PAMPA,10.7,0.702788975049911
brain ECF,80,in vitro PAMPA,10.8,0.70175208203611
brain ECF,80,in vitro PAMPA,10.9,0.700743199869142
brain ECF,80,in vitro PAMPA,11,0.699761564287779
brain ECF,80,in vitro PAMPA,11.1,0.698806432027606
brain ECF,80,in vitro PAMPA,11.2,0.69787708149438
brain ECF,80,in vitro PAMPA,11.3,0.696972809644693
brain ECF,80,in vitro PAMPA,11.4,0.696092931970017
brain ECF,80,in vitro PAMPA,11.5,0.695236783792107
brain ECF,80,in vitro PAMPA,11.6,0.694403719251709
brain ECF,80,in vitro PAMPA,11.7,0.693593108025642
brain ECF,80,in vitro PAMPA,11.8,0.692804337798064
brain ECF,80,in vitro PAMPA,11.9,0.692036814937271
brain ECF,80,in vitro PAMPA,12,0.69128995952974
brain ECF,80,in vitro PAMPA,12.1,0.690563208097954
brain ECF,80,in vitro PAMPA,12.2,0.689856013876349
brain ECF,80,in vitro PAMPA,12.3,0.689167843688955
brain ECF,80,in vitro PAMPA,12.4,0.68849817907841
brain ECF,80,in vitro PAMPA,12.5,0.687846516178263
brain ECF,80,in vitro PAMPA,12.6,0.68721236469328
brain ECF,80,in vitro PAMPA,12.7,0.68659524717443
brain ECF,80,in vitro PAMPA,12.8,0.685994699526315
brain ECF,80,in vitro PAMPA,12.9,0.685410270907783
brain ECF,80,in vitro PAMPA,13,0.684841521550679
brain ECF,80,in vitro PAMPA,13.1,0.684288023926742
brain ECF,80,in vitro PAMPA,13.2,0.683749363870653
brain ECF,80,in vitro PAMPA,13.3,0.683225136321572
brain ECF,80,in vitro PAMPA,13.4,0.682714947732908
brain ECF,80,in vitro PAMPA,13.5,0.682218415856042
brain ECF,80,in vitro PAMPA,13.6,0.681735169429547
brain ECF,80,in vitro PAMPA,13.7,0.681264845875656
brain ECF,80,in vitro PAMPA,13.8,0.68080709283941
brain ECF,80,in vitro PAMPA,13.9,0.680361568673641
brain ECF,80,in vitro PAMPA,14,0.679927940077641
brain ECF,80,in vitro PAMPA,14.1,0.679505882677258
brain ECF,80,in vitro PAMPA,14.2,0.679095081113247
brain ECF,80,in vitro PAMPA,14.3,0.678695229565453
brain ECF,80,in vitro PAMPA,14.4,0.678306029182765
brain ECF,80,in vitro PAMPA,14.5,0.677927189526084
brain ECF,80,in vitro PAMPA,14.6,0.677558428643807
brain ECF,80,in vitro PAMPA,14.7,0.677199472333004
brain ECF,80,in vitro PAMPA,14.8,0.67685005302576
brain ECF,80,in vitro PAMPA,14.9,0.676509910611385
brain ECF,80,in vitro PAMPA,15,0.676178793130116
brain ECF,80,in vitro PAMPA,15.1,0.675856454313117
brain ECF,80,in vitro PAMPA,15.2,0.675542654754766
brain ECF,80,in vitro PAMPA,15.3,0.675237161802268
brain ECF,80,in vitro PAMPA,15.4,0.674939749924121
brain ECF,80,in vitro PAMPA,15.5,0.674650198561518
brain ECF,80,in vitro PAMPA,15.6,0.67436829348905
brain ECF,80,in vitro PAMPA,15.7,0.674093826889943
brain ECF,80,in vitro PAMPA,15.8,0.673826596331274
brain ECF,80,in vitro PAMPA,15.9,0.673566404516274
brain ECF,80,in vitro PAMPA,16,0.673313059607248
brain ECF,80,in vitro PAMPA,16.1,0.673066375368585
brain ECF,80,in vitro PAMPA,16.2,0.672826170515727
brain ECF,80,in vitro PAMPA,16.3,0.672592268168138
brain ECF,80,in vitro PAMPA,16.4,0.6723644962979
brain ECF,80,in vitro PAMPA,16.5,0.672142688141317
brain ECF,80,in vitro PAMPA,16.6,0.671926681634471
brain ECF,80,in vitro PAMPA,16.7,0.6717163180416
brain ECF,80,in vitro PAMPA,16.8,0.67151144321858
brain ECF,80,in vitro PAMPA,16.9,0.671311907822448
brain ECF,80,in vitro PAMPA,17,0.671117567205107
brain ECF,80,in vitro PAMPA,17.1,0.670928279189573
brain ECF,80,in vitro PAMPA,17.2,0.670743905991386
brain ECF,80,in vitro PAMPA,17.3,0.670564313825751
brain ECF,80,in vitro PAMPA,17.4,0.670389373053048
brain ECF,80,in vitro PAMPA,17.5,0.670218956717077
brain ECF,80,in vitro PAMPA,17.6,0.670052941619635
brain ECF,80,in vitro PAMPA,17.7,0.669891207932913
brain ECF,80,in vitro PAMPA,17.8,0.669733639192985
brain ECF,80,in vitro PAMPA,17.9,0.669580121851088
brain ECF,80,in vitro PAMPA,18,0.669430545442504
brain ECF,80,in vitro PAMPA,18.1,0.669284802529992
brain ECF,80,in vitro PAMPA,18.2,0.669142789144687
brain ECF,80,in vitro PAMPA,18.3,0.669004403263674
brain ECF,80,in vitro PAMPA,18.4,0.668869545820033
brain ECF,80,in vitro PAMPA,18.5,0.668738120477
brain ECF,80,in vitro PAMPA,18.6,0.668610034951819
brain ECF,80,in vitro PAMPA,18.7,0.668485197471857
brain ECF,80,in vitro PAMPA,18.8,0.668363519387922
brain ECF,80,in vitro PAMPA,18.9,0.668244914379083
brain ECF,80,in vitro PAMPA,19,0.668129299121324
brain ECF,80,in vitro PAMPA,19.1,0.668016592675735
brain ECF,80,in vitro PAMPA,19.2,0.667906715362901
brain ECF,80,in vitro PAMPA,19.3,0.667799590057081
brain ECF,80,in vitro PAMPA,19.4,0.667695141683236
brain ECF,80,in vitro PAMPA,19.5,0.667593297869731
brain ECF,80,in vitro PAMPA,19.6,0.667493987442343
brain ECF,80,in vitro PAMPA,19.7,0.66739714130851
brain ECF,80,in vitro PAMPA,19.8,0.667302692236638
brain ECF,80,in vitro PAMPA,19.9,0.66721057496596
brain ECF,80,in vitro PAMPA,20,0.667120726349454
brain ECF,80,in vitro PAMPA,20.1,0.667033084243263
brain ECF,80,in vitro PAMPA,20.2,0.666947588392096
brain ECF,80,in vitro PAMPA,20.3,0.666864180103267
brain ECF,80,in vitro PAMPA,20.4,0.666782803052023
brain ECF,80,in vitro PAMPA,20.5,0.666703401890788
brain ECF,80,in vitro PAMPA,20.6,0.666625922523696
brain ECF,80,in vitro PAMPA,20.7,0.666550312478668
brain ECF,80,in vitro PAMPA,20.8,0.666476520742329
brain ECF,80,in vitro PAMPA,20.9,0.66640449832668
brain ECF,80,in vitro PAMPA,21,0.666334196681405
brain ECF,80,in vitro PAMPA,21.1,0.66626556886301
brain ECF,80,in vitro PAMPA,21.2,0.666198569169578
brain ECF,80,in vitro PAMPA,21.3,0.666133153483972
brain ECF,80,in vitro PAMPA,21.4,0.666069278922661
brain ECF,80,in vitro PAMPA,21.5,0.666006903330915
brain ECF,80,in vitro PAMPA,21.6,0.665945985891383
brain ECF,80,in vitro PAMPA,21.7,0.665886486878758
brain ECF,80,in vitro PAMPA,21.8,0.665828368015751
brain ECF,80,in vitro PAMPA,21.9,0.665771591592261
brain ECF,80,in vitro PAMPA,22,0.66571612103419
brain ECF,80,in vitro PAMPA,22.1,0.665661920743893
brain ECF,80,in vitro PAMPA,22.2,0.66560895604853
brain ECF,80,in vitro PAMPA,22.3,0.665557193502769
brain ECF,80,in vitro PAMPA,22.4,0.665506600409575
brain ECF,80,in vitro PAMPA,22.5,0.665457144676204
brain ECF,80,in vitro PAMPA,22.6,0.665408795164917
brain ECF,80,in vitro PAMPA,22.7,0.665361521515761
brain ECF,80,in vitro PAMPA,22.8,0.665315294452922
brain ECF,80,in vitro PAMPA,22.9,0.665270086233951
brain ECF,80,in vitro PAMPA,23,0.665225868447533
brain ECF,80,in vitro PAMPA,23.1,0.66518261397134
brain ECF,80,in vitro PAMPA,23.2,0.665140296376909
brain ECF,80,in vitro PAMPA,23.3,0.665098889902361
brain ECF,80,in vitro PAMPA,23.4,0.665058370849846
brain ECF,80,in vitro PAMPA,23.5,0.665018714496924
brain ECF,80,in vitro PAMPA,23.6,0.664979897302929
brain ECF,80,in vitro PAMPA,23.7,0.664941896412718
brain ECF,80,in vitro PAMPA,23.8,0.664904689589755
brain ECF,80,in vitro PAMPA,23.9,0.66486825535836
brain ECF,80,in vitro PAMPA,24,0.664832572765486
brain ECF,80,in vitro PAMPA,24.1,0.664797621318868
brain ECF,80,in vitro PAMPA,24.2,0.66476338114412
brain ECF,80,in vitro PAMPA,24.3,0.664729832898525
brain ECF,80,in vitro PAMPA,24.4,0.664696957747932
brain ECF,80,in vitro PAMPA,24.5,0.66466473734261
brain ECF,80,in vitro PAMPA,24.6,0.664633153819637
brain ECF,80,in vitro PAMPA,24.7,0.664602189763136
brain ECF,80,in vitro PAMPA,24.8,0.664571828190497
brain ECF,80,in vitro PAMPA,24.9,0.664542052532799
brain ECF,80,in vitro PAMPA,25,0.664512847460693
brain ECF,80,in vitro PAMPA,25.1,0.664484197037739
brain ECF,80,in vitro PAMPA,25.2,0.664456086049673
brain ECF,80,in vitro PAMPA,25.3,0.664428499688269
brain ECF,80,in vitro PAMPA,25.4,0.664401423513051
brain ECF,80,in vitro PAMPA,25.5,0.664374844055609
brain ECF,80,in vitro PAMPA,25.6,0.664348747922852
brain ECF,80,in vitro PAMPA,25.7,0.664323121700958
brain ECF,80,in vitro PAMPA,25.8,0.664297952581626
brain ECF,80,in vitro PAMPA,25.9,0.664273228099569
brain ECF,80,in vitro PAMPA,26,0.664248936120645
brain ECF,7770,in silico perfusion,0,0
brain ECF,7770,in silico perfusion,0.1,0.713364397819753
brain ECF,7770,in silico perfusion,0.2,1.23437931828962
brain ECF,7770,in silico perfusion,0.3,1.54197776130471
brain ECF,7770,in silico perfusion,0.4,1.70850226022361
brain ECF,7770,in silico perfusion,0.5,1.78317880782547
brain ECF,7770,in silico perfusion,0.6,1.79931914033551
brain ECF,7770,in silico perfusion,0.7,1.77931570116882
brain ECF,7770,in silico perfusion,0.8,1.73808835166257
brain ECF,7770,in silico perfusion,0.9,1.68546034210117
brain ECF,7770,in silico perfusion,1,1.62779370447078
brain ECF,7770,in silico perfusion,1.1,1.56911304830002
brain ECF,7770,in silico perfusion,1.2,1.51187595097164
brain ECF,7770,in silico perfusion,1.3,1.45749959996457
brain ECF,7770,in silico perfusion,1.4,1.40671952602992
brain ECF,7770,in silico perfusion,1.5,1.3598327607509
brain ECF,7770,in silico perfusion,1.6,1.31686165995584
brain ECF,7770,in silico perfusion,1.7,1.2776634620059
brain ECF,7770,in silico perfusion,1.8,1.24200261140907
brain ECF,7770,in silico perfusion,1.9,1.20959801949272
brain ECF,7770,in silico perfusion,2,1.1801531250089
brain ECF,7770,in silico perfusion,2.1,1.15337448813615
brain ECF,7770,in silico perfusion,2.2,1.12898286359189
brain ECF,7770,in silico perfusion,2.3,1.1067191118421
brain ECF,7770,in silico perfusion,2.4,1.08634688323818
brain ECF,7770,in silico perfusion,2.5,1.06765330022567
brain ECF,7770,in silico perfusion,2.6,1.05044834705475
brain ECF,7770,in silico perfusion,2.7,1.03456350991936
brain ECF,7770,in silico perfusion,2.8,1.01985008258936
brain ECF,7770,in silico perfusion,2.9,1.00617731035146
brain ECF,7770,in silico perfusion,3,0.993430522912705
brain ECF,7770,in silico perfusion,3.1,0.981509319347575
brain ECF,7770,in silico perfusion,3.2,0.970325902568686
brain ECF,7770,in silico perfusion,3.3,0.959803553691483
brain ECF,7770,in silico perfusion,3.4,0.949875235743998
brain ECF,7770,in silico perfusion,3.5,0.940482372502647
brain ECF,7770,in silico perfusion,3.6,0.931573753232568
brain ECF,7770,in silico perfusion,3.7,0.923104556120993
brain ECF,7770,in silico perfusion,3.8,0.915035519333733
brain ECF,7770,in silico perfusion,3.9,0.907332209754038
brain ECF,7770,in silico perfusion,4,0.899964380023768
brain ECF,7770,in silico perfusion,4.1,0.892905411665603
brain ECF,7770,in silico perfusion,4.2,0.886131830299149
brain ECF,7770,in silico perfusion,4.3,0.879622884242723
brain ECF,7770,in silico perfusion,4.4,0.873360184639054
brain ECF,7770,in silico perfusion,4.5,0.867327396400366
brain ECF,7770,in silico perfusion,4.6,0.861509972395557
brain ECF,7770,in silico perfusion,4.7,0.855894913708362
brain ECF,7770,in silico perfusion,4.8,0.850470565472769
brain ECF,7770,in silico perfusion,4.9,0.845226444157075
brain ECF,7770,in silico perfusion,5,0.840153084118746
brain ECF,7770,in silico perfusion,5.1,0.835241912322455
brain ECF,7770,in silico perfusion,5.2,0.830485136416974
brain ECF,7770,in silico perfusion,5.3,0.825875648799972
brain ECF,7770,in silico perfusion,5.4,0.821406939490043
brain ECF,7770,in silico perfusion,5.5,0.817073021705381
brain ECF,7770,in silico perfusion,5.6,0.812868373006869
brain ECF,7770,in silico perfusion,5.7,0.808787875543833
brain ECF,7770,in silico perfusion,5.8,0.804826773319295
brain ECF,7770,in silico perfusion,5.9,0.800980631452489
brain ECF,7770,in silico perfusion,6,0.797245303385013
brain ECF,7770,in silico perfusion,6.1,0.793616895710211
brain ECF,7770,in silico perfusion,6.2,0.790091744434193
brain ECF,7770,in silico perfusion,6.3,0.786666388154857
brain ECF,7770,in silico perfusion,6.4,0.783337552070594
brain ECF,7770,in silico perfusion,6.5,0.780102125742213
brain ECF,7770,in silico perfusion,6.6,0.776957149539968
brain ECF,7770,in silico perfusion,6.7,0.773899802978787
brain ECF,7770,in silico perfusion,6.8,0.770927393063086
brain ECF,7770,in silico perfusion,6.9,0.768037340594437
brain ECF,7770,in silico perfusion,7,0.765227177592793
brain ECF,7770,in silico perfusion,7.1,0.762494533086891
brain ECF,7770,in silico perfusion,7.2,0.759837127348812
brain ECF,7770,in silico perfusion,7.3,0.757252766812328
brain ECF,7770,in silico perfusion,7.4,0.754739335972552
brain ECF,7770,in silico perfusion,7.5,0.752294797190529
brain ECF,7770,in silico perfusion,7.6,0.749917180697987
brain ECF,7770,in silico perfusion,7.7,0.747604582366467
brain ECF,7770,in silico perfusion,7.8,0.745355163230147
brain ECF,7770,in silico perfusion,7.9,0.74316714296902
brain ECF,7770,in silico perfusion,8,0.741038798223396
brain ECF,7770,in silico perfusion,8.1,0.738968459392812
brain ECF,7770,in silico perfusion,8.2,0.736954510552769
brain ECF,7770,in silico perfusion,8.3,0.734995382474564
brain ECF,7770,in silico perfusion,8.4,0.733089555328804
brain ECF,7770,in silico perfusion,8.5,0.73123555203223
brain ECF,7770,in silico perfusion,8.6,0.72943194134021
brain ECF,7770,in silico perfusion,8.7,0.727677330966429
brain ECF,7770,in silico perfusion,8.8,0.725970372946127
brain ECF,7770,in silico perfusion,8.9,0.724309755291928
brain ECF,7770,in silico perfusion,9,0.722694204156716
brain ECF,7770,in silico perfusion,9.1,0.721122481088953
brain ECF,7770,in silico perfusion,9.2,0.719593384209374
brain ECF,7770,in silico perfusion,9.3,0.718105745276669
brain ECF,7770,in silico perfusion,9.4,0.716658428684858
brain ECF,7770,in silico perfusion,9.5,0.715250330726042
brain ECF,7770,in silico perfusion,9.6,0.713880377754732
brain ECF,7770,in silico perfusion,9.7,0.712547528106505
brain ECF,7770,in silico perfusion,9.8,0.711250768066815
brain ECF,7770,in silico perfusion,9.9,0.709989111103359
brain ECF,7770,in silico perfusion,10,0.708761598736285
brain ECF,7770,in silico perfusion,10.1,0.707567297756837
brain ECF,7770,in silico perfusion,10.2,0.706405300037554
brain ECF,7770,in silico perfusion,10.3,0.705274726675824
brain ECF,7770,in silico perfusion,10.4,0.704174718669866
brain ECF,7770,in silico perfusion,10.5,0.703104441684367
brain ECF,7770,in silico perfusion,10.6,0.702063085463976
brain ECF,7770,in silico perfusion,10.7,0.701049860491813
brain ECF,7770,in silico perfusion,10.8,0.700063999492041
brain ECF,7770,in silico perfusion,10.9,0.699104757870137
brain ECF,7770,in silico perfusion,11,0.698171409729429
brain ECF,7770,in silico perfusion,11.1,0.697263249403555
brain ECF,7770,in silico perfusion,11.2,0.696379590057692
brain ECF,7770,in silico perfusion,11.3,0.69551976365222
brain ECF,7770,in silico perfusion,11.4,0.694683121127279
brain ECF,7770,in silico perfusion,11.5,0.693869031492068
brain ECF,7770,in silico perfusion,11.6,0.693076879252319
brain ECF,7770,in silico perfusion,11.7,0.69230606615561
brain ECF,7770,in silico perfusion,11.8,0.691556011860106
brain ECF,7770,in silico perfusion,11.9,0.690826149521877
brain ECF,7770,in silico perfusion,12,0.690115928028184
brain ECF,7770,in silico perfusion,12.1,0.68942481363256
brain ECF,7770,in silico perfusion,12.2,0.688752285655091
brain ECF,7770,in silico perfusion,12.3,0.688097837121714
brain ECF,7770,in silico perfusion,12.4,0.687460975470368
brain ECF,7770,in silico perfusion,12.5,0.686841221937108
brain ECF,7770,in silico perfusion,12.6,0.686238109997887
brain ECF,7770,in silico perfusion,12.7,0.685651185987615
brain ECF,7770,in silico perfusion,12.8,0.685080010298289
brain ECF,7770,in silico perfusion,12.9,0.684524153494366
brain ECF,7770,in silico perfusion,13,0.683983198332953
brain ECF,7770,in silico perfusion,13.1,0.683456738862618
brain ECF,7770,in silico perfusion,13.2,0.682944380001958
brain ECF,7770,in silico perfusion,13.3,0.682445737150269
brain ECF,7770,in silico perfusion,13.4,0.681960436485307
brain ECF,7770,in silico perfusion,13.5,0.681488115915926
brain ECF,7770,in silico perfusion,13.6,0.681028421067794
brain ECF,7770,in silico perfusion,13.7,0.680581007817225
brain ECF,7770,in silico perfusion,13.8,0.680145542131178
brain ECF,7770,in silico perfusion,13.9,0.679721698205858
brain ECF,7770,in silico perfusion,14,0.679309159146579
brain ECF,7770,in silico perfusion,14.1,0.678907616765796
brain ECF,7770,in silico perfusion,14.2,0.67851677232637
brain ECF,7770,in silico perfusion,14.3,0.678136333660919
brain ECF,7770,in silico perfusion,14.4,0.677766016879209
brain ECF,7770,in silico perfusion,14.5,0.677405546462644
brain ECF,7770,in silico perfusion,14.6,0.677054654936747
brain ECF,7770,in silico perfusion,14.7,0.676713080749847
brain ECF,7770,in silico perfusion,14.8,0.676380569893751
brain ECF,7770,in silico perfusion,14.9,0.676056875959317
brain ECF,7770,in silico perfusion,15,0.675741758827011
brain ECF,7770,in silico perfusion,15.1,0.675434984644829
brain ECF,7770,in silico perfusion,15.2,0.675136325990676
brain ECF,7770,in silico perfusion,15.3,0.67484556240467
brain ECF,7770,in silico perfusion,15.4,0.674562478444312
brain ECF,7770,in silico perfusion,15.5,0.674286864709081
brain ECF,7770,in silico perfusion,15.6,0.674018517638745
brain ECF,7770,in silico perfusion,15.7,0.673757239945763
brain ECF,7770,in silico perfusion,15.8,0.673502838543301
brain ECF,7770,in silico perfusion,15.9,0.673255125874204
brain ECF,7770,in silico perfusion,16,0.673013919866755
brain ECF,7770,in silico perfusion,16.1,0.672779043452407
brain ECF,7770,in silico perfusion,16.2,0.672550323774504
brain ECF,7770,in silico perfusion,16.3,0.672327592793156
brain ECF,7770,in silico perfusion,16.4,0.672110688555963
brain ECF,7770,in silico perfusion,16.5,0.671899452228078
brain ECF,7770,in silico perfusion,16.6,0.671693729304443
brain ECF,7770,in silico perfusion,16.7,0.671493369648209
brain ECF,7770,in silico perfusion,16.8,0.671298227253239
brain ECF,7770,in silico perfusion,16.9,0.671108159994928
brain ECF,7770,in silico perfusion,17,0.670923029457674
brain ECF,7770,in silico perfusion,17.1,0.670742700894664
brain ECF,7770,in silico perfusion,17.2,0.670567043597146
brain ECF,7770,in silico perfusion,17.3,0.670395930726916
brain ECF,7770,in silico perfusion,17.4,0.670229237840721
brain ECF,7770,in silico perfusion,17.5,0.67006684413161
brain ECF,7770,in silico perfusion,17.6,0.669908632362325
brain ECF,7770,in silico perfusion,17.7,0.669754489886387
brain ECF,7770,in silico perfusion,17.8,0.669604305063154
brain ECF,7770,in silico perfusion,17.9,0.669457970005745
brain ECF,7770,in silico perfusion,18,0.669315379762295
brain ECF,7770,in silico perfusion,18.1,0.669176432925126
brain ECF,7770,in silico perfusion,18.2,0.669041030025754
brain ECF,7770,in silico perfusion,18.3,0.668909074569359
brain ECF,7770,in silico perfusion,18.4,0.668780472661424
brain ECF,7770,in silico perfusion,18.5,0.668655133076308
brain ECF,7770,in silico perfusion,18.6,0.668532966891612
brain ECF,7770,in silico perfusion,18.7,0.668413887554924
brain ECF,7770,in silico perfusion,18.8,0.668297810795699
brain ECF,7770,in silico perfusion,18.9,0.668184655141396
brain ECF,7770,in silico perfusion,19,0.668074341062883
brain ECF,7770,in silico perfusion,19.1,0.667966790838978
brain ECF,7770,in silico perfusion,19.2,0.66786192895591
brain ECF,7770,in silico perfusion,19.3,0.667759682474527
brain ECF,7770,in silico perfusion,19.4,0.667659980629931
brain ECF,7770,in silico perfusion,19.5,0.667562753626447
brain ECF,7770,in silico perfusion,19.6,0.667467933924778
brain ECF,7770,in silico perfusion,19.7,0.667375455758634
brain ECF,7770,in silico perfusion,19.8,0.667285255690785
brain ECF,7770,in silico perfusion,19.9,0.667197271583492
brain ECF,7770,in silico perfusion,20,0.667111442765554
brain ECF,7770,in silico perfusion,20.1,0.667027710297006
brain ECF,7770,in silico perfusion,20.2,0.666946016758546
brain ECF,7770,in silico perfusion,20.3,0.666866308208002
brain ECF,7770,in silico perfusion,20.4,0.66678852993834
brain ECF,7770,in silico perfusion,20.5,0.66671262943995
brain ECF,7770,in silico perfusion,20.6,0.666638555685856
brain ECF,7770,in silico perfusion,20.7,0.666566258945493
brain ECF,7770,in silico perfusion,20.8,0.666495690385653
brain ECF,7770,in silico perfusion,20.9,0.666426803063263
brain ECF,7770,in silico perfusion,21,0.666359551013695
brain ECF,7770,in silico perfusion,21.1,0.666293889434564
brain ECF,7770,in silico perfusion,21.2,0.66622977545892
brain ECF,7770,in silico perfusion,21.3,0.666167167901916
brain ECF,7770,in silico perfusion,21.4,0.666106025226059
brain ECF,7770,in silico perfusion,21.5,0.666046307668101
brain ECF,7770,in silico perfusion,21.6,0.665987976554244
brain ECF,7770,in silico perfusion,21.7,0.665930993422341
brain ECF,7770,in silico perfusion,21.8,0.665875321191027
brain ECF,7770,in silico perfusion,21.9,0.665820924029522
brain ECF,7770,in silico perfusion,22,0.665767766707493
brain ECF,7770,in silico perfusion,22.1,0.6657158147993
brain ECF,7770,in silico perfusion,22.2,0.665665038434851
brain ECF,7770,in silico perfusion,22.3,0.665615404642695
brain ECF,7770,in silico perfusion,22.4,0.665566882431987
brain ECF,7770,in silico perfusion,22.5,0.665519441943415
brain ECF,7770,in silico perfusion,22.6,0.66547305385677
brain ECF,7770,in silico perfusion,22.7,0.665427687448272
brain ECF,7770,in silico perfusion,22.8,0.665383316014715
brain ECF,7770,in silico perfusion,22.9,0.665339912317158
brain ECF,7770,in silico perfusion,23,0.665297449787154
brain ECF,7770,in silico perfusion,23.1,0.665255902495131
brain ECF,7770,in silico perfusion,23.2,0.665215246450394
brain ECF,7770,in silico perfusion,23.3,0.665175456674523
brain ECF,7770,in silico perfusion,23.4,0.665136509361828
brain ECF,7770,in silico perfusion,23.5,0.66509838131206
brain ECF,7770,in silico perfusion,23.6,0.665061049891863
brain ECF,7770,in silico perfusion,23.7,0.665024494640292
brain ECF,7770,in silico perfusion,23.8,0.664988694262975
brain ECF,7770,in silico perfusion,23.9,0.664953628040366
brain ECF,7770,in silico perfusion,24,0.664919276118238
brain ECF,7770,in silico perfusion,24.1,0.664885619219874
brain ECF,7770,in silico perfusion,24.2,0.664852638199524
brain ECF,7770,in silico perfusion,24.3,0.664820314580544
brain ECF,7770,in silico perfusion,24.4,0.664788630682963
brain ECF,7770,in silico perfusion,24.5,0.66475756912061
brain ECF,7770,in silico perfusion,24.6,0.664727112961405
brain ECF,7770,in silico perfusion,24.7,0.664697245687069
brain ECF,7770,in silico perfusion,24.8,0.66466795118057
brain ECF,7770,in silico perfusion,24.9,0.664639213762499
brain ECF,7770,in silico perfusion,25,0.664611018110943
brain ECF,7770,in silico perfusion,25.1,0.664583349261312
brain ECF,7770,in silico perfusion,25.2,0.664556192856592
brain ECF,7770,in silico perfusion,25.3,0.664529535711521
brain ECF,7770,in silico perfusion,25.4,0.664503363663232
brain ECF,7770,in silico perfusion,25.5,0.664477663434741
brain ECF,7770,in silico perfusion,25.6,0.664452422096334
brain ECF,7770,in silico perfusion,25.7,0.664427627069154
brain ECF,7770,in silico perfusion,25.8,0.664403266483863
brain ECF,7770,in silico perfusion,25.9,0.664379328529426
brain ECF,7770,in silico perfusion,26,0.664355801882427
brain ECF,166,in silico PAMPA,0,0
brain ECF,166,in silico PAMPA,0.1,0.322403856778868
brain ECF,166,in silico PAMPA,0.2,0.811894704889198
brain ECF,166,in silico PAMPA,0.3,1.21938718842184
brain ECF,166,in silico PAMPA,0.4,1.49839091632477
brain ECF,166,in silico PAMPA,0.5,1.66451790546827
brain ECF,166,in silico PAMPA,0.6,1.74650209133095
brain ECF,166,in silico PAMPA,0.7,1.77071593331178
brain ECF,166,in silico PAMPA,0.8,1.75754296884475
brain ECF,166,in silico PAMPA,0.9,1.72159138001529
brain ECF,166,in silico PAMPA,1,1.67288612473955
brain ECF,166,in silico PAMPA,1.1,1.61809117957813
brain ECF,166,in silico PAMPA,1.2,1.56150390364095
brain ECF,166,in silico PAMPA,1.3,1.50579618771737
brain ECF,166,in silico PAMPA,1.4,1.45254428225717
brain ECF,166,in silico PAMPA,1.5,1.40259856749255
brain ECF,166,in silico PAMPA,1.6,1.35633806533756
brain ECF,166,in silico PAMPA,1.7,1.31384328283806
brain ECF,166,in silico PAMPA,1.8,1.27501268462028
brain ECF,166,in silico PAMPA,1.9,1.23964002394475
brain ECF,166,in silico PAMPA,2,1.20746502573838
brain ECF,166,in silico PAMPA,2.1,1.17820605678319
brain ECF,166,in silico PAMPA,2.2,1.151580458779
brain ECF,166,in silico PAMPA,2.3,1.12731673954656
brain ECF,166,in silico PAMPA,2.4,1.10516143550755
brain ECF,166,in silico PAMPA,2.5,1.08488243008024
brain ECF,166,in silico PAMPA,2.6,1.06626996960062
brain ECF,166,in silico PAMPA,2.7,1.0491363799184
brain ECF,166,in silico PAMPA,2.8,1.033314947477
brain ECF,166,in silico PAMPA,2.9,1.01865836074507
brain ECF,166,in silico PAMPA,3,1.00503694861966
brain ECF,166,in silico PAMPA,3.1,0.992336887515843
brain ECF,166,in silico PAMPA,3.2,0.980458466542536
brain ECF,166,in silico PAMPA,3.3,0.969314450947871
brain ECF,166,in silico PAMPA,3.4,0.958828571482188
brain ECF,166,in silico PAMPA,3.5,0.948934168643226
brain ECF,166,in silico PAMPA,3.6,0.939572975634331
brain ECF,166,in silico PAMPA,3.7,0.930694036117816
brain ECF,166,in silico PAMPA,3.8,0.922252753546956
brain ECF,166,in silico PAMPA,3.9,0.914210059326206
brain ECF,166,in silico PAMPA,4,0.906531685329102
brain ECF,166,in silico PAMPA,4.1,0.8991875228112
brain ECF,166,in silico PAMPA,4.2,0.892151065906219
brain ECF,166,in silico PAMPA,4.3,0.885398939763024
brain ECF,166,in silico PAMPA,4.4,0.878910483348186
brain ECF,166,in silico PAMPA,4.5,0.872667392181263
brain ECF,166,in silico PAMPA,4.6,0.866653404899791
brain ECF,166,in silico PAMPA,4.7,0.860854033578516
brain ECF,166,in silico PAMPA,4.8,0.855256329355694
brain ECF,166,in silico PAMPA,4.9,0.849848683247012
brain ECF,166,in silico PAMPA,5,0.844620650717208
brain ECF,166,in silico PAMPA,5.1,0.839562805609005
brain ECF,166,in silico PAMPA,5.2,0.834666612244666
brain ECF,166,in silico PAMPA,5.3,0.829924311350372
brain ECF,166,in silico PAMPA,5.4,0.825328821798851
brain ECF,166,in silico PAMPA,5.5,0.820873655272517
brain ECF,166,in silico PAMPA,5.6,0.816552845999319
brain ECF,166,in silico PAMPA,5.7,0.812360889018007
brain ECF,166,in silico PAMPA,5.8,0.808292687435446
brain ECF,166,in silico PAMPA,5.9,0.804343503021017
brain ECF,166,in silico PAMPA,6,0.800508919829493
brain ECF,166,in silico PAMPA,6.1,0.796784805635208
brain ECF,166,in silico PAMPA,6.2,0.793167281315063
brain ECF,166,in silico PAMPA,6.3,0.789652693823225
brain ECF,166,in silico PAMPA,6.4,0.786237592045429
brain ECF,166,in silico PAMPA,6.5,0.782918710266038
brain ECF,166,in silico PAMPA,6.6,0.779692948376763
brain ECF,166,in silico PAMPA,6.7,0.776557359139333
brain ECF,166,in silico PAMPA,6.8,0.7735091301285
brain ECF,166,in silico PAMPA,6.9,0.770545579153847
brain ECF,166,in silico PAMPA,7,0.767664137682552
brain ECF,166,in silico PAMPA,7.1,0.764862343270928
brain ECF,166,in silico PAMPA,7.2,0.76213783317691
brain ECF,166,in silico PAMPA,7.3,0.75948833420676
brain ECF,166,in silico PAMPA,7.4,0.756911658133315
brain ECF,166,in silico PAMPA,7.5,0.754405697417363
brain ECF,166,in silico PAMPA,7.6,0.751968418622293
brain ECF,166,in silico PAMPA,7.7,0.749597858598617
brain ECF,166,in silico PAMPA,7.8,0.74729212059095
brain ECF,166,in silico PAMPA,7.9,0.745049371286572
brain ECF,166,in silico PAMPA,8,0.742867836129662
brain ECF,166,in silico PAMPA,8.1,0.740745798241495
brain ECF,166,in silico PAMPA,8.2,0.73868159342937
brain ECF,166,in silico PAMPA,8.3,0.736673609339766
brain ECF,166,in silico PAMPA,8.4,0.734720282305957
brain ECF,166,in silico PAMPA,8.5,0.732820096079422
brain ECF,166,in silico PAMPA,8.6,0.730971578850881
brain ECF,166,in silico PAMPA,8.7,0.729173302418554
brain ECF,166,in silico PAMPA,8.8,0.727423880155986
brain ECF,166,in silico PAMPA,8.9,0.725721966160821
brain ECF,166,in silico PAMPA,9,0.724066253352519
brain ECF,166,in silico PAMPA,9.1,0.722455471947888
brain ECF,166,in silico PAMPA,9.2,0.72088838705118
brain ECF,166,in silico PAMPA,9.3,0.719363802668386
brain ECF,166,in silico PAMPA,9.4,0.717880552819246
brain ECF,166,in silico PAMPA,9.5,0.716437505205556
brain ECF,166,in silico PAMPA,9.6,0.715033560271672
brain ECF,166,in silico PAMPA,9.7,0.713667646890697
brain ECF,166,in silico PAMPA,9.8,0.712338725564348
brain ECF,166,in silico PAMPA,9.9,0.711045785666493
brain ECF,166,in silico PAMPA,10,0.709787842719649
brain ECF,166,in silico PAMPA,10.1,0.708563941825964
brain ECF,166,in silico PAMPA,10.2,0.707373152422933
brain ECF,166,in silico PAMPA,10.3,0.706214570215377
brain ECF,166,in silico PAMPA,10.4,0.705087317765279
brain ECF,166,in silico PAMPA,10.5,0.703990539843648
brain ECF,166,in silico PAMPA,10.6,0.702923405331892
brain ECF,166,in silico PAMPA,10.7,0.701885105827934
brain ECF,166,in silico PAMPA,10.8,0.700874854829923
brain ECF,166,in silico PAMPA,10.9,0.699891888573457
brain ECF,166,in silico PAMPA,11,0.698935462739609
brain ECF,166,in silico PAMPA,11.1,0.69800485322568
brain ECF,166,in silico PAMPA,11.2,0.697099356902181
brain ECF,166,in silico PAMPA,11.3,0.696218289526256
brain ECF,166,in silico PAMPA,11.4,0.695360984131926
brain ECF,166,in silico PAMPA,11.5,0.694526792878522
brain ECF,166,in silico PAMPA,11.6,0.693715087228761
brain ECF,166,in silico PAMPA,11.7,0.69292525317065
brain ECF,166,in silico PAMPA,11.8,0.692156694126984
brain ECF,166,in silico PAMPA,11.9,0.691408831909027
brain ECF,166,in silico PAMPA,12,0.690681101779935
brain ECF,166,in silico PAMPA,12.1,0.689972954988329
brain ECF,166,in silico PAMPA,12.2,0.689283858520212
brain ECF,166,in silico PAMPA,12.3,0.688613293372467
brain ECF,166,in silico PAMPA,12.4,0.687960754406336
brain ECF,166,in silico PAMPA,12.5,0.687325750646779
brain ECF,166,in silico PAMPA,12.6,0.686707804685193
brain ECF,166,in silico PAMPA,12.7,0.686106451326787
brain ECF,166,in silico PAMPA,12.8,0.685521238290151
brain ECF,166,in silico PAMPA,12.9,0.684951726712637
brain ECF,166,in silico PAMPA,13,0.684397488154704
brain ECF,166,in silico PAMPA,13.1,0.68385810609168
brain ECF,166,in silico PAMPA,13.2,0.683333177007021
brain ECF,166,in silico PAMPA,13.3,0.682822306604942
brain ECF,166,in silico PAMPA,13.4,0.68232511156467
brain ECF,166,in silico PAMPA,13.5,0.681841219285032
brain ECF,166,in silico PAMPA,13.6,0.681370268302682
brain ECF,166,in silico PAMPA,13.7,0.680911905444387
brain ECF,166,in silico PAMPA,13.8,0.68046578750928
brain ECF,166,in silico PAMPA,13.9,0.680031581372752
brain ECF,166,in silico PAMPA,14,0.679608962710374
brain ECF,166,in silico PAMPA,14.1,0.679197615404307
brain ECF,166,in silico PAMPA,14.2,0.67879723206173
brain ECF,166,in silico PAMPA,14.3,0.678407515053632
brain ECF,166,in silico PAMPA,14.4,0.678028173176248
brain ECF,166,in silico PAMPA,14.5,0.677658923534508
brain ECF,166,in silico PAMPA,14.6,0.677299491253874
brain ECF,166,in silico PAMPA,14.7,0.676949609545613
brain ECF,166,in silico PAMPA,14.8,0.676609017735348
brain ECF,166,in silico PAMPA,14.9,0.676277462528354
brain ECF,166,in silico PAMPA,15,0.675954698129203
brain ECF,166,in silico PAMPA,15.1,0.675640484988956
brain ECF,166,in silico PAMPA,15.2,0.675334589819282
brain ECF,166,in silico PAMPA,15.3,0.675036785808548
brain ECF,166,in silico PAMPA,15.4,0.674746853533347
brain ECF,166,in silico PAMPA,15.5,0.674464578085129
brain ECF,166,in silico PAMPA,15.6,0.674189750822344
brain ECF,166,in silico PAMPA,15.7,0.673922169131227
brain ECF,166,in silico PAMPA,15.8,0.673661636073259
brain ECF,166,in silico PAMPA,15.9,0.673407959429824
brain ECF,166,in silico PAMPA,16,0.673160952380424
brain ECF,166,in silico PAMPA,16.1,0.672920433321115
brain ECF,166,in silico PAMPA,16.2,0.672686225751495
brain ECF,166,in silico PAMPA,16.3,0.672458157340698
brain ECF,166,in silico PAMPA,16.4,0.67223606048011
brain ECF,166,in silico PAMPA,16.5,0.672019772427672
brain ECF,166,in silico PAMPA,16.6,0.67180913576106
brain ECF,166,in silico PAMPA,16.7,0.671603995668191
brain ECF,166,in silico PAMPA,16.8,0.671404201999547
brain ECF,166,in silico PAMPA,16.9,0.671209608963245
brain ECF,166,in silico PAMPA,17,0.67102007619138
brain ECF,166,in silico PAMPA,17.1,0.670835465081892
brain ECF,166,in silico PAMPA,17.2,0.670655641524739
brain ECF,166,in silico PAMPA,17.3,0.670480475114696
brain ECF,166,in silico PAMPA,17.4,0.670309839513392
brain ECF,166,in silico PAMPA,17.5,0.670143611171428
brain ECF,166,in silico PAMPA,17.6,0.669981670113141
brain ECF,166,in silico PAMPA,17.7,0.669823899598939
brain ECF,166,in silico PAMPA,17.8,0.669670186067699
brain ECF,166,in silico PAMPA,17.9,0.669520418913543
brain ECF,166,in silico PAMPA,18,0.669374490460471
brain ECF,166,in silico PAMPA,18.1,0.669232295834398
brain ECF,166,in silico PAMPA,18.2,0.669093734183909
brain ECF,166,in silico PAMPA,18.3,0.668958705929167
brain ECF,166,in silico PAMPA,18.4,0.66882711457454
brain ECF,166,in silico PAMPA,18.5,0.668698866138243
brain ECF,166,in silico PAMPA,18.6,0.668573870809911
brain ECF,166,in silico PAMPA,18.7,0.668452039427203
brain ECF,166,in silico PAMPA,18.8,0.668333285620349
brain ECF,166,in silico PAMPA,18.9,0.668217525415443
brain ECF,166,in silico PAMPA,19,0.668104677344983
brain ECF,166,in silico PAMPA,19.1,0.66799466271683
brain ECF,166,in silico PAMPA,19.2,0.667887403973272
brain ECF,166,in silico PAMPA,19.3,0.667782826014061
brain ECF,166,in silico PAMPA,19.4,0.66768085573629
brain ECF,166,in silico PAMPA,19.5,0.667581422367805
brain ECF,166,in silico PAMPA,19.6,0.667484456796505
brain ECF,166,in silico PAMPA,19.7,0.667389891608496
brain ECF,166,in silico PAMPA,19.8,0.667297661254865
brain ECF,166,in silico PAMPA,19.9,0.667207701981803
brain ECF,166,in silico PAMPA,20,0.667119952693855
brain ECF,166,in silico PAMPA,20.1,0.667034352655505
brain ECF,166,in silico PAMPA,20.2,0.66695084317755
brain ECF,166,in silico PAMPA,20.3,0.666869367101166
brain ECF,166,in silico PAMPA,20.4,0.666789869314303
brain ECF,166,in silico PAMPA,20.5,0.666712296324819
brain ECF,166,in silico PAMPA,20.6,0.666636595342838
brain ECF,166,in silico PAMPA,20.7,0.666562715324936
brain ECF,166,in silico PAMPA,20.8,0.666490606585309
brain ECF,166,in silico PAMPA,20.9,0.666420221153156
brain ECF,166,in silico PAMPA,21,0.6663515119342
brain ECF,166,in silico PAMPA,21.1,0.666284433175542
brain ECF,166,in silico PAMPA,21.2,0.666218940351819
brain ECF,166,in silico PAMPA,21.3,0.666154990327755
brain ECF,166,in silico PAMPA,21.4,0.666092541602747
brain ECF,166,in silico PAMPA,21.5,0.666031553000446
brain ECF,166,in silico PAMPA,21.6,0.665971984758704
brain ECF,166,in silico PAMPA,21.7,0.665913798178152
brain ECF,166,in silico PAMPA,21.8,0.665856955895879
brain ECF,166,in silico PAMPA,21.9,0.665801421340343
brain ECF,166,in silico PAMPA,22,0.665747158822191
brain ECF,166,in silico PAMPA,22.1,0.665694133675405
brain ECF,166,in silico PAMPA,22.2,0.665642312137275
brain ECF,166,in silico PAMPA,22.3,0.66559166147657
brain ECF,166,in silico PAMPA,22.4,0.665542149986769
brain ECF,166,in silico PAMPA,22.5,0.665493746360482
brain ECF,166,in silico PAMPA,22.6,0.665446420260142
brain ECF,166,in silico PAMPA,22.7,0.66540014210486
brain ECF,166,in silico PAMPA,22.8,0.665354883087474
brain ECF,166,in silico PAMPA,22.9,0.665310616652727
brain ECF,166,in silico PAMPA,23,0.665267314948716
brain ECF,166,in silico PAMPA,23.1,0.665224951571389
brain ECF,166,in silico PAMPA,23.2,0.665183500798554
brain ECF,166,in silico PAMPA,23.3,0.665142937563955
brain ECF,166,in silico PAMPA,23.4,0.665103238367149
brain ECF,166,in silico PAMPA,23.5,0.66506437974357
brain ECF,166,in silico PAMPA,23.6,0.665026338572256
brain ECF,166,in silico PAMPA,23.7,0.664989092627629
brain ECF,166,in silico PAMPA,23.8,0.6649526202943
brain ECF,166,in silico PAMPA,23.9,0.664916900545568
brain ECF,166,in silico PAMPA,24,0.664881912923271
brain ECF,166,in silico PAMPA,24.1,0.664847637525174
brain ECF,166,in silico PAMPA,24.2,0.66481405497817
brain ECF,166,in silico PAMPA,24.3,0.664781146420708
brain ECF,166,in silico PAMPA,24.4,0.664748893485139
brain ECF,166,in silico PAMPA,24.5,0.664717278356477
brain ECF,166,in silico PAMPA,24.6,0.664686283572077
brain ECF,166,in silico PAMPA,24.7,0.664655892144174
brain ECF,166,in silico PAMPA,24.8,0.664626087502731
brain ECF,166,in silico PAMPA,24.9,0.664596853476118
brain ECF,166,in silico PAMPA,25,0.664568175009201
brain ECF,166,in silico PAMPA,25.1,0.664540036977686
brain ECF,166,in silico PAMPA,25.2,0.664512424389731
brain ECF,166,in silico PAMPA,25.3,0.664485322854604
brain ECF,166,in silico PAMPA,25.4,0.664458718350458
brain ECF,166,in silico PAMPA,25.5,0.6644325974512
brain ECF,166,in silico PAMPA,25.6,0.664406947396219
brain ECF,166,in silico PAMPA,25.7,0.664381755109278
brain ECF,166,in silico PAMPA,25.8,0.664357008154585
brain ECF,166,in silico PAMPA,25.9,0.664332694439701
brain ECF,166,in silico PAMPA,26,0.66430880220476
brain ECF,7768.69713080026,optimized,0,0
brain ECF,7768.69713080026,optimized,0.1,0.713361482532317
brain ECF,7768.69713080026,optimized,0.2,1.23437753320638
brain ECF,7768.69713080026,optimized,0.3,1.54197673685142
brain ECF,7768.69713080026,optimized,0.4,1.70850173578668
brain ECF,7768.69713080026,optimized,0.5,1.7831786064971
brain ECF,7768.69713080026,optimized,0.6,1.79931914262387
brain ECF,7768.69713080026,optimized,0.7,1.77931582703049
brain ECF,7768.69713080026,optimized,0.8,1.73808854801295
brain ECF,7768.69713080026,optimized,0.9,1.68546057418385
brain ECF,7768.69713080026,optimized,1,1.6277939499591
brain ECF,7768.69713080026,optimized,1.1,1.56911329322908
brain ECF,7768.69713080026,optimized,1.2,1.51187618702142
brain ECF,7768.69713080026,optimized,1.3,1.4574998224568
brain ECF,7768.69713080026,optimized,1.4,1.40671973274004
brain ECF,7768.69713080026,optimized,1.5,1.35983295093878
brain ECF,7768.69713080026,optimized,1.6,1.31686183387262
brain ECF,7768.69713080026,optimized,1.7,1.27766362044909
brain ECF,7768.69713080026,optimized,1.8,1.242002755419
brain ECF,7768.69713080026,optimized,1.9,1.20959815033138
brain ECF,7768.69713080026,optimized,2,1.18015324390501
brain ECF,7768.69713080026,optimized,2.1,1.15337459632597
brain ECF,7768.69713080026,optimized,2.2,1.1289829621956
brain ECF,7768.69713080026,optimized,2.3,1.10671920191576
brain ECF,7768.69713080026,optimized,2.4,1.08634696572262
brain ECF,7768.69713080026,optimized,2.5,1.06765337598351
brain ECF,7768.69713080026,optimized,2.6,1.05044841685847
brain ECF,7768.69713080026,optimized,2.7,1.03456357443744
brain ECF,7768.69713080026,optimized,2.8,1.01985014241297
brain ECF,7768.69713080026,optimized,2.9,1.00617736600587
brain ECF,7768.69713080026,optimized,3,0.993430574859352
brain ECF,7768.69713080026,optimized,3.1,0.981509367973875
brain ECF,7768.69713080026,optimized,3.2,0.970325948231097
brain ECF,7768.69713080026,optimized,3.3,0.959803596691474
brain ECF,7768.69713080026,optimized,3.4,0.949875276352342
brain ECF,7768.69713080026,optimized,3.5,0.940482410956415
brain ECF,7768.69713080026,optimized,3.6,0.931573789735738
brain ECF,7768.69713080026,optimized,3.7,0.92310459084859
brain ECF,7768.69713080026,optimized,3.8,0.915035552436754
brain ECF,7768.69713080026,optimized,3.9,0.907332241369602
brain ECF,7768.69713080026,optimized,4,0.899964410274824
brain ECF,7768.69713080026,optimized,4.1,0.892905440669751
brain ECF,7768.69713080026,optimized,4.2,0.886131858147425
brain ECF,7768.69713080026,optimized,4.3,0.879622911011961
brain ECF,7768.69713080026,optimized,4.4,0.873360210397637
brain ECF,7768.69713080026,optimized,4.5,0.867327421213897
brain ECF,7768.69713080026,optimized,4.6,0.861509996328404
brain ECF,7768.69713080026,optimized,4.7,0.855894936813133
brain ECF,7768.69713080026,optimized,4.8,0.850470587801442
brain ECF,7768.69713080026,optimized,4.9,0.845226465746515
brain ECF,7768.69713080026,optimized,5,0.840153105009993
brain ECF,7768.69713080026,optimized,5.1,0.835241932532881
brain ECF,7768.69713080026,optimized,5.2,0.83048515599296
brain ECF,7768.69713080026,optimized,5.3,0.825875667772656
brain ECF,7768.69713080026,optimized,5.4,0.82140695788538
brain ECF,7768.69713080026,optimized,5.5,0.817073039549978
brain ECF,7768.69713080026,optimized,5.6,0.812868390321566
brain ECF,7768.69713080026,optimized,5.7,0.808787892345129
brain ECF,7768.69713080026,optimized,5.8,0.804826789624935
brain ECF,7768.69713080026,optimized,5.9,0.800980647277593
brain ECF,7768.69713080026,optimized,6,0.797245318747434
brain ECF,7768.69713080026,optimized,6.1,0.79361691063361
brain ECF,7768.69713080026,optimized,6.2,0.790091758933417
brain ECF,7768.69713080026,optimized,6.3,0.786666402242706
brain ECF,7768.69713080026,optimized,6.4,0.783337565761525
brain ECF,7768.69713080026,optimized,6.5,0.780102139049173
brain ECF,7768.69713080026,optimized,6.6,0.776957162471523
brain ECF,7768.69713080026,optimized,6.7,0.773899815545262
brain ECF,7768.69713080026,optimized,6.8,0.770927405271861
brain ECF,7768.69713080026,optimized,6.9,0.768037352461185
brain ECF,7768.69713080026,optimized,7,0.765227189123795
brain ECF,7768.69713080026,optimized,7.1,0.762494544301865
brain ECF,7768.69713080026,optimized,7.2,0.759837138254422
brain ECF,7768.69713080026,optimized,7.3,0.757252777413617
brain ECF,7768.69713080026,optimized,7.4,0.754739346284648
brain ECF,7768.69713080026,optimized,7.5,0.752294807218395
brain ECF,7768.69713080026,optimized,7.6,0.749917190449909
brain ECF,7768.69713080026,optimized,7.7,0.747604591847862
brain ECF,7768.69713080026,optimized,7.8,0.745355172445686
brain ECF,7768.69713080026,optimized,7.9,0.74316715193033
brain ECF,7768.69713080026,optimized,8,0.741038806931304
brain ECF,7768.69713080026,optimized,8.1,0.738968467862059
brain ECF,7768.69713080026,optimized,8.2,0.736954518786531
brain ECF,7768.69713080026,optimized,8.3,0.734995390483589
brain ECF,7768.69713080026,optimized,8.4,0.733089563117174
brain ECF,7768.69713080026,optimized,8.5,0.731235559607975
brain ECF,7768.69713080026,optimized,8.6,0.729431948706427
brain ECF,7768.69713080026,optimized,8.7,0.72767733813033
brain ECF,7768.69713080026,optimized,8.8,0.725970379914414
brain ECF,7768.69713080026,optimized,8.9,0.724309762069252
brain ECF,7768.69713080026,optimized,9,0.72269421074756
brain ECF,7768.69713080026,optimized,9.1,0.721122487492387
brain ECF,7768.69713080026,optimized,9.2,0.719593390439024
brain ECF,7768.69713080026,optimized,9.3,0.718105751332528
brain ECF,7768.69713080026,optimized,9.4,0.716658434574159
brain ECF,7768.69713080026,optimized,9.5,0.715250336450909
brain ECF,7768.69713080026,optimized,9.6,0.71388038331616
brain ECF,7768.69713080026,optimized,9.7,0.712547533522074
brain ECF,7768.69713080026,optimized,9.8,0.711250773335614
brain ECF,7768.69713080026,optimized,9.9,0.709989116228384
brain ECF,7768.69713080026,optimized,10,0.708761603724137
brain ECF,7768.69713080026,optimized,10.1,0.707567302604297
brain ECF,7768.69713080026,optimized,10.2,0.706405304752276
brain ECF,7768.69713080026,optimized,10.3,0.705274731259831
brain ECF,7768.69713080026,optimized,10.4,0.704174723124377
brain ECF,7768.69713080026,optimized,10.5,0.703104446014214
brain ECF,7768.69713080026,optimized,10.6,0.70206308967046
brain ECF,7768.69713080026,optimized,10.7,0.701049864575575
brain ECF,7768.69713080026,optimized,10.8,0.700064003461796
brain ECF,7768.69713080026,optimized,10.9,0.699104761728967
brain ECF,7768.69713080026,optimized,11,0.698171413482172
brain ECF,7768.69713080026,optimized,11.1,0.697263253052205
brain ECF,7768.69713080026,optimized,11.2,0.696379593604659
brain ECF,7768.69713080026,optimized,11.3,0.695519767097529
brain ECF,7768.69713080026,optimized,11.4,0.69468312448416
brain ECF,7768.69713080026,optimized,11.5,0.693869034757697
brain ECF,7768.69713080026,optimized,11.6,0.693076882426563
brain ECF,7768.69713080026,optimized,11.7,0.692306069245001
brain ECF,7768.69713080026,optimized,11.8,0.691556014863778
brain ECF,7768.69713080026,optimized,11.9,0.690826152438636
brain ECF,7768.69713080026,optimized,12,0.690115930854499
brain ECF,7768.69713080026,optimized,12.1,0.689424816388423
brain ECF,7768.69713080026,optimized,12.2,0.68875228833263
brain ECF,7768.69713080026,optimized,12.3,0.688097839721276
brain ECF,7768.69713080026,optimized,12.4,0.687460977996985
brain ECF,7768.69713080026,optimized,12.5,0.686841224390916
brain ECF,7768.69713080026,optimized,12.6,0.686238112379532
brain ECF,7768.69713080026,optimized,12.7,0.68565118830353
brain ECF,7768.69713080026,optimized,12.8,0.685080012549989
brain ECF,7768.69713080026,optimized,12.9,0.684524155684161
brain ECF,7768.69713080026,optimized,13,0.683983200462456
brain ECF,7768.69713080026,optimized,13.1,0.683456740933355
brain ECF,7768.69713080026,optimized,13.2,0.682944382013941
brain ECF,7768.69713080026,optimized,13.3,0.682445739102086
brain ECF,7768.69713080026,optimized,13.4,0.681960438386715
brain ECF,7768.69713080026,optimized,13.5,0.681488117765024
brain ECF,7768.69713080026,optimized,13.6,0.681028422865239
brain ECF,7768.69713080026,optimized,13.7,0.680581009562587
brain ECF,7768.69713080026,optimized,13.8,0.680145543831382
brain ECF,7768.69713080026,optimized,13.9,0.679721699858148
brain ECF,7768.69713080026,optimized,14,0.679309160750152
brain ECF,7768.69713080026,optimized,14.1,0.678907618325949
brain ECF,7768.69713080026,optimized,14.2,0.678516773841556
brain ECF,7768.69713080026,optimized,14.3,0.678136335130565
brain ECF,7768.69713080026,optimized,14.4,0.677766018301686
brain ECF,7768.69713080026,optimized,14.5,0.677405547847851
brain ECF,7768.69713080026,optimized,14.6,0.677054656281307
brain ECF,7768.69713080026,optimized,14.7,0.676713082054071
brain ECF,7768.69713080026,optimized,14.8,0.676380571157199
brain ECF,7768.69713080026,optimized,14.9,0.676056877189495
brain ECF,7768.69713080026,optimized,15,0.675741760021583
brain ECF,7768.69713080026,optimized,15.1,0.675434985804059
brain ECF,7768.69713080026,optimized,15.2,0.675136327117506
brain ECF,7768.69713080026,optimized,15.3,0.674845563499202
brain ECF,7768.69713080026,optimized,15.4,0.674562479506593
brain ECF,7768.69713080026,optimized,15.5,0.674286865738329
brain ECF,7768.69713080026,optimized,15.6,0.674018518640204
brain ECF,7768.69713080026,optimized,15.7,0.673757240917819
brain ECF,7768.69713080026,optimized,15.8,0.673502839485685
brain ECF,7768.69713080026,optimized,15.9,0.673255126785856
brain ECF,7768.69713080026,optimized,16,0.673013920753011
brain ECF,7768.69713080026,optimized,16.1,0.672779044310549
brain ECF,7768.69713080026,optimized,16.2,0.672550324603636
brain ECF,7768.69713080026,optimized,16.3,0.672327593591512
brain ECF,7768.69713080026,optimized,16.4,0.672110689338056
brain ECF,7768.69713080026,optimized,16.5,0.671899452987996
brain ECF,7768.69713080026,optimized,16.6,0.671693730043267
brain ECF,7768.69713080026,optimized,16.7,0.671493370366685
brain ECF,7768.69713080026,optimized,16.8,0.671298227952946
brain ECF,7768.69713080026,optimized,16.9,0.671108160675433
brain ECF,7768.69713080026,optimized,17,0.67092303011826
brain ECF,7768.69713080026,optimized,17.1,0.670742701533626
brain ECF,7768.69713080026,optimized,17.2,0.670567044221033
brain ECF,7768.69713080026,optimized,17.3,0.670395931331536
brain ECF,7768.69713080026,optimized,17.4,0.670229238424418
brain ECF,7768.69713080026,optimized,17.5,0.670066844691731
brain ECF,7768.69713080026,optimized,17.6,0.669908632907992
brain ECF,7768.69713080026,optimized,17.7,0.669754490413814
brain ECF,7768.69713080026,optimized,17.8,0.669604305572408
brain ECF,7768.69713080026,optimized,17.9,0.669457970496666
brain ECF,7768.69713080026,optimized,18,0.669315380238081
brain ECF,7768.69713080026,optimized,18.1,0.669176433385699
brain ECF,7768.69713080026,optimized,18.2,0.66904103047189
brain ECF,7768.69713080026,optimized,18.3,0.668909075001673
brain ECF,7768.69713080026,optimized,18.4,0.668780473080254
brain ECF,7768.69713080026,optimized,18.5,0.668655133483344
brain ECF,7768.69713080026,optimized,18.6,0.668532967286083
brain ECF,7768.69713080026,optimized,18.7,0.668413887936233
brain ECF,7768.69713080026,optimized,18.8,0.668297811162543
brain ECF,7768.69713080026,optimized,18.9,0.668184655499944
brain ECF,7768.69713080026,optimized,19,0.668074341409419
brain ECF,7768.69713080026,optimized,19.1,0.667966791172548
brain ECF,7768.69713080026,optimized,19.2,0.667861929274914
brain ECF,7768.69713080026,optimized,19.3,0.667759682787509
brain ECF,7768.69713080026,optimized,19.4,0.667659980932369
brain ECF,7768.69713080026,optimized,19.5,0.667562753917939
brain ECF,7768.69713080026,optimized,19.6,0.667467934204494
brain ECF,7768.69713080026,optimized,19.7,0.6673754560252
brain ECF,7768.69713080026,optimized,19.8,0.667285255950245
brain ECF,7768.69713080026,optimized,19.9,0.667197271831591
brain ECF,7768.69713080026,optimized,20,0.667111443001166
brain ECF,7768.69713080026,optimized,20.1,0.667027710518448
brain ECF,7768.69713080026,optimized,20.2,0.666946016963458
brain ECF,7768.69713080026,optimized,20.3,0.666866308414626
brain ECF,7768.69713080026,optimized,20.4,0.666788530137528
brain ECF,7768.69713080026,optimized,20.5,0.666712629632792
brain ECF,7768.69713080026,optimized,20.6,0.66663855587347
brain ECF,7768.69713080026,optimized,20.7,0.666566259125102
brain ECF,7768.69713080026,optimized,20.8,0.666495690558352
brain ECF,7768.69713080026,optimized,20.9,0.666426803228261
brain ECF,7768.69713080026,optimized,21,0.666359551169594
brain ECF,7768.69713080026,optimized,21.1,0.666293889579233
brain ECF,7768.69713080026,optimized,21.2,0.666229775606219
brain ECF,7768.69713080026,optimized,21.3,0.666167168046134
brain ECF,7768.69713080026,optimized,21.4,0.666106025368329
brain ECF,7768.69713080026,optimized,21.5,0.666046307809582
brain ECF,7768.69713080026,optimized,21.6,0.665987976696081
brain ECF,7768.69713080026,optimized,21.7,0.66593099355337
brain ECF,7768.69713080026,optimized,21.8,0.665875321314459
brain ECF,7768.69713080026,optimized,21.9,0.665820924142183
brain ECF,7768.69713080026,optimized,22,0.665767766805136
brain ECF,7768.69713080026,optimized,22.1,0.665715814876453
brain ECF,7768.69713080026,optimized,22.2,0.665665038529281
brain ECF,7768.69713080026,optimized,22.3,0.665615404735552
brain ECF,7768.69713080026,optimized,22.4,0.665566882526239
brain ECF,7768.69713080026,optimized,22.5,0.665519442042771
brain ECF,7768.69713080026,optimized,22.6,0.665473053945904
brain ECF,7768.69713080026,optimized,22.7,0.665427687534602
brain ECF,7768.69713080026,optimized,22.8,0.665383316097451
brain ECF,7768.69713080026,optimized,22.9,0.665339912395019
brain ECF,7768.69713080026,optimized,23,0.665297449858275
brain ECF,7768.69713080026,optimized,23.1,0.665255902556971
brain ECF,7768.69713080026,optimized,23.2,0.665215246514613
brain ECF,7768.69713080026,optimized,23.3,0.665175456732231
brain ECF,7768.69713080026,optimized,23.4,0.66513650941138
brain ECF,7768.69713080026,optimized,23.5,0.665098381351343
brain ECF,7768.69713080026,optimized,23.6,0.665061049918216
brain ECF,7768.69713080026,optimized,23.7,0.66502449467253
brain ECF,7768.69713080026,optimized,23.8,0.664988694291321
brain ECF,7768.69713080026,optimized,23.9,0.664953628065953
brain ECF,7768.69713080026,optimized,24,0.664919276142435
brain ECF,7768.69713080026,optimized,24.1,0.664885619244278
brain ECF,7768.69713080026,optimized,24.2,0.664852638218822
brain ECF,7768.69713080026,optimized,24.3,0.664820314598663
brain ECF,7768.69713080026,optimized,24.4,0.664788630700286
brain ECF,7768.69713080026,optimized,24.5,0.664757569137369
brain ECF,7768.69713080026,optimized,24.6,0.66472711297763
brain ECF,7768.69713080026,optimized,24.7,0.664697245702056
brain ECF,7768.69713080026,optimized,24.8,0.664667951193926
brain ECF,7768.69713080026,optimized,24.9,0.664639213773218
brain ECF,7768.69713080026,optimized,25,0.664611018117581
brain ECF,7768.69713080026,optimized,25.1,0.664583349261918
brain ECF,7768.69713080026,optimized,25.2,0.664556192858838
brain ECF,7768.69713080026,optimized,25.3,0.664529535710938
brain ECF,7768.69713080026,optimized,25.4,0.664503363659404
brain ECF,7768.69713080026,optimized,25.5,0.664477663427139
brain ECF,7768.69713080026,optimized,25.6,0.664452422084296
brain ECF,7768.69713080026,optimized,25.7,0.664427627054036
brain ECF,7768.69713080026,optimized,25.8,0.664403266467073
brain ECF,7768.69713080026,optimized,25.9,0.664379328511797
brain ECF,7768.69713080026,optimized,26,0.664355801864222
brain ECF,10000000000,perfusion-limited,0,0
brain ECF,10000000000,perfusion-limited,0.1,0.731125176261654
brain ECF,10000000000,perfusion-limited,0.2,1.24520849419659
brain ECF,10000000000,perfusion-limited,0.3,1.54817770805186
brain ECF,10000000000,perfusion-limited,0.4,1.71166053502402
brain ECF,10000000000,perfusion-limited,0.5,1.78437303257861
brain ECF,10000000000,perfusion-limited,0.6,1.79927664502427
brain ECF,10000000000,perfusion-limited,0.7,1.77852366598252
brain ECF,10000000000,perfusion-limited,0.8,1.73686988309097
brain ECF,10000000000,perfusion-limited,0.9,1.68402678950316
brain ECF,10000000000,perfusion-limited,1,1.62628072115979
brain ECF,10000000000,perfusion-limited,1.1,1.56760531104843
brain ECF,10000000000,perfusion-limited,1.2,1.5104240742577
brain ECF,10000000000,perfusion-limited,1.3,1.45613173395068
brain ECF,10000000000,perfusion-limited,1.4,1.40544917507057
brain ECF,10000000000,perfusion-limited,1.5,1.35866411774064
brain ECF,10000000000,perfusion-limited,1.6,1.31579319123944
brain ECF,10000000000,perfusion-limited,1.7,1.27669022164291
brain ECF,10000000000,perfusion-limited,1.8,1.24111790096675
brain ECF,10000000000,perfusion-limited,1.9,1.20879430236821
brain ECF,10000000000,perfusion-limited,2,1.17942269524802
brain ECF,10000000000,perfusion-limited,2.1,1.15270990945478
brain ECF,10000000000,perfusion-limited,2.2,1.12837711245455
brain ECF,10000000000,perfusion-limited,2.3,1.10616570616216
brain ECF,10000000000,perfusion-limited,2.4,1.0858399802362
brain ECF,10000000000,perfusion-limited,2.5,1.0671876578912
brain ECF,10000000000,perfusion-limited,2.6,1.05001928143042
brain ECF,10000000000,perfusion-limited,2.7,1.0341668829374
brain ECF,10000000000,perfusion-limited,2.8,1.01948225785237
brain ECF,10000000000,perfusion-limited,2.9,1.0058350885668
brain ECF,10000000000,perfusion-limited,3,0.993111093420535
brain ECF,10000000000,perfusion-limited,3.1,0.981210227610495
brain ECF,10000000000,perfusion-limited,3.2,0.970045012956345
brain ECF,10000000000,perfusion-limited,3.3,0.959538994188737
brain ECF,10000000000,perfusion-limited,3.4,0.949625367503993
brain ECF,10000000000,perfusion-limited,3.5,0.940245764174953
brain ECF,10000000000,perfusion-limited,3.6,0.931349144203605
brain ECF,10000000000,perfusion-limited,3.7,0.922890847201533
brain ECF,10000000000,perfusion-limited,3.8,0.914831760435314
brain ECF,10000000000,perfusion-limited,3.9,0.907137566361524
brain ECF,10000000000,perfusion-limited,4,0.899778109433935
brain ECF,10000000000,perfusion-limited,4.1,0.892726856387713
brain ECF,10000000000,perfusion-limited,4.2,0.885960408315473
brain ECF,10000000000,perfusion-limited,4.3,0.879458084327319
brain ECF,10000000000,perfusion-limited,4.4,0.873201558486187
brain ECF,10000000000,perfusion-limited,4.5,0.867174550768047
brain ECF,10000000000,perfusion-limited,4.6,0.861362550956772
brain ECF,10000000000,perfusion-limited,4.7,0.855752591730642
brain ECF,10000000000,perfusion-limited,4.8,0.850333048453563
brain ECF,10000000000,perfusion-limited,4.9,0.8450934691925
brain ECF,10000000000,perfusion-limited,5,0.840024418926129
brain ECF,10000000000,perfusion-limited,5.1,0.835117349000338
brain ECF,10000000000,perfusion-limited,5.2,0.83036448731896
brain ECF,10000000000,perfusion-limited,5.3,0.825758737169595
brain ECF,10000000000,perfusion-limited,5.4,0.821293599590517
brain ECF,10000000000,perfusion-limited,5.5,0.81696309926283
brain ECF,10000000000,perfusion-limited,5.6,0.812761726218875
brain ECF,10000000000,perfusion-limited,5.7,0.808684376927489
brain ECF,10000000000,perfusion-limited,5.8,0.804726306057511
brain ECF,10000000000,perfusion-limited,5.9,0.80088308957327
brain ECF,10000000000,perfusion-limited,6,0.797150585313986
brain ECF,10000000000,perfusion-limited,6.1,0.793524903571117
brain ECF,10000000000,perfusion-limited,6.2,0.790002383366802
brain ECF,10000000000,perfusion-limited,6.3,0.786579567633907
brain ECF,10000000000,perfusion-limited,6.4,0.783253186559898
brain ECF,10000000000,perfusion-limited,6.5,0.780020134572632
brain ECF,10000000000,perfusion-limited,6.6,0.776877459082244
brain ECF,10000000000,perfusion-limited,6.7,0.77382234423613
brain ECF,10000000000,perfusion-limited,6.8,0.770852098975594
brain ECF,10000000000,perfusion-limited,6.9,0.767964150334171
brain ECF,10000000000,perfusion-limited,7,0.765156029026022
brain ECF,10000000000,perfusion-limited,7.1,0.762425364818572
brain ECF,10000000000,perfusion-limited,7.2,0.759769879858013
brain ECF,10000000000,perfusion-limited,7.3,0.75718738231888
brain ECF,10000000000,perfusion-limited,7.4,0.754675758970589
brain ECF,10000000000,perfusion-limited,7.5,0.752232974293047
brain ECF,10000000000,perfusion-limited,7.6,0.749857061181345
brain ECF,10000000000,perfusion-limited,7.7,0.747546119218361
brain ECF,10000000000,perfusion-limited,7.8,0.745298310897513
brain ECF,10000000000,perfusion-limited,7.9,0.743111856322939
brain ECF,10000000000,perfusion-limited,8,0.740985035796239
brain ECF,10000000000,perfusion-limited,8.1,0.73891618067537
brain ECF,10000000000,perfusion-limited,8.2,0.736903673990556
brain ECF,10000000000,perfusion-limited,8.3,0.734945947285684
brain ECF,10000000000,perfusion-limited,8.4,0.733041481574394
brain ECF,10000000000,perfusion-limited,8.5,0.731188801669698
brain ECF,10000000000,perfusion-limited,8.6,0.729386476500081
brain ECF,10000000000,perfusion-limited,8.7,0.727633115701903
brain ECF,10000000000,perfusion-limited,8.8,0.725927372400321
brain ECF,10000000000,perfusion-limited,8.9,0.724267935290768
brain ECF,10000000000,perfusion-limited,9,0.722653532246842
brain ECF,10000000000,perfusion-limited,9.1,0.72108292715468
brain ECF,10000000000,perfusion-limited,9.2,0.719554917536736
brain ECF,10000000000,perfusion-limited,9.3,0.718068337099497
brain ECF,10000000000,perfusion-limited,9.4,0.716622049544068
brain ECF,10000000000,perfusion-limited,9.5,0.715214952514213
brain ECF,10000000000,perfusion-limited,9.6,0.713845973897705
brain ECF,10000000000,perfusion-limited,9.7,0.71251407080667
brain ECF,10000000000,perfusion-limited,9.8,0.711218230853178
brain ECF,10000000000,perfusion-limited,9.9,0.709957468406192
brain ECF,10000000000,perfusion-limited,10,0.708730825495569
brain ECF,10000000000,perfusion-limited,10.1,0.707537370198896
brain ECF,10000000000,perfusion-limited,10.2,0.706376196594264
brain ECF,10000000000,perfusion-limited,10.3,0.705246424583595
brain ECF,10000000000,perfusion-limited,10.4,0.704147196194964
brain ECF,10000000000,perfusion-limited,10.5,0.703077677627975
brain ECF,10000000000,perfusion-limited,10.6,0.702037060548302
brain ECF,10000000000,perfusion-limited,10.7,0.701024555324283
brain ECF,10000000000,perfusion-limited,10.8,0.700039394671118
brain ECF,10000000000,perfusion-limited,10.9,0.699080834917768
brain ECF,10000000000,perfusion-limited,11,0.69814814982571
brain ECF,10000000000,perfusion-limited,11.1,0.697240633595731
brain ECF,10000000000,perfusion-limited,11.2,0.696357601166682
brain ECF,10000000000,perfusion-limited,11.3,0.695498384904629
brain ECF,10000000000,perfusion-limited,11.4,0.69466233523221
brain ECF,10000000000,perfusion-limited,11.5,0.693848821132066
brain ECF,10000000000,perfusion-limited,11.6,0.693057228467149
brain ECF,10000000000,perfusion-limited,11.7,0.69228695913051
brain ECF,10000000000,perfusion-limited,11.8,0.691537432371924
brain ECF,10000000000,perfusion-limited,11.9,0.690808083987487
brain ECF,10000000000,perfusion-limited,12,0.690098363656508
brain ECF,10000000000,perfusion-limited,12.1,0.689407736585664
brain ECF,10000000000,perfusion-limited,12.2,0.688735682638664
brain ECF,10000000000,perfusion-limited,12.3,0.688081695398894
brain ECF,10000000000,perfusion-limited,12.4,0.687445282357661
brain ECF,10000000000,perfusion-limited,12.5,0.686825966384229
brain ECF,10000000000,perfusion-limited,12.6,0.686223280894233
brain ECF,10000000000,perfusion-limited,12.7,0.68563677262398
brain ECF,10000000000,perfusion-limited,12.8,0.685066000860143
brain ECF,10000000000,perfusion-limited,12.9,0.684510536649386
brain ECF,10000000000,perfusion-limited,13,0.683969962133581
brain ECF,10000000000,perfusion-limited,13.1,0.683443870915082
brain ECF,10000000000,perfusion-limited,13.2,0.682931871295411
brain ECF,10000000000,perfusion-limited,13.3,0.682433578257236
brain ECF,10000000000,perfusion-limited,13.4,0.68194861860452
brain ECF,10000000000,perfusion-limited,13.5,0.681476628874709
brain ECF,10000000000,perfusion-limited,13.6,0.681017255280093
brain ECF,10000000000,perfusion-limited,13.7,0.680570153825712
brain ECF,10000000000,perfusion-limited,13.8,0.680134989568704
brain ECF,10000000000,perfusion-limited,13.9,0.679711439953235
brain ECF,10000000000,perfusion-limited,14,0.679299187771829
brain ECF,10000000000,perfusion-limited,14.1,0.678897925618696
brain ECF,10000000000,perfusion-limited,14.2,0.678507353738315
brain ECF,10000000000,perfusion-limited,14.3,0.678127179993621
brain ECF,10000000000,perfusion-limited,14.4,0.67775712075383
brain ECF,10000000000,perfusion-limited,14.5,0.677396899396758
brain ECF,10000000000,perfusion-limited,14.6,0.677046251402538
brain ECF,10000000000,perfusion-limited,14.7,0.676704914819356
brain ECF,10000000000,perfusion-limited,14.8,0.676372636454375
brain ECF,10000000000,perfusion-limited,14.9,0.676049169325013
brain ECF,10000000000,perfusion-limited,15,0.675734272606215
brain ECF,10000000000,perfusion-limited,15.1,0.675427713123329
brain ECF,10000000000,perfusion-limited,15.2,0.675129263370293
brain ECF,10000000000,perfusion-limited,15.3,0.674838702628447
brain ECF,10000000000,perfusion-limited,15.4,0.674555816267292
brain ECF,10000000000,perfusion-limited,15.5,0.674280394416133
brain ECF,10000000000,perfusion-limited,15.6,0.674012233113817
brain ECF,10000000000,perfusion-limited,15.7,0.673751135335292
brain ECF,10000000000,perfusion-limited,15.8,0.673496909358574
brain ECF,10000000000,perfusion-limited,15.9,0.673249367401315
brain ECF,10000000000,perfusion-limited,16,0.673008327387159
brain ECF,10000000000,perfusion-limited,16.1,0.672773612425954
brain ECF,10000000000,perfusion-limited,16.2,0.672545050359839
brain ECF,10000000000,perfusion-limited,16.3,0.672322473547427
brain ECF,10000000000,perfusion-limited,16.4,0.672105718923206
brain ECF,10000000000,perfusion-limited,16.5,0.671894628058843
brain ECF,10000000000,perfusion-limited,16.6,0.671689046618953
brain ECF,10000000000,perfusion-limited,16.7,0.671488824265181
brain ECF,10000000000,perfusion-limited,16.8,0.671293814659739
brain ECF,10000000000,perfusion-limited,16.9,0.671103876502994
brain ECF,10000000000,perfusion-limited,17,0.670918871490596
brain ECF,10000000000,perfusion-limited,17.1,0.670738664854682
brain ECF,10000000000,perfusion-limited,17.2,0.670563125573384
brain ECF,10000000000,perfusion-limited,17.3,0.67039212726827
brain ECF,10000000000,perfusion-limited,17.4,0.670225546049419
brain ECF,10000000000,perfusion-limited,17.5,0.67006326142706
brain ECF,10000000000,perfusion-limited,17.6,0.669905156266096
brain ECF,10000000000,perfusion-limited,17.7,0.669751117231083
brain ECF,10000000000,perfusion-limited,17.8,0.669601033382765
brain ECF,10000000000,perfusion-limited,17.9,0.669454796911661
brain ECF,10000000000,perfusion-limited,18,0.669312302916851
brain ECF,10000000000,perfusion-limited,18.1,0.669173449604184
brain ECF,10000000000,perfusion-limited,18.2,0.669038138055757
brain ECF,10000000000,perfusion-limited,18.3,0.668906271471665
brain ECF,10000000000,perfusion-limited,18.4,0.668777755816245
brain ECF,10000000000,perfusion-limited,18.5,0.668652499547501
brain ECF,10000000000,perfusion-limited,18.6,0.668530414900849
brain ECF,10000000000,perfusion-limited,18.7,0.66841141482579
brain ECF,10000000000,perfusion-limited,18.8,0.668295415133644
brain ECF,10000000000,perfusion-limited,18.9,0.668182333843896
brain ECF,10000000000,perfusion-limited,19,0.66807209186756
brain ECF,10000000000,perfusion-limited,19.1,0.667964612128883
brain ECF,10000000000,perfusion-limited,19.2,0.667859819027911
brain ECF,10000000000,perfusion-limited,19.3,0.667757639286228
brain ECF,10000000000,perfusion-limited,19.4,0.667658001668077
brain ECF,10000000000,perfusion-limited,19.5,0.667560837469991
brain ECF,10000000000,perfusion-limited,19.6,0.667466079020288
brain ECF,10000000000,perfusion-limited,19.7,0.667373660751817
brain ECF,10000000000,perfusion-limited,19.8,0.667283518840496
brain ECF,10000000000,perfusion-limited,19.9,0.667195591532197
brain ECF,10000000000,perfusion-limited,20,0.667109818505285
brain ECF,10000000000,perfusion-limited,20.1,0.667026140930301
brain ECF,10000000000,perfusion-limited,20.2,0.666944501615258
brain ECF,10000000000,perfusion-limited,20.3,0.6668648450394
brain ECF,10000000000,perfusion-limited,20.4,0.666787117606429
brain ECF,10000000000,perfusion-limited,20.5,0.666711266445171
brain ECF,10000000000,perfusion-limited,20.6,0.666637240342224
brain ECF,10000000000,perfusion-limited,20.7,0.666564989422813
brain ECF,10000000000,perfusion-limited,20.8,0.666494465984697
brain ECF,10000000000,perfusion-limited,20.9,0.666425622746111
brain ECF,10000000000,perfusion-limited,21,0.666358413779209
brain ECF,10000000000,perfusion-limited,21.1,0.666292794461793
brain ECF,10000000000,perfusion-limited,21.2,0.66622872133144
brain ECF,10000000000,perfusion-limited,21.3,0.666166152836566
brain ECF,10000000000,perfusion-limited,21.4,0.666105047907081
brain ECF,10000000000,perfusion-limited,21.5,0.666045366471959
brain ECF,10000000000,perfusion-limited,21.6,0.665987069665922
brain ECF,10000000000,perfusion-limited,21.7,0.665930119633795
brain ECF,10000000000,perfusion-limited,21.8,0.665874480089789
brain ECF,10000000000,perfusion-limited,21.9,0.665820115373568
brain ECF,10000000000,perfusion-limited,22,0.665766990535308
brain ECF,10000000000,perfusion-limited,22.1,0.665715071716221
brain ECF,10000000000,perfusion-limited,22.2,0.665664325936204
brain ECF,10000000000,perfusion-limited,22.3,0.665614721538293
brain ECF,10000000000,perfusion-limited,22.4,0.665566227568279
brain ECF,10000000000,perfusion-limited,22.5,0.665518813538583
brain ECF,10000000000,perfusion-limited,22.6,0.665472449962069
brain ECF,10000000000,perfusion-limited,22.7,0.66542710811906
brain ECF,10000000000,perfusion-limited,22.8,0.665382760383119
brain ECF,10000000000,perfusion-limited,22.9,0.665339379889435
brain ECF,10000000000,perfusion-limited,23,0.665296940064023
brain ECF,10000000000,perfusion-limited,23.1,0.66525541524033
brain ECF,10000000000,perfusion-limited,23.2,0.665214780423936
brain ECF,10000000000,perfusion-limited,23.3,0.665175011421608
brain ECF,10000000000,perfusion-limited,23.4,0.665136084763304
brain ECF,10000000000,perfusion-limited,23.5,0.665097977312853
brain ECF,10000000000,perfusion-limited,23.6,0.665060666655938
brain ECF,10000000000,perfusion-limited,23.7,0.665024130950945
brain ECF,10000000000,perfusion-limited,23.8,0.664988349262372
brain ECF,10000000000,perfusion-limited,23.9,0.664953301678135
brain ECF,10000000000,perfusion-limited,24,0.664918967873071
brain ECF,10000000000,perfusion-limited,24.1,0.664885328481014
brain ECF,10000000000,perfusion-limited,24.2,0.664852364671626
brain ECF,10000000000,perfusion-limited,24.3,0.664820058059661
brain ECF,10000000000,perfusion-limited,24.4,0.66478839059748
brain ECF,10000000000,perfusion-limited,24.5,0.664757345023365
brain ECF,10000000000,perfusion-limited,24.6,0.664726904401983
brain ECF,10000000000,perfusion-limited,24.7,0.664697052236179
brain ECF,10000000000,perfusion-limited,24.8,0.664667772449162
brain ECF,10000000000,perfusion-limited,24.9,0.664639049468004
brain ECF,10000000000,perfusion-limited,25,0.664610868260145
brain ECF,10000000000,perfusion-limited,25.1,0.664583213838626
brain ECF,10000000000,perfusion-limited,25.2,0.66455607172306
brain ECF,10000000000,perfusion-limited,25.3,0.664529427779848
brain ECF,10000000000,perfusion-limited,25.4,0.664503268205458
brain ECF,10000000000,perfusion-limited,25.5,0.66447757998084
brain ECF,10000000000,perfusion-limited,25.6,0.664452350936227
brain ECF,10000000000,perfusion-limited,25.7,0.664427568026189
brain ECF,10000000000,perfusion-limited,25.8,0.664403219069886
brain ECF,10000000000,perfusion-limited,25.9,0.664379292217781
brain ECF,10000000000,perfusion-limited,26,0.664355775941371
scsf,4698,in situ perfusion,0,0
scsf,4698,in situ perfusion,0.1,0.0230723753282274
scsf,4698,in situ perfusion,0.2,0.0867429112661327
scsf,4698,in situ perfusion,0.3,0.173275572152285
scsf,4698,in situ perfusion,0.4,0.270476707979062
scsf,4698,in situ perfusion,0.5,0.370544467028149
scsf,4698,in situ perfusion,0.6,0.468635440794035
scsf,4698,in situ perfusion,0.7,0.561882426925098
scsf,4698,in situ perfusion,0.8,0.648723713844566
scsf,4698,in situ perfusion,0.9,0.728446889334655
scsf,4698,in situ perfusion,1,0.800880142219418
scsf,4698,in situ perfusion,1.1,0.866184811147061
scsf,4698,in situ perfusion,1.2,0.924717166207804
scsf,4698,in situ perfusion,1.3,0.976937468812868
scsf,4698,in situ perfusion,1.4,1.02335108365686
scsf,4698,in situ perfusion,1.5,1.06447129053034
scsf,4698,in situ perfusion,1.6,1.10079658893311
scsf,4698,in situ perfusion,1.7,1.13279768246725
scsf,4698,in situ perfusion,1.8,1.16091074443669
scsf,4698,in situ perfusion,1.9,1.18553477437132
scsf,4698,in situ perfusion,2,1.20703149018014
scsf,4698,in situ perfusion,2.1,1.22572673673335
scsf,4698,in situ perfusion,2.2,1.24191277153493
scsf,4698,in situ perfusion,2.3,1.25585095791547
scsf,4698,in situ perfusion,2.4,1.26777459638904
scsf,4698,in situ perfusion,2.5,1.27789173158968
scsf,4698,in situ perfusion,2.6,1.2863878198135
scsf,4698,in situ perfusion,2.7,1.29342820347299
scsf,4698,in situ perfusion,2.8,1.29916037628546
scsf,4698,in situ perfusion,2.9,1.30371602591693
scsf,4698,in situ perfusion,3,1.3072128573182
scsf,4698,in situ perfusion,3.1,1.30975621641604
scsf,4698,in situ perfusion,3.2,1.31144052380637
scsf,4698,in situ perfusion,3.3,1.31235054764551
scsf,4698,in situ perfusion,3.4,1.31256251227389
scsf,4698,in situ perfusion,3.5,1.31214507407114
scsf,4698,in situ perfusion,3.6,1.31116018343006
scsf,4698,in situ perfusion,3.7,1.30966383287142
scsf,4698,in situ perfusion,3.8,1.3077067230957
scsf,4698,in situ perfusion,3.9,1.30533483782197
scsf,4698,in situ perfusion,4,1.30258995014846
scsf,4698,in situ perfusion,4.1,1.29951006833782
scsf,4698,in situ perfusion,4.2,1.29612982960756
scsf,4698,in situ perfusion,4.3,1.29248084288993
scsf,4698,in situ perfusion,4.4,1.28859199488677
scsf,4698,in situ perfusion,4.5,1.28448971664062
scsf,4698,in situ perfusion,4.6,1.28019821977574
scsf,4698,in situ perfusion,4.7,1.27573970674775
scsf,4698,in situ perfusion,4.8,1.27113455681207
scsf,4698,in situ perfusion,4.9,1.26640149121542
scsf,4698,in situ perfusion,5,1.2615577218806
scsf,4698,in situ perfusion,5.1,1.25661908242291
scsf,4698,in situ perfusion,5.2,1.25160014536365
scsf,4698,in situ perfusion,5.3,1.24651432670907
scsf,4698,in situ perfusion,5.4,1.24137398135286
scsf,4698,in situ perfusion,5.5,1.23619048867652
scsf,4698,in situ perfusion,5.6,1.23097432834454
scsf,4698,in situ perfusion,5.7,1.22573515247289
scsf,4698,in situ perfusion,5.8,1.22048184740329
scsf,4698,in situ perfusion,5.9,1.21522259129854
scsf,4698,in situ perfusion,6,1.20996490598185
scsf,4698,in situ perfusion,6.1,1.20471570604535
scsf,4698,in situ perfusion,6.2,1.19948134072682
scsf,4698,in situ perfusion,6.3,1.19426763524626
scsf,4698,in situ perfusion,6.4,1.18907992750884
scsf,4698,in situ perfusion,6.5,1.18392310034171
scsf,4698,in situ perfusion,6.6,1.17880161816074
scsf,4698,in situ perfusion,6.7,1.17371955017276
scsf,4698,in situ perfusion,6.8,1.16868059852611
scsf,4698,in situ perfusion,6.9,1.16368812741968
scsf,4698,in situ perfusion,7,1.15874517875527
scsf,4698,in situ perfusion,7.1,1.15385449816969
scsf,4698,in situ perfusion,7.2,1.14901855551277
scsf,4698,in situ perfusion,7.3,1.14423956035633
scsf,4698,in situ perfusion,7.4,1.13951948179557
scsf,4698,in situ perfusion,7.5,1.13486006410745
scsf,4698,in situ perfusion,7.6,1.13026283958089
scsf,4698,in situ perfusion,7.7,1.12572914959032
scsf,4698,in situ perfusion,7.8,1.12126014756508
scsf,4698,in situ perfusion,7.9,1.11685682371276
scsf,4698,in situ perfusion,8,1.11252000289121
scsf,4698,in situ perfusion,8.1,1.10825036897396
scsf,4698,in situ perfusion,8.2,1.10404846254761
scsf,4698,in situ perfusion,8.3,1.09991470145802
scsf,4698,in situ perfusion,8.4,1.09584938091336
scsf,4698,in situ perfusion,8.5,1.09185268942614
scsf,4698,in situ perfusion,8.6,1.08792471068341
scsf,4698,in situ perfusion,8.7,1.08406543636933
scsf,4698,in situ perfusion,8.8,1.08027476841891
scsf,4698,in situ perfusion,8.9,1.0765525280176
scsf,4698,in situ perfusion,9,1.07289846098218
scsf,4698,in situ perfusion,9.1,1.06931225175482
scsf,4698,in situ perfusion,9.2,1.06579350680927
scsf,4698,in situ perfusion,9.3,1.06234178969741
scsf,4698,in situ perfusion,9.4,1.05895660705306
scsf,4698,in situ perfusion,9.5,1.05563740620731
scsf,4698,in situ perfusion,9.6,1.05238360532233
scsf,4698,in situ perfusion,9.7,1.04919457174169
scsf,4698,in situ perfusion,9.8,1.04606963701021
scsf,4698,in situ perfusion,9.9,1.04300810601734
scsf,4698,in situ perfusion,10,1.04000924272739
scsf,4698,in situ perfusion,10.1,1.03707229440839
scsf,4698,in situ perfusion,10.2,1.03419648116769
scsf,4698,in situ perfusion,10.3,1.03138099811682
scsf,4698,in situ perfusion,10.4,1.02862502928767
scsf,4698,in situ perfusion,10.5,1.0259277362545
scsf,4698,in situ perfusion,10.6,1.02328826938104
scsf,4698,in situ perfusion,10.7,1.02070576960513
scsf,4698,in situ perfusion,10.8,1.01817935845512
scsf,4698,in situ perfusion,10.9,1.01570816159405
scsf,4698,in situ perfusion,11,1.01329129735342
scsf,4698,in situ perfusion,11.1,1.01092786712232
scsf,4698,in situ perfusion,11.2,1.00861698059022
scsf,4698,in situ perfusion,11.3,1.00635774716273
scsf,4698,in situ perfusion,11.4,1.00414926790253
scsf,4698,in situ perfusion,11.5,1.00199064380362
scsf,4698,in situ perfusion,11.6,0.999880986553303
scsf,4698,in situ perfusion,11.7,0.997819405797841
scsf,4698,in situ perfusion,11.8,0.995805007812916
scsf,4698,in situ perfusion,11.9,0.99383691409921
scsf,4698,in situ perfusion,12,0.991914248875503
scsf,4698,in situ perfusion,12.1,0.990036134503575
scsf,4698,in situ perfusion,12.2,0.988201709390395
scsf,4698,in situ perfusion,12.3,0.986410117524549
scsf,4698,in situ perfusion,12.4,0.984660505998861
scsf,4698,in situ perfusion,12.5,0.982952033794534
scsf,4698,in situ perfusion,12.6,0.981283870598943
scsf,4698,in situ perfusion,12.7,0.979655192384234
scsf,4698,in situ perfusion,12.8,0.978065183361996
scsf,4698,in situ perfusion,12.9,0.976513042436738
scsf,4698,in situ perfusion,13,0.974997976695387
scsf,4698,in situ perfusion,13.1,0.973519199248731
scsf,4698,in situ perfusion,13.2,0.972075940877788
scsf,4698,in situ perfusion,13.3,0.970667441878697
scsf,4698,in situ perfusion,13.4,0.969292950233012
scsf,4698,in situ perfusion,13.5,0.967951726021792
scsf,4698,in situ perfusion,13.6,0.96664304411434
scsf,4698,in situ perfusion,13.7,0.965366190035072
scsf,4698,in situ perfusion,13.8,0.964120454969274
scsf,4698,in situ perfusion,13.9,0.962905148696103
scsf,4698,in situ perfusion,14,0.961719590889892
scsf,4698,in situ perfusion,14.1,0.960563111870783
scsf,4698,in situ perfusion,14.2,0.959435051896144
scsf,4698,in situ perfusion,14.3,0.958334766397958
scsf,4698,in situ perfusion,14.4,0.957261621566112
scsf,4698,in situ perfusion,14.5,0.956214992997107
scsf,4698,in situ perfusion,14.6,0.955194269539595
scsf,4698,in situ perfusion,14.7,0.954198852084396
scsf,4698,in situ perfusion,14.8,0.953228152515914
scsf,4698,in situ perfusion,14.9,0.952281592092181
scsf,4698,in situ perfusion,15,0.951358606005486
scsf,4698,in situ perfusion,15.1,0.950458639962478
scsf,4698,in situ perfusion,15.2,0.949581149841833
scsf,4698,in situ perfusion,15.3,0.94872560231963
scsf,4698,in situ perfusion,15.4,0.947891476138771
scsf,4698,in situ perfusion,15.5,0.947078260418263
scsf,4698,in situ perfusion,15.6,0.946285453121664
scsf,4698,in situ perfusion,15.7,0.945512564675831
scsf,4698,in situ perfusion,15.8,0.944759115384094
scsf,4698,in situ perfusion,15.9,0.944024635823273
scsf,4698,in situ perfusion,16,0.943308664998216
scsf,4698,in situ perfusion,16.1,0.942610753517029
scsf,4698,in situ perfusion,16.2,0.941930461456525
scsf,4698,in situ perfusion,16.3,0.941267358488784
scsf,4698,in situ perfusion,16.4,0.9406210226634
scsf,4698,in situ perfusion,16.5,0.939991042356996
scsf,4698,in situ perfusion,16.6,0.939377015007192
scsf,4698,in situ perfusion,16.7,0.938778546986969
scsf,4698,in situ perfusion,16.8,0.938195252914604
scsf,4698,in situ perfusion,16.9,0.937626756588303
scsf,4698,in situ perfusion,17,0.937072690345898
scsf,4698,in situ perfusion,17.1,0.936532694832099
scsf,4698,in situ perfusion,17.2,0.936006418809803
scsf,4698,in situ perfusion,17.3,0.935493519195015
scsf,4698,in situ perfusion,17.4,0.934993660842105
scsf,4698,in situ perfusion,17.5,0.934506516359651
scsf,4698,in situ perfusion,17.6,0.934031765923376
scsf,4698,in situ perfusion,17.7,0.933569097204878
scsf,4698,in situ perfusion,17.8,0.933118205203392
scsf,4698,in situ perfusion,17.9,0.932678792069173
scsf,4698,in situ perfusion,18,0.932250567173595
scsf,4698,in situ perfusion,18.1,0.931833246687383
scsf,4698,in situ perfusion,18.2,0.931426553441504
scsf,4698,in situ perfusion,18.3,0.931030216915011
scsf,4698,in situ perfusion,18.4,0.930643973264557
scsf,4698,in situ perfusion,18.5,0.930267564904023
scsf,4698,in situ perfusion,18.6,0.929900740312291
scsf,4698,in situ perfusion,18.7,0.929543254086052
scsf,4698,in situ perfusion,18.8,0.929194866879041
scsf,4698,in situ perfusion,18.9,0.928855345224778
scsf,4698,in situ perfusion,19,0.928524461062811
scsf,4698,in situ perfusion,19.1,0.928201991950147
scsf,4698,in situ perfusion,19.2,0.927887720993463
scsf,4698,in situ perfusion,19.3,0.927581437062908
scsf,4698,in situ perfusion,19.4,0.927282933489809
scsf,4698,in situ perfusion,19.5,0.926992008908013
scsf,4698,in situ perfusion,19.6,0.926708466927307
scsf,4698,in situ perfusion,19.7,0.9264321168676
scsf,4698,in situ perfusion,19.8,0.926162771722882
scsf,4698,in situ perfusion,19.9,0.925900249473776
scsf,4698,in situ perfusion,20,0.92564437260174
scsf,4698,in situ perfusion,20.1,0.925394968578683
scsf,4698,in situ perfusion,20.2,0.925151868631165
scsf,4698,in situ perfusion,20.3,0.92491490829683
scsf,4698,in situ perfusion,20.4,0.924683927249542
scsf,4698,in situ perfusion,20.5,0.924458769484006
scsf,4698,in situ perfusion,20.6,0.924239282746801
scsf,4698,in situ perfusion,20.7,0.924025318467585
scsf,4698,in situ perfusion,20.8,0.923816731860444
scsf,4698,in situ perfusion,20.9,0.923613382077743
scsf,4698,in situ perfusion,21,0.923415131921787
scsf,4698,in situ perfusion,21.1,0.9232218472061
scsf,4698,in situ perfusion,21.2,0.92303339729073
scsf,4698,in situ perfusion,21.3,0.922849655153329
scsf,4698,in situ perfusion,21.4,0.922670497562495
scsf,4698,in situ perfusion,21.5,0.922495803226005
scsf,4698,in situ perfusion,21.6,0.922325454371404
scsf,4698,in situ perfusion,21.7,0.922159336167777
scsf,4698,in situ perfusion,21.8,0.921997336755349
scsf,4698,in situ perfusion,21.9,0.921839348814236
scsf,4698,in situ perfusion,22,0.921685265417573
scsf,4698,in situ perfusion,22.1,0.921534983186937
scsf,4698,in situ perfusion,22.2,0.9213884013392
scsf,4698,in situ perfusion,22.3,0.921245421603283
scsf,4698,in situ perfusion,22.4,0.9211059497254
scsf,4698,in situ perfusion,22.5,0.920969892341819
scsf,4698,in situ perfusion,22.6,0.920837158584107
scsf,4698,in situ perfusion,22.7,0.920707660086717
scsf,4698,in situ perfusion,22.8,0.920581310701625
scsf,4698,in situ perfusion,22.9,0.92045802734184
scsf,4698,in situ perfusion,23,0.920337728826649
scsf,4698,in situ perfusion,23.1,0.920220335279167
scsf,4698,in situ perfusion,23.2,0.920105769273367
scsf,4698,in situ perfusion,23.3,0.91999395533731
scsf,4698,in situ perfusion,23.4,0.919884820336282
scsf,4698,in situ perfusion,23.5,0.919778293682159
scsf,4698,in situ perfusion,23.6,0.919674305230637
scsf,4698,in situ perfusion,23.7,0.919572787191864
scsf,4698,in situ perfusion,23.8,0.919473673497635
scsf,4698,in situ perfusion,23.9,0.919376899843397
scsf,4698,in situ perfusion,24,0.919282404799349
scsf,4698,in situ perfusion,24.1,0.919190126851872
scsf,4698,in situ perfusion,24.2,0.919100006680144
scsf,4698,in situ perfusion,24.3,0.919011986477559
scsf,4698,in situ perfusion,24.4,0.918926009900073
scsf,4698,in situ perfusion,24.5,0.918842023042784
scsf,4698,in situ perfusion,24.6,0.918759972394677
scsf,4698,in situ perfusion,24.7,0.918679805931531
scsf,4698,in situ perfusion,24.8,0.918601473082893
scsf,4698,in situ perfusion,24.9,0.918524924560127
scsf,4698,in situ perfusion,25,0.918450113131998
scsf,4698,in situ perfusion,25.1,0.91837699244403
scsf,4698,in situ perfusion,25.2,0.918305516711417
scsf,4698,in situ perfusion,25.3,0.918235641693364
scsf,4698,in situ perfusion,25.4,0.918167324262073
scsf,4698,in situ perfusion,25.5,0.918100522360986
scsf,4698,in situ perfusion,25.6,0.918035195545336
scsf,4698,in situ perfusion,25.7,0.9179713045845
scsf,4698,in situ perfusion,25.8,0.917908810531631
scsf,4698,in situ perfusion,25.9,0.917847675801492
scsf,4698,in situ perfusion,26,0.917787863795704
scsf,34,in vitro cell-based,0,0
scsf,34,in vitro cell-based,0.1,0.00469182745220267
scsf,34,in vitro cell-based,0.2,0.0221258943394363
scsf,34,in vitro cell-based,0.3,0.053800694755685
scsf,34,in vitro cell-based,0.4,0.0986870507500529
scsf,34,in vitro cell-based,0.5,0.15453820374175
scsf,34,in vitro cell-based,0.6,0.218674485371473
scsf,34,in vitro cell-based,0.7,0.28843187315574
scsf,34,in vitro cell-based,0.8,0.361398286081947
scsf,34,in vitro cell-based,0.9,0.43551915351907
scsf,34,in vitro cell-based,1,0.509125288093637
scsf,34,in vitro cell-based,1.1,0.580917072568424
scsf,34,in vitro cell-based,1.2,0.649926383495286
scsf,34,in vitro cell-based,1.3,0.715469344079657
scsf,34,in vitro cell-based,1.4,0.777097641663095
scsf,34,in vitro cell-based,1.5,0.834552684369157
scsf,34,in vitro cell-based,1.6,0.887724699592806
scsf,34,in vitro cell-based,1.7,0.936617593500786
scsf,34,in vitro cell-based,1.8,0.98131956036845
scsf,34,in vitro cell-based,1.9,1.02197908127274
scsf,34,in vitro cell-based,2,1.05878570189095
scsf,34,in vitro cell-based,2.1,1.09195489210127
scsf,34,in vitro cell-based,2.2,1.12171638662657
scsf,34,in vitro cell-based,2.3,1.14830536777691
scsf,34,in vitro cell-based,2.4,1.17195592288282
scsf,34,in vitro cell-based,2.5,1.19289634330567
scsf,34,in vitro cell-based,2.6,1.2113459127072
scsf,34,in vitro cell-based,2.7,1.22751277078231
scsf,34,in vitro cell-based,2.8,1.24159264769473
scsf,34,in vitro cell-based,2.9,1.25376824737376
scsf,34,in vitro cell-based,3,1.26420910764248
scsf,34,in vitro cell-based,3.1,1.27307180689342
scsf,34,in vitro cell-based,3.2,1.28050039388939
scsf,34,in vitro cell-based,3.3,1.28662699034058
scsf,34,in vitro cell-based,3.4,1.2915724836292
scsf,34,in vitro cell-based,3.5,1.29544727946659
scsf,34,in vitro cell-based,3.6,1.29835206485184
scsf,34,in vitro cell-based,3.7,1.30037856832828
scsf,34,in vitro cell-based,3.8,1.30161029924763
scsf,34,in vitro cell-based,3.9,1.30212325361801
scsf,34,in vitro cell-based,4,1.30198657785657
scsf,34,in vitro cell-based,4.1,1.30126318763894
scsf,34,in vitro cell-based,4.2,1.300010340571
scsf,34,in vitro cell-based,4.3,1.29828016343226
scsf,34,in vitro cell-based,4.4,1.29612013664834
scsf,34,in vitro cell-based,4.5,1.29357353171108
scsf,34,in vitro cell-based,4.6,1.29067980820165
scsf,34,in vitro cell-based,4.7,1.28747497451828
scsf,34,in vitro cell-based,4.8,1.28399191411649
scsf,34,in vitro cell-based,4.9,1.2802606771671
scsf,34,in vitro cell-based,5,1.27630874828249
scsf,34,in vitro cell-based,5.1,1.27216128301228
scsf,34,in vitro cell-based,5.2,1.26784131996006
scsf,34,in vitro cell-based,5.3,1.26336997233942
scsf,34,in vitro cell-based,5.4,1.25876660119128
scsf,34,in vitro cell-based,5.5,1.25404897110126
scsf,34,in vitro cell-based,5.6,1.24923338883941
scsf,34,in vitro cell-based,5.7,1.24433482971231
scsf,34,in vitro cell-based,5.8,1.23936705058023
scsf,34,in vitro cell-based,5.9,1.23434269431953
scsf,34,in vitro cell-based,6,1.22927337850857
scsf,34,in vitro cell-based,6.1,1.2241697774123
scsf,34,in vitro cell-based,6.2,1.21904169969245
scsf,34,in vitro cell-based,6.3,1.2138981563015
scsf,34,in vitro cell-based,6.4,1.20874742414084
scsf,34,in vitro cell-based,6.5,1.2035970992871
scsf,34,in vitro cell-based,6.6,1.1984541520574
scsf,34,in vitro cell-based,6.7,1.19332496865499
scsf,34,in vitro cell-based,6.8,1.18821540595236
scsf,34,in vitro cell-based,6.9,1.18313081507918
scsf,34,in vitro cell-based,7,1.17807608505354
scsf,34,in vitro cell-based,7.1,1.17305567943519
scsf,34,in vitro cell-based,7.2,1.168073658069
scsf,34,in vitro cell-based,7.3,1.1631337119177
scsf,34,in vitro cell-based,7.4,1.15823918886749
scsf,34,in vitro cell-based,7.5,1.15339311334178
scsf,34,in vitro cell-based,7.6,1.14859821050745
scsf,34,in vitro cell-based,7.7,1.14385693206869
scsf,34,in vitro cell-based,7.8,1.13917146633549
scsf,34,in vitro cell-based,7.9,1.1345437662484
scsf,34,in vitro cell-based,8,1.129975555289
scsf,34,in vitro cell-based,8.1,1.12546835198046
scsf,34,in vitro cell-based,8.2,1.1210234762984
scsf,34,in vitro cell-based,8.3,1.11664206974877
scsf,34,in vitro cell-based,8.4,1.11232510235653
scsf,34,in vitro cell-based,8.5,1.10807338998877
scsf,34,in vitro cell-based,8.6,1.10388759989089
scsf,34,in vitro cell-based,8.7,1.09976826695002
scsf,34,in vitro cell-based,8.8,1.09571579701862
scsf,34,in vitro cell-based,8.9,1.0917304823069
scsf,34,in vitro cell-based,9,1.08781249915134
scsf,34,in vitro cell-based,9.1,1.08396193197686
scsf,34,in vitro cell-based,9.2,1.0801787747926
scsf,34,in vitro cell-based,9.3,1.07646291835327
scsf,34,in vitro cell-based,9.4,1.07281419653928
scsf,34,in vitro cell-based,9.5,1.06923235903324
scsf,34,in vitro cell-based,9.6,1.06571708055794
scsf,34,in vitro cell-based,9.7,1.0622679915535
scsf,34,in vitro cell-based,9.8,1.05888464719109
scsf,34,in vitro cell-based,9.9,1.05556655978855
scsf,34,in vitro cell-based,10,1.05231319653916
scsf,34,in vitro cell-based,10.1,1.04912396854923
scsf,34,in vitro cell-based,10.2,1.04599826065347
scsf,34,in vitro cell-based,10.3,1.04293541621595
scsf,34,in vitro cell-based,10.4,1.03993474252777
scsf,34,in vitro cell-based,10.5,1.0369955269815
scsf,34,in vitro cell-based,10.6,1.03411702153162
scsf,34,in vitro cell-based,10.7,1.03129846008412
scsf,34,in vitro cell-based,10.8,1.02853905802489
scsf,34,in vitro cell-based,10.9,1.02583800045938
scsf,34,in vitro cell-based,11,1.02319447261201
scsf,34,in vitro cell-based,11.1,1.02060764473722
scsf,34,in vitro cell-based,11.2,1.01807666006223
scsf,34,in vitro cell-based,11.3,1.0156006669367
scsf,34,in vitro cell-based,11.4,1.01317880796449
scsf,34,in vitro cell-based,11.5,1.01081021017971
scsf,34,in vitro cell-based,11.6,1.00849399462226
scsf,34,in vitro cell-based,11.7,1.00622929103603
scsf,34,in vitro cell-based,11.8,1.00401522168211
scsf,34,in vitro cell-based,11.9,1.00185089882298
scsf,34,in vitro cell-based,12,0.999735449317604
scsf,34,in vitro cell-based,12.1,0.997667998668604
scsf,34,in vitro cell-based,12.2,0.99564766467518
scsf,34,in vitro cell-based,12.3,0.993673580809583
scsf,34,in vitro cell-based,12.4,0.991744882742395
scsf,34,in vitro cell-based,12.5,0.989860706080131
scsf,34,in vitro cell-based,12.6,0.988020195447942
scsf,34,in vitro cell-based,12.7,0.986222505367359
scsf,34,in vitro cell-based,12.8,0.984466794222179
scsf,34,in vitro cell-based,12.9,0.982752225259025
scsf,34,in vitro cell-based,13,0.981077976680555
scsf,34,in vitro cell-based,13.1,0.979443233160037
scsf,34,in vitro cell-based,13.2,0.97784718171711
scsf,34,in vitro cell-based,13.3,0.976289028290826
scsf,34,in vitro cell-based,13.4,0.974767986610138
scsf,34,in vitro cell-based,13.5,0.973283277121704
scsf,34,in vitro cell-based,13.6,0.971834129635778
scsf,34,in vitro cell-based,13.7,0.970419790291245
scsf,34,in vitro cell-based,13.8,0.969039514713733
scsf,34,in vitro cell-based,13.9,0.967692562610569
scsf,34,in vitro cell-based,14,0.966378211785972
scsf,34,in vitro cell-based,14.1,0.965095750463456
scsf,34,in vitro cell-based,14.2,0.963844477099488
scsf,34,in vitro cell-based,14.3,0.962623697971094
scsf,34,in vitro cell-based,14.4,0.961432736146789
scsf,34,in vitro cell-based,14.5,0.960270924777927
scsf,34,in vitro cell-based,14.6,0.959137606371113
scsf,34,in vitro cell-based,14.7,0.958032135524063
scsf,34,in vitro cell-based,14.8,0.956953880148569
scsf,34,in vitro cell-based,14.9,0.95590221911865
scsf,34,in vitro cell-based,15,0.954876539402616
scsf,34,in vitro cell-based,15.1,0.953876243257652
scsf,34,in vitro cell-based,15.2,0.95290074326612
scsf,34,in vitro cell-based,15.3,0.951949462607409
scsf,34,in vitro cell-based,15.4,0.951021834380156
scsf,34,in vitro cell-based,15.5,0.950117305053637
scsf,34,in vitro cell-based,15.6,0.949235331448262
scsf,34,in vitro cell-based,15.7,0.948375379500883
scsf,34,in vitro cell-based,15.8,0.947536927215673
scsf,34,in vitro cell-based,15.9,0.946719463736721
scsf,34,in vitro cell-based,16,0.945922488547506
scsf,34,in vitro cell-based,16.1,0.945145510012194
scsf,34,in vitro cell-based,16.2,0.944388047502414
scsf,34,in vitro cell-based,16.3,0.943649631403698
scsf,34,in vitro cell-based,16.4,0.942929801749166
scsf,34,in vitro cell-based,16.5,0.942228107374528
scsf,34,in vitro cell-based,16.6,0.941544106973996
scsf,34,in vitro cell-based,16.7,0.940877369797513
scsf,34,in vitro cell-based,16.8,0.940227474102476
scsf,34,in vitro cell-based,16.9,0.939594006910234
scsf,34,in vitro cell-based,17,0.938976564204856
scsf,34,in vitro cell-based,17.1,0.938374751650376
scsf,34,in vitro cell-based,17.2,0.937788183435071
scsf,34,in vitro cell-based,17.3,0.937216482260001
scsf,34,in vitro cell-based,17.4,0.936659279204085
scsf,34,in vitro cell-based,17.5,0.936116214032315
scsf,34,in vitro cell-based,17.6,0.935586934602078
scsf,34,in vitro cell-based,17.7,0.935071096802582
scsf,34,in vitro cell-based,17.8,0.934568364377926
scsf,34,in vitro cell-based,17.9,0.934078408959091
scsf,34,in vitro cell-based,18,0.933600909758602
scsf,34,in vitro cell-based,18.1,0.933135553453941
scsf,34,in vitro cell-based,18.2,0.932682034015243
scsf,34,in vitro cell-based,18.3,0.932240052645162
scsf,34,in vitro cell-based,18.4,0.931809317559554
scsf,34,in vitro cell-based,18.5,0.931389543887146
scsf,34,in vitro cell-based,18.6,0.930980453616384
scsf,34,in vitro cell-based,18.7,0.930581775172348
scsf,34,in vitro cell-based,18.8,0.930193243498459
scsf,34,in vitro cell-based,18.9,0.92981459984919
scsf,34,in vitro cell-based,19,0.929445591991488
scsf,34,in vitro cell-based,19.1,0.92908597365833
scsf,34,in vitro cell-based,19.2,0.928735504256547
scsf,34,in vitro cell-based,19.3,0.928393949105802
scsf,34,in vitro cell-based,19.4,0.928061079184022
scsf,34,in vitro cell-based,19.5,0.927736671988706
scsf,34,in vitro cell-based,19.6,0.927420509237928
scsf,34,in vitro cell-based,19.7,0.927112378362882
scsf,34,in vitro cell-based,19.8,0.92681207195525
scsf,34,in vitro cell-based,19.9,0.926519388044394
scsf,34,in vitro cell-based,20,0.926234129933043
scsf,34,in vitro cell-based,20.1,0.925956104960156
scsf,34,in vitro cell-based,20.2,0.925685125522332
scsf,34,in vitro cell-based,20.3,0.925421008611594
scsf,34,in vitro cell-based,20.4,0.925163576597664
scsf,34,in vitro cell-based,20.5,0.924912655476408
scsf,34,in vitro cell-based,20.6,0.924668075591566
scsf,34,in vitro cell-based,20.7,0.924429671589332
scsf,34,in vitro cell-based,20.8,0.924197282393082
scsf,34,in vitro cell-based,20.9,0.923970751625509
scsf,34,in vitro cell-based,21,0.923749925785136
scsf,34,in vitro cell-based,21.1,0.923534655572804
scsf,34,in vitro cell-based,21.2,0.923324795394113
scsf,34,in vitro cell-based,21.3,0.923120203932099
scsf,34,in vitro cell-based,21.4,0.922920743185862
scsf,34,in vitro cell-based,21.5,0.92272627822163
scsf,34,in vitro cell-based,21.6,0.922536677709541
scsf,34,in vitro cell-based,21.7,0.922351813651503
scsf,34,in vitro cell-based,21.8,0.922171562648262
scsf,34,in vitro cell-based,21.9,0.921995802572674
scsf,34,in vitro cell-based,22,0.921824415033872
scsf,34,in vitro cell-based,22.1,0.921657284600386
scsf,34,in vitro cell-based,22.2,0.921494298707854
scsf,34,in vitro cell-based,22.3,0.921335348955492
scsf,34,in vitro cell-based,22.4,0.921180328700789
scsf,34,in vitro cell-based,22.5,0.921029133645497
scsf,34,in vitro cell-based,22.6,0.920881662456508
scsf,34,in vitro cell-based,22.7,0.920737816327066
scsf,34,in vitro cell-based,22.8,0.920597499597443
scsf,34,in vitro cell-based,22.9,0.92046061965918
scsf,34,in vitro cell-based,23,0.92032708463426
scsf,34,in vitro cell-based,23.1,0.920196805663431
scsf,34,in vitro cell-based,23.2,0.920069696120033
scsf,34,in vitro cell-based,23.3,0.919945671635896
scsf,34,in vitro cell-based,23.4,0.919824651697328
scsf,34,in vitro cell-based,23.5,0.919706555545229
scsf,34,in vitro cell-based,23.6,0.919591305319357
scsf,34,in vitro cell-based,23.7,0.919478825130588
scsf,34,in vitro cell-based,23.8,0.919369040995509
scsf,34,in vitro cell-based,23.9,0.919261881963154
scsf,34,in vitro cell-based,24,0.919157278014799
scsf,34,in vitro cell-based,24.1,0.919055160690785
scsf,34,in vitro cell-based,24.2,0.91895546355152
scsf,34,in vitro cell-based,24.3,0.918858121837189
scsf,34,in vitro cell-based,24.4,0.918763072935297
scsf,34,in vitro cell-based,24.5,0.918670256243287
scsf,34,in vitro cell-based,24.6,0.918579611596697
scsf,34,in vitro cell-based,24.7,0.918491080859979
scsf,34,in vitro cell-based,24.8,0.918404607375835
scsf,34,in vitro cell-based,24.9,0.918320135999212
scsf,34,in vitro cell-based,25,0.91823761416497
scsf,34,in vitro cell-based,25.1,0.918156989080287
scsf,34,in vitro cell-based,25.2,0.918078209892088
scsf,34,in vitro cell-based,25.3,0.918001227045315
scsf,34,in vitro cell-based,25.4,0.917925992237709
scsf,34,in vitro cell-based,25.5,0.917852459378411
scsf,34,in vitro cell-based,25.6,0.917780582717865
scsf,34,in vitro cell-based,25.7,0.917710317555471
scsf,34,in vitro cell-based,25.8,0.91764162054957
scsf,34,in vitro cell-based,25.9,0.917574449451324
scsf,34,in vitro cell-based,26,0.917508763064126
scsf,80,in vitro PAMPA,0,0
scsf,80,in vitro PAMPA,0.1,0.00778579603548733
scsf,80,in vitro PAMPA,0.2,0.0371165771061942
scsf,80,in vitro PAMPA,0.3,0.0886515860635031
scsf,80,in vitro PAMPA,0.4,0.157983575367129
scsf,80,in vitro PAMPA,0.5,0.239346150928607
scsf,80,in vitro PAMPA,0.6,0.327309307931749
scsf,80,in vitro PAMPA,0.7,0.41742697400105
scsf,80,in vitro PAMPA,0.8,0.506367856924542
scsf,80,in vitro PAMPA,0.9,0.59181561368367
scsf,80,in vitro PAMPA,1,0.672286353139535
scsf,80,in vitro PAMPA,1.1,0.746935570036321
scsf,80,in vitro PAMPA,1.2,0.815385901785293
scsf,80,in vitro PAMPA,1.3,0.877586210636605
scsf,80,in vitro PAMPA,1.4,0.933702382322895
scsf,80,in vitro PAMPA,1.5,0.984036054998315
scsf,80,in vitro PAMPA,1.6,1.02896604313945
scsf,80,in vitro PAMPA,1.7,1.06890749542943
scsf,80,in vitro PAMPA,1.8,1.10428426253558
scsf,80,in vitro PAMPA,1.9,1.13551101046699
scsf,80,in vitro PAMPA,2,1.16298224587484
scsf,80,in vitro PAMPA,2.1,1.18706613703898
scsf,80,in vitro PAMPA,2.2,1.2081016600936
scsf,80,in vitro PAMPA,2.3,1.22639790251942
scsf,80,in vitro PAMPA,2.4,1.24223472646199
scsf,80,in vitro PAMPA,2.5,1.25586427881254
scsf,80,in vitro PAMPA,2.6,1.26751296909486
scsf,80,in vitro PAMPA,2.7,1.27738362671149
scsf,80,in vitro PAMPA,2.8,1.28565770707277
scsf,80,in vitro PAMPA,2.9,1.29249744054236
scsf,80,in vitro PAMPA,3,1.29804785751144
scsf,80,in vitro PAMPA,3.1,1.30243865345968
scsf,80,in vitro PAMPA,3.2,1.30578589517315
scsf,80,in vitro PAMPA,3.3,1.30819355380617
scsf,80,in vitro PAMPA,3.4,1.3097548820795
scsf,80,in vitro PAMPA,3.5,1.31055362704134
scsf,80,in vitro PAMPA,3.6,1.31066511280739
scsf,80,in vitro PAMPA,3.7,1.31015719532536
scsf,80,in vitro PAMPA,3.8,1.3090911014631
scsf,80,in vitro PAMPA,3.9,1.30752217010214
scsf,80,in vitro PAMPA,4,1.30550049935706
scsf,80,in vitro PAMPA,4.1,1.3030715166719
scsf,80,in vitro PAMPA,4.2,1.30027648100784
scsf,80,in vitro PAMPA,4.3,1.2971529233576
scsf,80,in vitro PAMPA,4.4,1.29373503787886
scsf,80,in vitro PAMPA,4.5,1.29005402112401
scsf,80,in vitro PAMPA,4.6,1.28613837180324
scsf,80,in vitro PAMPA,4.7,1.28201415714304
scsf,80,in vitro PAMPA,4.8,1.27770524878208
scsf,80,in vitro PAMPA,4.9,1.27323352932236
scsf,80,in vitro PAMPA,5,1.26861907955117
scsf,80,in vitro PAMPA,5.1,1.2638803416239
scsf,80,in vitro PAMPA,5.2,1.25903426400116
scsf,80,in vitro PAMPA,5.3,1.25409643158233
scsf,80,in vitro PAMPA,5.4,1.24908118288639
scsf,80,in vitro PAMPA,5.5,1.24400171499051
scsf,80,in vitro PAMPA,5.6,1.23887017679075
scsf,80,in vitro PAMPA,5.7,1.23369775384672
scsf,80,in vitro PAMPA,5.8,1.22849474471444
scsf,80,in vitro PAMPA,5.9,1.22327063202396
scsf,80,in vitro PAMPA,6,1.21803414199033
scsf,80,in vitro PAMPA,6.1,1.2127933012261
scsf,80,in vitro PAMPA,6.2,1.20755548981516
scsf,80,in vitro PAMPA,6.3,1.2023274882387
scsf,80,in vitro PAMPA,6.4,1.19711552188974
scsf,80,in vitro PAMPA,6.5,1.19192529828869
scsf,80,in vitro PAMPA,6.6,1.18676204598902
scsf,80,in vitro PAMPA,6.7,1.18163054490424
scsf,80,in vitro PAMPA,6.8,1.17653516489843
scsf,80,in vitro PAMPA,6.9,1.17147988386345
scsf,80,in vitro PAMPA,7,1.16646832005288
scsf,80,in vitro PAMPA,7.1,1.16150375741782
scsf,80,in vitro PAMPA,7.2,1.15658916373692
scsf,80,in vitro PAMPA,7.3,1.15172721603845
scsf,80,in vitro PAMPA,7.4,1.14692031947483
scsf,80,in vitro PAMPA,7.5,1.14217062335484
scsf,80,in vitro PAMPA,7.6,1.13748003967118
scsf,80,in vitro PAMPA,7.7,1.13285026150233
scsf,80,in vitro PAMPA,7.8,1.12828277372466
scsf,80,in vitro PAMPA,7.9,1.1237788714513
scsf,80,in vitro PAMPA,8,1.11933966873809
scsf,80,in vitro PAMPA,8.1,1.11496611395351
scsf,80,in vitro PAMPA,8.2,1.1106589987596
scsf,80,in vitro PAMPA,8.3,1.10641897066185
scsf,80,in vitro PAMPA,8.4,1.10224654168275
scsf,80,in vitro PAMPA,8.5,1.09814209953698
scsf,80,in vitro PAMPA,8.6,1.09410591468547
scsf,80,in vitro PAMPA,8.7,1.09013815099943
scsf,80,in vitro PAMPA,8.8,1.08623887104886
scsf,80,in vitro PAMPA,8.9,1.0824080460982
scsf,80,in vitro PAMPA,9,1.07864555729289
scsf,80,in vitro PAMPA,9.1,1.07495121145347
scsf,80,in vitro PAMPA,9.2,1.07132474600443
scsf,80,in vitro PAMPA,9.3,1.06776581646045
scsf,80,in vitro PAMPA,9.4,1.06427403441189
scsf,80,in vitro PAMPA,9.5,1.06084894718657
scsf,80,in vitro PAMPA,9.6,1.05749004214636
scsf,80,in vitro PAMPA,9.7,1.05419677440633
scsf,80,in vitro PAMPA,9.8,1.05096854213173
scsf,80,in vitro PAMPA,9.9,1.04780470897506
scsf,80,in vitro PAMPA,10,1.04470460723583
scsf,80,in vitro PAMPA,10.1,1.04166752547145
scsf,80,in vitro PAMPA,10.2,1.03869273443507
scsf,80,in vitro PAMPA,10.3,1.03577947487797
scsf,80,in vitro PAMPA,10.4,1.03292696035109
scsf,80,in vitro PAMPA,10.5,1.03013439214269
scsf,80,in vitro PAMPA,10.6,1.02740094677756
scsf,80,in vitro PAMPA,10.7,1.0247257877683
scsf,80,in vitro PAMPA,10.8,1.02210806865123
scsf,80,in vitro PAMPA,10.9,1.01954692029022
scsf,80,in vitro PAMPA,11,1.01704147779546
scsf,80,in vitro PAMPA,11.1,1.01459086734394
scsf,80,in vitro PAMPA,11.2,1.01219419789663
scsf,80,in vitro PAMPA,11.3,1.00985058276814
scsf,80,in vitro PAMPA,11.4,1.00755913652584
scsf,80,in vitro PAMPA,11.5,1.0053189649473
scsf,80,in vitro PAMPA,11.6,1.00312916961251
scsf,80,in vitro PAMPA,11.7,1.00098886456212
scsf,80,in vitro PAMPA,11.8,0.998897161300144
scsf,80,in vitro PAMPA,11.9,0.996853164922882
scsf,80,in vitro PAMPA,12,0.994855996783848
scsf,80,in vitro PAMPA,12.1,0.992904780284751
scsf,80,in vitro PAMPA,12.2,0.990998636047917
scsf,80,in vitro PAMPA,12.3,0.989136699585
scsf,80,in vitro PAMPA,12.4,0.987318112292432
scsf,80,in vitro PAMPA,12.5,0.985542019041624
scsf,80,in vitro PAMPA,12.6,0.983807573733154
scsf,80,in vitro PAMPA,12.7,0.982113942463725
scsf,80,in vitro PAMPA,12.8,0.980460297721382
scsf,80,in vitro PAMPA,12.9,0.978845817848296
scsf,80,in vitro PAMPA,13,0.977269697114178
scsf,80,in vitro PAMPA,13.1,0.975731138176849
scsf,80,in vitro PAMPA,13.2,0.974229347567265
scsf,80,in vitro PAMPA,13.3,0.972763550678003
scsf,80,in vitro PAMPA,13.4,0.971332981857626
scsf,80,in vitro PAMPA,13.5,0.969936884262689
scsf,80,in vitro PAMPA,13.6,0.968574510105507
scsf,80,in vitro PAMPA,13.7,0.967245128451157
scsf,80,in vitro PAMPA,13.8,0.965948018457058
scsf,80,in vitro PAMPA,13.9,0.96468246588644
scsf,80,in vitro PAMPA,14,0.963447772222903
scsf,80,in vitro PAMPA,14.1,0.962243251052778
scsf,80,in vitro PAMPA,14.2,0.961068226742638
scsf,80,in vitro PAMPA,14.3,0.959922031817335
scsf,80,in vitro PAMPA,14.4,0.958804015208816
scsf,80,in vitro PAMPA,14.5,0.957713536260144
scsf,80,in vitro PAMPA,14.6,0.95664996451878
scsf,80,in vitro PAMPA,14.7,0.955612680927818
scsf,80,in vitro PAMPA,14.8,0.954601079899285
scsf,80,in vitro PAMPA,14.9,0.95361456683194
scsf,80,in vitro PAMPA,15,0.95265255598186
scsf,80,in vitro PAMPA,15.1,0.951714475615326
scsf,80,in vitro PAMPA,15.2,0.950799764759515
scsf,80,in vitro PAMPA,15.3,0.949907873141042
scsf,80,in vitro PAMPA,15.4,0.949038260201916
scsf,80,in vitro PAMPA,15.5,0.948190398290307
scsf,80,in vitro PAMPA,15.6,0.947363769995091
scsf,80,in vitro PAMPA,15.7,0.946557867435095
scsf,80,in vitro PAMPA,15.8,0.945772193808111
scsf,80,in vitro PAMPA,15.9,0.945006263424147
scsf,80,in vitro PAMPA,16,0.944259600625683
scsf,80,in vitro PAMPA,16.1,0.943531738923128
scsf,80,in vitro PAMPA,16.2,0.942822221938447
scsf,80,in vitro PAMPA,16.3,0.942130604118449
scsf,80,in vitro PAMPA,16.4,0.941456449243104
scsf,80,in vitro PAMPA,16.5,0.940799329998511
scsf,80,in vitro PAMPA,16.6,0.940158828236894
scsf,80,in vitro PAMPA,16.7,0.939534536013724
scsf,80,in vitro PAMPA,16.8,0.938926054087803
scsf,80,in vitro PAMPA,16.9,0.938332991894021
scsf,80,in vitro PAMPA,17,0.937754967388135
scsf,80,in vitro PAMPA,17.1,0.937191607695907
scsf,80,in vitro PAMPA,17.2,0.93664254818762
scsf,80,in vitro PAMPA,17.3,0.936107432518203
scsf,80,in vitro PAMPA,17.4,0.935585912450445
scsf,80,in vitro PAMPA,17.5,0.935077647848811
scsf,80,in vitro PAMPA,17.6,0.934582306404049
scsf,80,in vitro PAMPA,17.7,0.934099563534717
scsf,80,in vitro PAMPA,17.8,0.933629102272295
scsf,80,in vitro PAMPA,17.9,0.933170613001661
scsf,80,in vitro PAMPA,18,0.932723793403563
scsf,80,in vitro PAMPA,18.1,0.932288348292026
scsf,80,in vitro PAMPA,18.2,0.931863989509974
scsf,80,in vitro PAMPA,18.3,0.931450435667304
scsf,80,in vitro PAMPA,18.4,0.931047412082185
scsf,80,in vitro PAMPA,18.5,0.930654650640645
scsf,80,in vitro PAMPA,18.6,0.930271889916416
scsf,80,in vitro PAMPA,18.7,0.929898874375574
scsf,80,in vitro PAMPA,18.8,0.929535354738813
scsf,80,in vitro PAMPA,18.9,0.929181087702883
scsf,80,in vitro PAMPA,19,0.928835836193108
scsf,80,in vitro PAMPA,19.1,0.928499368940649
scsf,80,in vitro PAMPA,19.2,0.928171459788797
scsf,80,in vitro PAMPA,19.3,0.927851888275379
scsf,80,in vitro PAMPA,19.4,0.927540439267409
scsf,80,in vitro PAMPA,19.5,0.927236903952667
scsf,80,in vitro PAMPA,19.6,0.926941077468271
scsf,80,in vitro PAMPA,19.7,0.926652760252979
scsf,80,in vitro PAMPA,19.8,0.926371757678115
scsf,80,in vitro PAMPA,19.9,0.926097880172451
scsf,80,in vitro PAMPA,20,0.925830943398813
scsf,80,in vitro PAMPA,20.1,0.925570766602124
scsf,80,in vitro PAMPA,20.2,0.925317173869133
scsf,80,in vitro PAMPA,20.3,0.925069993621031
scsf,80,in vitro PAMPA,20.4,0.924829059250786
scsf,80,in vitro PAMPA,20.5,0.924594207839082
scsf,80,in vitro PAMPA,20.6,0.924365280327259
scsf,80,in vitro PAMPA,20.7,0.924142121775582
scsf,80,in vitro PAMPA,20.8,0.923924581192845
scsf,80,in vitro PAMPA,20.9,0.923712512265462
scsf,80,in vitro PAMPA,21,0.923505771153408
scsf,80,in vitro PAMPA,21.1,0.923304218039556
scsf,80,in vitro PAMPA,21.2,0.923107716589971
scsf,80,in vitro PAMPA,21.3,0.922916134418891
scsf,80,in vitro PAMPA,21.4,0.922729342536457
scsf,80,in vitro PAMPA,21.5,0.922547214571374
scsf,80,in vitro PAMPA,21.6,0.92236962762466
scsf,80,in vitro PAMPA,21.7,0.922196461872437
scsf,80,in vitro PAMPA,21.8,0.922027601888022
scsf,80,in vitro PAMPA,21.9,0.921862933522705
scsf,80,in vitro PAMPA,22,0.921702345992166
scsf,80,in vitro PAMPA,22.1,0.921545731347345
scsf,80,in vitro PAMPA,22.2,0.921392984332799
scsf,80,in vitro PAMPA,22.3,0.921244003364235
scsf,80,in vitro PAMPA,22.4,0.921098689051456
scsf,80,in vitro PAMPA,22.5,0.920956943773598
scsf,80,in vitro PAMPA,22.6,0.920818672807369
scsf,80,in vitro PAMPA,22.7,0.920683783798026
scsf,80,in vitro PAMPA,22.8,0.920552187143573
scsf,80,in vitro PAMPA,22.9,0.920423796573498
scsf,80,in vitro PAMPA,23,0.920298526117308
scsf,80,in vitro PAMPA,23.1,0.920176292737405
scsf,80,in vitro PAMPA,23.2,0.920057015485834
scsf,80,in vitro PAMPA,23.3,0.919940615434229
scsf,80,in vitro PAMPA,23.4,0.919827017464246
scsf,80,in vitro PAMPA,23.5,0.919716146199762
scsf,80,in vitro PAMPA,23.6,0.919607928853677
scsf,80,in vitro PAMPA,23.7,0.919502294545419
scsf,80,in vitro PAMPA,23.8,0.919399174179116
scsf,80,in vitro PAMPA,23.9,0.919298501331374
scsf,80,in vitro PAMPA,24,0.919200210923508
scsf,80,in vitro PAMPA,24.1,0.919104238920834
scsf,80,in vitro PAMPA,24.2,0.919010523306872
scsf,80,in vitro PAMPA,24.3,0.918919003640801
scsf,80,in vitro PAMPA,24.4,0.918829621328982
scsf,80,in vitro PAMPA,24.5,0.918742319990218
scsf,80,in vitro PAMPA,24.6,0.91865704342158
scsf,80,in vitro PAMPA,24.7,0.918573737376486
scsf,80,in vitro PAMPA,24.8,0.91849234899277
scsf,80,in vitro PAMPA,24.9,0.918412826744679
scsf,80,in vitro PAMPA,25,0.91833512157884
scsf,80,in vitro PAMPA,25.1,0.918259184307584
scsf,80,in vitro PAMPA,25.2,0.918184967449869
scsf,80,in vitro PAMPA,25.3,0.918112424767948
scsf,80,in vitro PAMPA,25.4,0.918041511193163
scsf,80,in vitro PAMPA,25.5,0.917972183540565
scsf,80,in vitro PAMPA,25.6,0.917904399390303
scsf,80,in vitro PAMPA,25.7,0.917838116946907
scsf,80,in vitro PAMPA,25.8,0.91777329578069
scsf,80,in vitro PAMPA,25.9,0.917709896483739
scsf,80,in vitro PAMPA,26,0.917647880631995
scsf,7770,in silico perfusion,0,0
scsf,7770,in silico perfusion,0.1,0.0231517459209404
scsf,7770,in silico perfusion,0.2,0.086949122864616
scsf,7770,in silico perfusion,0.3,0.173551643900985
scsf,7770,in silico perfusion,0.4,0.270785189215335
scsf,7770,in silico perfusion,0.5,0.370861399788619
scsf,7770,in silico perfusion,0.6,0.468945960172982
scsf,7770,in silico perfusion,0.7,0.562177744604154
scsf,7770,in silico perfusion,0.8,0.648999058097502
scsf,7770,in silico perfusion,0.9,0.728700089558179
scsf,7770,in silico perfusion,1,0.801110693340272
scsf,7770,in silico perfusion,1.1,0.866393227300335
scsf,7770,in silico perfusion,1.2,0.924904559814586
scsf,7770,in silico perfusion,1.3,0.977105270241937
scsf,7770,in silico perfusion,1.4,1.0235008605098
scsf,7770,in silico perfusion,1.5,1.06460463092561
scsf,7770,in silico perfusion,1.6,1.10091503931295
scsf,7770,in silico perfusion,1.7,1.13290269536846
scsf,7770,in silico perfusion,1.8,1.16100367243743
scsf,7770,in silico perfusion,1.9,1.18561685132916
scsf,7770,in silico perfusion,2,1.20710383196671
scsf,7770,in silico perfusion,2.1,1.22579035405445
scsf,7770,in silico perfusion,2.2,1.2419685679949
scsf,7770,in silico perfusion,2.3,1.25589974060879
scsf,7770,in silico perfusion,2.4,1.26781708821422
scsf,7770,in silico perfusion,2.5,1.27792857613389
scsf,7770,in silico perfusion,2.6,1.28641959030368
scsf,7770,in silico perfusion,2.7,1.29345541223799
scsf,7770,in silico perfusion,2.8,1.29918348112838
scsf,7770,in silico perfusion,2.9,1.3037354329097
scsf,7770,in silico perfusion,3,1.30722893069394
scsf,7770,in silico perfusion,3.1,1.30976928311005
scsf,7770,in silico perfusion,3.2,1.31145087902898
scsf,7770,in silico perfusion,3.3,1.31235845360957
scsf,7770,in silico perfusion,3.4,1.31256820340746
scsf,7770,in silico perfusion,3.5,1.31214876296133
scsf,7770,in silico perfusion,3.6,1.31116206308855
scsf,7770,in silico perfusion,3.7,1.30966407990177
scsf,7770,in silico perfusion,3.8,1.30770549543768
scsf,7770,in silico perfusion,3.9,1.30533227708602
scsf,7770,in silico perfusion,4,1.3025861859741
scsf,7770,in silico perfusion,4.1,1.29950521991354
scsf,7770,in silico perfusion,4.2,1.29612400540584
scsf,7770,in silico perfusion,4.3,1.29247414295082
scsf,7770,in silico perfusion,4.4,1.28858450937079
scsf,7770,in silico perfusion,4.5,1.28448152707088
scsf,7770,in silico perfusion,4.6,1.28018940152792
scsf,7770,in silico perfusion,4.7,1.27573032964139
scsf,7770,in silico perfusion,4.8,1.27112468536019
scsf,7770,in silico perfusion,4.9,1.26639118549718
scsf,7770,in silico perfusion,5,1.26154703704565
scsf,7770,in silico perfusion,5.1,1.25660806754848
scsf,7770,in silico perfusion,5.2,1.25158884512789
scsf,7770,in silico perfusion,5.3,1.24650278323454
scsf,7770,in silico perfusion,5.4,1.24136223406553
scsf,7770,in silico perfusion,5.5,1.23617857390367
scsf,7770,in silico perfusion,5.6,1.23096228054433
scsf,7770,in silico perfusion,5.7,1.22572300316959
scsf,7770,in silico perfusion,5.8,1.22046962506784
scsf,7770,in silico perfusion,5.9,1.21521032136347
scsf,7770,in silico perfusion,6,1.20995261111111
scsf,7770,in silico perfusion,6.1,1.20470340831633
scsf,7770,in silico perfusion,6.2,1.1994690607752
scsf,7770,in silico perfusion,6.3,1.19425539203318
scsf,7770,in silico perfusion,6.4,1.18906773815831
scsf,7770,in silico perfusion,6.5,1.18391098293162
scsf,7770,in silico perfusion,6.6,1.17878958751634
scsf,7770,in silico perfusion,6.7,1.1737076198225
scsf,7770,in silico perfusion,6.8,1.16866877993683
scsf,7770,in silico perfusion,6.9,1.16367643040915
scsf,7770,in silico perfusion,7,1.15873361236997
scsf,7770,in silico perfusion,7.1,1.15384307138446
scsf,7770,in silico perfusion,7.2,1.1490072770316
scsf,7770,in silico perfusion,7.3,1.14422843719403
scsf,7770,in silico perfusion,7.4,1.13950852189823
scsf,7770,in silico perfusion,7.5,1.13484927386637
scsf,7770,in silico perfusion,7.6,1.13025222604238
scsf,7770,in silico perfusion,7.7,1.12571871771973
scsf,7770,in silico perfusion,7.8,1.12124990333932
scsf,7770,in silico perfusion,7.9,1.11684676788127
scsf,7770,in silico perfusion,8,1.11251013844439
scsf,7770,in silico perfusion,8.1,1.1082406964833
scsf,7770,in silico perfusion,8.2,1.10403898251588
scsf,7770,in silico perfusion,8.3,1.09990541633743
scsf,7770,in silico perfusion,8.4,1.09584029042322
scsf,7770,in silico perfusion,8.5,1.09184379683087
scsf,7770,in silico perfusion,8.6,1.08791601566695
scsf,7770,in silico perfusion,8.7,1.08405694134785
scsf,7770,in silico perfusion,8.8,1.08026647261738
scsf,7770,in silico perfusion,8.9,1.07654443449146
scsf,7770,in silico perfusion,9,1.07289057109515
scsf,7770,in silico perfusion,9.1,1.06930456293286
scsf,7770,in silico perfusion,9.2,1.06578602372742
scsf,7770,in silico perfusion,9.3,1.06233451081409
scsf,7770,in silico perfusion,9.4,1.05894952573057
scsf,7770,in silico perfusion,9.5,1.05563052193221
scsf,7770,in silico perfusion,9.6,1.05237691539855
scsf,7770,in silico perfusion,9.7,1.04918807018623
scsf,7770,in silico perfusion,9.8,1.04606332060558
scsf,7770,in silico perfusion,9.9,1.0430019744783
scsf,7770,in silico perfusion,10,1.04000329235184
scsf,7770,in silico perfusion,10.1,1.03706652246007
scsf,7770,in silico perfusion,10.2,1.03419089001849
scsf,7770,in silico perfusion,10.3,1.03137558379629
scsf,7770,in silico perfusion,10.4,1.02861978961048
scsf,7770,in silico perfusion,10.5,1.02592267360252
scsf,7770,in silico perfusion,10.6,1.0232833791758
scsf,7770,in silico perfusion,10.7,1.02070104875801
scsf,7770,in silico perfusion,10.8,1.01817481183614
scsf,7770,in silico perfusion,10.9,1.0157037841576
scsf,7770,in silico perfusion,11,1.01328708377846
scsf,7770,in silico perfusion,11.1,1.01092382057904
scsf,7770,in silico perfusion,11.2,1.00861309727186
scsf,7770,in silico perfusion,11.3,1.00635402216182
scsf,7770,in silico perfusion,11.4,1.00414569744165
scsf,7770,in silico perfusion,11.5,1.00198722466842
scsf,7770,in silico perfusion,11.6,0.999877714457905
scsf,7770,in silico perfusion,11.7,0.997816278009218
scsf,7770,in silico perfusion,11.8,0.995802019666212
scsf,7770,in silico perfusion,11.9,0.99383406231798
scsf,7770,in silico perfusion,12,0.991911531483832
scsf,7770,in silico perfusion,12.1,0.990033550166022
scsf,7770,in silico perfusion,12.2,0.988199254214605
scsf,7770,in silico perfusion,12.3,0.986407789224362
scsf,7770,in silico perfusion,12.4,0.98465830513485
scsf,7770,in silico perfusion,12.5,0.982949956603394
scsf,7770,in silico perfusion,12.6,0.981281914323152
scsf,7770,in silico perfusion,12.7,0.979653356457785
scsf,7770,in silico perfusion,12.8,0.978063464698455
scsf,7770,in silico perfusion,12.9,0.976511438008796
scsf,7770,in silico perfusion,13,0.974996484164824
scsf,7770,in silico perfusion,13.1,0.97351781854583
scsf,7770,in silico perfusion,13.2,0.972074668376012
scsf,7770,in silico perfusion,13.3,0.970666274371228
scsf,7770,in silico perfusion,13.4,0.969291886856141
scsf,7770,in silico perfusion,13.5,0.967950764324624
scsf,7770,in silico perfusion,13.6,0.966642181507728
scsf,7770,in silico perfusion,13.7,0.965365423652566
scsf,7770,in silico perfusion,13.8,0.964119783010615
scsf,7770,in silico perfusion,13.9,0.962904568536321
scsf,7770,in silico perfusion,14,0.961719100139987
scsf,7770,in silico perfusion,14.1,0.960562708971559
scsf,7770,in silico perfusion,14.2,0.959434734183185
scsf,7770,in silico perfusion,14.3,0.958334531821725
scsf,7770,in silico perfusion,14.4,0.957261468257522
scsf,7770,in silico perfusion,14.5,0.956214920142066
scsf,7770,in silico perfusion,14.6,0.955194274620511
scsf,7770,in silico perfusion,14.7,0.954198933325829
scsf,7770,in silico perfusion,14.8,0.953228308484224
scsf,7770,in silico perfusion,14.9,0.952281821739721
scsf,7770,in silico perfusion,15,0.951358907206095
scsf,7770,in silico perfusion,15.1,0.950459010885001
scsf,7770,in silico perfusion,15.2,0.949581589567999
scsf,7770,in silico perfusion,15.3,0.94872610895954
scsf,7770,in silico perfusion,15.4,0.947892048003704
scsf,7770,in silico perfusion,15.5,0.947078895719085
scsf,7770,in silico perfusion,15.6,0.946286151495499
scsf,7770,in silico perfusion,15.7,0.945513324204602
scsf,7770,in silico perfusion,15.8,0.944759934531077
scsf,7770,in silico perfusion,15.9,0.944025512930293
scsf,7770,in silico perfusion,16,0.943309599373658
scsf,7770,in silico perfusion,16.1,0.942611743622852
scsf,7770,in silico perfusion,16.2,0.941931505888641
scsf,7770,in silico perfusion,16.3,0.941268455752111
scsf,7770,in silico perfusion,16.4,0.94062217154183
scsf,7770,in silico perfusion,16.5,0.939992241529839
scsf,7770,in silico perfusion,16.6,0.93937826315854
scsf,7770,in silico perfusion,16.7,0.938779842820255
scsf,7770,in silico perfusion,16.8,0.938196595343687
scsf,7770,in silico perfusion,16.9,0.937628144380908
scsf,7770,in silico perfusion,17,0.937074122432451
scsf,7770,in silico perfusion,17.1,0.936534170247863
scsf,7770,in silico perfusion,17.2,0.936007936630269
scsf,7770,in silico perfusion,17.3,0.935495078302415
scsf,7770,in silico perfusion,17.4,0.934995260276758
scsf,7770,in silico perfusion,17.5,0.934508155178624
scsf,7770,in silico perfusion,17.6,0.934033443241815
scsf,7770,in silico perfusion,17.7,0.933570812146024
scsf,7770,in silico perfusion,17.8,0.933119956897102
scsf,7770,in silico perfusion,17.9,0.932680579648403
scsf,7770,in silico perfusion,18,0.932252389576579
scsf,7770,in silico perfusion,18.1,0.931835103147748
scsf,7770,in silico perfusion,18.2,0.931428443070534
scsf,7770,in silico perfusion,18.3,0.931032138814468
scsf,7770,in silico perfusion,18.4,0.930645926293463
scsf,7770,in silico perfusion,18.5,0.930269548206151
scsf,7770,in silico perfusion,18.6,0.929902753024412
scsf,7770,in silico perfusion,18.7,0.929545295328029
scsf,7770,in silico perfusion,18.8,0.929196935657192
scsf,7770,in silico perfusion,18.9,0.928857440646324
scsf,7770,in silico perfusion,19,0.928526582485162
scsf,7770,in silico perfusion,19.1,0.928204138751914
scsf,7770,in silico perfusion,19.2,0.927889892523179
scsf,7770,in silico perfusion,19.3,0.927583632466996
scsf,7770,in silico perfusion,19.4,0.92728515253904
scsf,7770,in silico perfusion,19.5,0.926994251262715
scsf,7770,in silico perfusion,19.6,0.926710732297964
scsf,7770,in silico perfusion,19.7,0.926434404094542
scsf,7770,in silico perfusion,19.8,0.926165080625544
scsf,7770,in silico perfusion,19.9,0.92590257991633
scsf,7770,in silico perfusion,20,0.925646724237179
scsf,7770,in silico perfusion,20.1,0.925397340431745
scsf,7770,in silico perfusion,20.2,0.925154259584679
scsf,7770,in silico perfusion,20.3,0.924917318511697
scsf,7770,in silico perfusion,20.4,0.924686356292341
scsf,7770,in silico perfusion,20.5,0.924461216564456
scsf,7770,in silico perfusion,20.6,0.924241746877885
scsf,7770,in silico perfusion,20.7,0.924027798777935
scsf,7770,in silico perfusion,20.8,0.92381922852378
scsf,7770,in silico perfusion,20.9,0.923615894538642
scsf,7770,in silico perfusion,21,0.923417659331949
scsf,7770,in silico perfusion,21.1,0.923224388849116
scsf,7770,in silico perfusion,21.2,0.923035952852049
scsf,7770,in silico perfusion,21.3,0.922852224698546
scsf,7770,in silico perfusion,21.4,0.922673080078583
scsf,7770,in silico perfusion,21.5,0.92249839818748
scsf,7770,in silico perfusion,21.6,0.922328061252671
scsf,7770,in silico perfusion,21.7,0.922161955119701
scsf,7770,in silico perfusion,21.8,0.921999968189294
scsf,7770,in silico perfusion,21.9,0.921841991401112
scsf,7770,in silico perfusion,22,0.921687918636353
scsf,7770,in silico perfusion,22.1,0.921537646432092
scsf,7770,in silico perfusion,22.2,0.921391075132785
scsf,7770,in silico perfusion,22.3,0.921248106322885
scsf,7770,in silico perfusion,22.4,0.921108644412288
scsf,7770,in silico perfusion,22.5,0.920972596288276
scsf,7770,in silico perfusion,22.6,0.920839871356762
scsf,7770,in silico perfusion,22.7,0.920710382373203
scsf,7770,in silico perfusion,22.8,0.920584042801257
scsf,7770,in silico perfusion,22.9,0.92046076887559
scsf,7770,in silico perfusion,23,0.920340478948603
scsf,7770,in silico perfusion,23.1,0.92022309342058
scsf,7770,in silico perfusion,23.2,0.920108536177528
scsf,7770,in silico perfusion,23.3,0.919996731243566
scsf,7770,in silico perfusion,23.4,0.919887605192989
scsf,7770,in silico perfusion,23.5,0.919781086473921
scsf,7770,in silico perfusion,23.6,0.919677105330615
scsf,7770,in silico perfusion,23.7,0.919575594951449
scsf,7770,in silico perfusion,23.8,0.919476489193682
scsf,7770,in silico perfusion,23.9,0.919379723585011
scsf,7770,in silico perfusion,24,0.919285235495348
scsf,7770,in silico perfusion,24.1,0.919192963879314
scsf,7770,in silico perfusion,24.2,0.919102850007876
scsf,7770,in silico perfusion,24.3,0.919014836406205
scsf,7770,in silico perfusion,24.4,0.918928866539479
scsf,7770,in silico perfusion,24.5,0.918844885647122
scsf,7770,in silico perfusion,24.6,0.918762840368992
scsf,7770,in silico perfusion,24.7,0.918682679079813
scsf,7770,in silico perfusion,24.8,0.918604351734441
scsf,7770,in silico perfusion,24.9,0.918527808850136
scsf,7770,in silico perfusion,25,0.918453002543645
scsf,7770,in silico perfusion,25.1,0.918379886158207
scsf,7770,in silico perfusion,25.2,0.918308414397798
scsf,7770,in silico perfusion,25.3,0.918238543667814
scsf,7770,in silico perfusion,25.4,0.918170230631091
scsf,7770,in silico perfusion,25.5,0.918103433403149
scsf,7770,in silico perfusion,25.6,0.918038111167588
scsf,7770,in silico perfusion,25.7,0.917974224157578
scsf,7770,in silico perfusion,25.8,0.917911734084374
scsf,7770,in silico perfusion,25.9,0.917850603294453
scsf,7770,in silico perfusion,26,0.917790795286968
scsf,166,in silico PAMPA,0,0
scsf,166,in silico PAMPA,0.1,0.0118002941337051
scsf,166,in silico PAMPA,0.2,0.0539257711700862
scsf,166,in silico PAMPA,0.3,0.122542995561083
scsf,166,in silico PAMPA,0.4,0.208412700435836
scsf,166,in silico PAMPA,0.5,0.302999523130072
scsf,166,in silico PAMPA,0.6,0.399917102792217
scsf,166,in silico PAMPA,0.7,0.494862281970257
scsf,166,in silico PAMPA,0.8,0.585164553013876
scsf,166,in silico PAMPA,0.9,0.669323205564432
scsf,166,in silico PAMPA,1,0.746633155428191
scsf,166,in silico PAMPA,1.1,0.816909099724966
scsf,166,in silico PAMPA,1.2,0.88029141075944
scsf,166,in silico PAMPA,1.3,0.937113525543572
scsf,166,in silico PAMPA,1.4,0.987813324279213
scsf,166,in silico PAMPA,1.5,1.03287526007436
scsf,166,in silico PAMPA,1.6,1.07279349797366
scsf,166,in silico PAMPA,1.7,1.10804934790237
scsf,166,in silico PAMPA,1.8,1.13909815564958
scsf,166,in silico PAMPA,1.9,1.16636247885324
scsf,166,in silico PAMPA,2,1.19022929144491
scsf,166,in silico PAMPA,2.1,1.21104970627179
scsf,166,in silico PAMPA,2.2,1.22914025160618
scsf,166,in silico PAMPA,2.3,1.24478500419384
scsf,166,in silico PAMPA,2.4,1.25823814368565
scsf,166,in silico PAMPA,2.5,1.26972667016232
scsf,166,in silico PAMPA,2.6,1.27945310098769
scsf,166,in silico PAMPA,2.7,1.28759803892288
scsf,166,in silico PAMPA,2.8,1.29432256327442
scsf,166,in silico PAMPA,2.9,1.29977042065792
scsf,166,in silico PAMPA,3,1.30407000069248
scsf,166,in silico PAMPA,3.1,1.30733609962241
scsf,166,in silico PAMPA,3.2,1.30967149796975
scsf,166,in silico PAMPA,3.3,1.31116834986827
scsf,166,in silico PAMPA,3.4,1.3119094168779
scsf,166,in silico PAMPA,3.5,1.31196914128093
scsf,166,in silico PAMPA,3.6,1.31141459717865
scsf,166,in silico PAMPA,3.7,1.31030632585674
scsf,166,in silico PAMPA,3.8,1.30869906533012
scsf,166,in silico PAMPA,3.9,1.30664239231797
scsf,166,in silico PAMPA,4,1.30418128380932
scsf,166,in silico PAMPA,4.1,1.30135660914111
scsf,166,in silico PAMPA,4.2,1.29820556428846
scsf,166,in silico PAMPA,4.3,1.29476205166757
scsf,166,in silico PAMPA,4.4,1.29105701934924
scsf,166,in silico PAMPA,4.5,1.2871187545142
scsf,166,in silico PAMPA,4.6,1.28297314328471
scsf,166,in silico PAMPA,4.7,1.27864390180107
scsf,166,in silico PAMPA,4.8,1.27415278136838
scsf,166,in silico PAMPA,4.9,1.26951974865039
scsf,166,in silico PAMPA,5,1.26476314888542
scsf,166,in silico PAMPA,5.1,1.25989984914905
scsf,166,in silico PAMPA,5.2,1.25494536570786
scsf,166,in silico PAMPA,5.3,1.24991397858471
scsf,166,in silico PAMPA,5.4,1.2448188349406
scsf,166,in silico PAMPA,5.5,1.23967204193962
scsf,166,in silico PAMPA,5.6,1.23448474968361
scsf,166,in silico PAMPA,5.7,1.22926722653532
scsf,166,in silico PAMPA,5.8,1.22402892749749
scsf,166,in silico PAMPA,5.9,1.21877855854171
scsf,166,in silico PAMPA,6,1.21352412894382
scsf,166,in silico PAMPA,6.1,1.20827300357483
scsf,166,in silico PAMPA,6.2,1.20303195037652
scsf,166,in silico PAMPA,6.3,1.19780718284163
scsf,166,in silico PAMPA,6.4,1.19260440080544
scsf,166,in silico PAMPA,6.5,1.18742882393857
scsf,166,in silico PAMPA,6.6,1.18228522724788
scsf,166,in silico PAMPA,6.7,1.17717796996096
scsf,166,in silico PAMPA,6.8,1.17211102932154
scsf,166,in silico PAMPA,6.9,1.16708801827608
scsf,166,in silico PAMPA,7,1.16211221613482
scsf,166,in silico PAMPA,7.1,1.15718658948598
scsf,166,in silico PAMPA,7.2,1.15231381112551
scsf,166,in silico PAMPA,7.3,1.14749628327518
scsf,166,in silico PAMPA,7.4,1.14273615392484
scsf,166,in silico PAMPA,7.5,1.13803533298777
scsf,166,in silico PAMPA,7.6,1.13339550967856
scsf,166,in silico PAMPA,7.7,1.12881816764285
scsf,166,in silico PAMPA,7.8,1.12430459861797
scsf,166,in silico PAMPA,7.9,1.1198559149232
scsf,166,in silico PAMPA,8,1.11547306315686
scsf,166,in silico PAMPA,8.1,1.11115683264819
scsf,166,in silico PAMPA,8.2,1.10690786975094
scsf,166,in silico PAMPA,8.3,1.10272668405811
scsf,166,in silico PAMPA,8.4,1.09861366154401
scsf,166,in silico PAMPA,8.5,1.09456907052826
scsf,166,in silico PAMPA,8.6,1.09059307244878
scsf,166,in silico PAMPA,8.7,1.0866857279369
scsf,166,in silico PAMPA,8.8,1.08284700567405
scsf,166,in silico PAMPA,8.9,1.07907678793208
scsf,166,in silico PAMPA,9,1.07537487600105
scsf,166,in silico PAMPA,9.1,1.07174099952786
scsf,166,in silico PAMPA,9.2,1.068174827172
scsf,166,in silico PAMPA,9.3,1.06467595004367
scsf,166,in silico PAMPA,9.4,1.06124391960543
scsf,166,in silico PAMPA,9.5,1.05787823039829
scsf,166,in silico PAMPA,9.6,1.05457831842296
scsf,166,in silico PAMPA,9.7,1.05134359250104
scsf,166,in silico PAMPA,9.8,1.04817341151996
scsf,166,in silico PAMPA,9.9,1.04506709838451
scsf,166,in silico PAMPA,10,1.04202395171265
scsf,166,in silico PAMPA,10.1,1.03904322885769
scsf,166,in silico PAMPA,10.2,1.03612417150515
scsf,166,in silico PAMPA,10.3,1.0332659958557
scsf,166,in silico PAMPA,10.4,1.03046789197427
scsf,166,in silico PAMPA,10.5,1.02772904052848
scsf,166,in silico PAMPA,10.6,1.02504860168941
scsf,166,in silico PAMPA,10.7,1.02242572164153
scsf,166,in silico PAMPA,10.8,1.01985954099101
scsf,166,in silico PAMPA,10.9,1.01734917978885
scsf,166,in silico PAMPA,11,1.01489376162201
scsf,166,in silico PAMPA,11.1,1.01249240427762
scsf,166,in silico PAMPA,11.2,1.01014421341772
scsf,166,in silico PAMPA,11.3,1.00784829352607
scsf,166,in silico PAMPA,11.4,1.0056037558243
scsf,166,in silico PAMPA,11.5,1.0034097058835
scsf,166,in silico PAMPA,11.6,1.00126524188916
scsf,166,in silico PAMPA,11.7,0.999169477725705
scsf,166,in silico PAMPA,11.8,0.997121526759125
scsf,166,in silico PAMPA,11.9,0.995120495244059
scsf,166,in silico PAMPA,12,0.993165506941575
scsf,166,in silico PAMPA,12.1,0.991255688334142
scsf,166,in silico PAMPA,12.2,0.989390166452529
scsf,166,in silico PAMPA,12.3,0.987568079182241
scsf,166,in silico PAMPA,12.4,0.985788573876349
scsf,166,in silico PAMPA,12.5,0.984050802797277
scsf,166,in silico PAMPA,12.6,0.982353925064996
scsf,166,in silico PAMPA,12.7,0.980697113953246
scsf,166,in silico PAMPA,12.8,0.979079550277808
scsf,166,in silico PAMPA,12.9,0.977500419590344
scsf,166,in silico PAMPA,13,0.975958924329891
scsf,166,in silico PAMPA,13.1,0.974454275991583
scsf,166,in silico PAMPA,13.2,0.972985690479603
scsf,166,in silico PAMPA,13.3,0.971552401320553
scsf,166,in silico PAMPA,13.4,0.970153652216668
scsf,166,in silico PAMPA,13.5,0.968788696910893
scsf,166,in silico PAMPA,13.6,0.967456796361007
scsf,166,in silico PAMPA,13.7,0.966157229518371
scsf,166,in silico PAMPA,13.8,0.964889285278001
scsf,166,in silico PAMPA,13.9,0.963652260951509
scsf,166,in silico PAMPA,14,0.962445466551448
scsf,166,in silico PAMPA,14.1,0.961268226211786
scsf,166,in silico PAMPA,14.2,0.960119874993868
scsf,166,in silico PAMPA,14.3,0.95899975541966
scsf,166,in silico PAMPA,14.4,0.95790722665268
scsf,166,in silico PAMPA,14.5,0.956841658207612
scsf,166,in silico PAMPA,14.6,0.955802430486261
scsf,166,in silico PAMPA,14.7,0.954788934132667
scsf,166,in silico PAMPA,14.8,0.953800573817937
scsf,166,in silico PAMPA,14.9,0.952836764985412
scsf,166,in silico PAMPA,15,0.95189693275193
scsf,166,in silico PAMPA,15.1,0.950980514579765
scsf,166,in silico PAMPA,15.2,0.950086959632732
scsf,166,in silico PAMPA,15.3,0.949215727775946
scsf,166,in silico PAMPA,15.4,0.948366288077141
scsf,166,in silico PAMPA,15.5,0.947538122562068
scsf,166,in silico PAMPA,15.6,0.946730723361901
scsf,166,in silico PAMPA,15.7,0.945943592513057
scsf,166,in silico PAMPA,15.8,0.94517624218417
scsf,166,in silico PAMPA,15.9,0.944428196032842
scsf,166,in silico PAMPA,16,0.943698987500854
scsf,166,in silico PAMPA,16.1,0.942988159528488
scsf,166,in silico PAMPA,16.2,0.94229526428316
scsf,166,in silico PAMPA,16.3,0.941619865060705
scsf,166,in silico PAMPA,16.4,0.940961534252248
scsf,166,in silico PAMPA,16.5,0.940319853363857
scsf,166,in silico PAMPA,16.6,0.939694412417953
scsf,166,in silico PAMPA,16.7,0.939084811765843
scsf,166,in silico PAMPA,16.8,0.938490660269991
scsf,166,in silico PAMPA,16.9,0.937911575496244
scsf,166,in silico PAMPA,17,0.937347183237813
scsf,166,in silico PAMPA,17.1,0.936797118340293
scsf,166,in silico PAMPA,17.2,0.936261023768554
scsf,166,in silico PAMPA,17.3,0.935738550663791
scsf,166,in silico PAMPA,17.4,0.935229358194306
scsf,166,in silico PAMPA,17.5,0.934733113404095
scsf,166,in silico PAMPA,17.6,0.934249491064202
scsf,166,in silico PAMPA,17.7,0.933778173528982
scsf,166,in silico PAMPA,17.8,0.933318850682103
scsf,166,in silico PAMPA,17.9,0.932871219580394
scsf,166,in silico PAMPA,18,0.932434984458663
scsf,166,in silico PAMPA,18.1,0.932009856542464
scsf,166,in silico PAMPA,18.2,0.931595554007164
scsf,166,in silico PAMPA,18.3,0.931191801615596
scsf,166,in silico PAMPA,18.4,0.930798330725023
scsf,166,in silico PAMPA,18.5,0.930414879101255
scsf,166,in silico PAMPA,18.6,0.93004119118781
scsf,166,in silico PAMPA,18.7,0.929677017143364
scsf,166,in silico PAMPA,18.8,0.929322113226673
scsf,166,in silico PAMPA,18.9,0.928976241577355
scsf,166,in silico PAMPA,19,0.928639170295906
scsf,166,in silico PAMPA,19.1,0.9283106735974
scsf,166,in silico PAMPA,19.2,0.927990530336439
scsf,166,in silico PAMPA,19.3,0.927678525059772
scsf,166,in silico PAMPA,19.4,0.927374447538241
scsf,166,in silico PAMPA,19.5,0.927078093439661
scsf,166,in silico PAMPA,19.6,0.926789262993489
scsf,166,in silico PAMPA,19.7,0.92650776107319
scsf,166,in silico PAMPA,19.8,0.926233397535854
scsf,166,in silico PAMPA,19.9,0.925965986988147
scsf,166,in silico PAMPA,20,0.925705349575895
scsf,166,in silico PAMPA,20.1,0.925451308656544
scsf,166,in silico PAMPA,20.2,0.925203692400279
scsf,166,in silico PAMPA,20.3,0.924962333219856
scsf,166,in silico PAMPA,20.4,0.924727068151336
scsf,166,in silico PAMPA,20.5,0.924497738414736
scsf,166,in silico PAMPA,20.6,0.924274188547984
scsf,166,in silico PAMPA,20.7,0.924056267246533
scsf,166,in silico PAMPA,20.8,0.92384382695707
scsf,166,in silico PAMPA,20.9,0.923636724838236
scsf,166,in silico PAMPA,21,0.923434820562046
scsf,166,in silico PAMPA,21.1,0.923237977558532
scsf,166,in silico PAMPA,21.2,0.923046062731546
scsf,166,in silico PAMPA,21.3,0.922858946590938
scsf,166,in silico PAMPA,21.4,0.922676503522775
scsf,166,in silico PAMPA,21.5,0.922498610062752
scsf,166,in silico PAMPA,21.6,0.922325146251976
scsf,166,in silico PAMPA,21.7,0.922155995141844
scsf,166,in silico PAMPA,21.8,0.921991043661935
scsf,166,in silico PAMPA,21.9,0.921830180961735
scsf,166,in silico PAMPA,22,0.921673298714336
scsf,166,in silico PAMPA,22.1,0.921520291575425
scsf,166,in silico PAMPA,22.2,0.921371056836468
scsf,166,in silico PAMPA,22.3,0.921225494926303
scsf,166,in silico PAMPA,22.4,0.921083509428222
scsf,166,in silico PAMPA,22.5,0.920945004874925
scsf,166,in silico PAMPA,22.6,0.920809888839202
scsf,166,in silico PAMPA,22.7,0.920678071209898
scsf,166,in silico PAMPA,22.8,0.920549464177596
scsf,166,in silico PAMPA,22.9,0.920423984056321
scsf,166,in silico PAMPA,23,0.920301546788732
scsf,166,in silico PAMPA,23.1,0.920182071359071
scsf,166,in silico PAMPA,23.2,0.920065478794882
scsf,166,in silico PAMPA,23.3,0.919951692098685
scsf,166,in silico PAMPA,23.4,0.919840637447659
scsf,166,in silico PAMPA,23.5,0.919732242087389
scsf,166,in silico PAMPA,23.6,0.91962643471564
scsf,166,in silico PAMPA,23.7,0.919523146196814
scsf,166,in silico PAMPA,23.8,0.919422309142322
scsf,166,in silico PAMPA,23.9,0.919323858351769
scsf,166,in silico PAMPA,24,0.919227730885167
scsf,166,in silico PAMPA,24.1,0.919133864095548
scsf,166,in silico PAMPA,24.2,0.919042197503115
scsf,166,in silico PAMPA,24.3,0.918952672170388
scsf,166,in silico PAMPA,24.4,0.91886523068213
scsf,166,in silico PAMPA,24.5,0.918779818350131
scsf,166,in silico PAMPA,24.6,0.918696380265227
scsf,166,in silico PAMPA,24.7,0.918614863524364
scsf,166,in silico PAMPA,24.8,0.918535216577466
scsf,166,in silico PAMPA,24.9,0.918457389180635
scsf,166,in silico PAMPA,25,0.918381333119091
scsf,166,in silico PAMPA,25.1,0.918307000942923
scsf,166,in silico PAMPA,25.2,0.918234346150902
scsf,166,in silico PAMPA,25.3,0.918163323653064
scsf,166,in silico PAMPA,25.4,0.91809388950167
scsf,166,in silico PAMPA,25.5,0.918026001215458
scsf,166,in silico PAMPA,25.6,0.91795961786554
scsf,166,in silico PAMPA,25.7,0.917894698567433
scsf,166,in silico PAMPA,25.8,0.917831203911328
scsf,166,in silico PAMPA,25.9,0.917769095491612
scsf,166,in silico PAMPA,26,0.917708335870653
scsf,7768.69713080026,optimized,0,0
scsf,7768.69713080026,optimized,0.1,0.0231517320083265
scsf,7768.69713080026,optimized,0.2,0.0869490812800944
scsf,7768.69713080026,optimized,0.3,0.173551586947278
scsf,7768.69713080026,optimized,0.4,0.27078512497307
scsf,7768.69713080026,optimized,0.5,0.370861333445079
scsf,7768.69713080026,optimized,0.6,0.46894589496001
scsf,7768.69713080026,optimized,0.7,0.5621776824396
scsf,7768.69713080026,optimized,0.8,0.648999000029837
scsf,7768.69713080026,optimized,0.9,0.728700036078314
scsf,7768.69713080026,optimized,1,0.801110644578077
scsf,7768.69713080026,optimized,1.1,0.86639318316701
scsf,7768.69713080026,optimized,1.2,0.924904520080936
scsf,7768.69713080026,optimized,1.3,0.977105234618523
scsf,7768.69713080026,optimized,1.4,1.02350082866728
scsf,7768.69713080026,optimized,1.5,1.0646046025377
scsf,7768.69713080026,optimized,1.6,1.10091501405222
scsf,7768.69713080026,optimized,1.7,1.13290267293032
scsf,7768.69713080026,optimized,1.8,1.16100365254521
scsf,7768.69713080026,optimized,1.9,1.18561683371752
scsf,7768.69713080026,optimized,2,1.20710381640445
scsf,7768.69713080026,optimized,2.1,1.22579034032705
scsf,7768.69713080026,optimized,2.2,1.24196855591456
scsf,7768.69713080026,optimized,2.3,1.25589973000604
scsf,7768.69713080026,optimized,2.4,1.26781707893663
scsf,7768.69713080026,optimized,2.5,1.27792856804471
scsf,7768.69713080026,optimized,2.6,1.28641958328391
scsf,7768.69713080026,optimized,2.7,1.29345540618101
scsf,7768.69713080026,optimized,2.8,1.29918347593469
scsf,7768.69713080026,optimized,2.9,1.3037354284983
scsf,7768.69713080026,optimized,3,1.30722892698326
scsf,7768.69713080026,optimized,3.1,1.30976928003757
scsf,7768.69713080026,optimized,3.2,1.31145087652657
scsf,7768.69713080026,optimized,3.3,1.31235845162547
scsf,7768.69713080026,optimized,3.4,1.31256820188763
scsf,7768.69713080026,optimized,3.5,1.31214876186571
scsf,7768.69713080026,optimized,3.6,1.31116206237888
scsf,7768.69713080026,optimized,3.7,1.30966407953572
scsf,7768.69713080026,optimized,3.8,1.30770549538322
scsf,7768.69713080026,optimized,3.9,1.30533227731468
scsf,7768.69713080026,optimized,4,1.30258618646139
scsf,7768.69713080026,optimized,4.1,1.2995052206276
scsf,7768.69713080026,optimized,4.2,1.2961240063279
scsf,7768.69713080026,optimized,4.3,1.29247414406064
scsf,7768.69713080026,optimized,4.4,1.28858451064753
scsf,7768.69713080026,optimized,4.5,1.28448152849785
scsf,7768.69713080026,optimized,4.6,1.28018940309031
scsf,7768.69713080026,optimized,4.7,1.27573033132479
scsf,7768.69713080026,optimized,4.8,1.27112468715098
scsf,7768.69713080026,optimized,4.9,1.26639118738304
scsf,7768.69713080026,optimized,5,1.26154703900917
scsf,7768.69713080026,optimized,5.1,1.25660806958797
scsf,7768.69713080026,optimized,5.2,1.25158884722728
scsf,7768.69713080026,optimized,5.3,1.24650278538596
scsf,7768.69713080026,optimized,5.4,1.24136223626181
scsf,7768.69713080026,optimized,5.5,1.2361785761375
scsf,7768.69713080026,optimized,5.6,1.23096228280863
scsf,7768.69713080026,optimized,5.7,1.22572300545802
scsf,7768.69713080026,optimized,5.8,1.22046962737198
scsf,7768.69713080026,optimized,5.9,1.21521032367855
scsf,7768.69713080026,optimized,6,1.20995261343583
scsf,7768.69713080026,optimized,6.1,1.20470341064125
scsf,7768.69713080026,optimized,6.2,1.19946906309889
scsf,7768.69713080026,optimized,6.3,1.19425539435229
scsf,7768.69713080026,optimized,6.4,1.18906774047084
scsf,7768.69713080026,optimized,6.5,1.18391098522982
scsf,7768.69713080026,optimized,6.6,1.17878958979841
scsf,7768.69713080026,optimized,6.7,1.17370762208356
scsf,7768.69713080026,optimized,6.8,1.16866878217678
scsf,7768.69713080026,optimized,6.9,1.1636764326208
scsf,7768.69713080026,optimized,7,1.15873361456424
scsf,7768.69713080026,optimized,7.1,1.1538430735438
scsf,7768.69713080026,optimized,7.2,1.14900727916233
scsf,7768.69713080026,optimized,7.3,1.14422843929766
scsf,7768.69713080026,optimized,7.4,1.13950852396758
scsf,7768.69713080026,optimized,7.5,1.13484927590884
scsf,7768.69713080026,optimized,7.6,1.13025222804444
scsf,7768.69713080026,optimized,7.7,1.12571871968506
scsf,7768.69713080026,optimized,7.8,1.12124990527106
scsf,7768.69713080026,optimized,7.9,1.11684676976466
scsf,7768.69713080026,optimized,8,1.11251014029418
scsf,7768.69713080026,optimized,8.1,1.10824069828247
scsf,7768.69713080026,optimized,8.2,1.10403898428203
scsf,7768.69713080026,optimized,8.3,1.09990541805763
scsf,7768.69713080026,optimized,8.4,1.09584029210959
scsf,7768.69713080026,optimized,8.5,1.0918437984762
scsf,7768.69713080026,optimized,8.6,1.08791601727612
scsf,7768.69713080026,optimized,8.7,1.08405694291715
scsf,7768.69713080026,optimized,8.8,1.08026647414779
scsf,7768.69713080026,optimized,8.9,1.07654443599394
scsf,7768.69713080026,optimized,9,1.07289057254437
scsf,7768.69713080026,optimized,9.1,1.06930456435129
scsf,7768.69713080026,optimized,9.2,1.06578602509533
scsf,7768.69713080026,optimized,9.3,1.06233451214934
scsf,7768.69713080026,optimized,9.4,1.05894952700288
scsf,7768.69713080026,optimized,9.5,1.05563052316424
scsf,7768.69713080026,optimized,9.6,1.0523769166144
scsf,7768.69713080026,optimized,9.7,1.04918807132426
scsf,7768.69713080026,optimized,9.8,1.04606332171328
scsf,7768.69713080026,optimized,9.9,1.04300197558898
scsf,7768.69713080026,optimized,10,1.04000329337984
scsf,7768.69713080026,optimized,10.1,1.03706652346577
scsf,7768.69713080026,optimized,10.2,1.03419089098559
scsf,7768.69713080026,optimized,10.3,1.03137558473076
scsf,7768.69713080026,optimized,10.4,1.02861979052281
scsf,7768.69713080026,optimized,10.5,1.02592267447464
scsf,7768.69713080026,optimized,10.6,1.02328338001433
scsf,7768.69713080026,optimized,10.7,1.02070104957221
scsf,7768.69713080026,optimized,10.8,1.01817481260616
scsf,7768.69713080026,optimized,10.9,1.01570378489344
scsf,7768.69713080026,optimized,11,1.01328708449178
scsf,7768.69713080026,optimized,11.1,1.01092382124608
scsf,7768.69713080026,optimized,11.2,1.00861309790737
scsf,7768.69713080026,optimized,11.3,1.00635402277903
scsf,7768.69713080026,optimized,11.4,1.00414569800002
scsf,7768.69713080026,optimized,11.5,1.00198722519302
scsf,7768.69713080026,optimized,11.6,0.999877714964169
scsf,7768.69713080026,optimized,11.7,0.997816278467772
scsf,7768.69713080026,optimized,11.8,0.995802020092041
scsf,7768.69713080026,optimized,11.9,0.993834062723479
scsf,7768.69713080026,optimized,12,0.991911531891699
scsf,7768.69713080026,optimized,12.1,0.990033550510685
scsf,7768.69713080026,optimized,12.2,0.988199254536799
scsf,7768.69713080026,optimized,12.3,0.986407789537468
scsf,7768.69713080026,optimized,12.4,0.984658305407742
scsf,7768.69713080026,optimized,12.5,0.982949956852197
scsf,7768.69713080026,optimized,12.6,0.98128191455491
scsf,7768.69713080026,optimized,12.7,0.979653356659859
scsf,7768.69713080026,optimized,12.8,0.978063464875294
scsf,7768.69713080026,optimized,12.9,0.976511438165001
scsf,7768.69713080026,optimized,13,0.974996484309873
scsf,7768.69713080026,optimized,13.1,0.97351781865209
scsf,7768.69713080026,optimized,13.2,0.972074668460544
scsf,7768.69713080026,optimized,13.3,0.970666274441532
scsf,7768.69713080026,optimized,13.4,0.969291886896953
scsf,7768.69713080026,optimized,13.5,0.967950764344297
scsf,7768.69713080026,optimized,13.6,0.966642181511412
scsf,7768.69713080026,optimized,13.7,0.965365423649393
scsf,7768.69713080026,optimized,13.8,0.964119782967444
scsf,7768.69713080026,optimized,13.9,0.962904568474912
scsf,7768.69713080026,optimized,14,0.961719100066948
scsf,7768.69713080026,optimized,14.1,0.960562708872506
scsf,7768.69713080026,optimized,14.2,0.95943473406557
scsf,7768.69713080026,optimized,14.3,0.958334531689367
scsf,7768.69713080026,optimized,14.4,0.957261468117071
scsf,7768.69713080026,optimized,14.5,0.956214919975892
scsf,7768.69713080026,optimized,14.6,0.955194274438568
scsf,7768.69713080026,optimized,14.7,0.954198933131307
scsf,7768.69713080026,optimized,14.8,0.953228308282497
scsf,7768.69713080026,optimized,14.9,0.952281821513538
scsf,7768.69713080026,optimized,15,0.951358906965737
scsf,7768.69713080026,optimized,15.1,0.950459010633039
scsf,7768.69713080026,optimized,15.2,0.949581589299889
scsf,7768.69713080026,optimized,15.3,0.948726108677149
scsf,7768.69713080026,optimized,15.4,0.947892047708351
scsf,7768.69713080026,optimized,15.5,0.947078895413215
scsf,7768.69713080026,optimized,15.6,0.946286151173757
scsf,7768.69713080026,optimized,15.7,0.945513323869919
scsf,7768.69713080026,optimized,15.8,0.944759934184834
scsf,7768.69713080026,optimized,15.9,0.94402551257483
scsf,7768.69713080026,optimized,16,0.943309599002989
scsf,7768.69713080026,optimized,16.1,0.942611743240536
scsf,7768.69713080026,optimized,16.2,0.941931505495779
scsf,7768.69713080026,optimized,16.3,0.94126845535046
scsf,7768.69713080026,optimized,16.4,0.940622171125388
scsf,7768.69713080026,optimized,16.5,0.939992241102556
scsf,7768.69713080026,optimized,16.6,0.939378262721464
scsf,7768.69713080026,optimized,16.7,0.938779842375017
scsf,7768.69713080026,optimized,16.8,0.938196594886168
scsf,7768.69713080026,optimized,16.9,0.937628143913935
scsf,7768.69713080026,optimized,17,0.937074121956905
scsf,7768.69713080026,optimized,17.1,0.936534169764985
scsf,7768.69713080026,optimized,17.2,0.936007936137846
scsf,7768.69713080026,optimized,17.3,0.935495077801876
scsf,7768.69713080026,optimized,17.4,0.934995259768438
scsf,7768.69713080026,optimized,17.5,0.934508154662879
scsf,7768.69713080026,optimized,17.6,0.934033442718814
scsf,7768.69713080026,optimized,17.7,0.933570811615641
scsf,7768.69713080026,optimized,17.8,0.933119956359187
scsf,7768.69713080026,optimized,17.9,0.932680579102618
scsf,7768.69713080026,optimized,18,0.932252389024529
scsf,7768.69713080026,optimized,18.1,0.931835102588688
scsf,7768.69713080026,optimized,18.2,0.93142844250427
scsf,7768.69713080026,optimized,18.3,0.931032138240605
scsf,7768.69713080026,optimized,18.4,0.93064592571135
scsf,7768.69713080026,optimized,18.5,0.930269547619902
scsf,7768.69713080026,optimized,18.6,0.929902752431703
scsf,7768.69713080026,optimized,18.7,0.929545294728644
scsf,7768.69713080026,optimized,18.8,0.929196935050665
scsf,7768.69713080026,optimized,18.9,0.928857440036001
scsf,7768.69713080026,optimized,19,0.92852658186928
scsf,7768.69713080026,optimized,19.1,0.928204138130206
scsf,7768.69713080026,optimized,19.2,0.927889891895036
scsf,7768.69713080026,optimized,19.3,0.927583631836901
scsf,7768.69713080026,optimized,19.4,0.927285151904476
scsf,7768.69713080026,optimized,19.5,0.926994250623177
scsf,7768.69713080026,optimized,19.6,0.926710731652466
scsf,7768.69713080026,optimized,19.7,0.926434403441486
scsf,7768.69713080026,optimized,19.8,0.926165079973565
scsf,7768.69713080026,optimized,19.9,0.925902579259852
scsf,7768.69713080026,optimized,20,0.925646723575181
scsf,7768.69713080026,optimized,20.1,0.925397339762591
scsf,7768.69713080026,optimized,20.2,0.925154258905981
scsf,7768.69713080026,optimized,20.3,0.924917317836957
scsf,7768.69713080026,optimized,20.4,0.924686355612861
scsf,7768.69713080026,optimized,20.5,0.924461215879237
scsf,7768.69713080026,optimized,20.6,0.924241746185358
scsf,7768.69713080026,optimized,20.7,0.924027798084891
scsf,7768.69713080026,optimized,20.8,0.923819227826792
scsf,7768.69713080026,optimized,20.9,0.923615893837278
scsf,7768.69713080026,optimized,21,0.923417658625358
scsf,7768.69713080026,optimized,21.1,0.923224388135905
scsf,7768.69713080026,optimized,21.2,0.923035952139974
scsf,7768.69713080026,optimized,21.3,0.922852223983594
scsf,7768.69713080026,optimized,21.4,0.922673079360414
scsf,7768.69713080026,optimized,21.5,0.92249839746532
scsf,7768.69713080026,optimized,21.6,0.922328060525173
scsf,7768.69713080026,optimized,21.7,0.922161954394704
scsf,7768.69713080026,optimized,21.8,0.9219999674621
scsf,7768.69713080026,optimized,21.9,0.921841990670969
scsf,7768.69713080026,optimized,22,0.921687917901941
scsf,7768.69713080026,optimized,22.1,0.921537645691383
scsf,7768.69713080026,optimized,22.2,0.92139107439742
scsf,7768.69713080026,optimized,22.3,0.921248105585522
scsf,7768.69713080026,optimized,22.4,0.921108643672039
scsf,7768.69713080026,optimized,22.5,0.920972595543704
scsf,7768.69713080026,optimized,22.6,0.920839870615108
scsf,7768.69713080026,optimized,22.7,0.920710381630683
scsf,7768.69713080026,optimized,22.8,0.920584042057341
scsf,7768.69713080026,optimized,22.9,0.920460768129285
scsf,7768.69713080026,optimized,23,0.920340478198321
scsf,7768.69713080026,optimized,23.1,0.920223092664004
scsf,7768.69713080026,optimized,23.2,0.920108535428719
scsf,7768.69713080026,optimized,23.3,0.919996730493218
scsf,7768.69713080026,optimized,23.4,0.919887604439997
scsf,7768.69713080026,optimized,23.5,0.919781085716603
scsf,7768.69713080026,optimized,23.6,0.919677104566589
scsf,7768.69713080026,optimized,23.7,0.919575594193952
scsf,7768.69713080026,optimized,23.8,0.91947648843427
scsf,7768.69713080026,optimized,23.9,0.919379722822788
scsf,7768.69713080026,optimized,24,0.919285234728958
scsf,7768.69713080026,optimized,24.1,0.919192963106822
scsf,7768.69713080026,optimized,24.2,0.91910284924001
scsf,7768.69713080026,optimized,24.3,0.919014835636661
scsf,7768.69713080026,optimized,24.4,0.918928865767789
scsf,7768.69713080026,optimized,24.5,0.918844884872477
scsf,7768.69713080026,optimized,24.6,0.918762839590153
scsf,7768.69713080026,optimized,24.7,0.918682678303855
scsf,7768.69713080026,optimized,24.8,0.918604350957519
scsf,7768.69713080026,optimized,24.9,0.918527808071947
scsf,7768.69713080026,optimized,25,0.918453001763567
scsf,7768.69713080026,optimized,25.1,0.918379885375213
scsf,7768.69713080026,optimized,25.2,0.918308413617098
scsf,7768.69713080026,optimized,25.3,0.918238542886594
scsf,7768.69713080026,optimized,25.4,0.918170229848927
scsf,7768.69713080026,optimized,25.5,0.918103432619281
scsf,7768.69713080026,optimized,25.6,0.918038110380831
scsf,7768.69713080026,optimized,25.7,0.917974223369009
scsf,7768.69713080026,optimized,25.8,0.91791173329534
scsf,7768.69713080026,optimized,25.9,0.917850602505356
scsf,7768.69713080026,optimized,26,0.917790794497479
scsf,10000000000,perfusion-limited,0,0
scsf,10000000000,perfusion-limited,0.1,0.0231604866734709
scsf,10000000000,perfusion-limited,0.2,0.087071959272514
scsf,10000000000,perfusion-limited,0.3,0.173739701488944
scsf,10000000000,perfusion-limited,0.4,0.271006254684713
scsf,10000000000,perfusion-limited,0.5,0.371094687027291
scsf,10000000000,perfusion-limited,0.6,0.469178389772971
scsf,10000000000,perfusion-limited,0.7,0.562401407147201
scsf,10000000000,perfusion-limited,0.8,0.649209467348156
scsf,10000000000,perfusion-limited,0.9,0.728895009646365
scsf,10000000000,perfusion-limited,1,0.801289332444857
scsf,10000000000,perfusion-limited,1.1,0.866555691113442
scsf,10000000000,perfusion-limited,1.2,0.925051502727178
scsf,10000000000,perfusion-limited,1.3,0.97723763899281
scsf,10000000000,perfusion-limited,1.4,1.02361975565736
scsf,10000000000,perfusion-limited,1.5,1.06471119290764
scsf,10000000000,perfusion-limited,1.6,1.10101039440927
scsf,10000000000,perfusion-limited,1.7,1.13298792131889
scsf,10000000000,perfusion-limited,1.8,1.16107976622023
scsf,10000000000,perfusion-limited,1.9,1.18568473758576
scsf,10000000000,perfusion-limited,2,1.20716434868174
scsf,10000000000,perfusion-limited,2.1,1.22584425438953
scsf,10000000000,perfusion-limited,2.2,1.24201653367587
scsf,10000000000,perfusion-limited,2.3,1.25594238073699
scsf,10000000000,perfusion-limited,2.4,1.26785494475372
scsf,10000000000,perfusion-limited,2.5,1.27796213536888
scsf,10000000000,perfusion-limited,2.6,1.28644928501708
scsf,10000000000,perfusion-limited,2.7,1.29348162668705
scsf,10000000000,perfusion-limited,2.8,1.29920656020019
scsf,10000000000,perfusion-limited,2.9,1.30375568565917
scsf,10000000000,perfusion-limited,3,1.30724663197238
scsf,10000000000,perfusion-limited,3.1,1.30978467639612
scsf,10000000000,perfusion-limited,3.2,1.3114641850953
scsf,10000000000,perfusion-limited,3.3,1.31236987198662
scsf,10000000000,perfusion-limited,3.4,1.31257791412695
scsf,10000000000,perfusion-limited,3.5,1.31215692601973
scsf,10000000000,perfusion-limited,3.6,1.3111688212748
scsf,10000000000,perfusion-limited,3.7,1.30966956412414
scsf,10000000000,perfusion-limited,3.8,1.30770982499302
scsf,10000000000,perfusion-limited,3.9,1.305335561491
scsf,10000000000,perfusion-limited,4,1.30258852390485
scsf,10000000000,perfusion-limited,4.1,1.29950669934465
scsf,10000000000,perfusion-limited,4.2,1.29612470658727
scsf,10000000000,perfusion-limited,4.3,1.29247414031834
scsf,10000000000,perfusion-limited,4.4,1.28858387219965
scsf,10000000000,perfusion-limited,4.5,1.28448031909068
scsf,10000000000,perfusion-limited,4.6,1.28018768056415
scsf,10000000000,perfusion-limited,4.7,1.2757281471471
scsf,10000000000,perfusion-limited,4.8,1.27112208869092
scsf,10000000000,perfusion-limited,4.9,1.26638821903483
scsf,10000000000,perfusion-limited,5,1.26154374229145
scsf,10000000000,perfusion-limited,5.1,1.25660448396932
scsf,10000000000,perfusion-limited,5.2,1.25158500893629
scsf,10000000000,perfusion-limited,5.3,1.24649872702156
scsf,10000000000,perfusion-limited,5.4,1.24135798642076
scsf,10000000000,perfusion-limited,5.5,1.23617416149944
scsf,10000000000,perfusion-limited,5.6,1.23095772853589
scsf,10000000000,perfusion-limited,5.7,1.22571833521341
scsf,10000000000,perfusion-limited,5.8,1.22046486362581
scsf,10000000000,perfusion-limited,5.9,1.21520548744225
scsf,10000000000,perfusion-limited,6,1.20994772530345
scsf,10000000000,perfusion-limited,6.1,1.20469848773737
scsf,10000000000,perfusion-limited,6.2,1.19946412052119
scsf,10000000000,perfusion-limited,6.3,1.19425044598508
scsf,10000000000,perfusion-limited,6.4,1.18906279828491
scsf,10000000000,perfusion-limited,6.5,1.18390606212936
scsf,10000000000,perfusion-limited,6.6,1.17878469741443
scsf,10000000000,perfusion-limited,6.7,1.17370277080783
scsf,10000000000,perfusion-limited,6.8,1.16866398443281
scsf,10000000000,perfusion-limited,6.9,1.1636716976358
scsf,10000000000,perfusion-limited,7,1.15872895115366
scsf,10000000000,perfusion-limited,7.1,1.15383848970122
scsf,10000000000,perfusion-limited,7.2,1.14900278034096
scsf,10000000000,perfusion-limited,7.3,1.14422403041956
scsf,10000000000,perfusion-limited,7.4,1.13950420960904
scsf,10000000000,perfusion-limited,7.5,1.13484505978787
scsf,10000000000,perfusion-limited,7.6,1.13024811551648
scsf,10000000000,perfusion-limited,7.7,1.12571471472602
scsf,10000000000,perfusion-limited,7.8,1.12124601179812
scsf,10000000000,perfusion-limited,7.9,1.11684299371367
scsf,10000000000,perfusion-limited,8,1.11250648521214
scsf,10000000000,perfusion-limited,8.1,1.10823716796931
scsf,10000000000,perfusion-limited,8.2,1.10403558237048
scsf,10000000000,perfusion-limited,8.3,1.099902145145
scsf,10000000000,perfusion-limited,8.4,1.09583715128827
scsf,10000000000,perfusion-limited,8.5,1.09184078689978
scsf,10000000000,perfusion-limited,8.6,1.08791313484127
scsf,10000000000,perfusion-limited,8.7,1.0840541898484
scsf,10000000000,perfusion-limited,8.8,1.08026384724603
scsf,10000000000,perfusion-limited,8.9,1.07654193581383
scsf,10000000000,perfusion-limited,9,1.07288820078219
scsf,10000000000,perfusion-limited,9.1,1.06930231870333
scsf,10000000000,perfusion-limited,9.2,1.06578390989906
scsf,10000000000,perfusion-limited,9.3,1.06233252454405
scsf,10000000000,perfusion-limited,9.4,1.05894767121427
scsf,10000000000,perfusion-limited,9.5,1.05562880196674
scsf,10000000000,perfusion-limited,9.6,1.05237532664034
scsf,10000000000,perfusion-limited,9.7,1.04918661706466
scsf,10000000000,perfusion-limited,9.8,1.04606200251467
scsf,10000000000,perfusion-limited,9.9,1.04300078664876
scsf,10000000000,perfusion-limited,10,1.04000223665181
scsf,10000000000,perfusion-limited,10.1,1.03706559717201
scsf,10000000000,perfusion-limited,10.2,1.03419008779739
scsf,10000000000,perfusion-limited,10.3,1.03137490230112
scsf,10000000000,perfusion-limited,10.4,1.02861922618619
scsf,10000000000,perfusion-limited,10.5,1.02592222596819
scsf,10000000000,perfusion-limited,10.6,1.02328304175676
scsf,10000000000,perfusion-limited,10.7,1.02070082006398
scsf,10000000000,perfusion-limited,10.8,1.01817469455692
scsf,10000000000,perfusion-limited,10.9,1.01570377317396
scsf,10000000000,perfusion-limited,11,1.0132871780779
scsf,10000000000,perfusion-limited,11.1,1.0109240228219
scsf,10000000000,perfusion-limited,11.2,1.0086134060009
scsf,10000000000,perfusion-limited,11.3,1.00635443449975
scsf,10000000000,perfusion-limited,11.4,1.00414621547487
scsf,10000000000,perfusion-limited,11.5,1.00198785017411
scsf,10000000000,perfusion-limited,11.6,0.999878443483185
scsf,10000000000,perfusion-limited,11.7,0.997817107453424
scsf,10000000000,perfusion-limited,11.8,0.995802953607708
scsf,10000000000,perfusion-limited,11.9,0.993835096125257
scsf,10000000000,perfusion-limited,12,0.99191266068475
scsf,10000000000,perfusion-limited,12.1,0.99003477616779
scsf,10000000000,perfusion-limited,12.2,0.98820057361568
scsf,10000000000,perfusion-limited,12.3,0.986409198843788
scsf,10000000000,perfusion-limited,12.4,0.984659803379819
scsf,10000000000,perfusion-limited,12.5,0.982951540361998
scsf,10000000000,perfusion-limited,12.6,0.981283581076325
scsf,10000000000,perfusion-limited,12.7,0.979655104265121
scsf,10000000000,perfusion-limited,12.8,0.978065293931571
scsf,10000000000,perfusion-limited,12.9,0.976513344934542
scsf,10000000000,perfusion-limited,13,0.974998466939827
scsf,10000000000,perfusion-limited,13.1,0.973519878648217
scsf,10000000000,perfusion-limited,13.2,0.972076802626547
scsf,10000000000,perfusion-limited,13.3,0.970668480960231
scsf,10000000000,perfusion-limited,13.4,0.969294164788728
scsf,10000000000,perfusion-limited,13.5,0.967953114107942
scsf,10000000000,perfusion-limited,13.6,0.966644600062079
scsf,10000000000,perfusion-limited,13.7,0.96536790854972
scsf,10000000000,perfusion-limited,13.8,0.964122336119503
scsf,10000000000,perfusion-limited,13.9,0.962907187036321
scsf,10000000000,perfusion-limited,14,0.961721781982422
scsf,10000000000,perfusion-limited,14.1,0.960565452257095
scsf,10000000000,perfusion-limited,14.2,0.95943753957617
scsf,10000000000,perfusion-limited,14.3,0.958337396772524
scsf,10000000000,perfusion-limited,14.4,0.957264390707998
scsf,10000000000,perfusion-limited,14.5,0.956217899338741
scsf,10000000000,perfusion-limited,14.6,0.955197309186454
scsf,10000000000,perfusion-limited,14.7,0.954202021745031
scsf,10000000000,perfusion-limited,14.8,0.953231449101773
scsf,10000000000,perfusion-limited,14.9,0.952285013791922
scsf,10000000000,perfusion-limited,15,0.951362149016366
scsf,10000000000,perfusion-limited,15.1,0.950462301142806
scsf,10000000000,perfusion-limited,15.2,0.949584927073465
scsf,10000000000,perfusion-limited,15.3,0.948729493525853
scsf,10000000000,perfusion-limited,15.4,0.947895477805687
scsf,10000000000,perfusion-limited,15.5,0.947082369654878
scsf,10000000000,perfusion-limited,15.6,0.946289668864881
scsf,10000000000,perfusion-limited,15.7,0.945516884601854
scsf,10000000000,perfusion-limited,15.8,0.944763536461019
scsf,10000000000,perfusion-limited,15.9,0.944029155307766
scsf,10000000000,perfusion-limited,16,0.943313281643125
scsf,10000000000,perfusion-limited,16.1,0.942615465118435
scsf,10000000000,perfusion-limited,16.2,0.941935265400516
scsf,10000000000,perfusion-limited,16.3,0.941272252245981
scsf,10000000000,perfusion-limited,16.4,0.94062600466134
scsf,10000000000,perfusion-limited,16.5,0.939996110464169
scsf,10000000000,perfusion-limited,16.6,0.939382166903072
scsf,10000000000,perfusion-limited,16.7,0.938783780415478
scsf,10000000000,perfusion-limited,16.8,0.938200566194136
scsf,10000000000,perfusion-limited,16.9,0.937632147741685
scsf,10000000000,perfusion-limited,17,0.937078157375386
scsf,10000000000,perfusion-limited,17.1,0.936538235851259
scsf,10000000000,perfusion-limited,17.2,0.936012032101245
scsf,10000000000,perfusion-limited,17.3,0.935499202924817
scsf,10000000000,perfusion-limited,17.4,0.934999413216663
scsf,10000000000,perfusion-limited,17.5,0.934512335625974
scsf,10000000000,perfusion-limited,17.6,0.934037650393142
scsf,10000000000,perfusion-limited,17.7,0.933575045313751
scsf,10000000000,perfusion-limited,17.8,0.933124215406263
scsf,10000000000,perfusion-limited,17.9,0.932684862877374
scsf,10000000000,perfusion-limited,18,0.932256696954373
scsf,10000000000,perfusion-limited,18.1,0.931839433893625
scsf,10000000000,perfusion-limited,18.2,0.931432796766302
scsf,10000000000,perfusion-limited,18.3,0.93103651498554
scsf,10000000000,perfusion-limited,18.4,0.930650324521792
scsf,10000000000,perfusion-limited,18.5,0.930273967665985
scsf,10000000000,perfusion-limited,18.6,0.929907193469155
scsf,10000000000,perfusion-limited,18.7,0.929549756329953
scsf,10000000000,perfusion-limited,18.8,0.929201416802392
scsf,10000000000,perfusion-limited,18.9,0.928861941210027
scsf,10000000000,perfusion-limited,19,0.928531101945962
scsf,10000000000,perfusion-limited,19.1,0.928208676870316
scsf,10000000000,perfusion-limited,19.2,0.927894448904668
scsf,10000000000,perfusion-limited,19.3,0.927588206425924
scsf,10000000000,perfusion-limited,19.4,0.927289743072514
scsf,10000000000,perfusion-limited,19.5,0.926998858278609
scsf,10000000000,perfusion-limited,19.6,0.92671535542541
scsf,10000000000,perfusion-limited,19.7,0.926439043073551
scsf,10000000000,perfusion-limited,19.8,0.92616973447825
scsf,10000000000,perfusion-limited,19.9,0.925907248145015
scsf,10000000000,perfusion-limited,20,0.925651406694362
scsf,10000000000,perfusion-limited,20.1,0.92540203694899
scsf,10000000000,perfusion-limited,20.2,0.925158970171079
scsf,10000000000,perfusion-limited,20.3,0.924922042004514
scsf,10000000000,perfusion-limited,20.4,0.924691092731356
scsf,10000000000,perfusion-limited,20.5,0.924465965777056
scsf,10000000000,perfusion-limited,20.6,0.924246508786054
scsf,10000000000,perfusion-limited,20.7,0.92403257318816
scsf,10000000000,perfusion-limited,20.8,0.923824015119647
scsf,10000000000,perfusion-limited,20.9,0.923620693330352
scsf,10000000000,perfusion-limited,21,0.923422470220757
scsf,10000000000,perfusion-limited,21.1,0.923229211734892
scsf,10000000000,perfusion-limited,21.2,0.923040787139461
scsf,10000000000,perfusion-limited,21.3,0.922857070216817
scsf,10000000000,perfusion-limited,21.4,0.922677936907075
scsf,10000000000,perfusion-limited,21.5,0.922503266120822
scsf,10000000000,perfusion-limited,21.6,0.922332940045562
scsf,10000000000,perfusion-limited,21.7,0.922166843796944
scsf,10000000000,perfusion-limited,21.8,0.922004866551246
scsf,10000000000,perfusion-limited,21.9,0.92184689959706
scsf,10000000000,perfusion-limited,22,0.921692836495881
scsf,10000000000,perfusion-limited,22.1,0.921542573848222
scsf,10000000000,perfusion-limited,22.2,0.921396010844674
scsf,10000000000,perfusion-limited,22.3,0.921253050108677
scsf,10000000000,perfusion-limited,22.4,0.92111359647794
scsf,10000000000,perfusion-limited,22.5,0.920977556529721
scsf,10000000000,perfusion-limited,22.6,0.920844839596593
scsf,10000000000,perfusion-limited,22.7,0.920715357297809
scsf,10000000000,perfusion-limited,22.8,0.920589024127133
scsf,10000000000,perfusion-limited,22.9,0.920465756814725
scsf,10000000000,perfusion-limited,23,0.920345473429458
scsf,10000000000,perfusion-limited,23.1,0.920228094509098
scsf,10000000000,perfusion-limited,23.2,0.920113542601803
scsf,10000000000,perfusion-limited,23.3,0.92000174269393
scsf,10000000000,perfusion-limited,23.4,0.919892621974347
scsf,10000000000,perfusion-limited,23.5,0.919786108601068
scsf,10000000000,perfusion-limited,23.6,0.919682132958835
scsf,10000000000,perfusion-limited,23.7,0.919580627195404
scsf,10000000000,perfusion-limited,23.8,0.919481525558355
scsf,10000000000,perfusion-limited,23.9,0.919384764491416
scsf,10000000000,perfusion-limited,24,0.919290281001537
scsf,10000000000,perfusion-limited,24.1,0.919198014151644
scsf,10000000000,perfusion-limited,24.2,0.919107904555462
scsf,10000000000,perfusion-limited,24.3,0.919019894688187
scsf,10000000000,perfusion-limited,24.4,0.918933929279592
scsf,10000000000,perfusion-limited,24.5,0.918849952970688
scsf,10000000000,perfusion-limited,24.6,0.91876791244015
scsf,10000000000,perfusion-limited,24.7,0.918687755717818
scsf,10000000000,perfusion-limited,24.8,0.9186094321363
scsf,10000000000,perfusion-limited,24.9,0.918532892830352
scsf,10000000000,perfusion-limited,25,0.918458090982217
scsf,10000000000,perfusion-limited,25.1,0.918384979194044
scsf,10000000000,perfusion-limited,25.2,0.918313512028508
scsf,10000000000,perfusion-limited,25.3,0.918243645192678
scsf,10000000000,perfusion-limited,25.4,0.918175335495487
scsf,10000000000,perfusion-limited,25.5,0.918108541360271
scsf,10000000000,perfusion-limited,25.6,0.918043222878285
scsf,10000000000,perfusion-limited,25.7,0.917979339753664
scsf,10000000000,perfusion-limited,25.8,0.917916853330846
scsf,10000000000,perfusion-limited,25.9,0.917855725943459
scsf,10000000000,perfusion-limited,26,0.9177959208794
