site,PS,source,time,conc
plasma,NaN,,0,0
plasma,NaN,,0.1,0
plasma,NaN,,0.2,0
plasma,NaN,,0.3,190.591194773179
plasma,NaN,,0.4,510.550752638125
plasma,NaN,,0.5,761.604633270938
plasma,NaN,,0.6,956.578851719857
plasma,NaN,,0.7,1105.96418261535
plasma,NaN,,0.8,1218.33973164339
plasma,NaN,,0.9,1300.71976882264
plasma,NaN,,1,1358.83768978391
plasma,NaN,,1.1,1397.37848993788
plasma,NaN,,1.2,1420.16909297561
plasma,NaN,,1.3,1430.33415645378
plasma,NaN,,1.4,1430.42364157572
plasma,NaN,,1.5,1422.51723480533
plasma,NaN,,1.6,1408.30985231824
plasma,NaN,,1.7,1389.18161647895
plasma,NaN,,1.8,1366.25515600791
plasma,NaN,,1.9,1340.44250783031
plasma,NaN,,2,1312.48350350802
plasma,NaN,,2.1,1282.97720507516
plasma,NaN,,2.2,1252.40761960268
plasma,NaN,,2.3,1221.16475552873
plasma,NaN,,2.4,1189.56185813311
plasma,NaN,,2.5,1157.84950835113
plasma,NaN,,2.6,1126.22715972691
plasma,NaN,,2.7,1094.85258877743
plasma,NaN,,2.8,1063.84961493092
plasma,NaN,,2.9,1033.31442098933
plasma,NaN,,3,1003.32072182409
plasma,NaN,,3.1,973.923996241195
plasma,NaN,,3.2,945.164938934413
plasma,NaN,,3.3,917.072284012476
plasma,NaN,,3.4,889.665120141067
plasma,NaN,,3.5,862.954770626743
plasma,NaN,,3.6,836.946334336806
plasma,NaN,,3.7,811.639944310124
plasma,NaN,,3.8,787.031788121447
plasma,NaN,,3.9,763.114947765252
plasma,NaN,,4,739.880080518997
plasma,NaN,,4.1,717.315967521885
plasma,NaN,,4.2,695.409963900792
plasma,NaN,,4.3,674.148366951155
plasma,NaN,,4.4,653.51670731443
plasma,NaN,,4.5,633.499991437675
plasma,NaN,,4.6,614.082892239909
plasma,NaN,,4.7,595.249902201197
plasma,NaN,,4.8,576.985457327469
plasma,NaN,,4.9,559.274035848623
plasma,NaN,,5,542.100237815025
plasma,NaN,,5.1,525.448844653294
plasma,NaN,,5.2,509.304865806107
plasma,NaN,,5.3,493.65357526231
plasma,NaN,,5.4,478.480539748075
plasma,NaN,,5.5,463.771638968654
plasma,NaN,,5.6,449.513079020039
plasma,NaN,,5.7,435.691402650975
plasma,NaN,,5.8,422.293494692199
plasma,NaN,,5.9,409.306584395767
plasma,NaN,,6,396.718245314127
plasma,NaN,,6.1,384.516393725442
plasma,NaN,,6.2,372.689285101182
plasma,NaN,,6.3,361.225509771964
plasma,NaN,,6.4,350.113987090522
plasma,NaN,,6.5,339.343960358226
plasma,NaN,,6.6,328.904989228507
plasma,NaN,,6.7,318.78694254118
plasma,NaN,,6.8,308.97999039109
plasma,NaN,,6.9,299.474597741559
plasma,NaN,,7,290.261515987983
plasma,NaN,,7.1,281.331775973846
plasma,NaN,,7.2,272.676680231731
plasma,NaN,,7.3,264.287795326037
plasma,NaN,,7.4,256.156944322282
plasma,NaN,,7.5,248.276199521375
plasma,NaN,,7.6,240.637875114497
plasma,NaN,,7.7,233.234519845116
plasma,NaN,,7.8,226.058910913177
plasma,NaN,,7.9,219.104045711642
plasma,NaN,,8,212.363137395749
plasma,NaN,,8.1,205.829605785
plasma,NaN,,8.2,199.497074127849
plasma,NaN,,8.3,193.35935975803
plasma,NaN,,8.4,187.410471551837
plasma,NaN,,8.5,181.644600654691
plasma,NaN,,8.6,176.056118465659
plasma,NaN,,8.7,170.639567499661
plasma,NaN,,8.8,165.389659864621
plasma,NaN,,8.9,160.301268311599
plasma,NaN,,9,155.369425328134
plasma,NaN,,9.1,150.589313750803
plasma,NaN,,9.2,145.956266751589
plasma,NaN,,9.3,141.465759180711
plasma,NaN,,9.4,137.113406139328
plasma,NaN,,9.5,132.894957594572
plasma,NaN,,9.6,128.806293490742
plasma,NaN,,9.7,124.843421524212
plasma,NaN,,9.8,121.002470834733
plasma,NaN,,9.9,117.279691665564
plasma,NaN,,10,113.671447520549
plasma,NaN,,10.1,110.174215312197
plasma,NaN,,10.2,106.784578530926
plasma,NaN,,10.3,103.499228157917
plasma,NaN,,10.4,100.314955487904
plasma,NaN,,10.5,97.2286508290059
plasma,NaN,,10.6,94.2372998564671
plasma,NaN,,10.7,91.3379807565792
plasma,NaN,,10.8,88.5278627304392
plasma,NaN,,10.9,85.8042004247172
plasma,NaN,,11,83.1643350033233
plasma,NaN,,11.1,80.6056876253878
plasma,NaN,,11.2,78.1257603344377
plasma,NaN,,11.3,75.7221308115739
plasma,NaN,,11.4,73.3924519179189
plasma,NaN,,11.5,71.1344484481984
plasma,NaN,,11.6,68.9459148933466
plasma,NaN,,11.7,66.8247143620658
plasma,NaN,,11.8,64.7687745492722
plasma,NaN,,11.9,62.7760883755299
plasma,NaN,,12,60.8447090979334
plasma,NaN,,12.1,58.9727514354697
plasma,NaN,,12.2,57.1583866931493
plasma,NaN,,12.3,55.3998429300633
plasma,NaN,,12.4,53.695403163663
plasma,NaN,,12.5,52.0434018063164
plasma,NaN,,12.6,50.4422269212379
plasma,NaN,,12.7,48.8903140706127
plasma,NaN,,12.8,47.3861475442011
plasma,NaN,,12.9,45.9282585197744
plasma,NaN,,13,44.515222192475
plasma,NaN,,13.1,43.1456602963487
plasma,NaN,,13.2,41.8182348821794
plasma,NaN,,13.3,40.5316494439856
plasma,NaN,,13.4,39.2846468031086
plasma,NaN,,13.5,38.0760079297826
plasma,NaN,,13.6,36.9045547005718
plasma,NaN,,13.7,35.7691425355211
plasma,NaN,,13.8,34.6686629027838
plasma,NaN,,13.9,33.6020413549352
plasma,NaN,,14,32.568236281583
plasma,NaN,,14.1,31.5662383131455
plasma,NaN,,14.2,30.5950682852541
plasma,NaN,,14.3,29.6537769298855
plasma,NaN,,14.4,28.7414462839322
plasma,NaN,,14.5,27.8571838784082
plasma,NaN,,14.6,27.0001256232263
plasma,NaN,,14.7,26.1694360735645
plasma,NaN,,14.8,25.3643030968284
plasma,NaN,,14.9,24.5839405999386
plasma,NaN,,15,23.8275871751419
plasma,NaN,,15.1,23.0945040784449
plasma,NaN,,15.2,22.383975563762
plasma,NaN,,15.3,21.6953077223349
plasma,NaN,,15.4,21.0278274868419
plasma,NaN,,15.5,20.3808834023466
plasma,NaN,,15.6,19.753843323271
plasma,NaN,,15.7,19.1460938835549
plasma,NaN,,15.8,18.5570428001826
plasma,NaN,,15.9,17.9861141807416
plasma,NaN,,16,17.43275018985
plasma,NaN,,16.1,16.8964112700237
plasma,NaN,,16.2,16.3765734839874
plasma,NaN,,16.3,15.8727293126546
plasma,NaN,,16.4,15.3843869510755
plasma,NaN,,16.5,14.9110693454132
plasma,NaN,,16.6,14.4523139973436
plasma,NaN,,16.7,14.0076735240192
plasma,NaN,,16.8,13.5767129227615
plasma,NaN,,16.9,13.1590105343449
plasma,NaN,,17,12.7541596473067
plasma,NaN,,17.1,12.3617642180845
plasma,NaN,,17.2,11.9814404043632
plasma,NaN,,17.3,11.6128174438997
plasma,NaN,,17.4,11.2555356571787
plasma,NaN,,17.5,10.9092458759829
plasma,NaN,,17.6,10.5736101307304
plasma,NaN,,17.7,10.2483009440205
plasma,NaN,,17.8,9.93300055108032
plasma,NaN,,17.9,9.62740104557196
plasma,NaN,,18,9.33120409981388
plasma,NaN,,18.1,9.04412001932529
plasma,NaN,,18.2,8.76586803441254
plasma,NaN,,18.3,8.49617720914252
plasma,NaN,,18.4,8.23478336367874
plasma,NaN,,18.5,7.9814306879604
plasma,NaN,,18.6,7.73587299639709
plasma,NaN,,18.7,7.49786991765014
plasma,NaN,,18.8,7.2671889579283
plasma,NaN,,18.9,7.0436051531192
plasma,NaN,,19,6.826900403953
plasma,NaN,,19.1,6.61686308071958
plasma,NaN,,19.2,6.41328813172321
plasma,NaN,,19.3,6.21597675844311
plasma,NaN,,19.4,6.02473608253779
plasma,NaN,,19.5,5.83937903041033
plasma,NaN,,19.6,5.65972510008566
plasma,NaN,,19.7,5.48559822403659
plasma,NaN,,19.8,5.31682786463987
plasma,NaN,,19.9,5.1532497659806
plasma,NaN,,20,4.99470420283357
plasma,NaN,,20.1,4.84103605105922
plasma,NaN,,20.2,4.69209538048323
plasma,NaN,,20.3,4.54773716199404
plasma,NaN,,20.4,4.40782045417614
plasma,NaN,,20.5,4.27220879330362
plasma,NaN,,20.6,4.14076961392028
plasma,NaN,,20.7,4.01337464137036
plasma,NaN,,20.8,3.88989934120348
plasma,NaN,,20.9,3.77022334265633
plasma,NaN,,21,3.65422948873896
plasma,NaN,,21.1,3.54180406523873
plasma,NaN,,21.2,3.43283682751893
plasma,NaN,,21.3,3.32722255207843
plasma,NaN,,21.4,3.22485723203662
plasma,NaN,,21.5,3.12564062093254
plasma,NaN,,21.6,3.02947588112519
plasma,NaN,,21.7,2.9362699713537
plasma,NaN,,21.8,2.84593157439534
plasma,NaN,,21.9,2.75837265490694
plasma,NaN,,22,2.67350780367794
plasma,NaN,,22.1,2.5912542359591
plasma,NaN,,22.2,2.51153179606331
plasma,NaN,,22.3,2.43426271224778
plasma,NaN,,22.4,2.35937129941457
plasma,NaN,,22.5,2.28678425052253
plasma,NaN,,22.6,2.21643035162193
plasma,NaN,,22.7,2.14824046098694
plasma,NaN,,22.8,2.08214880038825
plasma,NaN,,22.9,2.01809001978748
plasma,NaN,,23,1.95600117882087
plasma,NaN,,23.1,1.89582164124273
plasma,NaN,,23.2,1.83749361565906
plasma,NaN,,23.3,1.7809597911791
plasma,NaN,,23.4,1.72616521009134
plasma,NaN,,23.5,1.67305650324486
plasma,NaN,,23.6,1.62158199135429
plasma,NaN,,23.7,1.57169181791088
plasma,NaN,,23.8,1.52333763507838
plasma,NaN,,23.9,1.47647120532988
plasma,NaN,,24,1.43104680369316
plasma,NaN,,24.1,1.38701991710868
plasma,NaN,,24.2,1.34434705680602
plasma,NaN,,24.3,1.30298717794833
plasma,NaN,,24.4,1.2629005049751
plasma,NaN,,24.5,1.22404718344403
plasma,NaN,,24.6,1.18638913487569
plasma,NaN,,24.7,1.14988947195724
plasma,NaN,,24.8,1.11451262096026
plasma,NaN,,24.9,1.08022384690828
plasma,NaN,,25,1.04698954470583
brain ECF,159732,in situ perfusion,0,0
brain ECF,159732,in situ perfusion,0.1,0
brain ECF,159732,in situ perfusion,0.2,0
brain ECF,159732,in situ perfusion,0.3,1.42114320081055
brain ECF,159732,in situ perfusion,0.4,3.98814529388379
brain ECF,159732,in situ perfusion,0.5,6.00292783483513
brain ECF,159732,in situ perfusion,0.6,7.56826399050858
brain ECF,159732,in situ perfusion,0.7,8.76821604829801
brain ECF,159732,in situ perfusion,0.8,9.67152861756969
brain ECF,159732,in situ perfusion,0.9,10.3344076758577
brain ECF,159732,in situ perfusion,1,10.8027958599769
brain ECF,159732,in situ perfusion,1.1,11.1142352436271
brain ECF,159732,in situ perfusion,1.2,11.2993923000439
brain ECF,159732,in situ perfusion,1.3,11.3833064600397
brain ECF,159732,in situ perfusion,1.4,11.3864121421751
brain ECF,159732,in situ perfusion,1.5,11.3253756115576
brain ECF,159732,in situ perfusion,1.6,11.2137799254212
brain ECF,159732,in situ perfusion,1.7,11.0626858099868
brain ECF,159732,in situ perfusion,1.8,10.8810906636543
brain ECF,159732,in situ perfusion,1.9,10.6763044031414
brain ECF,159732,in situ perfusion,2,10.454257103057
brain ECF,159732,in situ perfusion,2.1,10.2197507813399
brain ECF,159732,in situ perfusion,2.2,9.97666551184669
brain ECF,159732,in situ perfusion,2.3,9.72812815713458
brain ECF,159732,in situ perfusion,2.4,9.47665041065039
brain ECF,159732,in situ perfusion,2.5,9.22424180182688
brain ECF,159732,in situ perfusion,2.6,8.97250217866224
brain ECF,159732,in situ perfusion,2.7,8.72269735321529
brain ECF,159732,in situ perfusion,2.8,8.47582099370342
brain ECF,159732,in situ perfusion,2.9,8.23264530961716
brain ECF,159732,in situ perfusion,3,7.99376243742689
brain ECF,159732,in situ perfusion,3.1,7.75961830224488
brain ECF,159732,in situ perfusion,3.2,7.53054036420026
brain ECF,159732,in situ perfusion,3.3,7.30676021117534
brain ECF,159732,in situ perfusion,3.4,7.08843207693106
brain ECF,159732,in situ perfusion,3.5,6.8756479375706
brain ECF,159732,in situ perfusion,3.6,6.66844985300179
brain ECF,159732,in situ perfusion,3.7,6.4668400785156
brain ECF,159732,in situ perfusion,3.8,6.27078922326907
brain ECF,159732,in situ perfusion,3.9,6.08024296009444
brain ECF,159732,in situ perfusion,4,5.89512747660263
brain ECF,159732,in situ perfusion,4.1,5.71535391262079
brain ECF,159732,in situ perfusion,4.2,5.54082196525592
brain ECF,159732,in situ perfusion,4.3,5.37142281995762
brain ECF,159732,in situ perfusion,4.4,5.20704148718636
brain ECF,159732,in situ perfusion,4.5,5.04755873048255
brain ECF,159732,in situ perfusion,4.6,4.89285261925539
brain ECF,159732,in situ perfusion,4.7,4.74279976874702
brain ECF,159732,in situ perfusion,4.8,4.59727631039774
brain ECF,159732,in situ perfusion,4.9,4.45615868342253
brain ECF,159732,in situ perfusion,5,4.31932426740279
brain ECF,159732,in situ perfusion,5.1,4.18665187242271
brain ECF,159732,in situ perfusion,5.2,4.05802211705739
brain ECF,159732,in situ perfusion,5.3,3.93331772063036
brain ECF,159732,in situ perfusion,5.4,3.8124237290303
brain ECF,159732,in situ perfusion,5.5,3.69522767171068
brain ECF,159732,in situ perfusion,5.6,3.58161967331403
brain ECF,159732,in situ perfusion,5.7,3.47149253108577
brain ECF,159732,in situ perfusion,5.8,3.36474176295591
brain ECF,159732,in situ perfusion,5.9,3.26126562617284
brain ECF,159732,in situ perfusion,6,3.16096512245172
brain ECF,159732,in situ perfusion,6.1,3.06374399118996
brain ECF,159732,in situ perfusion,6.2,2.96950866863048
brain ECF,159732,in situ perfusion,6.3,2.87816825144935
brain ECF,159732,in situ perfusion,6.4,2.78963445974092
brain ECF,159732,in situ perfusion,6.5,2.703821588339
brain ECF,159732,in situ perfusion,6.6,2.62064645231607
brain ECF,159732,in situ perfusion,6.7,2.54002833124197
brain ECF,159732,in situ perfusion,6.8,2.46188890991758
brain ECF,159732,in situ perfusion,6.9,2.38615221854108
brain ECF,159732,in situ perfusion,7,2.31274457229074
brain ECF,159732,in situ perfusion,7.1,2.24159450930124
brain ECF,159732,in situ perfusion,7.2,2.17263273318914
brain ECF,159732,in situ perfusion,7.3,2.10579204867667
brain ECF,159732,in situ perfusion,7.4,2.04100730474948
brain ECF,159732,in situ perfusion,7.5,1.97821533514644
brain ECF,159732,in situ perfusion,7.6,1.91735490127516
brain ECF,159732,in situ perfusion,7.7,1.85836663493567
brain ECF,159732,in situ perfusion,7.8,1.80119298694117
brain ECF,159732,in situ perfusion,7.9,1.74577816578082
brain ECF,159732,in situ perfusion,8,1.69206809404556
brain ECF,159732,in situ perfusion,8.1,1.64001034952094
brain ECF,159732,in situ perfusion,8.2,1.58955412104565
brain ECF,159732,in situ perfusion,8.3,1.54065014980579
brain ECF,159732,in situ perfusion,8.4,1.49325069949063
brain ECF,159732,in situ perfusion,8.5,1.44730948473804
brain ECF,159732,in situ perfusion,8.6,1.40278166011358
brain ECF,159732,in situ perfusion,8.7,1.3596237384353
brain ECF,159732,in situ perfusion,8.8,1.31779358959199
brain ECF,159732,in situ perfusion,8.9,1.27725035905337
brain ECF,159732,in situ perfusion,9,1.23795446720468
brain ECF,159732,in situ perfusion,9.1,1.19986753464953
brain ECF,159732,in situ perfusion,9.2,1.16295237516815
brain ECF,159732,in situ perfusion,9.3,1.12717293719178
brain ECF,159732,in situ perfusion,9.4,1.09249428259594
brain ECF,159732,in situ perfusion,9.5,1.05888254644039
brain ECF,159732,in situ perfusion,9.6,1.02630490426679
brain ECF,159732,in situ perfusion,9.7,0.994729545637306
brain ECF,159732,in situ perfusion,9.8,0.964125628549961
brain ECF,159732,in situ perfusion,9.9,0.934463274785045
brain ECF,159732,in situ perfusion,10,0.90571350654803
brain ECF,159732,in situ perfusion,10.1,0.877848258061864
brain ECF,159732,in situ perfusion,10.2,0.850840307916291
brain ECF,159732,in situ perfusion,10.3,0.824663285584721
brain ECF,159732,in situ perfusion,10.4,0.799291625801878
brain ECF,159732,in situ perfusion,10.5,0.77470054918092
brain ECF,159732,in situ perfusion,10.6,0.750866044976269
brain ECF,159732,in situ perfusion,10.7,0.727764830768566
brain ECF,159732,in situ perfusion,10.8,0.70537435320696
brain ECF,159732,in situ perfusion,10.9,0.683672738093584
brain ECF,159732,in situ perfusion,11,0.662638800008438
brain ECF,159732,in situ perfusion,11.1,0.642251991106786
brain ECF,159732,in situ perfusion,11.2,0.622492405682681
brain ECF,159732,in situ perfusion,11.3,0.603340746689433
brain ECF,159732,in situ perfusion,11.4,0.584778305738149
brain ECF,159732,in situ perfusion,11.5,0.566786963113988
brain ECF,159732,in situ perfusion,11.6,0.549349139372983
brain ECF,159732,in situ perfusion,11.7,0.532447811478027
brain ECF,159732,in situ perfusion,11.8,0.516066470817028
brain ECF,159732,in situ perfusion,11.9,0.50018911659139
brain ECF,159732,in situ perfusion,12,0.484800249520091
brain ECF,159732,in situ perfusion,12.1,0.469884833412001
brain ECF,159732,in situ perfusion,12.2,0.455428309772149
brain ECF,159732,in situ perfusion,12.3,0.441416555330019
brain ECF,159732,in situ perfusion,12.4,0.427835886246143
brain ECF,159732,in situ perfusion,12.5,0.414673043836676
brain ECF,159732,in situ perfusion,12.6,0.401915167415475
brain ECF,159732,in situ perfusion,12.7,0.389549804381154
brain ECF,159732,in situ perfusion,12.8,0.377564873200983
brain ECF,159732,in situ perfusion,12.9,0.365948671921651
brain ECF,159732,in situ perfusion,13,0.354689858692203
brain ECF,159732,in situ perfusion,13.1,0.343777431101841
brain ECF,159732,in situ perfusion,13.2,0.333200741505445
brain ECF,159732,in situ perfusion,13.3,0.322949454762966
brain ECF,159732,in situ perfusion,13.4,0.313013556707996
brain ECF,159732,in situ perfusion,13.5,0.303383351840955
brain ECF,159732,in situ perfusion,13.6,0.294049428273552
brain ECF,159732,in situ perfusion,13.7,0.285002672322449
brain ECF,159732,in situ perfusion,13.8,0.276234251915455
brain ECF,159732,in situ perfusion,13.9,0.267735597772596
brain ECF,159732,in situ perfusion,14,0.259498417222974
brain ECF,159732,in situ perfusion,14.1,0.25151466208488
brain ECF,159732,in situ perfusion,14.2,0.243776533321186
brain ECF,159732,in situ perfusion,14.3,0.236276479785567
brain ECF,159732,in situ perfusion,14.4,0.229007171848779
brain ECF,159732,in situ perfusion,14.5,0.221961511554423
brain ECF,159732,in situ perfusion,14.6,0.215132620716314
brain ECF,159732,in situ perfusion,14.7,0.208513825409865
brain ECF,159732,in situ perfusion,14.8,0.202098668579505
brain ECF,159732,in situ perfusion,14.9,0.195880881744167
brain ECF,159732,in situ perfusion,15,0.189854388176351
brain ECF,159732,in situ perfusion,15.1,0.184013311596514
brain ECF,159732,in situ perfusion,15.2,0.17835194170635
brain ECF,159732,in situ perfusion,15.3,0.172864745834755
brain ECF,159732,in situ perfusion,15.4,0.167546374254828
brain ECF,159732,in situ perfusion,15.5,0.162391627353778
brain ECF,159732,in situ perfusion,15.6,0.157395468368245
brain ECF,159732,in situ perfusion,15.7,0.152553025220624
brain ECF,159732,in situ perfusion,15.8,0.14785956393902
brain ECF,159732,in situ perfusion,15.9,0.143310499068754
brain ECF,159732,in situ perfusion,16,0.138901394653143
brain ECF,159732,in situ perfusion,16.1,0.134627940610207
brain ECF,159732,in situ perfusion,16.2,0.130485962398125
brain ECF,159732,in situ perfusion,16.3,0.126471419124106
brain ECF,159732,in situ perfusion,16.4,0.122580386046961
brain ECF,159732,in situ perfusion,16.5,0.118809062486278
brain ECF,159732,in situ perfusion,16.6,0.115153771591301
brain ECF,159732,in situ perfusion,16.7,0.111610940077243
brain ECF,159732,in situ perfusion,16.8,0.108177108189186
brain ECF,159732,in situ perfusion,16.9,0.104848924596736
brain ECF,159732,in situ perfusion,17,0.101623135449214
brain ECF,159732,in situ perfusion,17.1,0.0984965889505193
brain ECF,159732,in situ perfusion,17.2,0.0954662370708079
brain ECF,159732,in situ perfusion,17.3,0.0925291150987567
brain ECF,159732,in situ perfusion,17.4,0.0896823522862251
brain ECF,159732,in situ perfusion,17.5,0.0869231761056948
brain ECF,159732,in situ perfusion,17.6,0.0842488877645707
brain ECF,159732,in situ perfusion,17.7,0.0816568742829532
brain ECF,159732,in situ perfusion,17.8,0.0791446095312432
brain ECF,159732,in situ perfusion,17.9,0.0767096378894017
brain ECF,159732,in situ perfusion,18,0.0743495804097216
brain ECF,159732,in situ perfusion,18.1,0.0720621353764817
brain ECF,159732,in situ perfusion,18.2,0.0698450670129877
brain ECF,159732,in situ perfusion,18.3,0.0676962077616346
brain ECF,159732,in situ perfusion,18.4,0.0656134620566493
brain ECF,159732,in situ perfusion,18.5,0.0635947946502192
brain ECF,159732,in situ perfusion,18.6,0.0616382309005844
brain ECF,159732,in situ perfusion,18.7,0.0597418623736287
brain ECF,159732,in situ perfusion,18.8,0.0579038382101666
brain ECF,159732,in situ perfusion,18.9,0.0561223610722737
brain ECF,159732,in situ perfusion,19,0.0543956927736625
brain ECF,159732,in situ perfusion,19.1,0.0527221491510156
brain ECF,159732,in situ perfusion,19.2,0.0511000942927186
brain ECF,159732,in situ perfusion,19.3,0.0495279434851562
brain ECF,159732,in situ perfusion,19.4,0.0480041632998257
brain ECF,159732,in situ perfusion,19.5,0.046527262964922
brain ECF,159732,in situ perfusion,19.6,0.0450957973740083
brain ECF,159732,in situ perfusion,19.7,0.0437083728737155
brain ECF,159732,in situ perfusion,19.8,0.0423636362282812
brain ECF,159732,in situ perfusion,19.9,0.0410602717251512
brain ECF,159732,in situ perfusion,20,0.0397970064742852
brain ECF,159732,in situ perfusion,20.1,0.0385726099445048
brain ECF,159732,in situ perfusion,20.2,0.0373858847778724
brain ECF,159732,in situ perfusion,20.3,0.036235671248839
brain ECF,159732,in situ perfusion,20.4,0.0351208473335587
brain ECF,159732,in situ perfusion,20.5,0.0340403230748457
brain ECF,159732,in situ perfusion,20.6,0.0329930408999015
brain ECF,159732,in situ perfusion,20.7,0.0319779775674208
brain ECF,159732,in situ perfusion,20.8,0.0309941449812571
brain ECF,159732,in situ perfusion,20.9,0.0300405787693902
brain ECF,159732,in situ perfusion,21,0.0291163456960497
brain ECF,159732,in situ perfusion,21.1,0.0282205485092914
brain ECF,159732,in situ perfusion,21.2,0.0273523106850183
brain ECF,159732,in situ perfusion,21.3,0.0265107844327161
brain ECF,159732,in situ perfusion,21.4,0.0256951489741015
brain ECF,159732,in situ perfusion,21.5,0.0249046090789323
brain ECF,159732,in situ perfusion,21.6,0.02413839273903
brain ECF,159732,in situ perfusion,21.7,0.0233957517879531
brain ECF,159732,in situ perfusion,21.8,0.0226759614573112
brain ECF,159732,in situ perfusion,21.9,0.0219783183583989
brain ECF,159732,in situ perfusion,22,0.0213021395203793
brain ECF,159732,in situ perfusion,22.1,0.0206467621226159
brain ECF,159732,in situ perfusion,22.2,0.0200115501789646
brain ECF,159732,in situ perfusion,22.3,0.0193958805660902
brain ECF,159732,in situ perfusion,22.4,0.0187991491472313
brain ECF,159732,in situ perfusion,22.5,0.0182207704702529
brain ECF,159732,in situ perfusion,22.6,0.0176601880599375
brain ECF,159732,in situ perfusion,22.7,0.0171168502401277
brain ECF,159732,in situ perfusion,22.8,0.0165902263969546
brain ECF,159732,in situ perfusion,22.9,0.0160798028002341
brain ECF,159732,in situ perfusion,23,0.0155850841312602
brain ECF,159732,in situ perfusion,23.1,0.0151055875061227
brain ECF,159732,in situ perfusion,23.2,0.0146408461432485
brain ECF,159732,in situ perfusion,23.3,0.014190406538415
brain ECF,159732,in situ perfusion,23.4,0.0137538272706435
brain ECF,159732,in situ perfusion,23.5,0.0133306825938102
brain ECF,159732,in situ perfusion,23.6,0.0129205581347467
brain ECF,159732,in situ perfusion,23.7,0.0125230532016553
brain ECF,159732,in situ perfusion,23.8,0.0121377788882599
brain ECF,159732,in situ perfusion,23.9,0.0117643556126172
brain ECF,159732,in situ perfusion,24,0.0114024151356413
brain ECF,159732,in situ perfusion,24.1,0.0110516127888718
brain ECF,159732,in situ perfusion,24.2,0.0107116053666959
brain ECF,159732,in situ perfusion,24.3,0.0103820575096578
brain ECF,159732,in situ perfusion,24.4,0.0100626466609646
brain ECF,159732,in situ perfusion,24.5,0.00975306055074909
brain ECF,159732,in situ perfusion,24.6,0.00945300021866979
brain ECF,159732,in situ perfusion,24.7,0.00916217064907086
brain ECF,159732,in situ perfusion,24.8,0.00888028763235152
brain ECF,159732,in situ perfusion,24.9,0.00860707550103537
brain ECF,159732,in situ perfusion,25,0.00834226624137379
brain ECF,159300,in vitro cell-based,0,0
brain ECF,159300,in vitro cell-based,0.1,0
brain ECF,159300,in vitro cell-based,0.2,0
brain ECF,159300,in vitro cell-based,0.3,1.42104174026089
brain ECF,159300,in vitro cell-based,0.4,3.98806529018718
brain ECF,159300,in vitro cell-based,0.5,6.0028653056418
brain ECF,159300,in vitro cell-based,0.6,7.56821567676393
brain ECF,159300,in vitro cell-based,0.7,8.76817928457965
brain ECF,159300,in vitro cell-based,0.8,9.67150122432362
brain ECF,159300,in vitro cell-based,0.9,10.3343878712695
brain ECF,159300,in vitro cell-based,1,10.8027821877556
brain ECF,159300,in vitro cell-based,1.1,11.1142265139584
brain ECF,159300,in vitro cell-based,1.2,11.2993875412015
brain ECF,159300,in vitro cell-based,1.3,11.3833048787714
brain ECF,159300,in vitro cell-based,1.4,11.3864130912573
brain ECF,159300,in vitro cell-based,1.5,11.3253785633033
brain ECF,159300,in vitro cell-based,1.6,11.2137844499166
brain ECF,159300,in vitro cell-based,1.7,11.0626915573011
brain ECF,159300,in vitro cell-based,1.8,10.8810973492833
brain ECF,159300,in vitro cell-based,1.9,10.676311796089
brain ECF,159300,in vitro cell-based,2,10.4542650160745
brain ECF,159300,in vitro cell-based,2.1,10.2197590629215
brain ECF,159300,in vitro cell-based,2.2,9.97667403972775
brain ECF,159300,in vitro cell-based,2.3,9.72813683291365
brain ECF,159300,in vitro cell-based,2.4,9.47665915541982
brain ECF,159300,in vitro cell-based,2.5,9.2242505525712
brain ECF,159300,in vitro cell-based,2.6,8.97251088535874
brain ECF,159300,in vitro cell-based,2.7,8.72270597640833
brain ECF,159300,in vitro cell-based,2.8,8.47582950254981
brain ECF,159300,in vitro cell-based,2.9,8.23265368027818
brain ECF,159300,in vitro cell-based,3,7.99377065175031
brain ECF,159300,in vitro cell-based,3.1,7.75962634670459
brain ECF,159300,in vitro cell-based,3.2,7.53054822900674
brain ECF,159300,in vitro cell-based,3.3,7.30676788956006
brain ECF,159300,in vitro cell-based,3.4,7.08843956456848
brain ECF,159300,in vitro cell-based,3.5,6.87565523208637
brain ECF,159300,in vitro cell-based,3.6,6.66845695359325
brain ECF,159300,in vitro cell-based,3.7,6.46684698562077
brain ECF,159300,in vitro cell-based,3.8,6.27079593832754
brain ECF,159300,in vitro cell-based,3.9,6.0802494853
brain ECF,159300,in vitro cell-based,4,5.89513381477357
brain ECF,159300,in vitro cell-based,4.1,5.71536006701533
brain ECF,159300,in vitro cell-based,4.2,5.5408279395056
brain ECF,159300,in vitro cell-based,4.3,5.37142861794559
brain ECF,159300,in vitro cell-based,4.4,5.20704711295844
brain ECF,159300,in vitro cell-based,4.5,5.0475641882267
brain ECF,159300,in vitro cell-based,4.6,4.89285791323007
brain ECF,159300,in vitro cell-based,4.7,4.74280490324651
brain ECF,159300,in vitro cell-based,4.8,4.5972812897033
brain ECF,159300,in vitro cell-based,4.9,4.45616351181415
brain ECF,159300,in vitro cell-based,5,4.31932894911188
brain ECF,159300,in vitro cell-based,5.1,4.1866564116263
brain ECF,159300,in vitro cell-based,5.2,4.05802651786128
brain ECF,159300,in vitro cell-based,5.3,3.93332198706739
brain ECF,159300,in vitro cell-based,5.4,3.81242786505194
brain ECF,159300,in vitro cell-based,5.5,3.69523168117899
brain ECF,159300,in vitro cell-based,5.6,3.5816235599976
brain ECF,159300,in vitro cell-based,5.7,3.4714962986593
brain ECF,159300,in vitro cell-based,5.8,3.36474541499988
brain ECF,159300,in vitro cell-based,5.9,3.26126916617056
brain ECF,159300,in vitro cell-based,6,3.16096855380034
brain ECF,159300,in vitro cell-based,6.1,3.06374731718163
brain ECF,159300,in vitro cell-based,6.2,2.96951189247379
brain ECF,159300,in vitro cell-based,6.3,2.87817137625561
brain ECF,159300,in vitro cell-based,6.4,2.78963748853083
brain ECF,159300,in vitro cell-based,6.5,2.70382452404282
brain ECF,159300,in vitro cell-based,6.6,2.62064929778155
brain ECF,159300,in vitro cell-based,6.7,2.54003108923256
brain ECF,159300,in vitro cell-based,6.8,2.46189158311379
brain ECF,159300,in vitro cell-based,6.9,2.38615480953993
brain ECF,159300,in vitro cell-based,7,2.31274708361471
brain ECF,159300,in vitro cell-based,7.1,2.24159694339494
brain ECF,159300,in vitro cell-based,7.2,2.17263509242399
brain ECF,159300,in vitro cell-based,7.3,2.10579433535068
brain ECF,159300,in vitro cell-based,7.4,2.0410095210923
brain ECF,159300,in vitro cell-based,7.5,1.97821748331612
brain ECF,159300,in vitro cell-based,7.6,1.91735698336974
brain ECF,159300,in vitro cell-based,7.7,1.85836865298418
brain ECF,159300,in vitro cell-based,7.8,1.80119494291195
brain ECF,159300,in vitro cell-based,7.9,1.74578006158355
brain ECF,159300,in vitro cell-based,8,1.69206993152845
brain ECF,159300,in vitro cell-based,8.1,1.64001213048377
brain ECF,159300,in vitro cell-based,8.2,1.58955584722028
brain ECF,159300,in vitro cell-based,8.3,1.54065182288417
brain ECF,159300,in vitro cell-based,8.4,1.49325232109841
brain ECF,159300,in vitro cell-based,8.5,1.44731105646321
brain ECF,159300,in vitro cell-based,8.6,1.40278318348528
brain ECF,159300,in vitro cell-based,8.7,1.3596252149432
brain ECF,159300,in vitro cell-based,8.8,1.31779502067561
brain ECF,159300,in vitro cell-based,8.9,1.27725174611087
brain ECF,159300,in vitro cell-based,9,1.23795581159042
brain ECF,159300,in vitro cell-based,9.1,1.19986883766763
brain ECF,159300,in vitro cell-based,9.2,1.16295363810884
brain ECF,159300,in vitro cell-based,9.3,1.12717416127217
brain ECF,159300,in vitro cell-based,9.4,1.09249546902563
brain ECF,159300,in vitro cell-based,9.5,1.05888369636482
brain ECF,159300,in vitro cell-based,9.6,1.02630601882192
brain ECF,159300,in vitro cell-based,9.7,0.994730625900343
brain ECF,159300,in vitro cell-based,9.8,0.964126675583467
brain ECF,159300,in vitro cell-based,9.9,0.934464289605272
brain ECF,159300,in vitro cell-based,10,0.905714490148605
brain ECF,159300,in vitro cell-based,10.1,0.877849211401799
brain ECF,159300,in vitro cell-based,10.2,0.85084123191754
brain ECF,159300,in vitro cell-based,10.3,0.824664181167945
brain ECF,159300,in vitro cell-based,10.4,0.799292493827095
brain ECF,159300,in vitro cell-based,10.5,0.774701390506476
brain ECF,159300,in vitro cell-based,10.6,0.750866860415887
brain ECF,159300,in vitro cell-based,10.7,0.727765621123792
brain ECF,159300,in vitro cell-based,10.8,0.70537511924596
brain ECF,159300,in vitro cell-based,10.9,0.683673480565994
brain ECF,159300,in vitro cell-based,11,0.662639519638937
brain ECF,159300,in vitro cell-based,11.1,0.642252688591486
brain ECF,159300,in vitro cell-based,11.2,0.622493081718163
brain ECF,159300,in vitro cell-based,11.3,0.603341401923486
brain ECF,159300,in vitro cell-based,11.4,0.584778940818328
brain ECF,159300,in vitro cell-based,11.5,0.566787578655211
brain ECF,159300,in vitro cell-based,11.6,0.549349735966511
brain ECF,159300,in vitro cell-based,11.7,0.532448389727967
brain ECF,159300,in vitro cell-based,11.8,0.516067031271734
brain ECF,159300,in vitro cell-based,11.9,0.500189659807418
brain ECF,159300,in vitro cell-based,12,0.484800776022232
brain ECF,159300,in vitro cell-based,12.1,0.469885343706311
brain ECF,159300,in vitro cell-based,12.2,0.45542880437722
brain ECF,159300,in vitro cell-based,12.3,0.441417034713328
brain ECF,159300,in vitro cell-based,12.4,0.427836350885978
brain ECF,159300,in vitro cell-based,12.5,0.414673494180204
brain ECF,159300,in vitro cell-based,12.6,0.401915603905423
brain ECF,159300,in vitro cell-based,12.7,0.389550227442231
brain ECF,159300,in vitro cell-based,12.8,0.377565283240349
brain ECF,159300,in vitro cell-based,12.9,0.365949069354049
brain ECF,159300,in vitro cell-based,13,0.354690243896021
brain ECF,159300,in vitro cell-based,13.1,0.343777804444021
brain ECF,159300,in vitro cell-based,13.2,0.33320110337501
brain ECF,159300,in vitro cell-based,13.3,0.322949805495119
brain ECF,159300,in vitro cell-based,13.4,0.313013896653827
brain ECF,159300,in vitro cell-based,13.5,0.303383681327652
brain ECF,159300,in vitro cell-based,13.6,0.294049747616344
brain ECF,159300,in vitro cell-based,13.7,0.285002981847309
brain ECF,159300,in vitro cell-based,13.8,0.276234551915725
brain ECF,159300,in vitro cell-based,13.9,0.267735888533957
brain ECF,159300,in vitro cell-based,14,0.259498699049098
brain ECF,159300,in vitro cell-based,14.1,0.251514935237271
brain ECF,159300,in vitro cell-based,14.2,0.243776798072847
brain ECF,159300,in vitro cell-based,14.3,0.23627673639171
brain ECF,159300,in vitro cell-based,14.4,0.229007420554859
brain ECF,159300,in vitro cell-based,14.5,0.221961752614369
brain ECF,159300,in vitro cell-based,14.6,0.215132854358526
brain ECF,159300,in vitro cell-based,14.7,0.208514051856537
brain ECF,159300,in vitro cell-based,14.8,0.202098888070506
brain ECF,159300,in vitro cell-based,14.9,0.195881094480502
brain ECF,159300,in vitro cell-based,15,0.189854594370568
brain ECF,159300,in vitro cell-based,15.1,0.184013511448182
brain ECF,159300,in vitro cell-based,15.2,0.178352135406188
brain ECF,159300,in vitro cell-based,15.3,0.172864933577684
brain ECF,159300,in vitro cell-based,15.4,0.167546556221957
brain ECF,159300,in vitro cell-based,15.5,0.162391803718952
brain ECF,159300,in vitro cell-based,15.6,0.157395639309565
brain ECF,159300,in vitro cell-based,15.7,0.152553190902416
brain ECF,159300,in vitro cell-based,15.8,0.147859724519353
brain ECF,159300,in vitro cell-based,15.9,0.143310654711251
brain ECF,159300,in vitro cell-based,16,0.138901545507326
brain ECF,159300,in vitro cell-based,16.1,0.134628086820552
brain ECF,159300,in vitro cell-based,16.2,0.130486104113072
brain ECF,159300,in vitro cell-based,16.3,0.126471556478364
brain ECF,159300,in vitro cell-based,16.4,0.122580519170051
brain ECF,159300,in vitro cell-based,16.5,0.118809191517855
brain ECF,159300,in vitro cell-based,16.6,0.115153896654194
brain ECF,159300,in vitro cell-based,16.7,0.111611061292012
brain ECF,159300,in vitro cell-based,16.8,0.108177225680023
brain ECF,159300,in vitro cell-based,16.9,0.104849038474035
brain ECF,159300,in vitro cell-based,17,0.101623245819368
brain ECF,159300,in vitro cell-based,17.1,0.0984966959296637
brain ECF,159300,in vitro cell-based,17.2,0.0954663407573049
brain ECF,159300,in vitro cell-based,17.3,0.0925292155883957
brain ECF,159300,in vitro cell-based,17.4,0.0896824496849128
brain ECF,159300,in vitro cell-based,17.5,0.0869232705053475
brain ECF,159300,in vitro cell-based,17.6,0.084248979255505
brain ECF,159300,in vitro cell-based,17.7,0.0816569629595659
brain ECF,159300,in vitro cell-based,17.8,0.0791446954796102
brain ECF,159300,in vitro cell-based,17.9,0.0767097211930483
brain ECF,159300,in vitro cell-based,18,0.0743496611478433
brain ECF,159300,in vitro cell-based,18.1,0.0720622136382047
brain ECF,159300,in vitro cell-based,18.2,0.0698451428668345
brain ECF,159300,in vitro cell-based,18.3,0.0676962812761646
brain ECF,159300,in vitro cell-based,18.4,0.0656135333175957
brain ECF,159300,in vitro cell-based,18.5,0.0635948637162081
brain ECF,159300,in vitro cell-based,18.6,0.0616382978327326
brain ECF,159300,in vitro cell-based,18.7,0.0597419272519778
brain ECF,159300,in vitro cell-based,18.8,0.0579039010894853
brain ECF,159300,in vitro cell-based,18.9,0.0561224220113728
brain ECF,159300,in vitro cell-based,19,0.0543957518424035
brain ECF,159300,in vitro cell-based,19.1,0.0527222064025835
brain ECF,159300,in vitro cell-based,19.2,0.0511001497821652
brain ECF,159300,in vitro cell-based,19.3,0.0495279972700586
brain ECF,159300,in vitro cell-based,19.4,0.0480042154292501
brain ECF,159300,in vitro cell-based,19.5,0.0465273134853965
brain ECF,159300,in vitro cell-based,19.6,0.0450958463271236
brain ECF,159300,in vitro cell-based,19.7,0.0437084203320687
brain ECF,159300,in vitro cell-based,19.8,0.0423636822258395
brain ECF,159300,in vitro cell-based,19.9,0.0410603163053992
brain ECF,159300,in vitro cell-based,20,0.0397970496875567
brain ECF,159300,in vitro cell-based,20.1,0.0385726518312505
brain ECF,159300,in vitro cell-based,20.2,0.0373859253785462
brain ECF,159300,in vitro cell-based,20.3,0.0362357106011291
brain ECF,159300,in vitro cell-based,20.4,0.0351208854825369
brain ECF,159300,in vitro cell-based,20.5,0.0340403600502449
brain ECF,159300,in vitro cell-based,20.6,0.0329930767317202
brain ECF,159300,in vitro cell-based,20.7,0.0319780123012438
brain ECF,159300,in vitro cell-based,20.8,0.0309941786432031
brain ECF,159300,in vitro cell-based,20.9,0.0300406113880771
brain ECF,159300,in vitro cell-based,21,0.0291163772970155
brain ECF,159300,in vitro cell-based,21.1,0.0282205791460668
brain ECF,159300,in vitro cell-based,21.2,0.0273523403764629
brain ECF,159300,in vitro cell-based,21.3,0.0265108132085624
brain ECF,159300,in vitro cell-based,21.4,0.0256951768678991
brain ECF,159300,in vitro cell-based,21.5,0.0249046361176289
brain ECF,159300,in vitro cell-based,21.6,0.0241384189501791
brain ECF,159300,in vitro cell-based,21.7,0.0233957771973997
brain ECF,159300,in vitro cell-based,21.8,0.0226759860926781
brain ECF,159300,in vitro cell-based,21.9,0.021978342239572
brain ECF,159300,in vitro cell-based,22,0.0213021626658132
brain ECF,159300,in vitro cell-based,22.1,0.020646784546752
brain ECF,159300,in vitro cell-based,22.2,0.0200115719255349
brain ECF,159300,in vitro cell-based,22.3,0.0193959016378119
brain ECF,159300,in vitro cell-based,22.4,0.0187991695571048
brain ECF,159300,in vitro cell-based,22.5,0.0182207902505032
brain ECF,159300,in vitro cell-based,22.6,0.017660207224922
brain ECF,159300,in vitro cell-based,22.7,0.0171168688082748
brain ECF,159300,in vitro cell-based,22.8,0.016590244386237
brain ECF,159300,in vitro cell-based,22.9,0.0160798202360108
brain ECF,159300,in vitro cell-based,23,0.0155851010319354
brain ECF,159300,in vitro cell-based,23.1,0.0151056038924898
brain ECF,159300,in vitro cell-based,23.2,0.0146408620362322
brain ECF,159300,in vitro cell-based,23.3,0.0141904219480035
brain ECF,159300,in vitro cell-based,23.4,0.0137538422148966
brain ECF,159300,in vitro cell-based,23.5,0.0133306970854199
brain ECF,159300,in vitro cell-based,23.6,0.0129205721834483
brain ECF,159300,in vitro cell-based,23.7,0.0125230668261715
brain ECF,159300,in vitro cell-based,23.8,0.0121377920912686
brain ECF,159300,in vitro cell-based,23.9,0.0117643683976007
brain ECF,159300,in vitro cell-based,24,0.0114024275019401
brain ECF,159300,in vitro cell-based,24.1,0.0110516248047538
brain ECF,159300,in vitro cell-based,24.2,0.010711617010655
brain ECF,159300,in vitro cell-based,24.3,0.0103820687909363
brain ECF,159300,in vitro cell-based,24.4,0.0100626575876251
brain ECF,159300,in vitro cell-based,24.5,0.00975307114237365
brain ECF,159300,in vitro cell-based,24.6,0.0094530104814234
brain ECF,159300,in vitro cell-based,24.7,0.00916218059255869
brain ECF,159300,in vitro cell-based,24.8,0.00888029726543313
brain ECF,159300,in vitro cell-based,24.9,0.00860708483161979
brain ECF,159300,in vitro cell-based,25,0.00834227527576241
brain ECF,1242,in vitro PAMPA,0,0
brain ECF,1242,in vitro PAMPA,0.1,0
brain ECF,1242,in vitro PAMPA,0.2,0
brain ECF,1242,in vitro PAMPA,0.3,0.252155134438361
brain ECF,1242,in vitro PAMPA,0.4,1.5934744430621
brain ECF,1242,in vitro PAMPA,0.5,3.3576199957371
brain ECF,1242,in vitro PAMPA,0.6,5.1059271996478
brain ECF,1242,in vitro PAMPA,0.7,6.65479312322651
brain ECF,1242,in vitro PAMPA,0.8,7.94509392328279
brain ECF,1242,in vitro PAMPA,0.9,8.97558847877318
brain ECF,1242,in vitro PAMPA,1,9.76962419054849
brain ECF,1242,in vitro PAMPA,1.1,10.3588892922497
brain ECF,1242,in vitro PAMPA,1.2,10.7757996169405
brain ECF,1242,in vitro PAMPA,1.3,11.0502116764643
brain ECF,1242,in vitro PAMPA,1.4,11.208253578817
brain ECF,1242,in vitro PAMPA,1.5,11.272157570277
brain ECF,1242,in vitro PAMPA,1.6,11.2605303640274
brain ECF,1242,in vitro PAMPA,1.7,11.1887859385243
brain ECF,1242,in vitro PAMPA,1.8,11.0696089321242
brain ECF,1242,in vitro PAMPA,1.9,10.9133906174422
brain ECF,1242,in vitro PAMPA,2,10.7286150525179
brain ECF,1242,in vitro PAMPA,2.1,10.5221903017866
brain ECF,1242,in vitro PAMPA,2.2,10.2997274017299
brain ECF,1242,in vitro PAMPA,2.3,10.065772827419
brain ECF,1242,in vitro PAMPA,2.4,9.82400075153115
brain ECF,1242,in vitro PAMPA,2.5,9.57737157368921
brain ECF,1242,in vitro PAMPA,2.6,9.32826226586703
brain ECF,1242,in vitro PAMPA,2.7,9.07857318685283
brain ECF,1242,in vitro PAMPA,2.8,8.82981576884245
brain ECF,1242,in vitro PAMPA,2.9,8.58318435448154
brain ECF,1242,in vitro PAMPA,3,8.33961488782161
brain ECF,1242,in vitro PAMPA,3.1,8.09983303858777
brain ECF,1242,in vitro PAMPA,3.2,7.86439358904141
brain ECF,1242,in vitro PAMPA,3.3,7.63371259622994
brain ECF,1242,in vitro PAMPA,3.4,7.40809368439609
brain ECF,1242,in vitro PAMPA,3.5,7.18774958385905
brain ECF,1242,in vitro PAMPA,3.6,6.97281973394326
brain ECF,1242,in vitro PAMPA,3.7,6.76338459666101
brain ECF,1242,in vitro PAMPA,3.8,6.55947739060782
brain ECF,1242,in vitro PAMPA,3.9,6.36109364750476
brain ECF,1242,in vitro PAMPA,4,6.16819905374332
brain ECF,1242,in vitro PAMPA,4.1,5.980735797629
brain ECF,1242,in vitro PAMPA,4.2,5.79862771958265
brain ECF,1242,in vitro PAMPA,4.3,5.62178450575431
brain ECF,1242,in vitro PAMPA,4.4,5.45010515515646
brain ECF,1242,in vitro PAMPA,4.5,5.28348073632801
brain ECF,1242,in vitro PAMPA,4.6,5.12179663328591
brain ECF,1242,in vitro PAMPA,4.7,4.96493434611938
brain ECF,1242,in vitro PAMPA,4.8,4.81277296038843
brain ECF,1242,in vitro PAMPA,4.9,4.66519031817859
brain ECF,1242,in vitro PAMPA,5,4.52206394879503
brain ECF,1242,in vitro PAMPA,5.1,4.38327183443679
brain ECF,1242,in vitro PAMPA,5.2,4.2486929936008
brain ECF,1242,in vitro PAMPA,5.3,4.11820792902105
brain ECF,1242,in vitro PAMPA,5.4,3.99169898419832
brain ECF,1242,in vitro PAMPA,5.5,3.86905062611135
brain ECF,1242,in vitro PAMPA,5.6,3.75014965578646
brain ECF,1242,in vitro PAMPA,5.7,3.6348853459278
brain ECF,1242,in vitro PAMPA,5.8,3.52314956878578
brain ECF,1242,in vitro PAMPA,5.9,3.41483684629759
brain ECF,1242,in vitro PAMPA,6,3.30984439006096
brain ECF,1242,in vitro PAMPA,6.1,3.20807212043226
brain ECF,1242,in vitro PAMPA,6.2,3.10942266567843
brain ECF,1242,in vitro PAMPA,6.3,3.01380134734275
brain ECF,1242,in vitro PAMPA,6.4,2.9211161534345
brain ECF,1242,in vitro PAMPA,6.5,2.83127769516373
brain ECF,1242,in vitro PAMPA,6.6,2.74419917064083
brain ECF,1242,in vitro PAMPA,6.7,2.65979630937761
brain ECF,1242,in vitro PAMPA,6.8,2.57798733178672
brain ECF,1242,in vitro PAMPA,6.9,2.49869286912976
brain ECF,1242,in vitro PAMPA,7,2.42183592487636
brain ECF,1242,in vitro PAMPA,7.1,2.3473418034402
brain ECF,1242,in vitro PAMPA,7.2,2.2751380573763
brain ECF,1242,in vitro PAMPA,7.3,2.2051544270723
brain ECF,1242,in vitro PAMPA,7.4,2.13732278207033
brain ECF,1242,in vitro PAMPA,7.5,2.07157705963638
brain ECF,1242,in vitro PAMPA,7.6,2.00785320752481
brain ECF,1242,in vitro PAMPA,7.7,1.94608912371206
brain ECF,1242,in vitro PAMPA,7.8,1.88622459996953
brain ECF,1242,in vitro PAMPA,7.9,1.82820126964055
brain ECF,1242,in vitro PAMPA,8,1.77196254280874
brain ECF,1242,in vitro PAMPA,8.1,1.71745357344776
brain ECF,1242,in vitro PAMPA,8.2,1.66462117968993
brain ECF,1242,in vitro PAMPA,8.3,1.61341382796433
brain ECF,1242,in vitro PAMPA,8.4,1.56378154689507
brain ECF,1242,in vitro PAMPA,8.5,1.51567591653906
brain ECF,1242,in vitro PAMPA,8.6,1.46904998604788
brain ECF,1242,in vitro PAMPA,8.7,1.42385826213479
brain ECF,1242,in vitro PAMPA,8.8,1.38005663378872
brain ECF,1242,in vitro PAMPA,8.9,1.33760235679643
brain ECF,1242,in vitro PAMPA,9,1.29645399140838
brain ECF,1242,in vitro PAMPA,9.1,1.25657137747495
brain ECF,1242,in vitro PAMPA,9.2,1.21791558609533
brain ECF,1242,in vitro PAMPA,9.3,1.1804488818484
brain ECF,1242,in vitro PAMPA,9.4,1.1441346979303
brain ECF,1242,in vitro PAMPA,9.5,1.1089375782366
brain ECF,1242,in vitro PAMPA,9.6,1.0748231737178
brain ECF,1242,in vitro PAMPA,9.7,1.04175817276259
brain ECF,1242,in vitro PAMPA,9.8,1.00971030729559
brain ECF,1242,in vitro PAMPA,9.9,0.978648283004221
brain ECF,1242,in vitro PAMPA,10,0.948541783866077
brain ECF,1242,in vitro PAMPA,10.1,0.919361414913451
brain ECF,1242,in vitro PAMPA,10.2,0.891078690107575
brain ECF,1242,in vitro PAMPA,10.3,0.863665999777243
brain ECF,1242,in vitro PAMPA,10.4,0.837096578415674
brain ECF,1242,in vitro PAMPA,10.5,0.811344493039033
brain ECF,1242,in vitro PAMPA,10.6,0.786384596558434
brain ECF,1242,in vitro PAMPA,10.7,0.762192528554679
brain ECF,1242,in vitro PAMPA,10.8,0.738744662554853
brain ECF,1242,in vitro PAMPA,10.9,0.716018114517802
brain ECF,1242,in vitro PAMPA,11,0.693990689140475
brain ECF,1242,in vitro PAMPA,11.1,0.672640882864477
brain ECF,1242,in vitro PAMPA,11.2,0.651947852488186
brain ECF,1242,in vitro PAMPA,11.3,0.63189139131684
brain ECF,1242,in vitro PAMPA,11.4,0.612451923950117
brain ECF,1242,in vitro PAMPA,11.5,0.593610465868442
brain ECF,1242,in vitro PAMPA,11.6,0.575348628209431
brain ECF,1242,in vitro PAMPA,11.7,0.557648576438352
brain ECF,1242,in vitro PAMPA,11.8,0.540493033434636
brain ECF,1242,in vitro PAMPA,11.9,0.523865246579104
brain ECF,1242,in vitro PAMPA,12,0.507748980723856
brain ECF,1242,in vitro PAMPA,12.1,0.492128502601762
brain ECF,1242,in vitro PAMPA,12.2,0.476988557083052
brain ECF,1242,in vitro PAMPA,12.3,0.462314368876712
brain ECF,1242,in vitro PAMPA,12.4,0.448091603591038
brain ECF,1242,in vitro PAMPA,12.5,0.434306379508898
brain ECF,1242,in vitro PAMPA,12.6,0.420945236237468
brain ECF,1242,in vitro PAMPA,12.7,0.407995124126638
brain ECF,1242,in vitro PAMPA,12.8,0.395443406698052
brain ECF,1242,in vitro PAMPA,12.9,0.383277821918583
brain ECF,1242,in vitro PAMPA,13,0.371486494501148
brain ECF,1242,in vitro PAMPA,13.1,0.360057911423405
brain ECF,1242,in vitro PAMPA,13.2,0.348980909046538
brain ECF,1242,in vitro PAMPA,13.3,0.338244679814286
brain ECF,1242,in vitro PAMPA,13.4,0.327838735260255
brain ECF,1242,in vitro PAMPA,13.5,0.317752916385099
brain ECF,1242,in vitro PAMPA,13.6,0.307977375534503
brain ECF,1242,in vitro PAMPA,13.7,0.298502563031815
brain ECF,1242,in vitro PAMPA,13.8,0.289319236585919
brain ECF,1242,in vitro PAMPA,13.9,0.28041842559353
brain ECF,1242,in vitro PAMPA,14,0.271791440863107
brain ECF,1242,in vitro PAMPA,14.1,0.263429860651621
brain ECF,1242,in vitro PAMPA,14.2,0.255325517329954
brain ECF,1242,in vitro PAMPA,14.3,0.247470498880735
brain ECF,1242,in vitro PAMPA,14.4,0.239857128708618
brain ECF,1242,in vitro PAMPA,14.5,0.232477971506095
brain ECF,1242,in vitro PAMPA,14.6,0.225325824455732
brain ECF,1242,in vitro PAMPA,14.7,0.21839369719705
brain ECF,1242,in vitro PAMPA,14.8,0.211674830594057
brain ECF,1242,in vitro PAMPA,14.9,0.205162663608647
brain ECF,1242,in vitro PAMPA,15,0.198850840468702
brain ECF,1242,in vitro PAMPA,15.1,0.192733200503307
brain ECF,1242,in vitro PAMPA,15.2,0.186803771812335
brain ECF,1242,in vitro PAMPA,15.3,0.181056764057641
brain ECF,1242,in vitro PAMPA,15.4,0.175486561563174
brain ECF,1242,in vitro PAMPA,15.5,0.170087720925585
brain ECF,1242,in vitro PAMPA,15.6,0.164854973849799
brain ECF,1242,in vitro PAMPA,15.7,0.159783201401677
brain ECF,1242,in vitro PAMPA,15.8,0.154867455568413
brain ECF,1242,in vitro PAMPA,15.9,0.150102938151089
brain ECF,1242,in vitro PAMPA,16,0.145484997051034
brain ECF,1242,in vitro PAMPA,16.1,0.141009125847486
brain ECF,1242,in vitro PAMPA,16.2,0.136670957219437
brain ECF,1242,in vitro PAMPA,16.3,0.132466255514097
brain ECF,1242,in vitro PAMPA,16.4,0.12839091313156
brain ECF,1242,in vitro PAMPA,16.5,0.124440948394667
brain ECF,1242,in vitro PAMPA,16.6,0.120612509855515
brain ECF,1242,in vitro PAMPA,16.7,0.116901850739022
brain ECF,1242,in vitro PAMPA,16.8,0.113305338873727
brain ECF,1242,in vitro PAMPA,16.9,0.109819478630448
brain ECF,1242,in vitro PAMPA,17,0.106440856214206
brain ECF,1242,in vitro PAMPA,17.1,0.103166168879309
brain ECF,1242,in vitro PAMPA,17.2,0.099992227116178
brain ECF,1242,in vitro PAMPA,17.3,0.0969159321692009
brain ECF,1242,in vitro PAMPA,17.4,0.0939342807290729
brain ECF,1242,in vitro PAMPA,17.5,0.0910443623638039
brain ECF,1242,in vitro PAMPA,17.6,0.088243355566749
brain ECF,1242,in vitro PAMPA,17.7,0.0855285244700319
brain ECF,1242,in vitro PAMPA,17.8,0.0828972182327432
brain ECF,1242,in vitro PAMPA,17.9,0.0803468664409738
brain ECF,1242,in vitro PAMPA,18,0.0778749729463159
brain ECF,1242,in vitro PAMPA,18.1,0.0754791232916193
brain ECF,1242,in vitro PAMPA,18.2,0.0731569831608976
brain ECF,1242,in vitro PAMPA,18.3,0.0709062783158134
brain ECF,1242,in vitro PAMPA,18.4,0.0687248104055274
brain ECF,1242,in vitro PAMPA,18.5,0.0666104564770956
brain ECF,1242,in vitro PAMPA,18.6,0.0645611502217494
brain ECF,1242,in vitro PAMPA,18.7,0.0625748921622471
brain ECF,1242,in vitro PAMPA,18.8,0.0606497435773752
brain ECF,1242,in vitro PAMPA,18.9,0.0587838261330885
brain ECF,1242,in vitro PAMPA,19,0.0569753183181452
brain ECF,1242,in vitro PAMPA,19.1,0.0552224543232574
brain ECF,1242,in vitro PAMPA,19.2,0.0535235213366217
brain ECF,1242,in vitro PAMPA,19.3,0.0518768567132096
brain ECF,1242,in vitro PAMPA,19.4,0.05028084669339
brain ECF,1242,in vitro PAMPA,19.5,0.0487339440504148
brain ECF,1242,in vitro PAMPA,19.6,0.0472346293463824
brain ECF,1242,in vitro PAMPA,19.7,0.0457814337879465
brain ECF,1242,in vitro PAMPA,19.8,0.0443729380254603
brain ECF,1242,in vitro PAMPA,19.9,0.0430077771752158
brain ECF,1242,in vitro PAMPA,20,0.0416846126788903
brain ECF,1242,in vitro PAMPA,20.1,0.0404021529584418
brain ECF,1242,in vitro PAMPA,20.2,0.0391591487278058
brain ECF,1242,in vitro PAMPA,20.3,0.0379543883660705
brain ECF,1242,in vitro PAMPA,20.4,0.0367866969137239
brain ECF,1242,in vitro PAMPA,20.5,0.0356549356413965
brain ECF,1242,in vitro PAMPA,20.6,0.034557996757006
brain ECF,1242,in vitro PAMPA,20.7,0.0334948091732244
brain ECF,1242,in vitro PAMPA,20.8,0.0324643319127306
brain ECF,1242,in vitro PAMPA,20.9,0.03146555848258
brain ECF,1242,in vitro PAMPA,21,0.0304975147288813
brain ECF,1242,in vitro PAMPA,21.1,0.0295592488724921
brain ECF,1242,in vitro PAMPA,21.2,0.0286498390074563
brain ECF,1242,in vitro PAMPA,21.3,0.0277684075105482
brain ECF,1242,in vitro PAMPA,21.4,0.0269140903410721
brain ECF,1242,in vitro PAMPA,21.5,0.0260860516883992
brain ECF,1242,in vitro PAMPA,21.6,0.0252834839562001
brain ECF,1242,in vitro PAMPA,21.7,0.02450560840557
brain ECF,1242,in vitro PAMPA,21.8,0.0237516667217943
brain ECF,1242,in vitro PAMPA,21.9,0.0230209261726436
brain ECF,1242,in vitro PAMPA,22,0.0223126721736814
brain ECF,1242,in vitro PAMPA,22.1,0.0216262114048178
brain ECF,1242,in vitro PAMPA,22.2,0.0209608751108757
brain ECF,1242,in vitro PAMPA,22.3,0.02031601213583
brain ECF,1242,in vitro PAMPA,22.4,0.0196909924153536
brain ECF,1242,in vitro PAMPA,22.5,0.0190852014991671
brain ECF,1242,in vitro PAMPA,22.6,0.0184980425470869
brain ECF,1242,in vitro PAMPA,22.7,0.0179289394448319
brain ECF,1242,in vitro PAMPA,22.8,0.0173773458891756
brain ECF,1242,in vitro PAMPA,22.9,0.0168427156718844
brain ECF,1242,in vitro PAMPA,23,0.0163245251145552
brain ECF,1242,in vitro PAMPA,23.1,0.0158222722116531
brain ECF,1242,in vitro PAMPA,23.2,0.015335471192245
brain ECF,1242,in vitro PAMPA,23.3,0.0148636487973159
brain ECF,1242,in vitro PAMPA,23.4,0.0144063496275646
brain ECF,1242,in vitro PAMPA,23.5,0.0139631188751214
brain ECF,1242,in vitro PAMPA,23.6,0.0135335294999185
brain ECF,1242,in vitro PAMPA,23.7,0.013117163112022
brain ECF,1242,in vitro PAMPA,23.8,0.0127136124969921
brain ECF,1242,in vitro PAMPA,23.9,0.0123224797002597
brain ECF,1242,in vitro PAMPA,24,0.0119433800894892
brain ECF,1242,in vitro PAMPA,24.1,0.0115759378803204
brain ECF,1242,in vitro PAMPA,24.2,0.0112197982585662
brain ECF,1242,in vitro PAMPA,24.3,0.010874615110615
brain ECF,1242,in vitro PAMPA,24.4,0.0105400460692935
brain ECF,1242,in vitro PAMPA,24.5,0.0102157625009707
brain ECF,1242,in vitro PAMPA,24.6,0.00990145634027422
brain ECF,1242,in vitro PAMPA,24.7,0.00959681977352614
brain ECF,1242,in vitro PAMPA,24.8,0.009301559103414
brain ECF,1242,in vitro PAMPA,24.9,0.009015390342204
brain ECF,1242,in vitro PAMPA,25,0.00873803154289351
brain ECF,93885,in silico perfusion,0,0
brain ECF,93885,in silico perfusion,0.1,0
brain ECF,93885,in silico perfusion,0.2,0
brain ECF,93885,in silico perfusion,0.3,1.39487315477445
brain ECF,93885,in silico perfusion,0.4,3.9674288610229
brain ECF,93885,in silico perfusion,0.5,5.98673469306139
brain ECF,93885,in silico perfusion,0.6,7.55575055008316
brain ECF,93885,in silico perfusion,0.7,8.7586924044441
brain ECF,93885,in silico perfusion,0.8,9.66443061862771
brain ECF,93885,in silico perfusion,0.9,10.3292741213436
brain ECF,93885,in silico perfusion,1,10.7992498036249
brain ECF,93885,in silico perfusion,1.1,11.1119687145494
brain ECF,93885,in silico perfusion,1.2,11.2981537764028
brain ECF,93885,in silico perfusion,1.3,11.3828906111646
brain ECF,93885,in silico perfusion,1.4,11.3866514438347
brain ECF,93885,in silico perfusion,1.5,11.3261334714264
brain ECF,93885,in silico perfusion,1.6,11.2149450609771
brain ECF,93885,in silico perfusion,1.7,11.0641676411272
brain ECF,93885,in silico perfusion,1.8,10.8828155449774
brain ECF,93885,in silico perfusion,1.9,10.6782125393684
brain ECF,93885,in silico perfusion,2,10.4563000231274
brain ECF,93885,in silico perfusion,2.1,10.2218892634686
brain ECF,93885,in silico perfusion,2.2,9.97886790506421
brain ECF,93885,in silico perfusion,2.3,9.73036898712132
brain ECF,93885,in silico perfusion,2.4,9.47890924836982
brain ECF,93885,in silico perfusion,2.5,9.22650233149403
brain ECF,93885,in silico perfusion,2.6,8.97475144853489
brain ECF,93885,in silico perfusion,2.7,8.72492514628949
brain ECF,93885,in silico perfusion,2.8,8.47801932257789
brain ECF,93885,in silico perfusion,2.9,8.23480799926626
brain ECF,93885,in silico perfusion,3,7.99588478509635
brain ECF,93885,in silico perfusion,3.1,7.76169680320213
brain ECF,93885,in silico perfusion,3.2,7.53257248176599
brain ECF,93885,in silico perfusion,3.3,7.30874418858483
brain ECF,93885,in silico perfusion,3.4,7.09036679114307
brain ECF,93885,in silico perfusion,3.5,6.87753277059746
brain ECF,93885,in silico perfusion,3.6,6.67028459454851
brain ECF,93885,in silico perfusion,3.7,6.46862483743497
brain ECF,93885,in silico perfusion,3.8,6.2725243701233
brain ECF,93885,in silico perfusion,3.9,6.08192905865173
brain ECF,93885,in silico perfusion,4,5.89676525436408
brain ECF,93885,in silico perfusion,4.1,5.71694420901695
brain ECF,93885,in silico perfusion,4.2,5.54236571836263
brain ECF,93885,in silico perfusion,4.3,5.3729210309911
brain ECF,93885,in silico perfusion,4.4,5.20849520231633
brain ECF,93885,in silico perfusion,4.5,5.04896903075313
brain ECF,93885,in silico perfusion,4.6,4.89422060479698
brain ECF,93885,in silico perfusion,4.7,4.74412654662797
brain ECF,93885,in silico perfusion,4.8,4.59856298889004
brain ECF,93885,in silico perfusion,4.9,4.45740636728828
brain ECF,93885,in silico perfusion,5,4.32053404978953
brain ECF,93885,in silico perfusion,5.1,4.18782483245048
brain ECF,93885,in silico perfusion,5.2,4.05915931535146
brain ECF,93885,in silico perfusion,5.3,3.93442019914075
brain ECF,93885,in silico perfusion,5.4,3.81349250870106
brain ECF,93885,in silico perfusion,5.5,3.69626375035973
brain ECF,93885,in silico perfusion,5.6,3.58262402460097
brain ECF,93885,in silico perfusion,5.7,3.47246610445097
brain ECF,93885,in silico perfusion,5.8,3.36568548348672
brain ECF,93885,in silico perfusion,5.9,3.26218039385032
brain ECF,93885,in silico perfusion,6,3.1618518156319
brain ECF,93885,in silico perfusion,6.1,3.0646034598058
brain ECF,93885,in silico perfusion,6.2,2.9703417418012
brain ECF,93885,in silico perfusion,6.3,2.87897573318953
brain ECF,93885,in silico perfusion,6.4,2.79041713072608
brain ECF,93885,in silico perfusion,6.5,2.70458020547492
brain ECF,93885,in silico perfusion,6.6,2.62138175149174
brain ECF,93885,in silico perfusion,6.7,2.54074102656335
brain ECF,93885,in silico perfusion,6.8,2.46257969411933
brain ECF,93885,in silico perfusion,6.9,2.38682176243662
brain ECF,93885,in silico perfusion,7,2.31339352776689
brain ECF,93885,in silico perfusion,7.1,2.2422235081039
brain ECF,93885,in silico perfusion,7.2,2.17324238801721
brain ECF,93885,in silico perfusion,7.3,2.10638295334405
brain ECF,93885,in silico perfusion,7.4,2.04158003539383
brain ECF,93885,in silico perfusion,7.5,1.97877044932257
brain ECF,93885,in silico perfusion,7.6,1.9178929412042
brain ECF,93885,in silico perfusion,7.7,1.85888812495038
brain ECF,93885,in silico perfusion,7.8,1.80169843549055
brain ECF,93885,in silico perfusion,7.9,1.74626806654831
brain ECF,93885,in silico perfusion,8,1.69254292430613
brain ECF,93885,in silico perfusion,8.1,1.6404705748316
brain ECF,93885,in silico perfusion,8.2,1.59000018824679
brain ECF,93885,in silico perfusion,8.3,1.54108249691906
brain ECF,93885,in silico perfusion,8.4,1.49366974567459
brain ECF,93885,in silico perfusion,8.5,1.44771564125438
brain ECF,93885,in silico perfusion,8.6,1.40317532122981
brain ECF,93885,in silico perfusion,8.7,1.3600052898557
brain ECF,93885,in silico perfusion,8.8,1.31816340263679
brain ECF,93885,in silico perfusion,8.9,1.27760879557012
brain ECF,93885,in silico perfusion,9,1.23830187669002
brain ECF,93885,in silico perfusion,9.1,1.20020425563083
brain ECF,93885,in silico perfusion,9.2,1.16327873843414
brain ECF,93885,in silico perfusion,9.3,1.12748925835539
brain ECF,93885,in silico perfusion,9.4,1.09280087460883
brain ECF,93885,in silico perfusion,9.5,1.05917970449945
brain ECF,93885,in silico perfusion,9.6,1.02659292315483
brain ECF,93885,in silico perfusion,9.7,0.995008702527984
brain ECF,93885,in silico perfusion,9.8,0.964396199076198
brain ECF,93885,in silico perfusion,9.9,0.934725520616661
brain ECF,93885,in silico perfusion,10,0.905967685209118
brain ECF,93885,in silico perfusion,10.1,0.878094616746162
brain ECF,93885,in silico perfusion,10.2,0.851079085912885
brain ECF,93885,in silico perfusion,10.3,0.824894719277784
brain ECF,93885,in silico perfusion,10.4,0.799515937609052
brain ECF,93885,in silico perfusion,10.5,0.774917962042027
brain ECF,93885,in silico perfusion,10.6,0.751076768183981
brain ECF,93885,in silico perfusion,10.7,0.72796907224332
brain ECF,93885,in silico perfusion,10.8,0.705572310751383
brain ECF,93885,in silico perfusion,10.9,0.683864605994967
brain ECF,93885,in silico perfusion,11,0.662824765063225
brain ECF,93885,in silico perfusion,11.1,0.642432233598617
brain ECF,93885,in silico perfusion,11.2,0.622667105301518
brain ECF,93885,in silico perfusion,11.3,0.603510070443641
brain ECF,93885,in silico perfusion,11.4,0.584942421979628
brain ECF,93885,in silico perfusion,11.5,0.566946029885841
brain ECF,93885,in silico perfusion,11.6,0.549503311544627
brain ECF,93885,in silico perfusion,11.7,0.532597241758422
brain ECF,93885,in silico perfusion,11.8,0.516211302018181
brain ECF,93885,in silico perfusion,11.9,0.500329493635549
brain ECF,93885,in silico perfusion,12,0.484936307156589
brain ECF,93885,in silico perfusion,12.1,0.470016705516
brain ECF,93885,in silico perfusion,12.2,0.4555561248581
brain ECF,93885,in silico perfusion,12.3,0.441540436375148
brain ECF,93885,in silico perfusion,12.4,0.427955957938605
brain ECF,93885,in silico perfusion,12.5,0.414789420846754
brain ECF,93885,in silico perfusion,12.6,0.402027964756313
brain ECF,93885,in silico perfusion,12.7,0.389659131287621
brain ECF,93885,in silico perfusion,12.8,0.377670834556865
brain ECF,93885,in silico perfusion,12.9,0.366051376135993
brain ECF,93885,in silico perfusion,13,0.354789402491463
brain ECF,93885,in silico perfusion,13.1,0.343873913141914
brain ECF,93885,in silico perfusion,13.2,0.333294255590533
brain ECF,93885,in silico perfusion,13.3,0.323040090250843
brain ECF,93885,in silico perfusion,13.4,0.313101405432176
brain ECF,93885,in silico perfusion,13.5,0.303468497509787
brain ECF,93885,in silico perfusion,13.6,0.294131951977772
brain ECF,93885,in silico perfusion,13.7,0.285082659676579
brain ECF,93885,in silico perfusion,13.8,0.276311777656436
brain ECF,93885,in silico perfusion,13.9,0.267810738623906
brain ECF,93885,in silico perfusion,14,0.259571246678985
brain ECF,93885,in silico perfusion,14.1,0.251585249722649
brain ECF,93885,in silico perfusion,14.2,0.243844950523025
brain ECF,93885,in silico perfusion,14.3,0.23634279184854
brain ECF,93885,in silico perfusion,14.4,0.229071441892987
brain ECF,93885,in silico perfusion,14.5,0.222023806335785
brain ECF,93885,in silico perfusion,14.6,0.215192998373561
brain ECF,93885,in silico perfusion,14.7,0.208572346035927
brain ECF,93885,in silico perfusion,14.8,0.202155389579181
brain ECF,93885,in silico perfusion,14.9,0.195935856856121
brain ECF,93885,in silico perfusion,15,0.189907673151514
brain ECF,93885,in silico perfusion,15.1,0.18406495738577
brain ECF,93885,in silico perfusion,15.2,0.178401997315779
brain ECF,93885,in silico perfusion,15.3,0.172913262589328
brain ECF,93885,in silico perfusion,15.4,0.167593398287741
brain ECF,93885,in silico perfusion,15.5,0.162437203351506
brain ECF,93885,in silico perfusion,15.6,0.157439643213787
brain ECF,93885,in silico perfusion,15.7,0.152595840749693
brain ECF,93885,in silico perfusion,15.8,0.147901060761719
brain ECF,93885,in silico perfusion,15.9,0.143350720390804
brain ECF,93885,in silico perfusion,16,0.138940378481049
brain ECF,93885,in silico perfusion,16.1,0.13466572408281
brain ECF,93885,in silico perfusion,16.2,0.130522584561074
brain ECF,93885,in silico perfusion,16.3,0.126506914188152
brain ECF,93885,in silico perfusion,16.4,0.122614787198884
brain ECF,93885,in silico perfusion,16.5,0.11884240703931
brain ECF,93885,in silico perfusion,16.6,0.115186090534672
brain ECF,93885,in silico perfusion,16.7,0.111642264444778
brain ECF,93885,in silico perfusion,16.8,0.108207470550218
brain ECF,93885,in silico perfusion,16.9,0.104878352958028
brain ECF,93885,in silico perfusion,17,0.101651657009694
brain ECF,93885,in silico perfusion,17.1,0.0985242347653557
brain ECF,93885,in silico perfusion,17.2,0.0954930316854722
brain ECF,93885,in silico perfusion,17.3,0.0925550829565597
brain ECF,93885,in silico perfusion,17.4,0.0897075220127254
brain ECF,93885,in silico perfusion,17.5,0.0869475706755102
brain ECF,93885,in silico perfusion,17.6,0.0842725304187904
brain ECF,93885,in silico perfusion,17.7,0.0816797900657339
brain ECF,93885,in silico perfusion,17.8,0.0791668202932866
brain ECF,93885,in silico perfusion,17.9,0.0767311651373302
brain ECF,93885,in silico perfusion,18,0.0743704462471212
brain ECF,93885,in silico perfusion,18.1,0.0720823599613015
brain ECF,93885,in silico perfusion,18.2,0.0698646690688276
brain ECF,93885,in silico perfusion,18.3,0.0677152067815751
brain ECF,93885,in silico perfusion,18.4,0.0656318773953883
brain ECF,93885,in silico perfusion,18.5,0.0636126423368233
brain ECF,93885,in silico perfusion,18.6,0.0616555279229738
brain ECF,93885,in silico perfusion,18.7,0.0597586280910501
brain ECF,93885,in silico perfusion,18.8,0.0579200871242202
brain ECF,93885,in silico perfusion,18.9,0.0561381087752521
brain ECF,93885,in silico perfusion,19,0.0544109572710009
brain ECF,93885,in silico perfusion,19.1,0.0527369440331892
brain ECF,93885,in silico perfusion,19.2,0.0511144337000676
brain ECF,93885,in silico perfusion,19.3,0.0495418434841186
brain ECF,93885,in silico perfusion,19.4,0.0480176378912299
brain ECF,93885,in silico perfusion,19.5,0.0465403263577626
brain ECF,93885,in silico perfusion,19.6,0.0451084652864873
brain ECF,93885,in silico perfusion,19.7,0.0437206598188165
brain ECF,93885,in silico perfusion,19.8,0.0423755507478102
brain ECF,93885,in silico perfusion,19.9,0.0410718215857269
brain ECF,93885,in silico perfusion,20,0.0398082042227187
brain ECF,93885,in silico perfusion,20.1,0.0385834627703947
brain ECF,93885,in silico perfusion,20.2,0.0373963991961558
brain ECF,93885,in silico perfusion,20.3,0.0362458549815106
brain ECF,93885,in silico perfusion,20.4,0.0351307097864623
brain ECF,93885,in silico perfusion,20.5,0.0340498731680046
brain ECF,93885,in silico perfusion,20.6,0.0330022896745213
brain ECF,93885,in silico perfusion,20.7,0.0319869380962318
brain ECF,93885,in silico perfusion,20.8,0.0310028262197842
brain ECF,93885,in silico perfusion,20.9,0.0300489924181203
brain ECF,93885,in silico perfusion,21,0.0291245057325349
brain ECF,93885,in silico perfusion,21.1,0.0282284632825627
brain ECF,93885,in silico perfusion,21.2,0.0273599877382724
brain ECF,93885,in silico perfusion,21.3,0.0265182298817337
brain ECF,93885,in silico perfusion,21.4,0.025702373343717
brain ECF,93885,in silico perfusion,21.5,0.024911616536395
brain ECF,93885,in silico perfusion,21.6,0.0241451850598107
brain ECF,93885,in silico perfusion,21.7,0.0234023286662625
brain ECF,93885,in silico perfusion,21.8,0.0226823311663119
brain ECF,93885,in silico perfusion,21.9,0.0219844842541014
brain ECF,93885,in silico perfusion,22,0.0213081058719031
brain ECF,93885,in silico perfusion,22.1,0.0206525348454185
brain ECF,93885,in silico perfusion,22.2,0.0200171366758709
brain ECF,93885,in silico perfusion,22.3,0.0194012887324273
brain ECF,93885,in silico perfusion,22.4,0.0188043898697132
brain ECF,93885,in silico perfusion,22.5,0.0182258570919502
brain ECF,93885,in silico perfusion,22.6,0.0176651265604323
brain ECF,93885,in silico perfusion,22.7,0.0171216494259067
brain ECF,93885,in silico perfusion,22.8,0.0165948936032842
brain ECF,93885,in silico perfusion,22.9,0.0160843424454779
brain ECF,93885,in silico perfusion,23,0.0155895014056018
brain ECF,93885,in silico perfusion,23.1,0.0151098836318762
brain ECF,93885,in silico perfusion,23.2,0.0146450180779058
brain ECF,93885,in silico perfusion,23.3,0.0141944475600333
brain ECF,93885,in silico perfusion,23.4,0.0137577395267015
brain ECF,93885,in silico perfusion,23.5,0.0133344653750129
brain ECF,93885,in silico perfusion,23.6,0.0129242104268401
brain ECF,93885,in silico perfusion,23.7,0.012526573861497
brain ECF,93885,in silico perfusion,23.8,0.0121411709456365
brain ECF,93885,in silico perfusion,23.9,0.0117676266748106
brain ECF,93885,in silico perfusion,24,0.0114055774752681
brain ECF,93885,in silico perfusion,24.1,0.0110546718897678
brain ECF,93885,in silico perfusion,24.2,0.0107145640734786
brain ECF,93885,in silico perfusion,24.3,0.0103849218033206
brain ECF,93885,in silico perfusion,24.4,0.0100654242778084
brain ECF,93885,in silico perfusion,24.5,0.00975575862871688
brain ECF,93885,in silico perfusion,24.6,0.00945562085378396
brain ECF,93885,in silico perfusion,24.7,0.00916472014154571
brain ECF,93885,in silico perfusion,24.8,0.00888276925355833
brain ECF,93885,in silico perfusion,24.9,0.00860949049867992
brain ECF,93885,in silico perfusion,25,0.00834461391838581
brain ECF,1331,in silico PAMPA,0,0
brain ECF,1331,in silico PAMPA,0.1,0
brain ECF,1331,in silico PAMPA,0.2,0
brain ECF,1331,in silico PAMPA,0.3,0.264474371715761
brain ECF,1331,in silico PAMPA,0.4,1.66248721513006
brain ECF,1331,in silico PAMPA,0.5,3.47372954735707
brain ECF,1331,in silico PAMPA,0.6,5.24440972859136
brain ECF,1331,in silico PAMPA,0.7,6.7951022218071
brain ECF,1331,in silico PAMPA,0.8,8.0743974712116
brain ECF,1331,in silico PAMPA,0.9,9.0874990316552
brain ECF,1331,in silico PAMPA,1,9.86205906030331
brain ECF,1331,in silico PAMPA,1.1,10.4322736214871
brain ECF,1331,in silico PAMPA,1.2,10.8318311209413
brain ECF,1331,in silico PAMPA,1.3,11.0910998374689
brain ECF,1331,in silico PAMPA,1.4,11.2362900946483
brain ECF,1331,in silico PAMPA,1.5,11.2894962208951
brain ECF,1331,in silico PAMPA,1.6,11.2690905500869
brain ECF,1331,in silico PAMPA,1.7,11.1902247512636
brain ECF,1331,in silico PAMPA,1.8,11.0653285886832
brain ECF,1331,in silico PAMPA,1.9,10.9045620914223
brain ECF,1331,in silico PAMPA,2,10.7162074671277
brain ECF,1331,in silico PAMPA,2.1,10.507000645159
brain ECF,1331,in silico PAMPA,2.2,10.2824080147224
brain ECF,1331,in silico PAMPA,2.3,10.0468556565655
brain ECF,1331,in silico PAMPA,2.4,9.80391816073926
brain ECF,1331,in silico PAMPA,2.5,9.55647391106293
brain ECF,1331,in silico PAMPA,2.6,9.30683252382938
brain ECF,1331,in silico PAMPA,2.7,9.05683915798804
brain ECF,1331,in silico PAMPA,2.8,8.80796008073146
brain ECF,1331,in silico PAMPA,2.9,8.56135272272762
brain ECF,1331,in silico PAMPA,3,8.31792289531757
brain ECF,1331,in silico PAMPA,3.1,8.07837169670685
brain ECF,1331,in silico PAMPA,3.2,7.84323389357539
brain ECF,1331,in silico PAMPA,3.3,7.61290925621261
brain ECF,1331,in silico PAMPA,3.4,7.38768817536231
brain ECF,1331,in silico PAMPA,3.5,7.16777264690225
brain ECF,1331,in silico PAMPA,3.6,6.95329341692061
brain ECF,1331,in silico PAMPA,3.7,6.74432392297623
brain ECF,1331,in silico PAMPA,3.8,6.5408917239994
brain ECF,1331,in silico PAMPA,3.9,6.34298780728659
brain ECF,1331,in silico PAMPA,4,6.15057422376622
brain ECF,1331,in silico PAMPA,4.1,5.96359026887618
brain ECF,1331,in silico PAMPA,4.2,5.78195749436052
brain ECF,1331,in silico PAMPA,4.3,5.60558379160032
brain ECF,1331,in silico PAMPA,4.4,5.43436676708232
brain ECF,1331,in silico PAMPA,4.5,5.26819642233913
brain ECF,1331,in silico PAMPA,4.6,5.10695733881086
brain ECF,1331,in silico PAMPA,4.7,4.95053042981803
brain ECF,1331,in silico PAMPA,4.8,4.79879436758935
brain ECF,1331,in silico PAMPA,4.9,4.65162672121969
brain ECF,1331,in silico PAMPA,5,4.5089048599129
brain ECF,1331,in silico PAMPA,5.1,4.3705066963856
brain ECF,1331,in silico PAMPA,5.2,4.23631125171933
brain ECF,1331,in silico PAMPA,5.3,4.10619908850981
brain ECF,1331,in silico PAMPA,5.4,3.98005265542989
brain ECF,1331,in silico PAMPA,5.5,3.8577565601684
brain ECF,1331,in silico PAMPA,5.6,3.73919777184663
brain ECF,1331,in silico PAMPA,5.7,3.62426575208982
brain ECF,1331,in silico PAMPA,5.8,3.51285257728633
brain ECF,1331,in silico PAMPA,5.9,3.4048529845599
brain ECF,1331,in silico PAMPA,6,3.30016440846092
brain ECF,1331,in silico PAMPA,6.1,3.1986869973163
brain ECF,1331,in silico PAMPA,6.2,3.1003236101661
brain ECF,1331,in silico PAMPA,6.3,3.00497979991247
brain ECF,1331,in silico PAMPA,6.4,2.91256378547011
brain ECF,1331,in silico PAMPA,6.5,2.82298640712558
brain ECF,1331,in silico PAMPA,6.6,2.73616108969026
brain ECF,1331,in silico PAMPA,6.7,2.65200378555958
brain ECF,1331,in silico PAMPA,6.8,2.5704329345528
brain ECF,1331,in silico PAMPA,6.9,2.49136938300256
brain ECF,1331,in silico PAMPA,7,2.41473634450318
brain ECF,1331,in silico PAMPA,7.1,2.34045932919282
brain ECF,1331,in silico PAMPA,7.2,2.26846609041535
brain ECF,1331,in silico PAMPA,7.3,2.19868656431346
brain ECF,1331,in silico PAMPA,7.4,2.13105281126975
brain ECF,1331,in silico PAMPA,7.5,2.06549895425968
brain ECF,1331,in silico PAMPA,7.6,2.00196112168184
brain ECF,1331,in silico PAMPA,7.7,1.94037738711546
brain ECF,1331,in silico PAMPA,7.8,1.88068771295203
brain ECF,1331,in silico PAMPA,7.9,1.82283389836584
brain ECF,1331,in silico PAMPA,8,1.76675951444909
brain ECF,1331,in silico PAMPA,8.1,1.71240987166011
brain ECF,1331,in silico PAMPA,8.2,1.65973194006032
brain ECF,1331,in silico PAMPA,8.3,1.60867433352056
brain ECF,1331,in silico PAMPA,8.4,1.55918722388675
brain ECF,1331,in silico PAMPA,8.5,1.51122233001811
brain ECF,1331,in silico PAMPA,8.6,1.46473283568891
brain ECF,1331,in silico PAMPA,8.7,1.4196733787337
brain ECF,1331,in silico PAMPA,8.8,1.37599997431783
brain ECF,1331,in silico PAMPA,8.9,1.33367000176386
brain ECF,1331,in silico PAMPA,9,1.29264214011615
brain ECF,1331,in silico PAMPA,9.1,1.2528763454277
brain ECF,1331,in silico PAMPA,9.2,1.21433380059357
brain ECF,1331,in silico PAMPA,9.3,1.17697687945152
brain ECF,1331,in silico PAMPA,9.4,1.14076912040241
brain ECF,1331,in silico PAMPA,9.5,1.10567516999507
brain ECF,1331,in silico PAMPA,9.6,1.07166077823681
brain ECF,1331,in silico PAMPA,9.7,1.03869272990277
brain ECF,1331,in silico PAMPA,9.8,1.00673885017678
brain ECF,1331,in silico PAMPA,9.9,0.9757679351467
brain ECF,1331,in silico PAMPA,10,0.945749756994513
brain ECF,1331,in silico PAMPA,10.1,0.916655005344515
brain ECF,1331,in silico PAMPA,10.2,0.888455277099187
brain ECF,1331,in silico PAMPA,10.3,0.861123042235273
brain ECF,1331,in silico PAMPA,10.4,0.834631613139404
brain ECF,1331,in silico PAMPA,10.5,0.808955131835426
brain ECF,1331,in silico PAMPA,10.6,0.784068524360324
brain ECF,1331,in silico PAMPA,10.7,0.759947500861427
brain ECF,1331,in silico PAMPA,10.8,0.73656850352141
brain ECF,1331,in silico PAMPA,10.9,0.713908714690142
brain ECF,1331,in silico PAMPA,11,0.691946003405059
brain ECF,1331,in silico PAMPA,11.1,0.670658928919102
brain ECF,1331,in silico PAMPA,11.2,0.650026708265183
brain ECF,1331,in silico PAMPA,11.3,0.630029193807996
brain ECF,1331,in silico PAMPA,11.4,0.610646866954939
brain ECF,1331,in silico PAMPA,11.5,0.591860798605148
brain ECF,1331,in silico PAMPA,11.6,0.573652653310371
brain ECF,1331,in silico PAMPA,11.7,0.556004648412571
brain ECF,1331,in silico PAMPA,11.8,0.538899557336047
brain ECF,1331,in silico PAMPA,11.9,0.522320675832547
brain ECF,1331,in silico PAMPA,12,0.506251816341401
brain ECF,1331,in silico PAMPA,12.1,0.490677291213647
brain ECF,1331,in silico PAMPA,12.2,0.47558189000554
brain ECF,1331,in silico PAMPA,12.3,0.460950880383451
brain ECF,1331,in silico PAMPA,12.4,0.446769969788013
brain ECF,1331,in silico PAMPA,12.5,0.433025317345816
brain ECF,1331,in silico PAMPA,12.6,0.419703501510459
brain ECF,1331,in silico PAMPA,12.7,0.406791511044248
brain ECF,1331,in silico PAMPA,12.8,0.394276746178481
brain ECF,1331,in silico PAMPA,12.9,0.382146980619288
brain ECF,1331,in silico PAMPA,13,0.370390374060103
brain ECF,1331,in silico PAMPA,13.1,0.358995446707107
brain ECF,1331,in silico PAMPA,13.2,0.347951067763238
brain ECF,1331,in silico PAMPA,13.3,0.337246461227699
brain ECF,1331,in silico PAMPA,13.4,0.326871169289744
brain ECF,1331,in silico PAMPA,13.5,0.316815062830662
brain ECF,1331,in silico PAMPA,13.6,0.307068322680285
brain ECF,1331,in silico PAMPA,13.7,0.297621427322206
brain ECF,1331,in silico PAMPA,13.8,0.288465161540815
brain ECF,1331,in silico PAMPA,13.9,0.279590581001243
brain ECF,1331,in silico PAMPA,14,0.270989022087018
brain ECF,1331,in silico PAMPA,14.1,0.262652087488049
brain ECF,1331,in silico PAMPA,14.2,0.254571633549724
brain ECF,1331,in silico PAMPA,14.3,0.246739771184526
brain ECF,1331,in silico PAMPA,14.4,0.23914884603815
brain ECF,1331,in silico PAMPA,14.5,0.231791444886824
brain ECF,1331,in silico PAMPA,14.6,0.224660385848257
brain ECF,1331,in silico PAMPA,14.7,0.217748699287079
brain ECF,1331,in silico PAMPA,14.8,0.211049646028106
brain ECF,1331,in silico PAMPA,14.9,0.204556684567888
brain ECF,1331,in silico PAMPA,15,0.198263477874806
brain ECF,1331,in silico PAMPA,15.1,0.192163883113893
brain ECF,1331,in silico PAMPA,15.2,0.186251945921886
brain ECF,1331,in silico PAMPA,15.3,0.180521892731874
brain ECF,1331,in silico PAMPA,15.4,0.174968123941683
brain ECF,1331,in silico PAMPA,15.5,0.169585212106274
brain ECF,1331,in silico PAMPA,15.6,0.164367904452999
brain ECF,1331,in silico PAMPA,15.7,0.159311096902654
brain ECF,1331,in silico PAMPA,15.8,0.154409856621375
brain ECF,1331,in silico PAMPA,15.9,0.149659399335976
brain ECF,1331,in silico PAMPA,16,0.145055087091982
brain ECF,1331,in silico PAMPA,16.1,0.140592426411029
brain ECF,1331,in silico PAMPA,16.2,0.136267063040666
brain ECF,1331,in silico PAMPA,16.3,0.132074773508164
brain ECF,1331,in silico PAMPA,16.4,0.128011462068644
brain ECF,1331,in silico PAMPA,16.5,0.124073158538144
brain ECF,1331,in silico PAMPA,16.6,0.120256023074488
brain ECF,1331,in silico PAMPA,16.7,0.116556319397664
brain ECF,1331,in silico PAMPA,16.8,0.112970426034588
brain ECF,1331,in silico PAMPA,16.9,0.109494858109364
brain ECF,1331,in silico PAMPA,17,0.10612621169527
brain ECF,1331,in silico PAMPA,17.1,0.102861194055891
brain ECF,1331,in silico PAMPA,17.2,0.0996966253389567
brain ECF,1331,in silico PAMPA,17.3,0.0966294155987794
brain ECF,1331,in silico PAMPA,17.4,0.0936565707779494
brain ECF,1331,in silico PAMPA,17.5,0.0907751887400881
brain ECF,1331,in silico PAMPA,17.6,0.0879824561042561
brain ECF,1331,in silico PAMPA,17.7,0.0852756448527781
brain ECF,1331,in silico PAMPA,17.8,0.0826521120463546
brain ECF,1331,in silico PAMPA,17.9,0.0801092946398221
brain ECF,1331,in silico PAMPA,18,0.077644703517449
brain ECF,1331,in silico PAMPA,18.1,0.0752559317555539
brain ECF,1331,in silico PAMPA,18.2,0.0729406517948747
brain ECF,1331,in silico PAMPA,18.3,0.0706965962245016
brain ECF,1331,in silico PAMPA,18.4,0.0685215735595196
brain ECF,1331,in silico PAMPA,18.5,0.0664134667909987
brain ECF,1331,in silico PAMPA,18.6,0.064370216077721
brain ECF,1331,in silico PAMPA,18.7,0.0623898279172746
brain ECF,1331,in silico PAMPA,18.8,0.0604703689084454
brain ECF,1331,in silico PAMPA,18.9,0.0586099663929943
brain ECF,1331,in silico PAMPA,19,0.0568068040937071
brain ECF,1331,in silico PAMPA,19.1,0.0550591213954619
brain ECF,1331,in silico PAMPA,19.2,0.0533652103824373
brain ECF,1331,in silico PAMPA,19.3,0.0517234130289505
brain ECF,1331,in silico PAMPA,19.4,0.0501321201442842
brain ECF,1331,in silico PAMPA,19.5,0.0485897899566581
brain ECF,1331,in silico PAMPA,19.6,0.0470949066858724
brain ECF,1331,in silico PAMPA,19.7,0.0456460060930293
brain ECF,1331,in silico PAMPA,19.8,0.0442416735676433
brain ECF,1331,in silico PAMPA,19.9,0.0428805478182377
brain ECF,1331,in silico PAMPA,20,0.0415612946027859
brain ECF,1331,in silico PAMPA,20.1,0.0402826263830771
brain ECF,1331,in silico PAMPA,20.2,0.039043297413537
brain ECF,1331,in silico PAMPA,20.3,0.0378420994982619
brain ECF,1331,in silico PAMPA,20.4,0.0366778612552549
brain ECF,1331,in silico PAMPA,20.5,0.0355494471556386
brain ECF,1331,in silico PAMPA,20.6,0.0344557526395419
brain ECF,1331,in silico PAMPA,20.7,0.03339570954161
brain ECF,1331,in silico PAMPA,20.8,0.032368279679366
brain ECF,1331,in silico PAMPA,20.9,0.0313724598426422
brain ECF,1331,in silico PAMPA,21,0.0304072786145255
brain ECF,1331,in silico PAMPA,21.1,0.0294717868938443
brain ECF,1331,in silico PAMPA,21.2,0.0285650654611003
brain ECF,1331,in silico PAMPA,21.3,0.0276862402105105
brain ECF,1331,in silico PAMPA,21.4,0.0268344488575379
brain ECF,1331,in silico PAMPA,21.5,0.0260088586021699
brain ECF,1331,in silico PAMPA,21.6,0.0252086644847153
brain ECF,1331,in silico PAMPA,21.7,0.0244330896256002
brain ECF,1331,in silico PAMPA,21.8,0.023681378290556
brain ECF,1331,in silico PAMPA,21.9,0.0229527999743208
brain ECF,1331,in silico PAMPA,22,0.0222466417578463
brain ECF,1331,in silico PAMPA,22.1,0.0215622124993181
brain ECF,1331,in silico PAMPA,22.2,0.020898845131965
brain ECF,1331,in silico PAMPA,22.3,0.0202558901044003
brain ECF,1331,in silico PAMPA,22.4,0.0196327197159288
brain ECF,1331,in silico PAMPA,22.5,0.0190287208130673
brain ECF,1331,in silico PAMPA,22.6,0.018443298197504
brain ECF,1331,in silico PAMPA,22.7,0.017875877940546
brain ECF,1331,in silico PAMPA,22.8,0.0173259152176812
brain ECF,1331,in silico PAMPA,22.9,0.0167928656084582
brain ECF,1331,in silico PAMPA,23,0.0162762072349972
brain ECF,1331,in silico PAMPA,23.1,0.0157754398342529
brain ECF,1331,in silico PAMPA,23.2,0.0152900787575591
brain ECF,1331,in silico PAMPA,23.3,0.0148196525869911
brain ECF,1331,in silico PAMPA,23.4,0.0143637073897182
brain ECF,1331,in silico PAMPA,23.5,0.0139217887530282
brain ECF,1331,in silico PAMPA,23.6,0.0134934714945562
brain ECF,1331,in silico PAMPA,23.7,0.0130783380158798
brain ECF,1331,in silico PAMPA,23.8,0.0126759820613802
brain ECF,1331,in silico PAMPA,23.9,0.0122860071589301
brain ECF,1331,in silico PAMPA,24,0.0119080293399962
brain ECF,1331,in silico PAMPA,24.1,0.0115416736784274
brain ECF,1331,in silico PAMPA,24.2,0.0111865873631867
brain ECF,1331,in silico PAMPA,24.3,0.0108424247604932
brain ECF,1331,in silico PAMPA,24.4,0.0105088448437099
brain ECF,1331,in silico PAMPA,24.5,0.0101855204394816
brain ECF,1331,in silico PAMPA,24.6,0.00987214382412964
brain ECF,1331,in silico PAMPA,24.7,0.00956840861284302
brain ECF,1331,in silico PAMPA,24.8,0.00927402221013272
brain ECF,1331,in silico PAMPA,24.9,0.00898870149423933
brain ECF,1331,in silico PAMPA,25,0.00871216451923748
brain ECF,577.568774905738,optimized,0,0
brain ECF,577.568774905738,optimized,0.1,0
brain ECF,577.568774905738,optimized,0.2,0
brain ECF,577.568774905738,optimized,0.3,0.152790255588175
brain ECF,577.568774905738,optimized,0.4,0.962314271230798
brain ECF,577.568774905738,optimized,0.5,2.15888495863018
brain ECF,577.568774905738,optimized,0.6,3.50166339189338
brain ECF,577.568774905738,optimized,0.7,4.84028043253676
brain ECF,577.568774905738,optimized,0.8,6.08673584744212
brain ECF,577.568774905738,optimized,0.9,7.19435947419204
brain ECF,577.568774905738,optimized,1,8.14323710248722
brain ECF,577.568774905738,optimized,1.1,8.9302489061124
brain ECF,577.568774905738,optimized,1.2,9.56233661941364
brain ECF,577.568774905738,optimized,1.3,10.0520181866364
brain ECF,577.568774905738,optimized,1.4,10.4144567021321
brain ECF,577.568774905738,optimized,1.5,10.6655955184673
brain ECF,577.568774905738,optimized,1.6,10.8210173704426
brain ECF,577.568774905738,optimized,1.7,10.8952892477367
brain ECF,577.568774905738,optimized,1.8,10.9016266483178
brain ECF,577.568774905738,optimized,1.9,10.8517642394361
brain ECF,577.568774905738,optimized,2,10.7559543027644
brain ECF,577.568774905738,optimized,2.1,10.6230412431306
brain ECF,577.568774905738,optimized,2.2,10.4605770385974
brain ECF,577.568774905738,optimized,2.3,10.2749550566421
brain ECF,577.568774905738,optimized,2.4,10.0715480543038
brain ECF,577.568774905738,optimized,2.5,9.85484158040899
brain ECF,577.568774905738,optimized,2.6,9.62855798042756
brain ECF,577.568774905738,optimized,2.7,9.39576853344661
brain ECF,577.568774905738,optimized,2.8,9.15899295098376
brain ECF,577.568774905738,optimized,2.9,8.92028638595267
brain ECF,577.568774905738,optimized,3,8.68131455865015
brain ECF,577.568774905738,optimized,3.1,8.44341818705251
brain ECF,577.568774905738,optimized,3.2,8.20766782949557
brain ECF,577.568774905738,optimized,3.3,7.97491015063942
brain ECF,577.568774905738,optimized,3.4,7.74580690379713
brain ECF,577.568774905738,optimized,3.5,7.5208676141698
brain ECF,577.568774905738,optimized,3.6,7.30047688221314
brain ECF,577.568774905738,optimized,3.7,7.08491705945154
brain ECF,577.568774905738,optimized,3.8,6.87438705678661
brain ECF,577.568774905738,optimized,3.9,6.66901798506961
brain ECF,577.568774905738,optimized,4,6.46888614080089
brain ECF,577.568774905738,optimized,4.1,6.27402358416499
brain ECF,577.568774905738,optimized,4.2,6.08442685354014
brain ECF,577.568774905738,optimized,4.3,5.90006425138252
brain ECF,577.568774905738,optimized,4.4,5.72088170457572
brain ECF,577.568774905738,optimized,4.5,5.54680767303841
brain ECF,577.568774905738,optimized,4.6,5.37775707398873
brain ECF,577.568774905738,optimized,4.7,5.21363449387309
brain ECF,577.568774905738,optimized,4.8,5.05433683162086
brain ECF,577.568774905738,optimized,4.9,4.89975545324531
brain ECF,577.568774905738,optimized,5,4.74977791880752
brain ECF,577.568774905738,optimized,5.1,4.60428940416293
brain ECF,577.568774905738,optimized,5.2,4.46317380836508
brain ECF,577.568774905738,optimized,5.3,4.32631464509482
brain ECF,577.568774905738,optimized,5.4,4.19359577181521
brain ECF,577.568774905738,optimized,5.5,4.06490197220209
brain ECF,577.568774905738,optimized,5.6,3.94011939555471
brain ECF,577.568774905738,optimized,5.7,3.81913592188845
brain ECF,577.568774905738,optimized,5.8,3.70184142262485
brain ECF,577.568774905738,optimized,5.9,3.58812795748864
brain ECF,577.568774905738,optimized,6,3.47788991804405
brain ECF,577.568774905738,optimized,6.1,3.37102413854266
brain ECF,577.568774905738,optimized,6.2,3.2674299630981
brain ECF,577.568774905738,optimized,6.3,3.16700929292877
brain ECF,577.568774905738,optimized,6.4,3.06966660043126
brain ECF,577.568774905738,optimized,6.5,2.97530892932136
brain ECF,577.568774905738,optimized,6.6,2.88384589422256
brain ECF,577.568774905738,optimized,6.7,2.7951896477733
brain ECF,577.568774905738,optimized,6.8,2.70925482721967
brain ECF,577.568774905738,optimized,6.9,2.62595854440732
brain ECF,577.568774905738,optimized,7,2.54522030988319
brain ECF,577.568774905738,optimized,7.1,2.46696199872945
brain ECF,577.568774905738,optimized,7.2,2.39110780097793
brain ECF,577.568774905738,optimized,7.3,2.31758416174679
brain ECF,577.568774905738,optimized,7.4,2.24631972566601
brain ECF,577.568774905738,optimized,7.5,2.17724528313699
brain ECF,577.568774905738,optimized,7.6,2.11029370776138
brain ECF,577.568774905738,optimized,7.7,2.04539990735956
brain ECF,577.568774905738,optimized,7.8,1.98250075640202
brain ECF,577.568774905738,optimized,7.9,1.92153505045943
brain ECF,577.568774905738,optimized,8,1.86244344461086
brain ECF,577.568774905738,optimized,8.1,1.80516839989822
brain ECF,577.568774905738,optimized,8.2,1.74965413875625
brain ECF,577.568774905738,optimized,8.3,1.695846578313
brain ECF,577.568774905738,optimized,8.4,1.64369330087111
brain ECF,577.568774905738,optimized,8.5,1.59314348076914
brain ECF,577.568774905738,optimized,8.6,1.54414786122714
brain ECF,577.568774905738,optimized,8.7,1.49665868210079
brain ECF,577.568774905738,optimized,8.8,1.45062965975321
brain ECF,577.568774905738,optimized,8.9,1.40601591627563
brain ECF,577.568774905738,optimized,9,1.36277396589194
brain ECF,577.568774905738,optimized,9.1,1.32086163830405
brain ECF,577.568774905738,optimized,9.2,1.28023807546209
brain ECF,577.568774905738,optimized,9.3,1.24086365821568
brain ECF,577.568774905738,optimized,9.4,1.20269999227211
brain ECF,577.568774905738,optimized,9.5,1.16570986185568
brain ECF,577.568774905738,optimized,9.6,1.12985718869302
brain ECF,577.568774905738,optimized,9.7,1.09510701259683
brain ECF,577.568774905738,optimized,9.8,1.06142543461501
brain ECF,577.568774905738,optimized,9.9,1.02877961211588
brain ECF,577.568774905738,optimized,10,0.9971376951705
brain ECF,577.568774905738,optimized,10.1,0.966468829113081
brain ECF,577.568774905738,optimized,10.2,0.936743090265885
brain ECF,577.568774905738,optimized,10.3,0.907931490138222
brain ECF,577.568774905738,optimized,10.4,0.880005919263607
brain ECF,577.568774905738,optimized,10.5,0.852939138462505
brain ECF,577.568774905738,optimized,10.6,0.826704744792963
brain ECF,577.568774905738,optimized,10.7,0.801277142167416
brain ECF,577.568774905738,optimized,10.8,0.776631529530302
brain ECF,577.568774905738,optimized,10.9,0.752743856116545
brain ECF,577.568774905738,optimized,11,0.729590824759544
brain ECF,577.568774905738,optimized,11.1,0.707149838855808
brain ECF,577.568774905738,optimized,11.2,0.685399012378929
brain ECF,577.568774905738,optimized,11.3,0.664317118927977
brain ECF,577.568774905738,optimized,11.4,0.643883592291937
brain ECF,577.568774905738,optimized,11.5,0.624078497114353
brain ECF,577.568774905738,optimized,11.6,0.604882507717428
brain ECF,577.568774905738,optimized,11.7,0.586276898169928
brain ECF,577.568774905738,optimized,11.8,0.568243509637244
brain ECF,577.568774905738,optimized,11.9,0.55076475169687
brain ECF,577.568774905738,optimized,12,0.533823562843499
brain ECF,577.568774905738,optimized,12.1,0.517403421066269
brain ECF,577.568774905738,optimized,12.2,0.501488297616096
brain ECF,577.568774905738,optimized,12.3,0.48606266215545
brain ECF,577.568774905738,optimized,12.4,0.471111467615464
brain ECF,577.568774905738,optimized,12.5,0.456620115823015
brain ECF,577.568774905738,optimized,12.6,0.442574475607129
brain ECF,577.568774905738,optimized,12.7,0.428960834359764
brain ECF,577.568774905738,optimized,12.8,0.415765906808033
brain ECF,577.568774905738,optimized,12.9,0.402976820942988
brain ECF,577.568774905738,optimized,13,0.390581089136283
brain ECF,577.568774905738,optimized,13.1,0.378566623048912
brain ECF,577.568774905738,optimized,13.2,0.36692169254144
brain ECF,577.568774905738,optimized,13.3,0.355634932701164
brain ECF,577.568774905738,optimized,13.4,0.344695331597772
brain ECF,577.568774905738,optimized,13.5,0.334092206209693
brain ECF,577.568774905738,optimized,13.6,0.323815215741817
brain ECF,577.568774905738,optimized,13.7,0.313854324991726
brain ECF,577.568774905738,optimized,13.8,0.30419981249066
brain ECF,577.568774905738,optimized,13.9,0.29484226076655
brain ECF,577.568774905738,optimized,14,0.285772533199503
brain ECF,577.568774905738,optimized,14.1,0.276981785222812
brain ECF,577.568774905738,optimized,14.2,0.268461433679394
brain ECF,577.568774905738,optimized,14.3,0.260203160180831
brain ECF,577.568774905738,optimized,14.4,0.252198911338293
brain ECF,577.568774905738,optimized,14.5,0.244440867335793
brain ECF,577.568774905738,optimized,14.6,0.236921452428942
brain ECF,577.568774905738,optimized,14.7,0.229633335342052
brain ECF,577.568774905738,optimized,14.8,0.222569392750027
brain ECF,577.568774905738,optimized,14.9,0.215722729277894
brain ECF,577.568774905738,optimized,15,0.209086669433264
brain ECF,577.568774905738,optimized,15.1,0.202654729806966
brain ECF,577.568774905738,optimized,15.2,0.196420635105045
brain ECF,577.568774905738,optimized,15.3,0.19037830388201
brain ECF,577.568774905738,optimized,15.4,0.184521835935319
brain ECF,577.568774905738,optimized,15.5,0.178845517638552
brain ECF,577.568774905738,optimized,15.6,0.173343807702385
brain ECF,577.568774905738,optimized,15.7,0.168011331583676
brain ECF,577.568774905738,optimized,15.8,0.162842889777703
brain ECF,577.568774905738,optimized,15.9,0.157833431869634
brain ECF,577.568774905738,optimized,16,0.152978062903817
brain ECF,577.568774905738,optimized,16.1,0.148272051961643
brain ECF,577.568774905738,optimized,16.2,0.143710799189563
brain ECF,577.568774905738,optimized,16.3,0.139289851156799
brain ECF,577.568774905738,optimized,16.4,0.135004899660069
brain ECF,577.568774905738,optimized,16.5,0.130851758137473
brain ECF,577.568774905738,optimized,16.6,0.126826371260159
brain ECF,577.568774905738,optimized,16.7,0.122924815660896
brain ECF,577.568774905738,optimized,16.8,0.119143279109561
brain ECF,577.568774905738,optimized,16.9,0.115478067093094
brain ECF,577.568774905738,optimized,17,0.111925607424728
brain ECF,577.568774905738,optimized,17.1,0.108482428126408
brain ECF,577.568774905738,optimized,17.2,0.105145162659723
brain ECF,577.568774905738,optimized,17.3,0.101910557470004
brain ECF,577.568774905738,optimized,17.4,0.0987754552684431
brain ECF,577.568774905738,optimized,17.5,0.0957367899033916
brain ECF,577.568774905738,optimized,17.6,0.0927915965966987
brain ECF,577.568774905738,optimized,17.7,0.0899370050700161
brain ECF,577.568774905738,optimized,17.8,0.0871702252312162
brain ECF,577.568774905738,optimized,17.9,0.0844885565696139
brain ECF,577.568774905738,optimized,18,0.0818893848440407
brain ECF,577.568774905738,optimized,18.1,0.0793701709565414
brain ECF,577.568774905738,optimized,18.2,0.0769284549115278
brain ECF,577.568774905738,optimized,18.3,0.0745618556641748
brain ECF,577.568774905738,optimized,18.4,0.072268059525732
brain ECF,577.568774905738,optimized,18.5,0.0700448234768665
brain ECF,577.568774905738,optimized,18.6,0.0678899841794012
brain ECF,577.568774905738,optimized,18.7,0.0658014322467191
brain ECF,577.568774905738,optimized,18.8,0.0637771249900043
brain ECF,577.568774905738,optimized,18.9,0.0618150897252646
brain ECF,577.568774905738,optimized,19,0.0599134128978176
brain ECF,577.568774905738,optimized,19.1,0.0580702347672191
brain ECF,577.568774905738,optimized,19.2,0.0562837563288151
brain ECF,577.568774905738,optimized,19.3,0.0545522373669736
brain ECF,577.568774905738,optimized,19.4,0.0528739861113968
brain ECF,577.568774905738,optimized,19.5,0.0512473641450122
brain ECF,577.568774905738,optimized,19.6,0.0496707848660439
brain ECF,577.568774905738,optimized,19.7,0.0481427076376385
brain ECF,577.568774905738,optimized,19.8,0.0466616386269092
brain ECF,577.568774905738,optimized,19.9,0.0452261337762306
brain ECF,577.568774905738,optimized,20,0.0438347903362013
brain ECF,577.568774905738,optimized,20.1,0.0424862462165686
brain ECF,577.568774905738,optimized,20.2,0.0411791848799999
brain ECF,577.568774905738,optimized,20.3,0.039912334192898
brain ECF,577.568774905738,optimized,20.4,0.0386844537975227
brain ECF,577.568774905738,optimized,20.5,0.0374943442541215
brain ECF,577.568774905738,optimized,20.6,0.0363408478923593
brain ECF,577.568774905738,optimized,20.7,0.0352228376183584
brain ECF,577.568774905738,optimized,20.8,0.034139222683536
brain ECF,577.568774905738,optimized,20.9,0.0330889455799461
brain ECF,577.568774905738,optimized,21,0.0320709810839109
brain ECF,577.568774905738,optimized,21.1,0.0310843348871926
brain ECF,577.568774905738,optimized,21.2,0.0301280426934059
brain ECF,577.568774905738,optimized,21.3,0.0292011731111564
brain ECF,577.568774905738,optimized,21.4,0.0283028178414965
brain ECF,577.568774905738,optimized,21.5,0.0274320967731958
brain ECF,577.568774905738,optimized,21.6,0.0265881591157744
brain ECF,577.568774905738,optimized,21.7,0.0257701867690097
brain ECF,577.568774905738,optimized,21.8,0.0249773757342019
brain ECF,577.568774905738,optimized,21.9,0.0242089499301477
brain ECF,577.568774905738,optimized,22,0.0234641619626622
brain ECF,577.568774905738,optimized,22.1,0.0227422878614032
brain ECF,577.568774905738,optimized,22.2,0.0220426215245031
brain ECF,577.568774905738,optimized,22.3,0.0213644807959496
brain ECF,577.568774905738,optimized,22.4,0.0207072040903033
brain ECF,577.568774905738,optimized,22.5,0.0200701503850653
brain ECF,577.568774905738,optimized,22.6,0.0194526980953213
brain ECF,577.568774905738,optimized,22.7,0.0188542442559091
brain ECF,577.568774905738,optimized,22.8,0.0182742037670205
brain ECF,577.568774905738,optimized,22.9,0.0177120086855786
brain ECF,577.568774905738,optimized,23,0.0171671074059652
brain ECF,577.568774905738,optimized,23.1,0.0166389668509239
brain ECF,577.568774905738,optimized,23.2,0.0161270754697186
brain ECF,577.568774905738,optimized,23.3,0.0156309285338716
brain ECF,577.568774905738,optimized,23.4,0.0151500392516424
brain ECF,577.568774905738,optimized,23.5,0.0146839408251356
brain ECF,577.568774905738,optimized,23.6,0.0142321816279734
brain ECF,577.568774905738,optimized,23.7,0.0137943194944664
brain ECF,577.568774905738,optimized,23.8,0.0133699285749253
brain ECF,577.568774905738,optimized,23.9,0.0129585931679741
brain ECF,577.568774905738,optimized,24,0.0125599133400284
brain ECF,577.568774905738,optimized,24.1,0.012173501448453
brain ECF,577.568774905738,optimized,24.2,0.0117989813988979
brain ECF,577.568774905738,optimized,24.3,0.0114359868740044
brain ECF,577.568774905738,optimized,24.4,0.0110841622971917
brain ECF,577.568774905738,optimized,24.5,0.0107431640206002
brain ECF,577.568774905738,optimized,24.6,0.0104126573749916
brain ECF,577.568774905738,optimized,24.7,0.0100923182272427
brain ECF,577.568774905738,optimized,24.8,0.00978183555059789
brain ECF,577.568774905738,optimized,24.9,0.00948090312495253
brain ECF,577.568774905738,optimized,25,0.00918922517764704
brain ECF,10000000000,perfusion-limited,0,0
brain ECF,10000000000,perfusion-limited,0.1,0
brain ECF,10000000000,perfusion-limited,0.2,0
brain ECF,10000000000,perfusion-limited,0.3,1.45849680471287
brain ECF,10000000000,perfusion-limited,0.4,4.01759455168673
brain ECF,10000000000,perfusion-limited,0.5,6.02594140875157
brain ECF,10000000000,perfusion-limited,0.6,7.58604222949189
brain ECF,10000000000,perfusion-limited,0.7,8.78174068281203
brain ECF,10000000000,perfusion-limited,0.8,9.68160242951058
brain ECF,10000000000,perfusion-limited,0.9,10.3416869176679
brain ECF,10000000000,perfusion-limited,1,10.8078168920524
brain ECF,10000000000,perfusion-limited,1.1,11.1174362734432
brain ECF,10000000000,perfusion-limited,1.2,11.3011312423158
brain ECF,10000000000,perfusion-limited,1.3,11.3838754586759
brain ECF,10000000000,perfusion-limited,1.4,11.3860495821956
brain ECF,10000000000,perfusion-limited,1.5,11.324275822743
brain ECF,10000000000,perfusion-limited,1.6,11.2121012664714
brain ECF,10000000000,perfusion-limited,1.7,11.0605571421137
brain ECF,10000000000,perfusion-limited,1.8,10.8786167609104
brain ECF,10000000000,perfusion-limited,1.9,10.6735703481953
brain ECF,10000000000,perfusion-limited,2,10.4513318408823
brain ECF,10000000000,perfusion-limited,2.1,10.2166900980555
brain ECF,10000000000,perfusion-limited,2.2,9.97351444738823
brain ECF,10000000000,perfusion-limited,2.3,9.72492293081593
brain ECF,10000000000,perfusion-limited,2.4,9.47342008338174
brain ECF,10000000000,perfusion-limited,2.5,9.22100957620576
brain ECF,10000000000,perfusion-limited,2.6,8.96928646002797
brain ECF,10000000000,perfusion-limited,2.7,8.71951266406298
brain ECF,10000000000,perfusion-limited,2.8,8.4726787001353
brain ECF,10000000000,perfusion-limited,2.9,8.22955418207953
brain ECF,10000000000,perfusion-limited,3,7.99072913547191
brain ECF,10000000000,perfusion-limited,3.1,7.75664781726362
brain ECF,10000000000,perfusion-limited,3.2,7.5276362927836
brain ECF,10000000000,perfusion-limited,3.3,7.30392502614368
brain ECF,10000000000,perfusion-limited,3.4,7.08566736383799
brain ECF,10000000000,perfusion-limited,3.5,6.8729545675497
brain ECF,10000000000,perfusion-limited,3.6,6.66582813329154
brain ECF,10000000000,perfusion-limited,3.7,6.46428983607002
brain ECF,10000000000,perfusion-limited,3.8,6.26830991005682
brain ECF,10000000000,perfusion-limited,3.9,6.07783374482012
brain ECF,10000000000,perfusion-limited,4,5.89278733218741
brain ECF,10000000000,perfusion-limited,4.1,5.71308163328173
brain ECF,10000000000,perfusion-limited,4.2,5.53861621818619
brain ECF,10000000000,perfusion-limited,4.3,5.36928216530082
brain ECF,10000000000,perfusion-limited,4.4,5.20496441557976
brain ECF,10000000000,perfusion-limited,4.5,5.04554370442218
brain ECF,10000000000,perfusion-limited,4.6,4.89089807940685
brain ECF,10000000000,perfusion-limited,4.7,4.74090412672558
brain ECF,10000000000,perfusion-limited,4.8,4.5954379716174
brain ECF,10000000000,perfusion-limited,4.9,4.45437605847567
brain ECF,10000000000,perfusion-limited,5,4.31759579245921
brain ECF,10000000000,perfusion-limited,5.1,4.18497601095308
brain ECF,10000000000,perfusion-limited,5.2,4.05639735660504
brain ECF,10000000000,perfusion-limited,5.3,3.93174257537693
brain ECF,10000000000,perfusion-limited,5.4,3.81089674003228
brain ECF,10000000000,perfusion-limited,5.5,3.69374741094609
brain ECF,10000000000,perfusion-limited,5.6,3.58018474201317
brain ECF,10000000000,perfusion-limited,5.7,3.47010156978627
brain ECF,10000000000,perfusion-limited,5.8,3.36339345144707
brain ECF,10000000000,perfusion-limited,5.9,3.25995868370716
brain ECF,10000000000,perfusion-limited,6,3.15969830402242
brain ECF,10000000000,perfusion-limited,6.1,3.06251607729486
brain ECF,10000000000,perfusion-limited,6.2,2.96831846985038
brain ECF,10000000000,perfusion-limited,6.3,2.87701461472547
brain ECF,10000000000,perfusion-limited,6.4,2.78851626466795
brain ECF,10000000000,perfusion-limited,6.5,2.7027377545822
brain ECF,10000000000,perfusion-limited,6.6,2.6195959294563
brain ECF,10000000000,perfusion-limited,6.7,2.53901010605016
brain ECF,10000000000,perfusion-limited,6.8,2.46090199471556
brain ECF,10000000000,perfusion-limited,6.9,2.3851956536054
brain ECF,10000000000,perfusion-limited,7,2.31181742519631
brain ECF,10000000000,perfusion-limited,7.1,2.24069587617086
brain ECF,10000000000,perfusion-limited,7.2,2.17176173617845
brain ECF,10000000000,perfusion-limited,7.3,2.10494783871441
brain ECF,10000000000,perfusion-limited,7.4,2.04018905846159
brain ECF,10000000000,perfusion-limited,7.5,1.97742225755882
brain ECF,10000000000,perfusion-limited,7.6,1.91658621889745
brain ECF,10000000000,perfusion-limited,7.7,1.85762160339757
brain ECF,10000000000,perfusion-limited,7.8,1.80047087735341
brain ECF,10000000000,perfusion-limited,7.9,1.74507827805622
brain ECF,10000000000,perfusion-limited,8,1.69138974212959
brain ECF,10000000000,perfusion-limited,8.1,1.63935287188611
brain ECF,10000000000,perfusion-limited,8.2,1.58891687027075
brain ECF,10000000000,perfusion-limited,8.3,1.54003250495571
brain ECF,10000000000,perfusion-limited,8.4,1.49265205085652
brain ECF,10000000000,perfusion-limited,8.5,1.4467292520339
brain ECF,10000000000,perfusion-limited,8.6,1.4022192713145
brain ECF,10000000000,perfusion-limited,8.7,1.35907865044349
brain ECF,10000000000,perfusion-limited,8.8,1.31726526639912
brain ECF,10000000000,perfusion-limited,8.9,1.27673829151789
brain ECF,10000000000,perfusion-limited,9,1.2374581535864
brain ECF,10000000000,perfusion-limited,9.1,1.19938649190539
brain ECF,10000000000,perfusion-limited,9.2,1.16248613483298
brain ECF,10000000000,perfusion-limited,9.3,1.12672103980499
brain ECF,10000000000,perfusion-limited,9.4,1.09205629131019
brain ECF,10000000000,perfusion-limited,9.5,1.05845802842188
brain ECF,10000000000,perfusion-limited,9.6,1.02589344914622
brain ECF,10000000000,perfusion-limited,9.7,0.994330743207413
brain ECF,10000000000,perfusion-limited,9.8,0.96373909655603
brain ECF,10000000000,perfusion-limited,9.9,0.934088630857817
brain ECF,10000000000,perfusion-limited,10,0.905350390948889
brain ECF,10000000000,perfusion-limited,10.1,0.877496310118985
brain ECF,10000000000,perfusion-limited,10.2,0.850499184410456
brain ECF,10000000000,perfusion-limited,10.3,0.824332657620116
brain ECF,10000000000,perfusion-limited,10.4,0.7989711712967
brain ECF,10000000000,perfusion-limited,10.5,0.77438996012375
brain ECF,10000000000,perfusion-limited,10.6,0.750565010458316
brain ECF,10000000000,perfusion-limited,10.7,0.727473063285639
brain ECF,10000000000,perfusion-limited,10.8,0.705091557991094
brain ECF,10000000000,perfusion-limited,10.9,0.683398643147172
brain ECF,10000000000,perfusion-limited,11,0.6623731325145
brain ECF,10000000000,perfusion-limited,11.1,0.641994493282338
brain ECF,10000000000,perfusion-limited,11.2,0.622242826474308
brain ECF,10000000000,perfusion-limited,11.3,0.603098840485628
brain ECF,10000000000,perfusion-limited,11.4,0.584543842848481
brain ECF,10000000000,perfusion-limited,11.5,0.566559707062879
brain ECF,10000000000,perfusion-limited,11.6,0.54912887574995
brain ECF,10000000000,perfusion-limited,11.7,0.532234318875369
brain ECF,10000000000,perfusion-limited,11.8,0.515859542791791
brain ECF,10000000000,perfusion-limited,11.9,0.499988552631396
brain ECF,10000000000,perfusion-limited,12,0.484605851262821
brain ECF,10000000000,perfusion-limited,12.1,0.469696417390185
brain ECF,10000000000,perfusion-limited,12.2,0.45524568665774
brain ECF,10000000000,perfusion-limited,12.3,0.44123955233945
brain ECF,10000000000,perfusion-limited,12.4,0.427664328770143
brain ECF,10000000000,perfusion-limited,12.5,0.414506762702115
brain ECF,10000000000,perfusion-limited,12.6,0.401754006648773
brain ECF,10000000000,perfusion-limited,12.7,0.389393601713715
brain ECF,10000000000,perfusion-limited,12.8,0.377413479969531
brain ECF,10000000000,perfusion-limited,12.9,0.365801934237546
brain ECF,10000000000,perfusion-limited,13,0.354547630847741
brain ECF,10000000000,perfusion-limited,13.1,0.343639582946366
brain ECF,10000000000,perfusion-limited,13.2,0.333067135206287
brain ECF,10000000000,perfusion-limited,13.3,0.322819957973419
brain ECF,10000000000,perfusion-limited,13.4,0.312888035661574
brain ECF,10000000000,perfusion-limited,13.5,0.30326167693741
brain ECF,10000000000,perfusion-limited,13.6,0.293931485206225
brain ECF,10000000000,perfusion-limited,13.7,0.284888348035327
brain ECF,10000000000,perfusion-limited,13.8,0.276123437390487
brain ECF,10000000000,perfusion-limited,13.9,0.26762819459578
brain ECF,10000000000,perfusion-limited,14,0.259394324089287
brain ECF,10000000000,perfusion-limited,14.1,0.251413781586377
brain ECF,10000000000,perfusion-limited,14.2,0.243678764948533
brain ECF,10000000000,perfusion-limited,14.3,0.236181731561024
brain ECF,10000000000,perfusion-limited,14.4,0.228915348676728
brain ECF,10000000000,perfusion-limited,14.5,0.221872512740429
brain ECF,10000000000,perfusion-limited,14.6,0.215046360501103
brain ECF,10000000000,perfusion-limited,14.7,0.208430218091765
brain ECF,10000000000,perfusion-limited,14.8,0.202017624641147
brain ECF,10000000000,perfusion-limited,14.9,0.195802324199414
brain ECF,10000000000,perfusion-limited,15,0.18977824624252
brain ECF,10000000000,perfusion-limited,15.1,0.183939508967874
brain ECF,10000000000,perfusion-limited,15.2,0.178280410849476
brain ECF,10000000000,perfusion-limited,15.3,0.172795421504396
brain ECF,10000000000,perfusion-limited,15.4,0.167479185623644
brain ECF,10000000000,perfusion-limited,15.5,0.162326511100943
brain ECF,10000000000,perfusion-limited,15.6,0.157332357482153
brain ECF,10000000000,perfusion-limited,15.7,0.152491854221293
brain ECF,10000000000,perfusion-limited,15.8,0.147800272725416
brain ECF,10000000000,perfusion-limited,15.9,0.143253027315718
brain ECF,10000000000,perfusion-limited,16,0.138845684336959
brain ECF,10000000000,perfusion-limited,16.1,0.134573938423075
brain ECF,10000000000,perfusion-limited,16.2,0.130433618992567
brain ECF,10000000000,perfusion-limited,16.3,0.12642068477216
brain ECF,10000000000,perfusion-limited,16.4,0.122531215836741
brain ECF,10000000000,perfusion-limited,16.5,0.118761411408163
brain ECF,10000000000,perfusion-limited,16.6,0.115107595348738
brain ECF,10000000000,perfusion-limited,16.7,0.111566193366772
brain ECF,10000000000,perfusion-limited,16.8,0.108133740840551
brain ECF,10000000000,perfusion-limited,16.9,0.104806893519083
brain ECF,10000000000,perfusion-limited,17,0.101582399281088
brain ECF,10000000000,perfusion-limited,17.1,0.0984571033720967
brain ECF,10000000000,perfusion-limited,17.2,0.0954279579108762
brain ECF,10000000000,perfusion-limited,17.3,0.0924920082904875
brain ECF,10000000000,perfusion-limited,17.4,0.0896463849479583
brain ECF,10000000000,perfusion-limited,17.5,0.0868883104526946
brain ECF,10000000000,perfusion-limited,17.6,0.0842150939232588
brain ECF,10000000000,perfusion-limited,17.7,0.0816241241704265
brain ECF,10000000000,perfusion-limited,17.8,0.0791128709638083
brain ECF,10000000000,perfusion-limited,17.9,0.076678882859244
brain ECF,10000000000,perfusion-limited,18,0.0743197794339259
brain ECF,10000000000,perfusion-limited,18.1,0.0720332534755923
brain ECF,10000000000,perfusion-limited,18.2,0.0698170784461829
brain ECF,10000000000,perfusion-limited,18.3,0.067669083604475
brain ECF,10000000000,perfusion-limited,18.4,0.0655871668913224
brain ECF,10000000000,perfusion-limited,18.5,0.0635693051566577
brain ECF,10000000000,perfusion-limited,18.6,0.0616135231173478
brain ECF,10000000000,perfusion-limited,18.7,0.0597179102803817
brain ECF,10000000000,perfusion-limited,18.8,0.0578806180937124
brain ECF,10000000000,perfusion-limited,18.9,0.056099854170184
brain ECF,10000000000,perfusion-limited,19,0.0543738794763286
brain ECF,10000000000,perfusion-limited,19.1,0.0527010090084186
brain ECF,10000000000,perfusion-limited,19.2,0.0510796091287106
brain ECF,10000000000,perfusion-limited,19.3,0.0495080948658016
brain ECF,10000000000,perfusion-limited,19.4,0.04798492923564
brain ECF,10000000000,perfusion-limited,19.5,0.0465086285897852
brain ECF,10000000000,perfusion-limited,19.6,0.04507774622484
brain ECF,10000000000,perfusion-limited,19.7,0.0436908807383962
brain ECF,10000000000,perfusion-limited,19.8,0.0423466833239982
brain ECF,10000000000,perfusion-limited,19.9,0.0410438401567669
brain ECF,10000000000,perfusion-limited,20,0.0397810769359889
brain ECF,10000000000,perfusion-limited,20.1,0.0385571620127119
brain ECF,10000000000,perfusion-limited,20.2,0.0373709031623576
brain ECF,10000000000,perfusion-limited,20.3,0.0362211422964908
brain ECF,10000000000,perfusion-limited,20.4,0.0351067577961782
brain ECF,10000000000,perfusion-limited,20.5,0.0340266605206071
brain ECF,10000000000,perfusion-limited,20.6,0.0329797962215785
brain ECF,10000000000,perfusion-limited,20.7,0.0319651414773573
brain ECF,10000000000,perfusion-limited,20.8,0.0309817077081975
brain ECF,10000000000,perfusion-limited,20.9,0.0300285312972426
brain ECF,10000000000,perfusion-limited,21,0.0291046780343747
brain ECF,10000000000,perfusion-limited,21.1,0.0282092432752971
brain ECF,10000000000,perfusion-limited,21.2,0.0273413608791254
brain ECF,10000000000,perfusion-limited,21.3,0.0265001765904368
brain ECF,10000000000,perfusion-limited,21.4,0.0256848665541608
brain ECF,10000000000,perfusion-limited,21.5,0.0248946363322761
brain ECF,10000000000,perfusion-limited,21.6,0.0241287198733232
brain ECF,10000000000,perfusion-limited,21.7,0.0233863671931172
brain ECF,10000000000,perfusion-limited,21.8,0.0226668547578847
brain ECF,10000000000,perfusion-limited,21.9,0.0219694805917156
brain ECF,10000000000,perfusion-limited,22,0.0212935646920086
brain ECF,10000000000,perfusion-limited,22.1,0.0206384481491633
brain ECF,10000000000,perfusion-limited,22.2,0.020003491798293
brain ECF,10000000000,perfusion-limited,22.3,0.019388073360035
brain ECF,10000000000,perfusion-limited,22.4,0.0187915908301477
brain ECF,10000000000,perfusion-limited,22.5,0.0182134587847067
brain ECF,10000000000,perfusion-limited,22.6,0.0176531102175732
brain ECF,10000000000,perfusion-limited,22.7,0.0171100032205641
brain ECF,10000000000,perfusion-limited,22.8,0.0165836012185725
brain ECF,10000000000,perfusion-limited,22.9,0.0160733869621246
brain ECF,10000000000,perfusion-limited,23,0.0155788639455794
brain ECF,10000000000,perfusion-limited,23.1,0.0150995552541409
brain ECF,10000000000,perfusion-limited,23.2,0.0146349905970436
brain ECF,10000000000,perfusion-limited,23.3,0.0141847182869862
brain ECF,10000000000,perfusion-limited,23.4,0.0137482994327134
brain ECF,10000000000,perfusion-limited,23.5,0.0133253099379787
brain ECF,10000000000,perfusion-limited,23.6,0.0129153397772458
brain ECF,10000000000,perfusion-limited,23.7,0.0125179915708745
brain ECF,10000000000,perfusion-limited,23.8,0.012132866628228
brain ECF,10000000000,perfusion-limited,23.9,0.0117595924879459
brain ECF,10000000000,perfusion-limited,24,0.0113978021021195
brain ECF,10000000000,perfusion-limited,24.1,0.0110471381612874
brain ECF,10000000000,perfusion-limited,24.2,0.0107072659139138
brain ECF,10000000000,perfusion-limited,24.3,0.0103778546536377
brain ECF,10000000000,perfusion-limited,24.4,0.0100585782464753
brain ECF,10000000000,perfusion-limited,24.5,0.00974912363927465
brain ECF,10000000000,perfusion-limited,24.6,0.00944918880556728
brain ECF,10000000000,perfusion-limited,24.7,0.00915848272337697
brain ECF,10000000000,perfusion-limited,24.8,0.00887671912684248
brain ECF,10000000000,perfusion-limited,24.9,0.00860362190920364
brain ECF,10000000000,perfusion-limited,25,0.00833892313807111
scsf,159732,in situ perfusion,0,0
scsf,159732,in situ perfusion,0.1,0
scsf,159732,in situ perfusion,0.2,0
scsf,159732,in situ perfusion,0.3,0.0250167408725341
scsf,159732,in situ perfusion,0.4,0.218267973365726
scsf,159732,in situ perfusion,0.5,0.560792840831963
scsf,159732,in situ perfusion,0.6,1.01099640864919
scsf,159732,in situ perfusion,0.7,1.53568349163406
scsf,159732,in situ perfusion,0.8,2.10849057860458
scsf,159732,in situ perfusion,0.9,2.70860414344221
scsf,159732,in situ perfusion,1,3.31971333654273
scsf,159732,in situ perfusion,1.1,3.92915467864779
scsf,159732,in situ perfusion,1.2,4.52721375960786
scsf,159732,in situ perfusion,1.3,5.10655540721177
scsf,159732,in situ perfusion,1.4,5.66175894405575
scsf,159732,in situ perfusion,1.5,6.1889393795532
scsf,159732,in situ perfusion,1.6,6.68543889715581
scsf,159732,in situ perfusion,1.7,7.14957578956639
scsf,159732,in situ perfusion,1.8,7.58044039698542
scsf,159732,in situ perfusion,1.9,7.97772937486109
scsf,159732,in situ perfusion,2,8.34161139328274
scsf,159732,in situ perfusion,2.1,8.67261837098788
scsf,159732,in situ perfusion,2.2,8.97155766405814
scsf,159732,in situ perfusion,2.3,9.23944130777501
scsf,159732,in situ perfusion,2.4,9.47742911619603
scsf,159732,in situ perfusion,2.5,9.68678318686743
scsf,159732,in situ perfusion,2.6,9.86883159119433
scsf,159732,in situ perfusion,2.7,10.0249395553469
scsf,159732,in situ perfusion,2.8,10.1564867906405
scsf,159732,in situ perfusion,2.9,10.2648497433857
scsf,159732,in situ perfusion,3,10.351387843411
scsf,159732,in situ perfusion,3.1,10.4174330260928
scsf,159732,in situ perfusion,3.2,10.4642818632623
scsf,159732,in situ perfusion,3.3,10.4931897904852
scsf,159732,in situ perfusion,3.4,10.5053670251277
scsf,159732,in situ perfusion,3.5,10.5019758642987
scsf,159732,in situ perfusion,3.6,10.4841290328715
scsf,159732,in situ perfusion,3.7,10.4528888828979
scsf,159732,in situ perfusion,3.8,10.409267270734
scsf,159732,in situ perfusion,3.9,10.3542259608031
scsf,159732,in situ perfusion,4,10.2886774257742
scsf,159732,in situ perfusion,4.1,10.213485943486
scsf,159732,in situ perfusion,4.2,10.1294689273084
scsf,159732,in situ perfusion,4.3,10.0373984194506
scsf,159732,in situ perfusion,4.4,9.93800270485969
scsf,159732,in situ perfusion,4.5,9.83196798534238
scsf,159732,in situ perfusion,4.6,9.71994010151513
scsf,159732,in situ perfusion,4.7,9.60252627028496
scsf,159732,in situ perfusion,4.8,9.48029681901098
scsf,159732,in situ perfusion,4.9,9.35378690011524
scsf,159732,in situ perfusion,5,9.22349817407562
scsf,159732,in situ perfusion,5.1,9.08990045156221
scsf,159732,in situ perfusion,5.2,8.95343328923136
scsf,159732,in situ perfusion,5.3,8.81450753662731
scsf,159732,in situ perfusion,5.4,8.6735068308058
scsf,159732,in situ perfusion,5.5,8.53078902958898
scsf,159732,in situ perfusion,5.6,8.38668758741305
scsf,159732,in situ perfusion,5.7,8.24151287522994
scsf,159732,in situ perfusion,5.8,8.09555344433447
scsf,159732,in situ perfusion,5.9,7.94907723285398
scsf,159732,in situ perfusion,6,7.80233270214664
scsf,159732,in situ perfusion,6.1,7.65554997266681
scsf,159732,in situ perfusion,6.2,7.50894184216112
scsf,159732,in situ perfusion,6.3,7.36270477523724
scsf,159732,in situ perfusion,6.4,7.21701984719498
scsf,159732,in situ perfusion,6.5,7.07205366418253
scsf,159732,in situ perfusion,6.6,6.92795918157972
scsf,159732,in situ perfusion,6.7,6.78487653026973
scsf,159732,in situ perfusion,6.8,6.6429337787533
scsf,159732,in situ perfusion,6.9,6.50224765187299
scsf,159732,in situ perfusion,7,6.36292427564572
scsf,159732,in situ perfusion,7.1,6.22505969853253
scsf,159732,in situ perfusion,7.2,6.08874075573295
scsf,159732,in situ perfusion,7.3,5.95404532495936
scsf,159732,in situ perfusion,7.4,5.82104319706382
scsf,159732,in situ perfusion,7.5,5.68979633012996
scsf,159732,in situ perfusion,7.6,5.56035952849071
scsf,159732,in situ perfusion,7.7,5.4327808395499
scsf,159732,in situ perfusion,7.8,5.30710195258006
scsf,159732,in situ perfusion,7.9,5.18335877286814
scsf,159732,in situ perfusion,8,5.06158160617039
scsf,159732,in situ perfusion,8.1,4.94179570915446
scsf,159732,in situ perfusion,8.2,4.82402150421616
scsf,159732,in situ perfusion,8.3,4.70827511147031
scsf,159732,in situ perfusion,8.4,4.59456834599485
scsf,159732,in situ perfusion,8.5,4.48290944205048
scsf,159732,in situ perfusion,8.6,4.37330280698176
scsf,159732,in situ perfusion,8.7,4.26574984632428
scsf,159732,in situ perfusion,8.8,4.16024864890696
scsf,159732,in situ perfusion,8.9,4.05679474897662
scsf,159732,in situ perfusion,9,3.95538086397561
scsf,159732,in situ perfusion,9.1,3.85599753326935
scsf,159732,in situ perfusion,9.2,3.75863295991117
scsf,159732,in situ perfusion,9.3,3.66327344757336
scsf,159732,in situ perfusion,9.4,3.56990341770743
scsf,159732,in situ perfusion,9.5,3.47850563524058
scsf,159732,in situ perfusion,9.6,3.3890613626282
scsf,159732,in situ perfusion,9.7,3.30155043846805
scsf,159732,in situ perfusion,9.8,3.21595156105625
scsf,159732,in situ perfusion,9.9,3.13224216352224
scsf,159732,in situ perfusion,10,3.05039885581612
scsf,159732,in situ perfusion,10.1,2.9703971673141
scsf,159732,in situ perfusion,10.2,2.89221201019115
scsf,159732,in situ perfusion,10.3,2.8158174854085
scsf,159732,in situ perfusion,10.4,2.74118714149653
scsf,159732,in situ perfusion,10.5,2.66829401433551
scsf,159732,in situ perfusion,10.6,2.59711064704631
scsf,159732,in situ perfusion,10.7,2.52760929645667
scsf,159732,in situ perfusion,10.8,2.45976181889687
scsf,159732,in situ perfusion,10.9,2.39353994409836
scsf,159732,in situ perfusion,11,2.32891510937902
scsf,159732,in situ perfusion,11.1,2.26585872787001
scsf,159732,in situ perfusion,11.2,2.20434206876776
scsf,159732,in situ perfusion,11.3,2.14433639889479
scsf,159732,in situ perfusion,11.4,2.08581303477894
scsf,159732,in situ perfusion,11.5,2.02874326491795
scsf,159732,in situ perfusion,11.6,1.97309857796325
scsf,159732,in situ perfusion,11.7,1.91885049410762
scsf,159732,in situ perfusion,11.8,1.86597074626387
scsf,159732,in situ perfusion,11.9,1.81443125413656
scsf,159732,in situ perfusion,12,1.7642040981628
scsf,159732,in situ perfusion,12.1,1.71526166945538
scsf,159732,in situ perfusion,12.2,1.66757653770401
scsf,159732,in situ perfusion,12.3,1.62112161460617
scsf,159732,in situ perfusion,12.4,1.57587008309975
scsf,159732,in situ perfusion,12.5,1.53179541873348
scsf,159732,in situ perfusion,12.6,1.48887146821052
scsf,159732,in situ perfusion,12.7,1.44707235880126
scsf,159732,in situ perfusion,12.8,1.40637262176192
scsf,159732,in situ perfusion,12.9,1.36674711556869
scsf,159732,in situ perfusion,13,1.32817106733388
scsf,159732,in situ perfusion,13.1,1.29062011680922
scsf,159732,in situ perfusion,13.2,1.25407022381816
scsf,159732,in situ perfusion,13.3,1.21849779313668
scsf,159732,in situ perfusion,13.4,1.18387960959524
scsf,159732,in situ perfusion,13.5,1.15019281653377
scsf,159732,in situ perfusion,13.6,1.11741500575882
scsf,159732,in situ perfusion,13.7,1.08552414085108
scsf,159732,in situ perfusion,13.8,1.05449858277346
scsf,159732,in situ perfusion,13.9,1.02431712049249
scsf,159732,in situ perfusion,14,0.994958909562571
scsf,159732,in situ perfusion,14.1,0.966403534697437
scsf,159732,in situ perfusion,14.2,0.938630976336895
scsf,159732,in situ perfusion,14.3,0.911621594142087
scsf,159732,in situ perfusion,14.4,0.885356169747396
scsf,159732,in situ perfusion,14.5,0.859815864439576
scsf,159732,in situ perfusion,14.6,0.83498222734441
scsf,159732,in situ perfusion,14.7,0.810837210634313
scsf,159732,in situ perfusion,14.8,0.787363127538027
scsf,159732,in situ perfusion,14.9,0.764542690861745
scsf,159732,in situ perfusion,15,0.742358990675675
scsf,159732,in situ perfusion,15.1,0.720795466480631
scsf,159732,in situ perfusion,15.2,0.699835949079185
scsf,159732,in situ perfusion,15.3,0.679464627861243
scsf,159732,in situ perfusion,15.4,0.659666032843985
scsf,159732,in situ perfusion,15.5,0.640425065903564
scsf,159732,in situ perfusion,15.6,0.621726972138791
scsf,159732,in situ perfusion,15.7,0.60355732826791
scsf,159732,in situ perfusion,15.8,0.585902060431573
scsf,159732,in situ perfusion,15.9,0.568747423085121
scsf,159732,in situ perfusion,16,0.552079990965059
scsf,159732,in situ perfusion,16.1,0.535886666822907
scsf,159732,in situ perfusion,16.2,0.52015466628681
scsf,159732,in situ perfusion,16.3,0.504871511023076
scsf,159732,in situ perfusion,16.4,0.490025031298143
scsf,159732,in situ perfusion,16.5,0.475603353994809
scsf,159732,in situ perfusion,16.6,0.461594896695196
scsf,159732,in situ perfusion,16.7,0.447988366717556
scsf,159732,in situ perfusion,16.8,0.434772751665405
scsf,159732,in situ perfusion,16.9,0.421937314239728
scsf,159732,in situ perfusion,17,0.409471588352494
scsf,159732,in situ perfusion,17.1,0.397365372284353
scsf,159732,in situ perfusion,17.2,0.385608723830743
scsf,159732,in situ perfusion,17.3,0.374191953744158
scsf,159732,in situ perfusion,17.4,0.363105621252899
scsf,159732,in situ perfusion,17.5,0.352340530892391
scsf,159732,in situ perfusion,17.6,0.341887721861207
scsf,159732,in situ perfusion,17.7,0.331738466297125
scsf,159732,in situ perfusion,17.8,0.321884268021592
scsf,159732,in situ perfusion,17.9,0.312316848191689
scsf,159732,in situ perfusion,18,0.303028145946065
scsf,159732,in situ perfusion,18.1,0.294010317457414
scsf,159732,in situ perfusion,18.2,0.285255721624782
scsf,159732,in situ perfusion,18.3,0.27675692012318
scsf,159732,in situ perfusion,18.4,0.268506676611933
scsf,159732,in situ perfusion,18.5,0.260497945065125
scsf,159732,in situ perfusion,18.6,0.252723866711929
scsf,159732,in situ perfusion,18.7,0.245177770828927
scsf,159732,in situ perfusion,18.8,0.237853165257999
scsf,159732,in situ perfusion,18.9,0.230743730229155
scsf,159732,in situ perfusion,19,0.22384332145028
scsf,159732,in situ perfusion,19.1,0.217145962018498
scsf,159732,in situ perfusion,19.2,0.210645832463945
scsf,159732,in situ perfusion,19.3,0.204337273663314
scsf,159732,in situ perfusion,19.4,0.198214790396879
scsf,159732,in situ perfusion,19.5,0.192273026636583
scsf,159732,in situ perfusion,19.6,0.186506775782752
scsf,159732,in situ perfusion,19.7,0.180910981237099
scsf,159732,in situ perfusion,19.8,0.175480723350099
scsf,159732,in situ perfusion,19.9,0.170211214133838
scsf,159732,in situ perfusion,20,0.165097801213491
scsf,159732,in situ perfusion,20.1,0.160135969040562
scsf,159732,in situ perfusion,20.2,0.155321317177115
scsf,159732,in situ perfusion,20.3,0.150649570159788
scsf,159732,in situ perfusion,20.4,0.146116579637239
scsf,159732,in situ perfusion,20.5,0.141718307384816
scsf,159732,in situ perfusion,20.6,0.137450827002523
scsf,159732,in situ perfusion,20.7,0.133310325407501
scsf,159732,in situ perfusion,20.8,0.129293101359095
scsf,159732,in situ perfusion,20.9,0.125395549666925
scsf,159732,in situ perfusion,21,0.12161416840797
scsf,159732,in situ perfusion,21.1,0.117945564414679
scsf,159732,in situ perfusion,21.2,0.114386430384829
scsf,159732,in situ perfusion,21.3,0.110933554383538
scsf,159732,in situ perfusion,21.4,0.107583820400548
scsf,159732,in situ perfusion,21.5,0.104334202893734
scsf,159732,in situ perfusion,21.6,0.101181754541606
scsf,159732,in situ perfusion,21.7,0.0981236138313053
scsf,159732,in situ perfusion,21.8,0.0951570092857188
scsf,159732,in situ perfusion,21.9,0.0922792447734303
scsf,159732,in situ perfusion,22,0.0894876962691823
scsf,159732,in situ perfusion,22.1,0.0867798161372857
scsf,159732,in situ perfusion,22.2,0.0841531416343894
scsf,159732,in situ perfusion,22.3,0.0816052696907514
scsf,159732,in situ perfusion,22.4,0.079133866553818
scsf,159732,in situ perfusion,22.5,0.0767366660484885
scsf,159732,in situ perfusion,22.6,0.0744114800745384
scsf,159732,in situ perfusion,22.7,0.0721561684380817
scsf,159732,in situ perfusion,22.8,0.0699686568092072
scsf,159732,in situ perfusion,22.9,0.067846931930517
scsf,159732,in situ perfusion,23,0.0657890478319017
scsf,159732,in situ perfusion,23.1,0.0637931025087911
scsf,159732,in situ perfusion,23.2,0.0618572525586675
scsf,159732,in situ perfusion,23.3,0.0599797108679185
scsf,159732,in situ perfusion,23.4,0.0581587468182215
scsf,159732,in situ perfusion,23.5,0.056392671411895
scsf,159732,in situ perfusion,23.6,0.0546798472717432
scsf,159732,in situ perfusion,23.7,0.0530186887419182
scsf,159732,in situ perfusion,23.8,0.0514076566861515
scsf,159732,in situ perfusion,23.9,0.0498452517771422
scsf,159732,in situ perfusion,24,0.0483300197419123
scsf,159732,in situ perfusion,24.1,0.0468605575072802
scsf,159732,in situ perfusion,24.2,0.0454354960279084
scsf,159732,in situ perfusion,24.3,0.0440535037304787
scsf,159732,in situ perfusion,24.4,0.0427132889254345
scsf,159732,in situ perfusion,24.5,0.0414135990666309
scsf,159732,in situ perfusion,24.6,0.0401532336296778
scsf,159732,in situ perfusion,24.7,0.0389310048960576
scsf,159732,in situ perfusion,24.8,0.0377457669750523
scsf,159732,in situ perfusion,24.9,0.0365964064500742
scsf,159732,in situ perfusion,25,0.035481843491179
scsf,159300,in vitro cell-based,0,0
scsf,159300,in vitro cell-based,0.1,0
scsf,159300,in vitro cell-based,0.2,0
scsf,159300,in vitro cell-based,0.3,0.0250160991135941
scsf,159300,in vitro cell-based,0.4,0.218266127454117
scsf,159300,in vitro cell-based,0.5,0.560790087563997
scsf,159300,in vitro cell-based,0.6,1.01099298707295
scsf,159300,in vitro cell-based,0.7,1.53567959378841
scsf,159300,in vitro cell-based,0.8,2.10848635819619
scsf,159300,in vitro cell-based,0.9,2.70859972294835
scsf,159300,in vitro cell-based,1,3.31970881303497
scsf,159300,in vitro cell-based,1.1,3.92915012852608
scsf,159300,in vitro cell-based,1.2,4.52720924248891
scsf,159300,in vitro cell-based,1.3,5.10655096910867
scsf,159300,in vitro cell-based,1.4,5.66175461998091
scsf,159300,in vitro cell-based,1.5,6.18893519561254
scsf,159300,in vitro cell-based,1.6,6.68543487229101
scsf,159300,in vitro cell-based,1.7,7.14957193697054
scsf,159300,in vitro cell-based,1.8,7.58043672524437
scsf,159300,in vitro cell-based,1.9,7.97772588889395
scsf,159300,in vitro cell-based,2,8.34160809510512
scsf,159300,in vitro cell-based,2.1,8.67261526033549
scsf,159300,in vitro cell-based,2.2,8.97155473888273
scsf,159300,in vitro cell-based,2.3,9.23943856465923
scsf,159300,in vitro cell-based,2.4,9.47742655067747
scsf,159300,in vitro cell-based,2.5,9.6867807937234
scsf,159300,in vitro cell-based,2.6,9.86882936463388
scsf,159300,in vitro cell-based,2.7,10.024937489196
scsf,159300,in vitro cell-based,2.8,10.1564848784823
scsf,159300,in vitro cell-based,2.9,10.26484797867
scsf,159300,in vitro cell-based,3,10.351386219537
scsf,159300,in vitro cell-based,3.1,10.4174315364822
scsf,159300,in vitro cell-based,3.2,10.4642805014133
scsf,159300,in vitro cell-based,3.3,10.4931885500109
scsf,159300,in vitro cell-based,3.4,10.5053658997861
scsf,159300,in vitro cell-based,3.5,10.5019748480223
scsf,159300,in vitro cell-based,3.6,10.4841281197802
scsf,159300,in vitro cell-based,3.7,10.4528880673139
scsf,159300,in vitro cell-based,3.8,10.4092665471793
scsf,159300,in vitro cell-based,3.9,10.3542253240206
scsf,159300,in vitro cell-based,4,10.2886768707129
scsf,159300,in vitro cell-based,4.1,10.2134854653134
scsf,159300,in vitro cell-based,4.2,10.1294685213958
scsf,159300,in vitro cell-based,4.3,10.0373980813778
scsf,159300,in vitro cell-based,4.4,9.93800243041223
scsf,159300,in vitro cell-based,4.5,9.83196777049902
scsf,159300,in vitro cell-based,4.6,9.71993994244735
scsf,159300,in vitro cell-based,4.7,9.60252616334942
scsf,159300,in vitro cell-based,4.8,9.48029676074245
scsf,159300,in vitro cell-based,4.9,9.35378688722218
scsf,159300,in vitro cell-based,5,9.22349820343215
scsf,159300,in vitro cell-based,5.1,9.08990052020173
scsf,159300,in vitro cell-based,5.2,8.95343339433848
scsf,159300,in vitro cell-based,5.3,8.8145076755353
scsf,159300,in vitro cell-based,5.4,8.67350700098964
scsf,159300,in vitro cell-based,5.5,8.53078922865761
scsf,159300,in vitro cell-based,5.6,8.38668781310277
scsf,159300,in vitro cell-based,5.7,8.24151312539934
scsf,159300,in vitro cell-based,5.8,8.09555371695955
scsf,159300,in vitro cell-based,5.9,7.94907752601703
scsf,159300,in vitro cell-based,6,7.8023330140517
scsf,159300,in vitro cell-based,6.1,7.65555030159419
scsf,159300,in vitro cell-based,6.2,7.50894218651439
scsf,159300,in vitro cell-based,6.3,7.3627051335097
scsf,159300,in vitro cell-based,6.4,7.2170202179706
scsf,159300,in vitro cell-based,6.5,7.07205404609447
scsf,159300,in vitro cell-based,6.6,6.92795957336904
scsf,159300,in vitro cell-based,6.7,6.78487693075127
scsf,159300,in vitro cell-based,6.8,6.64293418682348
scsf,159300,in vitro cell-based,6.9,6.50224806642333
scsf,159300,in vitro cell-based,7,6.36292469572211
scsf,159300,in vitro cell-based,7.1,6.22506012323504
scsf,159300,in vitro cell-based,7.2,6.08874118418671
scsf,159300,in vitro cell-based,7.3,5.95404575641236
scsf,159300,in vitro cell-based,7.4,5.82104363070012
scsf,159300,in vitro cell-based,7.5,5.68979676533022
scsf,159300,in vitro cell-based,7.6,5.56035996448566
scsf,159300,in vitro cell-based,7.7,5.4327812757744
scsf,159300,in vitro cell-based,7.8,5.30710238846918
scsf,159300,in vitro cell-based,7.9,5.18335920787294
scsf,159300,in vitro cell-based,8,5.06158203983982
scsf,159300,in vitro cell-based,8.1,4.94179614091563
scsf,159300,in vitro cell-based,8.2,4.82402193376293
scsf,159300,in vitro cell-based,8.3,4.70827553830439
scsf,159300,in vitro cell-based,8.4,4.5945687698713
scsf,159300,in vitro cell-based,8.5,4.48290986257378
scsf,159300,in vitro cell-based,8.6,4.37330322391605
scsf,159300,in vitro cell-based,8.7,4.26575025936492
scsf,159300,in vitro cell-based,8.8,4.16024905782159
scsf,159300,in vitro cell-based,8.9,4.05679515352584
scsf,159300,in vitro cell-based,9,3.95538126394775
scsf,159300,in vitro cell-based,9.1,3.8559979285756
scsf,159300,in vitro cell-based,9.2,3.75863335017875
scsf,159300,in vitro cell-based,9.3,3.66327383283376
scsf,159300,in vitro cell-based,9.4,3.56990379767167
scsf,159300,in vitro cell-based,9.5,3.47850600993039
scsf,159300,in vitro cell-based,9.6,3.38906173180992
scsf,159300,in vitro cell-based,9.7,3.30155080216272
scsf,159300,in vitro cell-based,9.8,3.21595191911759
scsf,159300,in vitro cell-based,9.9,3.13224251594352
scsf,159300,in vitro cell-based,10,3.05039920252469
scsf,159300,in vitro cell-based,10.1,2.97039750828155
scsf,159300,in vitro cell-based,10.2,2.89221234546537
scsf,159300,in vitro cell-based,10.3,2.81581781481277
scsf,159300,in vitro cell-based,10.4,2.74118746513912
scsf,159300,in vitro cell-based,10.5,2.66829433212958
scsf,159300,in vitro cell-based,10.6,2.59711095905669
scsf,159300,in vitro cell-based,10.7,2.52760960265599
scsf,159300,in vitro cell-based,10.8,2.45976211932821
scsf,159300,in vitro cell-based,10.9,2.39354023877615
scsf,159300,in vitro cell-based,11,2.3289153983354
scsf,159300,in vitro cell-based,11.1,2.26585901118637
scsf,159300,in vitro cell-based,11.2,2.20434234637851
scsf,159300,in vitro cell-based,11.3,2.14433667092524
scsf,159300,in vitro cell-based,11.4,2.08581330123034
scsf,159300,in vitro cell-based,11.5,2.02874352587335
scsf,159300,in vitro cell-based,11.6,1.9730988335371
scsf,159300,in vitro cell-based,11.7,1.91885074423054
scsf,159300,in vitro cell-based,11.8,1.86597099109096
scsf,159300,in vitro cell-based,11.9,1.81443149368203
scsf,159300,in vitro cell-based,12,1.76420433252195
scsf,159300,in vitro cell-based,12.1,1.71526189873804
scsf,159300,in vitro cell-based,12.2,1.66757676187533
scsf,159300,in vitro cell-based,12.3,1.62112183381331
scsf,159300,in vitro cell-based,12.4,1.57587029736973
scsf,159300,in vitro cell-based,12.5,1.53179562816998
scsf,159300,in vitro cell-based,12.6,1.48887167287565
scsf,159300,in vitro cell-based,12.7,1.44707255877524
scsf,159300,in vitro cell-based,12.8,1.40637281714388
scsf,159300,in vitro cell-based,12.9,1.36674730638042
scsf,159300,in vitro cell-based,13,1.32817125368959
scsf,159300,in vitro cell-based,13.1,1.29062029882225
scsf,159300,in vitro cell-based,13.2,1.25407040147345
scsf,159300,in vitro cell-based,13.3,1.21849796657941
scsf,159300,in vitro cell-based,13.4,1.18387977887472
scsf,159300,in vitro cell-based,13.5,1.15019298174248
scsf,159300,in vitro cell-based,13.6,1.11741516699417
scsf,159300,in vitro cell-based,13.7,1.08552429814741
scsf,159300,in vitro cell-based,13.8,1.05449873623227
scsf,159300,in vitro cell-based,13.9,1.02431727020886
scsf,159300,in vitro cell-based,14,0.994959055559574
scsf,159300,in vitro cell-based,14.1,0.966403677084416
scsf,159300,in vitro cell-based,14.2,0.938631115173216
scsf,159300,in vitro cell-based,14.3,0.911621729507958
scsf,159300,in vitro cell-based,14.4,0.885356301726632
scsf,159300,in vitro cell-based,14.5,0.859815993080626
scsf,159300,in vitro cell-based,14.6,0.834982352732843
scsf,159300,in vitro cell-based,14.7,0.810837332852639
scsf,159300,in vitro cell-based,14.8,0.787363246619038
scsf,159300,in vitro cell-based,14.9,0.764542806898627
scsf,159300,in vitro cell-based,15,0.742359103728915
scsf,159300,in vitro cell-based,15.1,0.720795576618718
scsf,159300,in vitro cell-based,15.2,0.699836056373844
scsf,159300,in vitro cell-based,15.3,0.679464732370075
scsf,159300,in vitro cell-based,15.4,0.659666134632757
scsf,159300,in vitro cell-based,15.5,0.640425165039167
scsf,159300,in vitro cell-based,15.6,0.621727068676806
scsf,159300,in vitro cell-based,15.7,0.603557422270439
scsf,159300,in vitro cell-based,15.8,0.5859021519606
scsf,159300,in vitro cell-based,15.9,0.568747512194556
scsf,159300,in vitro cell-based,16,0.552080077713489
scsf,159300,in vitro cell-based,16.1,0.535886751268483
scsf,159300,in vitro cell-based,16.2,0.520154748481401
scsf,159300,in vitro cell-based,16.3,0.504871591022118
scsf,159300,in vitro cell-based,16.4,0.490025109156351
scsf,159300,in vitro cell-based,16.5,0.475603429762062
scsf,159300,in vitro cell-based,16.6,0.461594970423671
scsf,159300,in vitro cell-based,16.7,0.447988438458337
scsf,159300,in vitro cell-based,16.8,0.434772821466555
scsf,159300,in vitro cell-based,16.9,0.421937382149756
scsf,159300,in vitro cell-based,17,0.409471654418638
scsf,159300,in vitro cell-based,17.1,0.39736543655361
scsf,159300,in vitro cell-based,17.2,0.385608786347424
scsf,159300,in vitro cell-based,17.3,0.37419201455155
scsf,159300,in vitro cell-based,17.4,0.363105680396498
scsf,159300,in vitro cell-based,17.5,0.35234058841292
scsf,159300,in vitro cell-based,17.6,0.341887777798483
scsf,159300,in vitro cell-based,17.7,0.331738520694474
scsf,159300,in vitro cell-based,17.8,0.321884320917146
scsf,159300,in vitro cell-based,17.9,0.31231689962258
scsf,159300,in vitro cell-based,18,0.303028195947084
scsf,159300,in vitro cell-based,18.1,0.294010366076368
scsf,159300,in vitro cell-based,18.2,0.28525576889057
scsf,159300,in vitro cell-based,18.3,0.276756966068057
scsf,159300,in vitro cell-based,18.4,0.268506721280981
scsf,159300,in vitro cell-based,18.5,0.260497988484992
scsf,159300,in vitro cell-based,18.6,0.252723908911952
scsf,159300,in vitro cell-based,18.7,0.245177811851998
scsf,159300,in vitro cell-based,18.8,0.237853205128306
scsf,159300,in vitro cell-based,18.9,0.230743768973285
scsf,159300,in vitro cell-based,19,0.22384335911148
scsf,159300,in vitro cell-based,19.1,0.217145998617467
scsf,159300,in vitro cell-based,19.2,0.210645868024748
scsf,159300,in vitro cell-based,19.3,0.204337308223671
scsf,159300,in vitro cell-based,19.4,0.198214823978691
scsf,159300,in vitro cell-based,19.5,0.19227305926248
scsf,159300,in vitro cell-based,19.6,0.186506807471488
scsf,159300,in vitro cell-based,19.7,0.18091101203645
scsf,159300,in vitro cell-based,19.8,0.175480753270331
scsf,159300,in vitro cell-based,19.9,0.170211243193623
scsf,159300,in vitro cell-based,20,0.16509782944973
scsf,159300,in vitro cell-based,20.1,0.160135996469335
scsf,159300,in vitro cell-based,20.2,0.15532134381715
scsf,159300,in vitro cell-based,20.3,0.150649596026029
scsf,159300,in vitro cell-based,20.4,0.14611660477545
scsf,159300,in vitro cell-based,20.5,0.141718331800133
scsf,159300,in vitro cell-based,20.6,0.137450850709649
scsf,159300,in vitro cell-based,20.7,0.133310348440968
scsf,159300,in vitro cell-based,20.8,0.129293123729385
scsf,159300,in vitro cell-based,20.9,0.12539557138796
scsf,159300,in vitro cell-based,21,0.12161418948941
scsf,159300,in vitro cell-based,21.1,0.117945584903423
scsf,159300,in vitro cell-based,21.2,0.11438645027817
scsf,159300,in vitro cell-based,21.3,0.110933573691487
scsf,159300,in vitro cell-based,21.4,0.107583839163183
scsf,159300,in vitro cell-based,21.5,0.104334221112735
scsf,159300,in vitro cell-based,21.6,0.101181772227144
scsf,159300,in vitro cell-based,21.7,0.0981236309890927
scsf,159300,in vitro cell-based,21.8,0.0951570259651103
scsf,159300,in vitro cell-based,21.9,0.0922792609671377
scsf,159300,in vitro cell-based,22,0.0894877119848007
scsf,159300,in vitro cell-based,22.1,0.0867798313777067
scsf,159300,in vitro cell-based,22.2,0.0841531564544962
scsf,159300,in vitro cell-based,22.3,0.0816052840763489
scsf,159300,in vitro cell-based,22.4,0.0791338805104315
scsf,159300,in vitro cell-based,22.5,0.0767366796041061
scsf,159300,in vitro cell-based,22.6,0.0744114932333427
scsf,159300,in vitro cell-based,22.7,0.0721561812074779
scsf,159300,in vitro cell-based,22.8,0.0699686691930177
scsf,159300,in vitro cell-based,22.9,0.0678469439593149
scsf,159300,in vitro cell-based,23,0.0657890595063303
scsf,159300,in vitro cell-based,23.1,0.0637931138354103
scsf,159300,in vitro cell-based,23.2,0.0618572635407181
scsf,159300,in vitro cell-based,23.3,0.0599797215376396
scsf,159300,in vitro cell-based,23.4,0.0581587571735761
scsf,159300,in vitro cell-based,23.5,0.0563926814588572
scsf,159300,in vitro cell-based,23.6,0.0546798570130951
scsf,159300,in vitro cell-based,23.7,0.0530186982096224
scsf,159300,in vitro cell-based,23.8,0.0514076658752313
scsf,159300,in vitro cell-based,23.9,0.0498452606915879
scsf,159300,in vitro cell-based,24,0.0483300283821382
scsf,159300,in vitro cell-based,24.1,0.0468605659216044
scsf,159300,in vitro cell-based,24.2,0.0454355041976089
scsf,159300,in vitro cell-based,24.3,0.0440535116563635
scsf,159300,in vitro cell-based,24.4,0.042713296603682
scsf,159300,in vitro cell-based,24.5,0.041413606541757
scsf,159300,in vitro cell-based,24.6,0.0401532408874388
scsf,159300,in vitro cell-based,24.7,0.0389310119370007
scsf,159300,in vitro cell-based,24.8,0.0377457737956908
scsf,159300,in vitro cell-based,24.9,0.0365964130418582
scsf,159300,in vitro cell-based,25,0.0354818498681753
scsf,1242,in vitro PAMPA,0,0
scsf,1242,in vitro PAMPA,0.1,0
scsf,1242,in vitro PAMPA,0.2,0
scsf,1242,in vitro PAMPA,0.3,0.00875645401941068
scsf,1242,in vitro PAMPA,0.4,0.128346912121801
scsf,1242,in vitro PAMPA,0.5,0.386800791055218
scsf,1242,in vitro PAMPA,0.6,0.760520582367836
scsf,1242,in vitro PAMPA,0.7,1.22277232891426
scsf,1242,in vitro PAMPA,0.8,1.74846433440659
scsf,1242,in vitro PAMPA,0.9,2.31575850472993
scsf,1242,in vitro PAMPA,1,2.90644770393359
scsf,1242,in vitro PAMPA,1.1,3.50577959825047
scsf,1242,in vitro PAMPA,1.2,4.10206241794206
scsf,1242,in vitro PAMPA,1.3,4.68621367710075
scsf,1242,in vitro PAMPA,1.4,5.25132505792385
scsf,1242,in vitro PAMPA,1.5,5.79227301246552
scsf,1242,in vitro PAMPA,1.6,6.30538349608619
scsf,1242,in vitro PAMPA,1.7,6.78814976503477
scsf,1242,in vitro PAMPA,1.8,7.23899791742213
scsf,1242,in vitro PAMPA,1.9,7.65709394177362
scsf,1242,in vitro PAMPA,2,8.04218574796017
scsf,1242,in vitro PAMPA,2.1,8.39447447770459
scsf,1242,in vitro PAMPA,2.2,8.71451004166726
scsf,1242,in vitro PAMPA,2.3,9.00310654043406
scsf,1242,in vitro PAMPA,2.4,9.26127408070107
scsf,1242,in vitro PAMPA,2.5,9.49016394481643
scsf,1242,in vitro PAMPA,2.6,9.69102464276911
scsf,1242,in vitro PAMPA,2.7,9.86516693531303
scsf,1242,in vitro PAMPA,2.8,10.013936060934
scsf,1242,in vitro PAMPA,2.9,10.1386898344495
scsf,1242,in vitro PAMPA,3,10.2407815804101
scsf,1242,in vitro PAMPA,3.1,10.3215469127485
scsf,1242,in vitro PAMPA,3.2,10.3822936409701
scsf,1242,in vitro PAMPA,3.3,10.4242942157455
scsf,1242,in vitro PAMPA,3.4,10.4487802209995
scsf,1242,in vitro PAMPA,3.5,10.4569384869428
scsf,1242,in vitro PAMPA,3.6,10.4499084963537
scsf,1242,in vitro PAMPA,3.7,10.4287808552297
scsf,1242,in vitro PAMPA,3.8,10.3945965734793
scsf,1242,in vitro PAMPA,3.9,10.3483469924271
scsf,1242,in vitro PAMPA,4,10.2909742018813
scsf,1242,in vitro PAMPA,4.1,10.2233718567552
scsf,1242,in vitro PAMPA,4.2,10.1463862889703
scsf,1242,in vitro PAMPA,4.3,10.0608178354713
scsf,1242,in vitro PAMPA,4.4,9.9674223080302
scsf,1242,in vitro PAMPA,4.5,9.86691258515113
scsf,1242,in vitro PAMPA,4.6,9.75996026946824
scsf,1242,in vitro PAMPA,4.7,9.6471973858502
scsf,1242,in vitro PAMPA,4.8,9.52921808999499
scsf,1242,in vitro PAMPA,4.9,9.40658037186416
scsf,1242,in vitro PAMPA,5,9.27980773859526
scsf,1242,in vitro PAMPA,5.1,9.14939087041383
scsf,1242,in vitro PAMPA,5.2,9.01578923502257
scsf,1242,in vitro PAMPA,5.3,8.87943265375648
scsf,1242,in vitro PAMPA,5.4,8.740722816945
scsf,1242,in vitro PAMPA,5.5,8.600034746989
scsf,1242,in vitro PAMPA,5.6,8.45771820676247
scsf,1242,in vitro PAMPA,5.7,8.31409904106692
scsf,1242,in vitro PAMPA,5.8,8.16948049533084
scsf,1242,in vitro PAMPA,5.9,8.02414444028166
scsf,1242,in vitro PAMPA,6,7.87835255159579
scsf,1242,in vitro PAMPA,6.1,7.73234743838916
scsf,1242,in vitro PAMPA,6.2,7.58635371775207
scsf,1242,in vitro PAMPA,6.3,7.44057904145321
scsf,1242,in vitro PAMPA,6.4,7.29521507478161
scsf,1242,in vitro PAMPA,6.5,7.15043839949288
scsf,1242,in vitro PAMPA,6.6,7.00641142476826
scsf,1242,in vitro PAMPA,6.7,6.86328318447598
scsf,1242,in vitro PAMPA,6.8,6.72119023095963
scsf,1242,in vitro PAMPA,6.9,6.58025722540326
scsf,1242,in vitro PAMPA,7,6.44059778413883
scsf,1242,in vitro PAMPA,7.1,6.30231508973751
scsf,1242,in vitro PAMPA,7.2,6.16550250502319
scsf,1242,in vitro PAMPA,7.3,6.03024427002591
scsf,1242,in vitro PAMPA,7.4,5.89661599437699
scsf,1242,in vitro PAMPA,7.5,5.76468520946599
scsf,1242,in vitro PAMPA,7.6,5.63451192691064
scsf,1242,in vitro PAMPA,7.7,5.50614904433733
scsf,1242,in vitro PAMPA,7.8,5.37964299394379
scsf,1242,in vitro PAMPA,7.9,5.25503384144759
scsf,1242,in vitro PAMPA,8,5.13235617958795
scsf,1242,in vitro PAMPA,8.1,5.01163889318518
scsf,1242,in vitro PAMPA,8.2,4.89290620987085
scsf,1242,in vitro PAMPA,8.3,4.77617734408462
scsf,1242,in vitro PAMPA,8.4,4.6614674876671
scsf,1242,in vitro PAMPA,8.5,4.54878751127156
scsf,1242,in vitro PAMPA,8.6,4.43814480770717
scsf,1242,in vitro PAMPA,8.7,4.3295430664616
scsf,1242,in vitro PAMPA,8.8,4.22298298029255
scsf,1242,in vitro PAMPA,8.9,4.11846211377954
scsf,1242,in vitro PAMPA,9,4.01597540594789
scsf,1242,in vitro PAMPA,9.1,3.91551519853843
scsf,1242,in vitro PAMPA,9.2,3.81707154375997
scsf,1242,in vitro PAMPA,9.3,3.72063240075231
scsf,1242,in vitro PAMPA,9.4,3.62618367429162
scsf,1242,in vitro PAMPA,9.5,3.53370963463442
scsf,1242,in vitro PAMPA,9.6,3.44319274595627
scsf,1242,in vitro PAMPA,9.7,3.35461418532469
scsf,1242,in vitro PAMPA,9.8,3.2679535981676
scsf,1242,in vitro PAMPA,9.9,3.18318960033033
scsf,1242,in vitro PAMPA,10,3.10029957532769
scsf,1242,in vitro PAMPA,10.1,3.01926003737332
scsf,1242,in vitro PAMPA,10.2,2.94004659053057
scsf,1242,in vitro PAMPA,10.3,2.86263406970607
scsf,1242,in vitro PAMPA,10.4,2.78699668692247
scsf,1242,in vitro PAMPA,10.5,2.71310799734608
scsf,1242,in vitro PAMPA,10.6,2.64094114898827
scsf,1242,in vitro PAMPA,10.7,2.57046875921933
scsf,1242,in vitro PAMPA,10.8,2.5016632130102
scsf,1242,in vitro PAMPA,10.9,2.43449648467382
scsf,1242,in vitro PAMPA,11,2.36894043451127
scsf,1242,in vitro PAMPA,11.1,2.30496669316885
scsf,1242,in vitro PAMPA,11.2,2.24254678466235
scsf,1242,in vitro PAMPA,11.3,2.18165220019838
scsf,1242,in vitro PAMPA,11.4,2.12225435557628
scsf,1242,in vitro PAMPA,11.5,2.06432476103131
scsf,1242,in vitro PAMPA,11.6,2.00783491232779
scsf,1242,in vitro PAMPA,11.7,1.95275647857998
scsf,1242,in vitro PAMPA,11.8,1.89906120004613
scsf,1242,in vitro PAMPA,11.9,1.84672101803667
scsf,1242,in vitro PAMPA,12,1.79570805248123
scsf,1242,in vitro PAMPA,12.1,1.74599462463764
scsf,1242,in vitro PAMPA,12.2,1.69755332330505
scsf,1242,in vitro PAMPA,12.3,1.65035695194135
scsf,1242,in vitro PAMPA,12.4,1.60437865462776
scsf,1242,in vitro PAMPA,12.5,1.55959181689776
scsf,1242,in vitro PAMPA,12.6,1.51597016443194
scsf,1242,in vitro PAMPA,12.7,1.47348776457816
scsf,1242,in vitro PAMPA,12.8,1.43211896760801
scsf,1242,in vitro PAMPA,12.9,1.39183853773662
scsf,1242,in vitro PAMPA,13,1.35262155394261
scsf,1242,in vitro PAMPA,13.1,1.31444347280293
scsf,1242,in vitro PAMPA,13.2,1.27728014428944
scsf,1242,in vitro PAMPA,13.3,1.24110776023278
scsf,1242,in vitro PAMPA,13.4,1.20590293951598
scsf,1242,in vitro PAMPA,13.5,1.1716426664886
scsf,1242,in vitro PAMPA,13.6,1.13830432140839
scsf,1242,in vitro PAMPA,13.7,1.10586569842711
scsf,1242,in vitro PAMPA,13.8,1.07430495814212
scsf,1242,in vitro PAMPA,13.9,1.0436006922986
scsf,1242,in vitro PAMPA,14,1.0137318748335
scsf,1242,in vitro PAMPA,14.1,0.984677876250892
scsf,1242,in vitro PAMPA,14.2,0.95641848172792
scsf,1242,in vitro PAMPA,14.3,0.928933848987473
scsf,1242,in vitro PAMPA,14.4,0.902204553229411
scsf,1242,in vitro PAMPA,14.5,0.876211552579023
scsf,1242,in vitro PAMPA,14.6,0.85093619180434
scsf,1242,in vitro PAMPA,14.7,0.826360215143287
scsf,1242,in vitro PAMPA,14.8,0.80246573607938
scsf,1242,in vitro PAMPA,14.9,0.779235262822434
scsf,1242,in vitro PAMPA,15,0.756651675507828
scsf,1242,in vitro PAMPA,15.1,0.734698222712296
scsf,1242,in vitro PAMPA,15.2,0.713358531889972
scsf,1242,in vitro PAMPA,15.3,0.692616582787981
scsf,1242,in vitro PAMPA,15.4,0.672456722842176
scsf,1242,in vitro PAMPA,15.5,0.652863652541643
scsf,1242,in vitro PAMPA,15.6,0.633822416242868
scsf,1242,in vitro PAMPA,15.7,0.615318409479078
scsf,1242,in vitro PAMPA,15.8,0.597337362318275
scsf,1242,in vitro PAMPA,15.9,0.579865340216889
scsf,1242,in vitro PAMPA,16,0.562888738202215
scsf,1242,in vitro PAMPA,16.1,0.546394271906261
scsf,1242,in vitro PAMPA,16.2,0.530368977596062
scsf,1242,in vitro PAMPA,16.3,0.514800201686508
scsf,1242,in vitro PAMPA,16.4,0.499675597181914
scsf,1242,in vitro PAMPA,16.5,0.484983119430297
scsf,1242,in vitro PAMPA,16.6,0.470711015759681
scsf,1242,in vitro PAMPA,16.7,0.456847826604038
scsf,1242,in vitro PAMPA,16.8,0.443382375816126
scsf,1242,in vitro PAMPA,16.9,0.430303763709682
scsf,1242,in vitro PAMPA,17,0.417601365610915
scsf,1242,in vitro PAMPA,17.1,0.405264823600112
scsf,1242,in vitro PAMPA,17.2,0.393284042517221
scsf,1242,in vitro PAMPA,17.3,0.381649183037363
scsf,1242,in vitro PAMPA,17.4,0.370350656701332
scsf,1242,in vitro PAMPA,17.5,0.359379122723014
scsf,1242,in vitro PAMPA,17.6,0.348725480094947
scsf,1242,in vitro PAMPA,17.7,0.338380861962836
scsf,1242,in vitro PAMPA,17.8,0.328336633496421
scsf,1242,in vitro PAMPA,17.9,0.318584385049755
scsf,1242,in vitro PAMPA,18,0.309115924694911
scsf,1242,in vitro PAMPA,18.1,0.299923277398028
scsf,1242,in vitro PAMPA,18.2,0.290998679741767
scsf,1242,in vitro PAMPA,18.3,0.282334569722719
scsf,1242,in vitro PAMPA,18.4,0.273923587814421
scsf,1242,in vitro PAMPA,18.5,0.26575857403967
scsf,1242,in vitro PAMPA,18.6,0.257832553790956
scsf,1242,in vitro PAMPA,18.7,0.250138741428654
scsf,1242,in vitro PAMPA,18.8,0.242670539994493
scsf,1242,in vitro PAMPA,18.9,0.235421521030325
scsf,1242,in vitro PAMPA,19,0.22838543139166
scsf,1242,in vitro PAMPA,19.1,0.221556192475274
scsf,1242,in vitro PAMPA,19.2,0.214927890631545
scsf,1242,in vitro PAMPA,19.3,0.208494766379047
scsf,1242,in vitro PAMPA,19.4,0.202251218318865
scsf,1242,in vitro PAMPA,19.5,0.196191811930367
scsf,1242,in vitro PAMPA,19.6,0.190311246120761
scsf,1242,in vitro PAMPA,19.7,0.184604368510755
scsf,1242,in vitro PAMPA,19.8,0.179066171552012
scsf,1242,in vitro PAMPA,19.9,0.173691793545978
scsf,1242,in vitro PAMPA,20,0.168476494171603
scsf,1242,in vitro PAMPA,20.1,0.16341566752703
scsf,1242,in vitro PAMPA,20.2,0.158504844957685
scsf,1242,in vitro PAMPA,20.3,0.153739677072666
scsf,1242,in vitro PAMPA,20.4,0.149115931642804
scsf,1242,in vitro PAMPA,20.5,0.144629496684026
scsf,1242,in vitro PAMPA,20.6,0.140276386332786
scsf,1242,in vitro PAMPA,20.7,0.136052712892486
scsf,1242,in vitro PAMPA,20.8,0.131954701095105
scsf,1242,in vitro PAMPA,20.9,0.127978685691464
scsf,1242,in vitro PAMPA,21,0.124121107220991
scsf,1242,in vitro PAMPA,21.1,0.120378498554053
scsf,1242,in vitro PAMPA,21.2,0.116747492042634
scsf,1242,in vitro PAMPA,21.3,0.113224826101758
scsf,1242,in vitro PAMPA,21.4,0.109807321475922
scsf,1242,in vitro PAMPA,21.5,0.106491889178219
scsf,1242,in vitro PAMPA,21.6,0.103275530437159
scsf,1242,in vitro PAMPA,21.7,0.100155341153664
scsf,1242,in vitro PAMPA,21.8,0.0971284869422248
scsf,1242,in vitro PAMPA,21.9,0.0941922177754925
scsf,1242,in vitro PAMPA,22,0.0913438677448887
scsf,1242,in vitro PAMPA,22.1,0.0885808472789883
scsf,1242,in vitro PAMPA,22.2,0.0859006351177816
scsf,1242,in vitro PAMPA,22.3,0.0833007839067406
scsf,1242,in vitro PAMPA,22.4,0.0807789251393163
scsf,1242,in vitro PAMPA,22.5,0.0783327493008487
scsf,1242,in vitro PAMPA,22.6,0.0759600147489777
scsf,1242,in vitro PAMPA,22.7,0.0736585458929385
scsf,1242,in vitro PAMPA,22.8,0.0714262358812024
scsf,1242,in vitro PAMPA,22.9,0.0692610294569972
scsf,1242,in vitro PAMPA,23,0.0671609328037069
scsf,1242,in vitro PAMPA,23.1,0.0651240155115297
scsf,1242,in vitro PAMPA,23.2,0.0631484023501951
scsf,1242,in vitro PAMPA,23.3,0.0612322672045
scsf,1242,in vitro PAMPA,23.4,0.0593738384449324
scsf,1242,in vitro PAMPA,23.5,0.0575714054238092
scsf,1242,in vitro PAMPA,23.6,0.0558232972576141
scsf,1242,in vitro PAMPA,23.7,0.0541278942266074
scsf,1242,in vitro PAMPA,23.8,0.0524836249527516
scsf,1242,in vitro PAMPA,23.9,0.0508889674790123
scsf,1242,in vitro PAMPA,24,0.0493424386883338
scsf,1242,in vitro PAMPA,24.1,0.047842600051161
scsf,1242,in vitro PAMPA,24.2,0.0463880584116355
scsf,1242,in vitro PAMPA,24.3,0.0449774603385597
scsf,1242,in vitro PAMPA,24.4,0.0436094890814682
scsf,1242,in vitro PAMPA,24.5,0.0422828668698148
scsf,1242,in vitro PAMPA,24.6,0.040996362069128
scsf,1242,in vitro PAMPA,24.7,0.0397487693411244
scsf,1242,in vitro PAMPA,24.8,0.0385389213419104
scsf,1242,in vitro PAMPA,24.9,0.0373656848120329
scsf,1242,in vitro PAMPA,25,0.0362279636934453
scsf,93885,in silico perfusion,0,0
scsf,93885,in silico perfusion,0.1,0
scsf,93885,in silico perfusion,0.2,0
scsf,93885,in silico perfusion,0.3,0.0248496723182862
scsf,93885,in silico perfusion,0.4,0.217786002561301
scsf,93885,in silico perfusion,0.5,0.56007365301421
scsf,93885,in silico perfusion,0.6,1.01010257257082
scsf,93885,in silico perfusion,0.7,1.53466526732689
scsf,93885,in silico perfusion,0.8,2.10738818809291
scsf,93885,in silico perfusion,0.9,2.70744963100579
scsf,93885,in silico perfusion,1,3.31853209565679
scsf,93885,in silico perfusion,1.1,3.92796668974442
scsf,93885,in silico perfusion,1.2,4.52603460914763
scsf,93885,in silico perfusion,1.3,5.10539712257671
scsf,93885,in silico perfusion,1.4,5.66063066874881
scsf,93885,in silico perfusion,1.5,6.1878479301891
scsf,93885,in silico perfusion,1.6,6.68438921430495
scsf,93885,in silico perfusion,1.7,7.14857130976518
scsf,93885,in silico perfusion,1.8,7.57948335153232
scsf,93885,in silico perfusion,1.9,7.97682103604898
scsf,93885,in silico perfusion,2,8.34075227389366
scsf,93885,in silico perfusion,2.1,8.67180838888116
scsf,93885,in silico perfusion,2.2,8.97079627023588
scsf,93885,in silico perfusion,2.3,9.23872759567632
scsf,93885,in silico perfusion,2.4,9.47676190683517
scsf,93885,in silico perfusion,2.5,9.68616110326511
scsf,93885,in silico perfusion,2.6,9.8682531079532
scsf,93885,in silico perfusion,2.7,10.0244030478243
scsf,93885,in silico perfusion,2.8,10.1559905712804
scsf,93885,in silico perfusion,2.9,10.2643920906921
scsf,93885,in silico perfusion,3,10.3509670231817
scsf,93885,in silico perfusion,3.1,10.4170473104765
scsf,93885,in silico perfusion,3.2,10.4639295447202
scsf,93885,in silico perfusion,3.3,10.4928691928709
scsf,93885,in silico perfusion,3.4,10.5050765103157
scsf,93885,in silico perfusion,3.5,10.50171384027
scsf,93885,in silico perfusion,3.6,10.4838939570215
scsf,93885,in silico perfusion,3.7,10.4526792664838
scsf,93885,in silico perfusion,3.8,10.4090816770547
scsf,93885,in silico perfusion,3.9,10.3540630119581
scsf,93885,in silico perfusion,4,10.2885357975719
scsf,93885,in silico perfusion,4.1,10.213364369822
scsf,93885,in silico perfusion,4.2,10.1293661951172
scsf,93885,in silico perfusion,4.3,10.0373133710603
scsf,93885,in silico perfusion,4.4,9.93793423612325
scsf,93885,in silico perfusion,4.5,9.83191504329335
scsf,93885,in silico perfusion,4.6,9.71990168376373
scsf,93885,in silico perfusion,4.7,9.60250142307767
scsf,93885,in silico perfusion,4.8,9.48028463542421
scsf,93885,in silico perfusion,4.9,9.35378651878616
scsf,93885,in silico perfusion,5,9.2235087771639
scsf,93885,in silico perfusion,5.1,9.08992126305041
scsf,93885,in silico perfusion,5.2,8.95346357276357
scsf,93885,in silico perfusion,5.3,8.81454659490511
scsf,93885,in silico perfusion,5.4,8.67355400370357
scsf,93885,in silico perfusion,5.5,8.53084369210823
scsf,93885,in silico perfusion,5.6,8.38674914796992
scsf,93885,in silico perfusion,5.7,8.24158077432094
scsf,93885,in silico perfusion,5.8,8.09562715325285
scsf,93885,in silico perfusion,5.9,7.94915625053418
scsf,93885,in silico perfusion,6,7.80241656101766
scsf,93885,in silico perfusion,6.1,7.65563822225613
scsf,93885,in silico perfusion,6.2,7.50903406588684
scsf,93885,in silico perfusion,6.3,7.36280058018661
scsf,93885,in silico perfusion,6.4,7.21711886563762
scsf,93885,in silico perfusion,6.5,7.07215553729726
scsf,93885,in silico perfusion,6.6,6.92806358148975
scsf,93885,in silico perfusion,6.7,6.78498314830748
scsf,93885,in silico perfusion,6.8,6.64304232938841
scsf,93885,in silico perfusion,6.9,6.50235784284432
scsf,93885,in silico perfusion,7,6.36303585888614
scsf,93885,in silico perfusion,7.1,6.22517244423039
scsf,93885,in silico perfusion,7.2,6.08885443078679
scsf,93885,in silico perfusion,7.3,5.95415974057109
scsf,93885,in silico perfusion,7.4,5.82115813282767
scsf,93885,in silico perfusion,7.5,5.68991163155235
scsf,93885,in silico perfusion,7.6,5.56047499051332
scsf,93885,in silico perfusion,7.7,5.43289631608285
scsf,93885,in silico perfusion,7.8,5.30721730118802
scsf,93885,in silico perfusion,7.9,5.18347384603785
scsf,93885,in silico perfusion,8,5.06169629360226
scsf,93885,in silico perfusion,8.1,4.94190985192
scsf,93885,in silico perfusion,8.2,4.82413503596997
scsf,93885,in silico perfusion,8.3,4.70838788862897
scsf,93885,in silico perfusion,8.4,4.59468032021123
scsf,93885,in silico perfusion,8.5,4.48302049700346
scsf,93885,in silico perfusion,8.6,4.37341289407827
scsf,93885,in silico perfusion,8.7,4.26585887673886
scsf,93885,in silico perfusion,8.8,4.16035657095367
scsf,93885,in silico perfusion,8.9,4.05690149427683
scsf,93885,in silico perfusion,9,3.95548638367022
scsf,93885,in silico perfusion,9.1,3.85610178732423
scsf,93885,in silico perfusion,9.2,3.75873588181119
scsf,93885,in silico perfusion,9.3,3.66337503362901
scsf,93885,in silico perfusion,9.4,3.57000358893808
scsf,93885,in silico perfusion,9.5,3.47860440641868
scsf,93885,in silico perfusion,9.6,3.38915866074885
scsf,93885,in silico perfusion,9.7,3.30164628148646
scsf,93885,in silico perfusion,9.8,3.21604590140059
scsf,93885,in silico perfusion,9.9,3.1323350088469
scsf,93885,in silico perfusion,10,3.05049018098588
scsf,93885,in silico perfusion,10.1,2.97048697107671
scsf,93885,in silico perfusion,10.2,2.89230029670478
scsf,93885,in silico perfusion,10.3,2.81590422219844
scsf,93885,in silico perfusion,10.4,2.74127235561241
scsf,93885,in silico perfusion,10.5,2.66837767476769
scsf,93885,in silico perfusion,10.6,2.59719277899253
scsf,93885,in silico perfusion,10.7,2.52768988729479
scsf,93885,in silico perfusion,10.8,2.45984088562819
scsf,93885,in silico perfusion,10.9,2.39361748707238
scsf,93885,in silico perfusion,11,2.32899114081727
scsf,93885,in silico perfusion,11.1,2.26593326680252
scsf,93885,in silico perfusion,11.2,2.20441510071861
scsf,93885,in silico perfusion,11.3,2.14440795950684
scsf,93885,in silico perfusion,11.4,2.08588311850868
scsf,93885,in silico perfusion,11.5,2.02881189922486
scsf,93885,in silico perfusion,11.6,1.97316578079186
scsf,93885,in silico perfusion,11.7,1.91891626802311
scsf,93885,in silico perfusion,11.8,1.86603512540153
scsf,93885,in silico perfusion,11.9,1.81449423662277
scsf,93885,in silico perfusion,12,1.76426571396203
scsf,93885,in silico perfusion,12.1,1.71532193173464
scsf,93885,in silico perfusion,12.2,1.66763546584419
scsf,93885,in silico perfusion,12.3,1.62117923610608
scsf,93885,in silico perfusion,12.4,1.57592640045565
scsf,93885,in silico perfusion,12.5,1.53185046345012
scsf,93885,in silico perfusion,12.6,1.48892525402418
scsf,93885,in silico perfusion,12.7,1.44712490923259
scsf,93885,in silico perfusion,12.8,1.40642396430407
scsf,93885,in silico perfusion,12.9,1.36679725153474
scsf,93885,in silico perfusion,13,1.32822003093065
scsf,93885,in silico perfusion,13.1,1.29066792338028
scsf,93885,in silico perfusion,13.2,1.25411689527734
scsf,93885,in silico perfusion,13.3,1.21854335722265
scsf,93885,in silico perfusion,13.4,1.183924075565
scsf,93885,in silico perfusion,13.5,1.15023621167212
scsf,93885,in silico perfusion,13.6,1.11745735690811
scsf,93885,in silico perfusion,13.7,1.08556545298068
scsf,93885,in silico perfusion,13.8,1.05453888580843
scsf,93885,in silico perfusion,13.9,1.02435643187358
scsf,93885,in silico perfusion,14,0.994997248606453
scsf,93885,in silico perfusion,14.1,0.96644092489589
scsf,93885,in silico perfusion,14.2,0.938667431370885
scsf,93885,in silico perfusion,14.3,0.911657136726367
scsf,93885,in silico perfusion,14.4,0.885390822677913
scsf,93885,in silico perfusion,14.5,0.859849638076633
scsf,93885,in silico perfusion,14.6,0.83501514614938
scsf,93885,in silico perfusion,14.7,0.810869291134686
scsf,93885,in silico perfusion,14.8,0.787394387331787
scsf,93885,in silico perfusion,14.9,0.764573150942113
scsf,93885,in silico perfusion,15,0.742388665615574
scsf,93885,in silico perfusion,15.1,0.720824375325033
scsf,93885,in silico perfusion,15.2,0.699864111122677
scsf,93885,in silico perfusion,15.3,0.679492056985021
scsf,93885,in silico perfusion,15.4,0.659692747258497
scsf,93885,in silico perfusion,15.5,0.6404510835114
scsf,93885,in silico perfusion,15.6,0.621752306589816
scsf,93885,in silico perfusion,15.7,0.603581996574399
scsf,93885,in silico perfusion,15.8,0.585926079110662
scsf,93885,in silico perfusion,15.9,0.568770805650149
scsf,93885,in silico perfusion,16,0.552102753309874
scsf,93885,in silico perfusion,16.1,0.535908824411588
scsf,93885,in silico perfusion,16.2,0.520176232252699
scsf,93885,in silico perfusion,16.3,0.504892500323164
scsf,93885,in silico perfusion,16.4,0.490045458452162
scsf,93885,in silico perfusion,16.5,0.475623231737842
scsf,93885,in silico perfusion,16.6,0.461614239022302
scsf,93885,in silico perfusion,16.7,0.448007187142245
scsf,93885,in silico perfusion,16.8,0.434791062590056
scsf,93885,in silico perfusion,16.9,0.421955128570189
scsf,93885,in silico perfusion,17,0.409488918537996
scsf,93885,in silico perfusion,17.1,0.397382230640571
scsf,93885,in silico perfusion,17.2,0.385625121987977
scsf,93885,in silico perfusion,17.3,0.374207903050638
scsf,93885,in silico perfusion,17.4,0.363121133855927
scsf,93885,in silico perfusion,17.5,0.352355617311635
scsf,93885,in silico perfusion,17.6,0.341902392489396
scsf,93885,in silico perfusion,17.7,0.331752732883982
scsf,93885,in silico perfusion,17.8,0.321898140304669
scsf,93885,in silico perfusion,17.9,0.312330335845477
scsf,93885,in silico perfusion,18,0.303041259883573
scsf,93885,in silico perfusion,18.1,0.29402306723349
scsf,93885,in silico perfusion,18.2,0.285268116083828
scsf,93885,in silico perfusion,18.3,0.276768969043153
scsf,93885,in silico perfusion,18.4,0.268518389778077
scsf,93885,in silico perfusion,18.5,0.260509330211779
scsf,93885,in silico perfusion,18.6,0.25273493242622
scsf,93885,in silico perfusion,18.7,0.245188527229173
scsf,93885,in silico perfusion,18.8,0.23786361893204
scsf,93885,in silico perfusion,18.9,0.230753888668061
scsf,93885,in silico perfusion,19,0.223853195780864
scsf,93885,in silico perfusion,19.1,0.217155557378935
scsf,93885,in silico perfusion,19.2,0.210655154910789
scsf,93885,in silico perfusion,19.3,0.204346334517812
scsf,93885,in silico perfusion,19.4,0.198223594564654
scsf,93885,in silico perfusion,19.5,0.192281580063653
scsf,93885,in silico perfusion,19.6,0.186515086014728
scsf,93885,in silico perfusion,19.7,0.180919057894326
scsf,93885,in silico perfusion,19.8,0.175488570372233
scsf,93885,in silico perfusion,19.9,0.170218836417044
scsf,93885,in silico perfusion,20,0.165105210289987
scsf,93885,in silico perfusion,20.1,0.160143167723826
scsf,93885,in silico perfusion,20.2,0.155328309815496
scsf,93885,in silico perfusion,20.3,0.150656363956269
scsf,93885,in silico perfusion,20.4,0.14612318055284
scsf,93885,in silico perfusion,20.5,0.141724718284595
scsf,93885,in silico perfusion,20.6,0.137457050928577
scsf,93885,in silico perfusion,20.7,0.13331637247071
scsf,93885,in silico perfusion,20.8,0.129298972760645
scsf,93885,in silico perfusion,20.9,0.12540124868373
scsf,93885,in silico perfusion,21,0.12161970328471
scsf,93885,in silico perfusion,21.1,0.117950938285957
scsf,93885,in silico perfusion,21.2,0.114391646793853
scsf,93885,in silico perfusion,21.3,0.11093861847847
scsf,93885,in silico perfusion,21.4,0.107588742887355
scsf,93885,in silico perfusion,21.5,0.104338984929393
scsf,93885,in silico perfusion,21.6,0.101186399002666
scsf,93885,in silico perfusion,21.7,0.0981281238203892
scsf,93885,in silico perfusion,21.8,0.0951613954894885
scsf,93885,in silico perfusion,21.9,0.0922835078041002
scsf,93885,in silico perfusion,22,0.0894918376987659
scsf,93885,in silico perfusion,22.1,0.0867838366344245
scsf,93885,in silico perfusion,22.2,0.0841570493700829
scsf,93885,in silico perfusion,22.3,0.081609066073018
scsf,93885,in silico perfusion,22.4,0.0791375534696911
scsf,93885,in silico perfusion,22.5,0.0767402441167271
scsf,93885,in silico perfusion,22.6,0.0744149547921334
scsf,93885,in silico perfusion,22.7,0.0721595430789611
scsf,93885,in silico perfusion,22.8,0.0699719349198112
scsf,93885,in silico perfusion,22.9,0.0678501151367937
scsf,93885,in silico perfusion,23,0.065792140173959
scsf,93885,in silico perfusion,23.1,0.0637961084433156
scsf,93885,in silico perfusion,23.2,0.0618601759814173
scsf,93885,in silico perfusion,23.3,0.0599825518751634
scsf,93885,in silico perfusion,23.4,0.0581615085970938
scsf,93885,in silico perfusion,23.5,0.056395358008058
scsf,93885,in silico perfusion,23.6,0.0546824611153288
scsf,93885,in silico perfusion,23.7,0.0530212267731242
scsf,93885,in silico perfusion,23.8,0.0514101210096987
scsf,93885,in silico perfusion,23.9,0.0498476462994261
scsf,93885,in silico perfusion,24,0.0483323467687332
scsf,93885,in silico perfusion,24.1,0.0468628101330988
scsf,93885,in silico perfusion,24.2,0.0454376763900508
scsf,93885,in silico perfusion,24.3,0.0440556176597107
scsf,93885,in silico perfusion,24.4,0.0427153406663524
scsf,93885,in silico perfusion,24.5,0.0414155920766765
scsf,93885,in silico perfusion,24.6,0.0401551540338075
scsf,93885,in silico perfusion,24.7,0.0389328600437854
scsf,93885,in silico perfusion,24.8,0.0377475603385945
scsf,93885,in silico perfusion,24.9,0.0365981437397088
scsf,93885,in silico perfusion,25,0.0354835312969747
scsf,1331,in silico PAMPA,0,0
scsf,1331,in silico PAMPA,0.1,0
scsf,1331,in silico PAMPA,0.2,0
scsf,1331,in silico PAMPA,0.3,0.00918447876622926
scsf,1331,in silico PAMPA,0.4,0.132458632763397
scsf,1331,in silico PAMPA,0.5,0.396548457272418
scsf,1331,in silico PAMPA,0.6,0.77643518336157
scsf,1331,in silico PAMPA,0.7,1.24446868896451
scsf,1331,in silico PAMPA,0.8,1.77506180079574
scsf,1331,in silico PAMPA,0.9,2.3461836527811
scsf,1331,in silico PAMPA,1,2.93961945308291
scsf,1331,in silico PAMPA,1.1,3.54070760233401
scsf,1331,in silico PAMPA,1.2,4.1378898850026
scsf,1331,in silico PAMPA,1.3,4.72222786983763
scsf,1331,in silico PAMPA,1.4,5.28695069828574
scsf,1331,in silico PAMPA,1.5,5.82705782227811
scsf,1331,in silico PAMPA,1.6,6.33898108993021
scsf,1331,in silico PAMPA,1.7,6.82030265509798
scsf,1331,in silico PAMPA,1.8,7.26952193664259
scsf,1331,in silico PAMPA,1.9,7.68586459437649
scsf,1331,in silico PAMPA,2,8.06912656746817
scsf,1331,in silico PAMPA,2.1,8.41954726993422
scsf,1331,in silico PAMPA,2.2,8.73770680244072
scsf,1331,in silico PAMPA,2.3,9.02444281585415
scsf,1331,in silico PAMPA,2.4,9.28078354700328
scsf,1331,in silico PAMPA,2.5,9.50789400451221
scsf,1331,in silico PAMPA,2.6,9.70703286399677
scsf,1331,in silico PAMPA,2.7,9.8795181836381
scsf,1331,in silico PAMPA,2.8,10.0267001992728
scsf,1331,in silico PAMPA,2.9,10.1499398885066
scsf,1331,in silico PAMPA,3,10.2505922825577
scsf,1331,in silico PAMPA,3.1,10.3299935544042
scsf,1331,in silico PAMPA,3.2,10.389451175878
scsf,1331,in silico PAMPA,3.3,10.4302365666324
scsf,1331,in silico PAMPA,3.4,10.4535797505908
scsf,1331,in silico PAMPA,3.5,10.4606656016581
scsf,1331,in silico PAMPA,3.6,10.4526313572648
scsf,1331,in silico PAMPA,3.7,10.4305651748732
scsf,1331,in silico PAMPA,3.8,10.395505481134
scsf,1331,in silico PAMPA,3.9,10.3484409538576
scsf,1331,in silico PAMPA,4,10.2903109828532
scsf,1331,in silico PAMPA,4.1,10.2220065201226
scsf,1331,in silico PAMPA,4.2,10.1443712184862
scsf,1331,in silico PAMPA,4.3,10.0582027796723
scsf,1331,in silico PAMPA,4.4,9.96425443965931
scsf,1331,in silico PAMPA,4.5,9.86323657230381
scsf,1331,in silico PAMPA,4.6,9.75581835493165
scsf,1331,in silico PAMPA,4.7,9.6426294720017
scsf,1331,in silico PAMPA,4.8,9.52426182754303
scsf,1331,in silico PAMPA,4.9,9.4012712505871
scsf,1331,in silico PAMPA,5,9.27417917883389
scsf,1331,in silico PAMPA,5.1,9.14347431444536
scsf,1331,in silico PAMPA,5.2,9.00961423735765
scsf,1331,in silico PAMPA,5.3,8.87302696974823
scsf,1331,in silico PAMPA,5.4,8.7341124893212
scsf,1331,in silico PAMPA,5.5,8.59324419001899
scsf,1331,in silico PAMPA,5.6,8.45077028779289
scsf,1331,in silico PAMPA,5.7,8.3070151591009
scsf,1331,in silico PAMPA,5.8,8.16228065704524
scsf,1331,in silico PAMPA,5.9,8.01684733280899
scsf,1331,in silico PAMPA,6,7.87097561224187
scsf,1331,in silico PAMPA,6.1,7.72490692142968
scsf,1331,in silico PAMPA,6.2,7.57886475859876
scsf,1331,in silico PAMPA,6.3,7.43305571691342
scsf,1331,in silico PAMPA,6.4,7.28767046227852
scsf,1331,in silico PAMPA,6.5,7.14288463182898
scsf,1331,in silico PAMPA,6.6,6.99885974461099
scsf,1331,in silico PAMPA,6.7,6.85574399096296
scsf,1331,in silico PAMPA,6.8,6.71367313185144
scsf,1331,in silico PAMPA,6.9,6.57277108101726
scsf,1331,in silico PAMPA,7,6.4331507477526
scsf,1331,in silico PAMPA,7.1,6.29491465276969
scsf,1331,in silico PAMPA,7.2,6.15815553407148
scsf,1331,in silico PAMPA,7.3,6.02295704267438
scsf,1331,in silico PAMPA,7.4,5.88939423658793
scsf,1331,in silico PAMPA,7.5,5.75753412760297
scsf,1331,in silico PAMPA,7.6,5.62743623744075
scsf,1331,in silico PAMPA,7.7,5.49915300886121
scsf,1331,in silico PAMPA,7.8,5.37273044042388
scsf,1331,in silico PAMPA,7.9,5.24820819874171
scsf,1331,in silico PAMPA,8,5.12562049488684
scsf,1331,in silico PAMPA,8.1,5.00499586286714
scsf,1331,in silico PAMPA,8.2,4.88635819647757
scsf,1331,in silico PAMPA,8.3,4.76972640205852
scsf,1331,in silico PAMPA,8.4,4.65511538060244
scsf,1331,in silico PAMPA,8.5,4.54253573330856
scsf,1331,in silico PAMPA,8.6,4.43199460224053
scsf,1331,in silico PAMPA,8.7,4.32349543612827
scsf,1331,in silico PAMPA,8.8,4.21703871645824
scsf,1331,in silico PAMPA,8.9,4.11262179726338
scsf,1331,in silico PAMPA,9,4.01023943469121
scsf,1331,in silico PAMPA,9.1,3.90988378895043
scsf,1331,in silico PAMPA,9.2,3.811544754963
scsf,1331,in silico PAMPA,9.3,3.71521013657402
scsf,1331,in silico PAMPA,9.4,3.62086570302848
scsf,1331,in silico PAMPA,9.5,3.52849559315119
scsf,1331,in silico PAMPA,9.6,3.43808215480288
scsf,1331,in silico PAMPA,9.7,3.34960645471074
scsf,1331,in silico PAMPA,9.8,3.26304803932661
scsf,1331,in silico PAMPA,9.9,3.17838543380423
scsf,1331,in silico PAMPA,10,3.0955959345011
scsf,1331,in silico PAMPA,10.1,3.01465598424808
scsf,1331,in silico PAMPA,10.2,2.93554111425494
scsf,1331,in silico PAMPA,10.3,2.85822610004176
scsf,1331,in silico PAMPA,10.4,2.78268509489936
scsf,1331,in silico PAMPA,10.5,2.7088916053769
scsf,1331,in silico PAMPA,10.6,2.63681873293785
scsf,1331,in silico PAMPA,10.7,2.56643905609569
scsf,1331,in silico PAMPA,10.8,2.49772492387315
scsf,1331,in silico PAMPA,10.9,2.43064828021112
scsf,1331,in silico PAMPA,11,2.36518095930167
scsf,1331,in silico PAMPA,11.1,2.30129456709951
scsf,1331,in silico PAMPA,11.2,2.2389606109183
scsf,1331,in silico PAMPA,11.3,2.17815056447888
scsf,1331,in silico PAMPA,11.4,2.11883583230561
scsf,1331,in silico PAMPA,11.5,2.06098791415769
scsf,1331,in silico PAMPA,11.6,2.00457829947047
scsf,1331,in silico PAMPA,11.7,1.94957865330991
scsf,1331,in silico PAMPA,11.8,1.89596071227473
scsf,1331,in silico PAMPA,11.9,1.84369641997577
scsf,1331,in silico PAMPA,12,1.79275789689813
scsf,1331,in silico PAMPA,12.1,1.74311746959227
scsf,1331,in silico PAMPA,12.2,1.69474773157145
scsf,1331,in silico PAMPA,12.3,1.64762149453919
scsf,1331,in silico PAMPA,12.4,1.6017119115074
scsf,1331,in silico PAMPA,12.5,1.55699237646633
scsf,1331,in silico PAMPA,12.6,1.51343662858586
scsf,1331,in silico PAMPA,12.7,1.47101874621978
scsf,1331,in silico PAMPA,12.8,1.42971309393985
scsf,1331,in silico PAMPA,12.9,1.3894944503915
scsf,1331,in silico PAMPA,13,1.35033790847612
scsf,1331,in silico PAMPA,13.1,1.31221894224472
scsf,1331,in silico PAMPA,13.2,1.27511341735828
scsf,1331,in silico PAMPA,13.3,1.23899754332949
scsf,1331,in silico PAMPA,13.4,1.20384795683616
scsf,1331,in silico PAMPA,13.5,1.16964165962494
scsf,1331,in silico PAMPA,13.6,1.136356051515
scsf,1331,in silico PAMPA,13.7,1.10396894497945
scsf,1331,in silico PAMPA,13.8,1.07245852017735
scsf,1331,in silico PAMPA,13.9,1.0418033883887
scsf,1331,in silico PAMPA,14,1.01198254262146
scsf,1331,in silico PAMPA,14.1,0.982975373903023
scsf,1331,in silico PAMPA,14.2,0.954761686927241
scsf,1331,in silico PAMPA,14.3,0.927321659610045
scsf,1331,in silico PAMPA,14.4,0.900635887244369
scsf,1331,in silico PAMPA,14.5,0.874685347662783
scsf,1331,in silico PAMPA,14.6,0.849451406094314
scsf,1331,in silico PAMPA,14.7,0.824915826541408
scsf,1331,in silico PAMPA,14.8,0.801060742572425
scsf,1331,in silico PAMPA,14.9,0.777868682297166
scsf,1331,in silico PAMPA,15,0.755322545380386
scsf,1331,in silico PAMPA,15.1,0.733405600292732
scsf,1331,in silico PAMPA,15.2,0.712101493961823
scsf,1331,in silico PAMPA,15.3,0.691394225061661
scsf,1331,in silico PAMPA,15.4,0.671268160599569
scsf,1331,in silico PAMPA,15.5,0.651708019705659
scsf,1331,in silico PAMPA,15.6,0.632698865592966
scsf,1331,in silico PAMPA,15.7,0.614226112261144
scsf,1331,in silico PAMPA,15.8,0.596275507945091
scsf,1331,in silico PAMPA,15.9,0.578833136307789
scsf,1331,in silico PAMPA,16,0.561885410095771
scsf,1331,in silico PAMPA,16.1,0.545419062567077
scsf,1331,in silico PAMPA,16.2,0.5294211473159
scsf,1331,in silico PAMPA,16.3,0.51387902772802
scsf,1331,in silico PAMPA,16.4,0.498780373686592
scsf,1331,in silico PAMPA,16.5,0.484113156984853
scsf,1331,in silico PAMPA,16.6,0.469865641241597
scsf,1331,in silico PAMPA,16.7,0.456026382837139
scsf,1331,in silico PAMPA,16.8,0.442584221267901
scsf,1331,in silico PAMPA,16.9,0.429528272318799
scsf,1331,in silico PAMPA,17,0.416847926420399
scsf,1331,in silico PAMPA,17.1,0.404532840483154
scsf,1331,in silico PAMPA,17.2,0.392572934003546
scsf,1331,in silico PAMPA,17.3,0.380958381911469
scsf,1331,in silico PAMPA,17.4,0.36967960977959
scsf,1331,in silico PAMPA,17.5,0.3587272906717
scsf,1331,in silico PAMPA,17.6,0.348092336959643
scsf,1331,in silico PAMPA,17.7,0.337765895022206
scsf,1331,in silico PAMPA,17.8,0.32773934305571
scsf,1331,in silico PAMPA,17.9,0.318004283958253
scsf,1331,in silico PAMPA,18,0.30855253820636
scsf,1331,in silico PAMPA,18.1,0.299376143008295
scsf,1331,in silico PAMPA,18.2,0.290467346698258
scsf,1331,in silico PAMPA,18.3,0.281818598877512
scsf,1331,in silico PAMPA,18.4,0.273422551508619
scsf,1331,in silico PAMPA,18.5,0.265272055612616
scsf,1331,in silico PAMPA,18.6,0.257360147447879
scsf,1331,in silico PAMPA,18.7,0.249680052163118
scsf,1331,in silico PAMPA,18.8,0.242225182995399
scsf,1331,in silico PAMPA,18.9,0.234989121659812
scsf,1331,in silico PAMPA,19,0.227965624891036
scsf,1331,in silico PAMPA,19.1,0.221148624086116
scsf,1331,in silico PAMPA,19.2,0.21453221461085
scsf,1331,in silico PAMPA,19.3,0.208110646304367
scsf,1331,in silico PAMPA,19.4,0.201878326804835
scsf,1331,in silico PAMPA,19.5,0.195829830662002
scsf,1331,in silico PAMPA,19.6,0.189959864876904
scsf,1331,in silico PAMPA,19.7,0.184263285535352
scsf,1331,in silico PAMPA,19.8,0.17873509360068
scsf,1331,in silico PAMPA,19.9,0.173370434964044
scsf,1331,in silico PAMPA,20,0.168164577136935
scsf,1331,in silico PAMPA,20.1,0.16311292174728
scsf,1331,in silico PAMPA,20.2,0.158211008037659
scsf,1331,in silico PAMPA,20.3,0.153454493201803
scsf,1331,in silico PAMPA,20.4,0.148839152215403
scsf,1331,in silico PAMPA,20.5,0.144360880182236
scsf,1331,in silico PAMPA,20.6,0.140015697637152
scsf,1331,in silico PAMPA,20.7,0.135799723433902
scsf,1331,in silico PAMPA,20.8,0.13170918859686
scsf,1331,in silico PAMPA,20.9,0.12774043436195
scsf,1331,in silico PAMPA,21,0.12388990686896
scsf,1331,in silico PAMPA,21.1,0.120154144912369
scsf,1331,in silico PAMPA,21.2,0.116529786475619
scsf,1331,in silico PAMPA,21.3,0.113013576074948
scsf,1331,in silico PAMPA,21.4,0.109602339164309
scsf,1331,in silico PAMPA,21.5,0.106292992201836
scsf,1331,in silico PAMPA,21.6,0.103082541862049
scsf,1331,in silico PAMPA,21.7,0.0999680887092158
scsf,1331,in silico PAMPA,21.8,0.0969468032936261
scsf,1331,in silico PAMPA,21.9,0.0940159402984503
scsf,1331,in silico PAMPA,22,0.091172838791307
scsf,1331,in silico PAMPA,22.1,0.0884149132125418
scsf,1331,in silico PAMPA,22.2,0.0857396467996226
scsf,1331,in silico PAMPA,22.3,0.0831445964090237
scsf,1331,in silico PAMPA,22.4,0.0806273980273739
scsf,1331,in silico PAMPA,22.5,0.0781857456224419
scsf,1331,in silico PAMPA,22.6,0.0758174015840191
scsf,1331,in silico PAMPA,22.7,0.0735201943397687
scsf,1331,in silico PAMPA,22.8,0.0712920204858869
scsf,1331,in silico PAMPA,22.9,0.0691308283770733
scsf,1331,in silico PAMPA,23,0.0670346276416969
scsf,1331,in silico PAMPA,23.1,0.0650014916784797
scsf,1331,in silico PAMPA,23.2,0.0630295481027084
scsf,1331,in silico PAMPA,23.3,0.0611169741500808
scsf,1331,in silico PAMPA,23.4,0.0592620013698788
scsf,1331,in silico PAMPA,23.5,0.0574629223709663
scsf,1331,in silico PAMPA,23.6,0.0557180688811869
scsf,1331,in silico PAMPA,23.7,0.0540258241793816
scsf,1331,in silico PAMPA,23.8,0.0523846198341068
scsf,1331,in silico PAMPA,23.9,0.0507929363906377
scsf,1331,in silico PAMPA,24,0.0492492934063011
scsf,1331,in silico PAMPA,24.1,0.0477522548713968
scsf,1331,in silico PAMPA,24.2,0.0463004303536995
scsf,1331,in silico PAMPA,24.3,0.0448924685484731
scsf,1331,in silico PAMPA,24.4,0.0435270551027593
scsf,1331,in silico PAMPA,24.5,0.0422029146708247
scsf,1331,in silico PAMPA,24.6,0.0409188177377318
scsf,1331,in silico PAMPA,24.7,0.0396735611288393
scsf,1331,in silico PAMPA,24.8,0.038465979589453
scsf,1331,in silico PAMPA,24.9,0.0372949419712033
scsf,1331,in silico PAMPA,25,0.0361593542888817
scsf,577.568774905738,optimized,0,0
scsf,577.568774905738,optimized,0.1,0
scsf,577.568774905738,optimized,0.2,0
scsf,577.568774905738,optimized,0.3,0.0048749549475911
scsf,577.568774905738,optimized,0.4,0.0834452448695695
scsf,577.568774905738,optimized,0.5,0.269999955033366
scsf,577.568774905738,optimized,0.6,0.555948935171429
scsf,577.568774905738,optimized,0.7,0.92642119955936
scsf,577.568774905738,optimized,0.8,1.36494270110437
scsf,577.568774905738,optimized,0.9,1.85517502500684
scsf,577.568774905738,optimized,1,2.3818779907189
scsf,577.568774905738,optimized,1.1,2.93141114507761
scsf,577.568774905738,optimized,1.2,3.49193946181721
scsf,577.568774905738,optimized,1.3,4.05345451829075
scsf,577.568774905738,optimized,1.4,4.60768603818654
scsf,577.568774905738,optimized,1.5,5.1479535818705
scsf,577.568774905738,optimized,1.6,5.66899076450795
scsf,577.568774905738,optimized,1.7,6.16676251866905
scsf,577.568774905738,optimized,1.8,6.63828784393679
scsf,577.568774905738,optimized,1.9,7.08147512248893
scsf,577.568774905738,optimized,2,7.4949734905909
scsf,577.568774905738,optimized,2.1,7.8780415441106
scsf,577.568774905738,optimized,2.2,8.23043323598335
scsf,577.568774905738,optimized,2.3,8.55229993416724
scsf,577.568774905738,optimized,2.4,8.84410733419317
scsf,577.568774905738,optimized,2.5,9.10656554288816
scsf,577.568774905738,optimized,2.6,9.34057074527755
scsf,577.568774905738,optimized,2.7,9.54715694118562
scsf,577.568774905738,optimized,2.8,9.72745624695532
scsf,577.568774905738,optimized,2.9,9.88266648651119
scsf,577.568774905738,optimized,3,10.0140249942371
scsf,577.568774905738,optimized,3.1,10.1227875361861
scsf,577.568774905738,optimized,3.2,10.210211519544
scsf,577.568774905738,optimized,3.3,10.2775428143038
scsf,577.568774905738,optimized,3.4,10.326005497688
scsf,577.568774905738,optimized,3.5,10.3567940101004
scsf,577.568774905738,optimized,3.6,10.3710672819163
scsf,577.568774905738,optimized,3.7,10.3699444959583
scsf,577.568774905738,optimized,3.8,10.3545021587137
scsf,577.568774905738,optimized,3.9,10.325772196073
scsf,577.568774905738,optimized,4,10.284740878467
scsf,577.568774905738,optimized,4.1,10.2323484592775
scsf,577.568774905738,optimized,4.2,10.1694893327719
scsf,577.568774905738,optimized,4.3,10.0970125664213
scsf,577.568774905738,optimized,4.4,10.0157227855681
scsf,577.568774905738,optimized,4.5,9.92638126839029
scsf,577.568774905738,optimized,4.6,9.82970724226112
scsf,577.568774905738,optimized,4.7,9.72637930091058
scsf,577.568774905738,optimized,4.8,9.61703689826278
scsf,577.568774905738,optimized,4.9,9.50228189515562
scsf,577.568774905738,optimized,5,9.3826801380529
scsf,577.568774905738,optimized,5.1,9.25876304202129
scsf,577.568774905738,optimized,5.2,9.13102916634324
scsf,577.568774905738,optimized,5.3,8.99994576548385
scsf,577.568774905738,optimized,5.4,8.86595030650544
scsf,577.568774905738,optimized,5.5,8.72945194845287
scsf,577.568774905738,optimized,5.6,8.59083297480826
scsf,577.568774905738,optimized,5.7,8.4504501893615
scsf,577.568774905738,optimized,5.8,8.30863625312723
scsf,577.568774905738,optimized,5.9,8.16570096905859
scsf,577.568774905738,optimized,6,8.02193251176749
scsf,577.568774905738,optimized,6.1,7.87759861441444
scsf,577.568774905738,optimized,6.2,7.73294769211163
scsf,577.568774905738,optimized,6.3,7.58820992178167
scsf,577.568774905738,optimized,6.4,7.44359826496825
scsf,577.568774905738,optimized,6.5,7.29930944478888
scsf,577.568774905738,optimized,6.6,7.15552490745626
scsf,577.568774905738,optimized,6.7,7.01241170915831
scsf,577.568774905738,optimized,6.8,6.87012328669742
scsf,577.568774905738,optimized,6.9,6.72880036628604
scsf,577.568774905738,optimized,7,6.58857162705597
scsf,577.568774905738,optimized,7.1,6.44955443538631
scsf,577.568774905738,optimized,7.2,6.31185559874366
scsf,577.568774905738,optimized,7.3,6.17557193472204
scsf,577.568774905738,optimized,7.4,6.0407908989681
scsf,577.568774905738,optimized,7.5,5.9075911963062
scsf,577.568774905738,optimized,7.6,5.77604328729664
scsf,577.568774905738,optimized,7.7,5.6462100326977
scsf,577.568774905738,optimized,7.8,5.51814694899573
scsf,577.568774905738,optimized,7.9,5.39190303055539
scsf,577.568774905738,optimized,8,5.26752070894081
scsf,577.568774905738,optimized,8.1,5.14503681196554
scsf,577.568774905738,optimized,8.2,5.02448238506068
scsf,577.568774905738,optimized,8.3,4.90588361781664
scsf,577.568774905738,optimized,8.4,4.78926167913715
scsf,577.568774905738,optimized,8.5,4.67463353186068
scsf,577.568774905738,optimized,8.6,4.562011789989
scsf,577.568774905738,optimized,8.7,4.45140546198398
scsf,577.568774905738,optimized,8.8,4.34281977789843
scsf,577.568774905738,optimized,8.9,4.2362569014749
scsf,577.568774905738,optimized,9,4.13171570575596
scsf,577.568774905738,optimized,9.1,4.02919251284024
scsf,577.568774905738,optimized,9.2,3.92868081095554
scsf,577.568774905738,optimized,9.3,3.83017188226838
scsf,577.568774905738,optimized,9.4,3.73365471648227
scsf,577.568774905738,optimized,9.5,3.63911629203935
scsf,577.568774905738,optimized,9.6,3.54654180563347
scsf,577.568774905738,optimized,9.7,3.45591466407004
scsf,577.568774905738,optimized,9.8,3.36721687769781
scsf,577.568774905738,optimized,9.9,3.28042891722843
scsf,577.568774905738,optimized,10,3.19553015870227
scsf,577.568774905738,optimized,10.1,3.11249868227332
scsf,577.568774905738,optimized,10.2,3.03131171451647
scsf,577.568774905738,optimized,10.3,2.9519454397713
scsf,577.568774905738,optimized,10.4,2.87437534153118
scsf,577.568774905738,optimized,10.5,2.79857614194517
scsf,577.568774905738,optimized,10.6,2.7245219528469
scsf,577.568774905738,optimized,10.7,2.65218639071598
scsf,577.568774905738,optimized,10.8,2.58154254631114
scsf,577.568774905738,optimized,10.9,2.51256322196541
scsf,577.568774905738,optimized,11,2.44522080017513
scsf,577.568774905738,optimized,11.1,2.3794875220106
scsf,577.568774905738,optimized,11.2,2.31533533055469
scsf,577.568774905738,optimized,11.3,2.25273612026442
scsf,577.568774905738,optimized,11.4,2.19166164763246
scsf,577.568774905738,optimized,11.5,2.13208363896766
scsf,577.568774905738,optimized,11.6,2.07397384459358
scsf,577.568774905738,optimized,11.7,2.01730401793995
scsf,577.568774905738,optimized,11.8,1.96204604724626
scsf,577.568774905738,optimized,11.9,1.90817187423458
scsf,577.568774905738,optimized,12,1.85565365111762
scsf,577.568774905738,optimized,12.1,1.80446363018702
scsf,577.568774905738,optimized,12.2,1.75457433812479
scsf,577.568774905738,optimized,12.3,1.70595849921389
scsf,577.568774905738,optimized,12.4,1.65858905689314
scsf,577.568774905738,optimized,12.5,1.61243929046977
scsf,577.568774905738,optimized,12.6,1.5674826753889
scsf,577.568774905738,optimized,12.7,1.52369306609892
scsf,577.568774905738,optimized,12.8,1.48104460377896
scsf,577.568774905738,optimized,12.9,1.43951173395705
scsf,577.568774905738,optimized,13,1.3990692927101
scsf,577.568774905738,optimized,13.1,1.35969240894214
scsf,577.568774905738,optimized,13.2,1.32135661994684
scsf,577.568774905738,optimized,13.3,1.28403781249463
scsf,577.568774905738,optimized,13.4,1.24771223228255
scsf,577.568774905738,optimized,13.5,1.21235653972714
scsf,577.568774905738,optimized,13.6,1.1779477359594
scsf,577.568774905738,optimized,13.7,1.1444632485209
scsf,577.568774905738,optimized,13.8,1.11188088163051
scsf,577.568774905738,optimized,13.9,1.0801788200803
scsf,577.568774905738,optimized,14,1.04933566946718
scsf,577.568774905738,optimized,14.1,1.01933039299444
scsf,577.568774905738,optimized,14.2,0.990142385456696
scsf,577.568774905738,optimized,14.3,0.961751430965341
scsf,577.568774905738,optimized,14.4,0.934137675634778
scsf,577.568774905738,optimized,14.5,0.90728169805617
scsf,577.568774905738,optimized,14.6,0.881164454772759
scsf,577.568774905738,optimized,14.7,0.855767266527022
scsf,577.568774905738,optimized,14.8,0.831071872685709
scsf,577.568774905738,optimized,14.9,0.807060379479442
scsf,577.568774905738,optimized,15,0.783715261388055
scsf,577.568774905738,optimized,15.1,0.761019388319059
scsf,577.568774905738,optimized,15.2,0.7389559880321
scsf,577.568774905738,optimized,15.3,0.717508654705666
scsf,577.568774905738,optimized,15.4,0.696661355828352
scsf,577.568774905738,optimized,15.5,0.676398404736565
scsf,577.568774905738,optimized,15.6,0.656704474051039
scsf,577.568774905738,optimized,15.7,0.637564589805019
scsf,577.568774905738,optimized,15.8,0.6189641084469
scsf,577.568774905738,optimized,15.9,0.600888736265004
scsf,577.568774905738,optimized,16,0.583324511412754
scsf,577.568774905738,optimized,16.1,0.566257791402688
scsf,577.568774905738,optimized,16.2,0.549675265329432
scsf,577.568774905738,optimized,16.3,0.533563936532744
scsf,577.568774905738,optimized,16.4,0.51791111592081
scsf,577.568774905738,optimized,16.5,0.502704426565958
scsf,577.568774905738,optimized,16.6,0.487931790968439
scsf,577.568774905738,optimized,16.7,0.473581422020701
scsf,577.568774905738,optimized,16.8,0.459641827937303
scsf,577.568774905738,optimized,16.9,0.446101799903136
scsf,577.568774905738,optimized,17,0.43295040437174
scsf,577.568774905738,optimized,17.1,0.420176983663842
scsf,577.568774905738,optimized,17.2,0.407771147291819
scsf,577.568774905738,optimized,17.3,0.395722766435887
scsf,577.568774905738,optimized,17.4,0.38402196881473
scsf,577.568774905738,optimized,17.5,0.372659133188949
scsf,577.568774905738,optimized,17.6,0.361624885428849
scsf,577.568774905738,optimized,17.7,0.35091009281467
scsf,577.568774905738,optimized,17.8,0.340505855851805
scsf,577.568774905738,optimized,17.9,0.330403506961862
scsf,577.568774905738,optimized,18,0.320594606607508
scsf,577.568774905738,optimized,18.1,0.31107093141619
scsf,577.568774905738,optimized,18.2,0.301824474639085
scsf,577.568774905738,optimized,18.3,0.292847443949742
scsf,577.568774905738,optimized,18.4,0.284132247647027
scsf,577.568774905738,optimized,18.5,0.275671495595903
scsf,577.568774905738,optimized,18.6,0.267457999790712
scsf,577.568774905738,optimized,18.7,0.25948475696159
scsf,577.568774905738,optimized,18.8,0.251744951805749
scsf,577.568774905738,optimized,18.9,0.244231956075824
scsf,577.568774905738,optimized,19,0.236939318319165
scsf,577.568774905738,optimized,19.1,0.229860757145239
scsf,577.568774905738,optimized,19.2,0.222990164057792
scsf,577.568774905738,optimized,19.3,0.216321600979838
scsf,577.568774905738,optimized,19.4,0.209849283176493
scsf,577.568774905738,optimized,19.5,0.203567585429705
scsf,577.568774905738,optimized,19.6,0.197471044429942
scsf,577.568774905738,optimized,19.7,0.191554336959215
scsf,577.568774905738,optimized,19.8,0.185812287734631
scsf,577.568774905738,optimized,19.9,0.180239869169945
scsf,577.568774905738,optimized,20,0.174832189022762
scsf,577.568774905738,optimized,20.1,0.169584487735358
scsf,577.568774905738,optimized,20.2,0.164492140922884
scsf,577.568774905738,optimized,20.3,0.159550655540333
scsf,577.568774905738,optimized,20.4,0.154755656649901
scsf,577.568774905738,optimized,20.5,0.150102893255553
scsf,577.568774905738,optimized,20.6,0.145588240833
scsf,577.568774905738,optimized,20.7,0.141207680632753
scsf,577.568774905738,optimized,20.8,0.136957308398034
scsf,577.568774905738,optimized,20.9,0.132833337854135
scsf,577.568774905738,optimized,21,0.128832081420022
scsf,577.568774905738,optimized,21.1,0.124949954637445
scsf,577.568774905738,optimized,21.2,0.121183474664515
scsf,577.568774905738,optimized,21.3,0.117529268945159
scsf,577.568774905738,optimized,21.4,0.113984045145353
scsf,577.568774905738,optimized,21.5,0.110544607716057
scsf,577.568774905738,optimized,21.6,0.107207854571192
scsf,577.568774905738,optimized,21.7,0.103970779438284
scsf,577.568774905738,optimized,21.8,0.10083044826505
scsf,577.568774905738,optimized,21.9,0.0977840139127371
scsf,577.568774905738,optimized,22,0.0948287172290406
scsf,577.568774905738,optimized,22.1,0.091961877820443
scsf,577.568774905738,optimized,22.2,0.0891808843862552
scsf,577.568774905738,optimized,22.3,0.0864832025018378
scsf,577.568774905738,optimized,22.4,0.0838663802535275
scsf,577.568774905738,optimized,22.5,0.0813280277516061
scsf,577.568774905738,optimized,22.6,0.0788658232806137
scsf,577.568774905738,optimized,22.7,0.0764775128231719
scsf,577.568774905738,optimized,22.8,0.0741609165884043
scsf,577.568774905738,optimized,22.9,0.0719139061587263
scsf,577.568774905738,optimized,23,0.0697344173812896
scsf,577.568774905738,optimized,23.1,0.0676204476125653
scsf,577.568774905738,optimized,23.2,0.0655700575298887
scsf,577.568774905738,optimized,23.3,0.0635813546669359
scsf,577.568774905738,optimized,23.4,0.061652503604599
scsf,577.568774905738,optimized,23.5,0.0597817272895654
scsf,577.568774905738,optimized,23.6,0.0579673004210135
scsf,577.568774905738,optimized,23.7,0.0562075418462401
scsf,577.568774905738,optimized,23.8,0.0545008209730228
scsf,577.568774905738,optimized,23.9,0.0528455645052108
scsf,577.568774905738,optimized,24,0.0512402358332419
scsf,577.568774905738,optimized,24.1,0.0496833429149723
scsf,577.568774905738,optimized,24.2,0.0481734375928688
scsf,577.568774905738,optimized,24.3,0.0467091203634682
scsf,577.568774905738,optimized,24.4,0.0452890324983937
scsf,577.568774905738,optimized,24.5,0.0439118471718169
scsf,577.568774905738,optimized,24.6,0.0425762789294617
scsf,577.568774905738,optimized,24.7,0.0412810811216047
scsf,577.568774905738,optimized,24.8,0.040025050134244
scsf,577.568774905738,optimized,24.9,0.0388070095913057
scsf,577.568774905738,optimized,25,0.0376258202435821
scsf,10000000000,perfusion-limited,0,0
scsf,10000000000,perfusion-limited,0.1,0
scsf,10000000000,perfusion-limited,0.2,0
scsf,10000000000,perfusion-limited,0.3,0.0252509056731966
scsf,10000000000,perfusion-limited,0.4,0.218938946863644
scsf,10000000000,perfusion-limited,0.5,0.56179321278705
scsf,10000000000,perfusion-limited,0.6,1.0122395306084
scsf,10000000000,perfusion-limited,0.7,1.53709975195049
scsf,10000000000,perfusion-limited,0.8,2.11002426742784
scsf,10000000000,perfusion-limited,0.9,2.71021085737007
scsf,10000000000,perfusion-limited,1,3.32135787890075
scsf,10000000000,perfusion-limited,1.1,3.93080933009958
scsf,10000000000,perfusion-limited,1.2,4.52885688034634
scsf,10000000000,perfusion-limited,1.3,5.10817028553264
scsf,10000000000,perfusion-limited,1.4,5.6633328588127
scsf,10000000000,perfusion-limited,1.5,6.19046283420119
scsf,10000000000,perfusion-limited,1.6,6.68690498586788
scsf,10000000000,perfusion-limited,1.7,7.15097970643659
scsf,10000000000,perfusion-limited,1.8,7.58177898610585
scsf,10000000000,perfusion-limited,1.9,7.97900083107844
scsf,10000000000,perfusion-limited,2,8.34281494895269
scsf,10000000000,perfusion-limited,2.1,8.67375409523997
scsf,10000000000,perfusion-limited,2.2,8.97262627924577
scsf,10000000000,perfusion-limited,2.3,9.24044401756495
scsf,10000000000,perfusion-limited,2.4,9.4783675153746
scsf,10000000000,perfusion-limited,2.5,9.68765915630814
scsf,10000000000,perfusion-limited,2.6,9.86964719757991
scsf,10000000000,perfusion-limited,2.7,10.0256970197663
scsf,10000000000,perfusion-limited,2.8,10.1571884283646
scsf,10000000000,perfusion-limited,2.9,10.2654979063077
scsf,10000000000,perfusion-limited,3,10.3519849088851
scsf,10000000000,perfusion-limited,3.1,10.4179813710273
scsf,10000000000,perfusion-limited,3.2,10.4647838311862
scsf,10000000000,perfusion-limited,3.3,10.4936476786938
scsf,10000000000,perfusion-limited,3.4,10.5057830892772
scsf,10000000000,perfusion-limited,3.5,10.5023522999826
scsf,10000000000,perfusion-limited,3.6,10.4844679595162
scsf,10000000000,perfusion-limited,3.7,10.4531923483069
scsf,10000000000,perfusion-limited,3.8,10.4095372539838
scsf,10000000000,perfusion-limited,3.9,10.354464371239
scsf,10000000000,perfusion-limited,4,10.2888860863919
scsf,10000000000,perfusion-limited,4.1,10.2136666004386
scsf,10000000000,perfusion-limited,4.2,10.1296232521471
scsf,10000000000,perfusion-limited,4.3,10.0375280136016
scsf,10000000000,perfusion-limited,4.4,9.93810909639898
scsf,10000000000,perfusion-limited,4.5,9.83205262884203
scsf,10000000000,perfusion-limited,4.6,9.7200043823816
scsf,10000000000,perfusion-limited,4.7,9.60257150895573
scsf,10000000000,perfusion-limited,4.8,9.48032427231252
scsf,10000000000,perfusion-limited,4.9,9.35379776135139
scsf,10000000000,perfusion-limited,5,9.22349357465172
scsf,10000000000,perfusion-limited,5.1,9.08988146579359
scsf,10000000000,perfusion-limited,5.2,8.95340093895799
scsf,10000000000,perfusion-limited,5.3,8.81446279308987
scsf,10000000000,perfusion-limited,5.4,8.67345061325692
scsf,10000000000,perfusion-limited,5.5,8.53072220653868
scsf,10000000000,perfusion-limited,5.6,8.38661097236697
scsf,10000000000,perfusion-limited,5.7,8.24142723987864
scsf,10000000000,perfusion-limited,5.8,8.09545952258215
scsf,10000000000,perfusion-limited,5.9,7.94897572174231
scsf,10000000000,perfusion-limited,6,7.80222427641214
scsf,10000000000,perfusion-limited,6.1,7.65543526053789
scsf,10000000000,perfusion-limited,6.2,7.50882142550635
scsf,10000000000,perfusion-limited,6.3,7.36257920500637
scsf,10000000000,perfusion-limited,6.4,7.2168896315907
scsf,10000000000,perfusion-limited,6.5,7.07191927660035
scsf,10000000000,perfusion-limited,6.6,6.92782104663371
scsf,10000000000,perfusion-limited,6.7,6.78473509322114
scsf,10000000000,perfusion-limited,6.8,6.64278946250064
scsf,10000000000,perfusion-limited,6.9,6.50210085395217
scsf,10000000000,perfusion-limited,7,6.36277537651968
scsf,10000000000,perfusion-limited,7.1,6.22490910155741
scsf,10000000000,perfusion-limited,7.2,6.08858872379339
scsf,10000000000,perfusion-limited,7.3,5.95389220016692
scsf,10000000000,perfusion-limited,7.4,5.8208892145149
scsf,10000000000,perfusion-limited,7.5,5.68964166918311
scsf,10000000000,perfusion-limited,7.6,5.56020444424794
scsf,10000000000,perfusion-limited,7.7,5.43262544416651
scsf,10000000000,perfusion-limited,7.8,5.30694653397695
scsf,10000000000,perfusion-limited,7.9,5.1832034476889
scsf,10000000000,perfusion-limited,8,5.06142663484304
scsf,10000000000,perfusion-limited,8.1,4.94164125638534
scsf,10000000000,perfusion-limited,8.2,4.82386781997954
scsf,10000000000,perfusion-limited,8.3,4.7081223113016
scsf,10000000000,perfusion-limited,8.4,4.5944166531288
scsf,10000000000,perfusion-limited,8.5,4.48275890153787
scsf,10000000000,perfusion-limited,8.6,4.37315359795837
scsf,10000000000,perfusion-limited,8.7,4.26560198574077
scsf,10000000000,perfusion-limited,8.8,4.16010227556373
scsf,10000000000,perfusion-limited,8.9,4.05664987061618
scsf,10000000000,perfusion-limited,9,3.95523757946739
scsf,10000000000,perfusion-limited,9.1,3.85585589962918
scsf,10000000000,perfusion-limited,9.2,3.7584930219802
scsf,10000000000,perfusion-limited,9.3,3.6631353029881
scsf,10000000000,perfusion-limited,9.4,3.56976707374556
scsf,10000000000,perfusion-limited,9.5,3.47837119905394
scsf,10000000000,perfusion-limited,9.6,3.38892882389417
scsf,10000000000,perfusion-limited,9.7,3.30141990258585
scsf,10000000000,perfusion-limited,9.8,3.21582299287009
scsf,10000000000,perfusion-limited,9.9,3.132115647564
scsf,10000000000,perfusion-limited,10,3.05027436046169
scsf,10000000000,perfusion-limited,10.1,2.97027474284143
scsf,10000000000,perfusion-limited,10.2,2.8920916518129
scsf,10000000000,perfusion-limited,10.3,2.81569918824687
scsf,10000000000,perfusion-limited,10.4,2.74107093528073
scsf,10000000000,perfusion-limited,10.5,2.66817985649092
scsf,10000000000,perfusion-limited,10.6,2.59699858683461
scsf,10000000000,perfusion-limited,10.7,2.52749927542621
scsf,10000000000,perfusion-limited,10.8,2.45965388168028
scsf,10000000000,perfusion-limited,10.9,2.39343404120641
scsf,10000000000,perfusion-limited,11,2.32881126294455
scsf,10000000000,perfusion-limited,11.1,2.26575691576202
scsf,10000000000,perfusion-limited,11.2,2.20424227789548
scsf,10000000000,perfusion-limited,11.3,2.1442386398584
scsf,10000000000,perfusion-limited,11.4,2.08571725417963
scsf,10000000000,perfusion-limited,11.5,2.02864949250853
scsf,10000000000,perfusion-limited,11.6,1.97300675198338
scsf,10000000000,perfusion-limited,11.7,1.91876062280221
scsf,10000000000,perfusion-limited,11.8,1.86588279383473
scsf,10000000000,perfusion-limited,11.9,1.81434518533396
scsf,10000000000,perfusion-limited,12,1.76411990014566
scsf,10000000000,perfusion-limited,12.1,1.71517928494245
scsf,10000000000,perfusion-limited,12.2,1.66749597370094
scsf,10000000000,perfusion-limited,12.3,1.62104281598119
scsf,10000000000,perfusion-limited,12.4,1.57579303022106
scsf,10000000000,perfusion-limited,12.5,1.53172009589909
scsf,10000000000,perfusion-limited,12.6,1.48879782889902
scsf,10000000000,perfusion-limited,12.7,1.44700040916408
scsf,10000000000,perfusion-limited,12.8,1.40630231459866
scsf,10000000000,perfusion-limited,12.9,1.36667843675159
scsf,10000000000,perfusion-limited,13,1.32810400001408
scsf,10000000000,perfusion-limited,13.1,1.29055461473786
scsf,10000000000,perfusion-limited,13.2,1.25400628740178
scsf,10000000000,perfusion-limited,13.3,1.21843538097935
scsf,10000000000,perfusion-limited,13.4,1.1838186874069
scsf,10000000000,perfusion-limited,13.5,1.15013336720921
scsf,10000000000,perfusion-limited,13.6,1.11735698977607
scsf,10000000000,perfusion-limited,13.7,1.08546753341096
scsf,10000000000,perfusion-limited,13.8,1.05444335461515
scsf,10000000000,perfusion-limited,13.9,1.02426323937683
scsf,10000000000,perfusion-limited,14,0.994906350231074
scsf,10000000000,perfusion-limited,14.1,0.96635226551249
scsf,10000000000,perfusion-limited,14.2,0.938580974724185
scsf,10000000000,perfusion-limited,14.3,0.911572829786096
scsf,10000000000,perfusion-limited,14.4,0.885308615087829
scsf,10000000000,perfusion-limited,14.5,0.859769502846225
scsf,10000000000,perfusion-limited,14.6,0.834937028599723
scsf,10000000000,perfusion-limited,14.7,0.810793147646981
scsf,10000000000,perfusion-limited,14.8,0.787320189187942
scsf,10000000000,perfusion-limited,14.9,0.764500847933866
scsf,10000000000,perfusion-limited,15,0.742318215439682
scsf,10000000000,perfusion-limited,15.1,0.720755745688316
scsf,10000000000,perfusion-limited,15.2,0.699797254662959
scsf,10000000000,perfusion-limited,15.3,0.679426933313361
scsf,10000000000,perfusion-limited,15.4,0.659629321165585
scsf,10000000000,perfusion-limited,15.5,0.640389311088622
scsf,10000000000,perfusion-limited,15.6,0.621692150782299
scsf,10000000000,perfusion-limited,15.7,0.603523420646503
scsf,10000000000,perfusion-limited,15.8,0.585869043464946
scsf,10000000000,perfusion-limited,15.9,0.568715275853124
scsf,10000000000,perfusion-limited,16,0.552048692864982
scsf,10000000000,perfusion-limited,16.1,0.535856197273855
scsf,10000000000,perfusion-limited,16.2,0.520125005189295
scsf,10000000000,perfusion-limited,16.3,0.50484263858949
scsf,10000000000,perfusion-limited,16.4,0.48999692823224
scsf,10000000000,perfusion-limited,16.5,0.475576002420873
scsf,10000000000,perfusion-limited,16.6,0.461568277791486
scsf,10000000000,perfusion-limited,16.7,0.447962462770177
scsf,10000000000,perfusion-limited,16.8,0.434747546103437
scsf,10000000000,perfusion-limited,16.9,0.42191279030986
scsf,10000000000,perfusion-limited,17,0.40944772931931
scsf,10000000000,perfusion-limited,17.1,0.397342161648932
scsf,10000000000,perfusion-limited,17.2,0.385586145402024
scsf,10000000000,perfusion-limited,17.3,0.374169992083428
scsf,10000000000,perfusion-limited,17.4,0.363084260525941
scsf,10000000000,perfusion-limited,17.5,0.35231975417166
scsf,10000000000,perfusion-limited,17.6,0.341867515514685
scsf,10000000000,perfusion-limited,17.7,0.331718816369248
scsf,10000000000,perfusion-limited,17.8,0.321865157603933
scsf,10000000000,perfusion-limited,17.9,0.312298265272244
scsf,10000000000,perfusion-limited,18,0.303010078363122
scsf,10000000000,perfusion-limited,18.1,0.293992749361394
scsf,10000000000,perfusion-limited,18.2,0.285238642084114
scsf,10000000000,perfusion-limited,18.3,0.276740317811312
scsf,10000000000,perfusion-limited,18.4,0.268490536205035
scsf,10000000000,perfusion-limited,18.5,0.260482256845252
scsf,10000000000,perfusion-limited,18.6,0.252708620078708
scsf,10000000000,perfusion-limited,18.7,0.245162951478285
scsf,10000000000,perfusion-limited,18.8,0.237838761433573
scsf,10000000000,perfusion-limited,18.9,0.230729733710113
scsf,10000000000,perfusion-limited,19,0.223829719322162
scsf,10000000000,perfusion-limited,19.1,0.217132739705053
scsf,10000000000,perfusion-limited,19.2,0.210632983267237
scsf,10000000000,perfusion-limited,19.3,0.204324789521927
scsf,10000000000,perfusion-limited,19.4,0.198202654912402
scsf,10000000000,perfusion-limited,19.5,0.192261233991156
scsf,10000000000,perfusion-limited,19.6,0.186495319547718
scsf,10000000000,perfusion-limited,19.7,0.1808998493229
scsf,10000000000,perfusion-limited,19.8,0.175469907008197
scsf,10000000000,perfusion-limited,19.9,0.170200707367252
scsf,10000000000,perfusion-limited,20,0.165087596343544
scsf,10000000000,perfusion-limited,20.1,0.160126053334979
scsf,10000000000,perfusion-limited,20.2,0.155311685325057
scsf,10000000000,perfusion-limited,20.3,0.150640215678335
scsf,10000000000,perfusion-limited,20.4,0.146107489998062
scsf,10000000000,perfusion-limited,20.5,0.141709476779059
scsf,10000000000,perfusion-limited,20.6,0.137442248934772
scsf,10000000000,perfusion-limited,20.7,0.133301991486732
scsf,10000000000,perfusion-limited,20.8,0.129285006167685
scsf,10000000000,perfusion-limited,20.9,0.125387688352489
scsf,10000000000,perfusion-limited,21,0.121606536958381
scsf,10000000000,perfusion-limited,21.1,0.117938150861793
scsf,10000000000,perfusion-limited,21.2,0.114379234669768
scsf,10000000000,perfusion-limited,21.3,0.110926572853261
scsf,10000000000,perfusion-limited,21.4,0.107577044195045
scsf,10000000000,perfusion-limited,21.5,0.10432762111284
scsf,10000000000,perfusion-limited,21.6,0.101175366630449
scsf,10000000000,perfusion-limited,21.7,0.0981174160812813
scsf,10000000000,perfusion-limited,21.8,0.0951509895159218
scsf,10000000000,perfusion-limited,21.9,0.0922733957614743
scsf,10000000000,perfusion-limited,22,0.089482016002936
scsf,10000000000,perfusion-limited,22.1,0.0867743021797838
scsf,10000000000,perfusion-limited,22.2,0.0841477807332598
scsf,10000000000,perfusion-limited,22.3,0.0816000605638914
scsf,10000000000,perfusion-limited,22.4,0.0791288068493462
scsf,10000000000,perfusion-limited,22.5,0.0767317549455741
scsf,10000000000,perfusion-limited,22.6,0.0744067063927502
scsf,10000000000,perfusion-limited,22.7,0.072151533024184
scsf,10000000000,perfusion-limited,22.8,0.0699641583434276
scsf,10000000000,perfusion-limited,22.9,0.0678425681395656
scsf,10000000000,perfusion-limited,23,0.0657848100514636
scsf,10000000000,perfusion-limited,23.1,0.0637889910790548
scsf,10000000000,perfusion-limited,23.2,0.0618532651875669
scsf,10000000000,perfusion-limited,23.3,0.0599758418316395
scsf,10000000000,perfusion-limited,23.4,0.0581549900932581
scsf,10000000000,perfusion-limited,23.5,0.056389025348437
scsf,10000000000,perfusion-limited,23.6,0.0546763088820442
scsf,10000000000,perfusion-limited,23.7,0.0530152508333309
scsf,10000000000,perfusion-limited,23.8,0.0514043189086034
scsf,10000000000,perfusion-limited,23.9,0.0498420120829369
scsf,10000000000,perfusion-limited,24,0.048326876859259
scsf,10000000000,perfusion-limited,24.1,0.0468575014014296
scsf,10000000000,perfusion-limited,24.2,0.0454325231403862
scsf,10000000000,perfusion-limited,24.3,0.0440506148450285
scsf,10000000000,perfusion-limited,24.4,0.042710483850698
scsf,10000000000,perfusion-limited,24.5,0.0414108768031179
scsf,10000000000,perfusion-limited,24.6,0.0401505815217365
scsf,10000000000,perfusion-limited,24.7,0.0389284267088293
scsf,10000000000,perfusion-limited,24.8,0.0377432626152858
scsf,10000000000,perfusion-limited,24.9,0.0365939773430745
scsf,10000000000,perfusion-limited,25,0.0354794905517544
