site,PS,source,time,conc
plasma,NaN,,0,0
plasma,NaN,,0.1,847.214994197437
plasma,NaN,,0.2,1335.92551866721
plasma,NaN,,0.3,1598.06815476784
plasma,NaN,,0.4,1718.50859838911
plasma,NaN,,0.5,1751.70053408304
plasma,NaN,,0.6,1732.46147187894
plasma,NaN,,0.7,1682.94184022177
plasma,NaN,,0.8,1617.13107722998
plasma,NaN,,0.9,1543.77019343265
plasma,NaN,,1,1468.23345716198
plasma,NaN,,1.1,1393.74326291285
plasma,NaN,,1.2,1322.15373760707
plasma,NaN,,1.3,1254.45555168154
plasma,NaN,,1.4,1191.10048276727
plasma,NaN,,1.5,1132.20955750694
plasma,NaN,,1.6,1077.70606088684
plasma,NaN,,1.7,1027.40001923466
plasma,NaN,,1.8,981.041512716132
plasma,NaN,,1.9,938.35387936185
plasma,NaN,,2,899.054059217083
plasma,NaN,,2.1,862.864741338009
plasma,NaN,,2.2,829.521251146324
plasma,NaN,,2.3,798.775185377916
plasma,NaN,,2.4,770.395993143172
plasma,NaN,,2.5,744.171280110348
plasma,NaN,,2.6,719.906399553581
plasma,NaN,,2.7,697.423613529662
plasma,NaN,,2.8,676.561025089819
plasma,NaN,,2.9,657.17142711104
plasma,NaN,,3,639.121137385981
plasma,NaN,,3.1,622.288859699932
plasma,NaN,,3.2,606.564599890641
plasma,NaN,,3.3,591.848654380186
plasma,NaN,,3.4,578.050672921744
plasma,NaN,,3.5,565.088793726349
plasma,NaN,,3.6,552.888854620148
plasma,NaN,,3.7,541.383668891923
plasma,NaN,,3.8,530.512372506421
plasma,NaN,,3.9,520.219826764184
plasma,NaN,,4,510.456076518289
plasma,NaN,,4.1,501.175860065504
plasma,NaN,,4.2,492.338162273983
plasma,NaN,,4.3,483.905815015943
plasma,NaN,,4.4,475.845131082185
plasma,NaN,,4.5,468.125573061299
plasma,NaN,,4.6,460.719455773112
plasma,NaN,,4.7,453.601673580975
plasma,NaN,,4.8,446.749456979027
plasma,NaN,,4.9,440.142151549041
plasma,NaN,,5,433.76101660354
plasma,NaN,,5.1,427.589043831401
plasma,NaN,,5.2,421.610792128128
plasma,NaN,,5.3,415.812239311526
plasma,NaN,,5.4,410.180648576955
plasma,NaN,,5.5,404.704446701479
plasma,NaN,,5.6,399.373113347951
plasma,NaN,,5.7,394.177081402644
plasma,NaN,,5.8,389.107646919564
plasma,NaN,,5.9,384.156886754521
plasma,NaN,,6,379.317585648664
plasma,NaN,,6.1,374.583169756343
plasma,NaN,,6.2,369.947645744407
plasma,NaN,,6.3,365.405545556372
plasma,NaN,,6.4,360.95187781178
plasma,NaN,,6.5,356.58208179242
plasma,NaN,,6.6,352.291987357374
plasma,NaN,,6.7,348.077778446002
plasma,NaN,,6.8,343.935960372428
plasma,NaN,,6.9,339.863329387045
plasma,NaN,,7,335.856945251794
plasma,NaN,,7.1,331.914106179757
plasma,NaN,,7.2,328.032327999377
plasma,NaN,,7.3,324.20932196669
plasma,NaN,,7.4,320.442977782564
plasma,NaN,,7.5,316.731347044667
plasma,NaN,,7.6,313.072628242741
plasma,NaN,,7.7,309.465153447991
plasma,NaN,,7.8,305.907375599259
plasma,NaN,,7.9,302.397857157127
plasma,NaN,,8,298.93526128202
plasma,NaN,,8.1,295.518340980581
plasma,NaN,,8.2,292.145931806019
plasma,NaN,,8.3,288.816944652801
plasma,NaN,,8.4,285.530358729467
plasma,NaN,,8.5,282.285215558998
plasma,NaN,,8.6,279.080613708849
plasma,NaN,,8.7,275.915703341574
plasma,NaN,,8.8,272.789681688129
plasma,NaN,,8.9,269.701788470843
plasma,NaN,,9,266.651304010464
plasma,NaN,,9.1,263.637543420926
plasma,NaN,,9.2,260.659854772717
plasma,NaN,,9.3,257.71761674426
plasma,NaN,,9.4,254.810234940051
plasma,NaN,,9.5,251.937141153216
plasma,NaN,,9.6,249.097790260001
plasma,NaN,,9.7,246.291658483586
plasma,NaN,,9.8,243.518241908663
plasma,NaN,,9.9,240.777054646358
plasma,NaN,,10,238.067627259763
plasma,NaN,,10.1,235.389506476843
plasma,NaN,,10.2,232.742253002256
plasma,NaN,,10.3,230.125440969002
plasma,NaN,,10.4,227.538656255852
plasma,NaN,,10.5,224.981497159315
plasma,NaN,,10.6,222.453571856226
plasma,NaN,,10.7,219.954499426673
plasma,NaN,,10.8,217.483907766546
plasma,NaN,,10.9,215.041433997892
plasma,NaN,,11,212.626723174353
plasma,NaN,,11.1,210.239428252848
plasma,NaN,,11.2,207.879209347425
plasma,NaN,,11.3,205.545733539954
plasma,NaN,,11.4,203.23867397218
plasma,NaN,,11.5,200.957711139664
plasma,NaN,,11.6,198.702530263388
plasma,NaN,,11.7,196.472822719364
plasma,NaN,,11.8,194.268284765556
plasma,NaN,,11.9,192.088618038715
plasma,NaN,,12,189.933529179135
plasma,NaN,,12.1,187.802729167388
plasma,NaN,,12.2,185.695934014902
plasma,NaN,,12.3,183.612863636252
plasma,NaN,,12.4,181.553242432538
plasma,NaN,,12.5,179.516798620819
plasma,NaN,,12.6,177.503264391332
plasma,NaN,,12.7,175.512375627504
plasma,NaN,,12.8,173.54387184505
plasma,NaN,,12.9,171.59749625552
plasma,NaN,,13,169.672995059064
plasma,NaN,,13.1,167.770118167807
plasma,NaN,,13.2,165.888619147124
plasma,NaN,,13.3,164.028254040737
plasma,NaN,,13.4,162.18878228539
plasma,NaN,,13.5,160.369966377256
plasma,NaN,,13.6,158.571571560789
plasma,NaN,,13.7,156.793366247116
plasma,NaN,,13.8,155.035121763564
plasma,NaN,,13.9,153.296611938645
plasma,NaN,,14,151.577613605376
plasma,NaN,,14.1,149.877906299052
plasma,NaN,,14.2,148.197272066998
plasma,NaN,,14.3,146.535495651825
plasma,NaN,,14.4,144.892364329594
plasma,NaN,,14.5,143.267667842528
plasma,NaN,,14.6,141.661198448012
plasma,NaN,,14.7,140.072750782718
plasma,NaN,,14.8,138.502121820134
plasma,NaN,,14.9,136.949111144308
plasma,NaN,,15,135.413520397038
plasma,NaN,,15.1,133.895153466548
plasma,NaN,,15.2,132.393816471254
plasma,NaN,,15.3,130.909318360664
plasma,NaN,,15.4,129.441469716495
plasma,NaN,,15.5,127.990083316864
plasma,NaN,,15.6,126.554974118617
plasma,NaN,,15.7,125.135959395049
plasma,NaN,,15.8,123.732858288161
plasma,NaN,,15.9,122.345492007847
plasma,NaN,,16,120.973683789947
plasma,NaN,,16.1,119.617259152078
plasma,NaN,,16.2,118.276045314762
plasma,NaN,,16.3,116.949871500292
plasma,NaN,,16.4,115.638568872129
plasma,NaN,,16.5,114.3419706404
plasma,NaN,,16.6,113.059911757006
plasma,NaN,,16.7,111.792229064829
plasma,NaN,,16.8,110.538761246406
plasma,NaN,,16.9,109.299348874042
plasma,NaN,,17,108.073834230099
plasma,NaN,,17.1,106.862061384405
plasma,NaN,,17.2,105.663876150861
plasma,NaN,,17.3,104.479126193345
plasma,NaN,,17.4,103.307660747351
plasma,NaN,,17.5,102.14933077202
plasma,NaN,,17.6,101.003988889205
plasma,NaN,,17.7,99.8714896261208
plasma,NaN,,17.8,98.75168881898
plasma,NaN,,17.9,97.6444440259914
plasma,NaN,,18,96.5496143939584
plasma,NaN,,18.1,95.4670606523212
plasma,NaN,,18.2,94.3966452494971
plasma,NaN,,18.3,93.3382319466133
plasma,NaN,,18.4,92.2916861025822
plasma,NaN,,18.5,91.2568745730186
plasma,NaN,,18.6,90.2336657661793
plasma,NaN,,18.7,89.2219298690059
plasma,NaN,,18.8,88.2215380696557
plasma,NaN,,18.9,87.232363178283
plasma,NaN,,19,86.2542794352345
plasma,NaN,,19.1,85.2871624828195
plasma,NaN,,19.2,84.3308893376934
plasma,NaN,,19.3,83.3853384293012
plasma,NaN,,19.4,82.4503895310369
plasma,NaN,,19.5,81.5259237574187
plasma,NaN,,19.6,80.6118235725425
plasma,NaN,,19.7,79.7079727673834
plasma,NaN,,19.8,78.8142563757682
plasma,NaN,,19.9,77.9305607293617
plasma,NaN,,20,77.0567734189898
plasma,NaN,,20.1,76.1927834050989
plasma,NaN,,20.2,75.3384808870343
plasma,NaN,,20.3,74.4937571478063
plasma,NaN,,20.4,73.6585047490115
plasma,NaN,,20.5,72.8326174463852
plasma,NaN,,20.6,72.0159903252904
plasma,NaN,,20.7,71.2085195812323
plasma,NaN,,20.8,70.41010249101
plasma,NaN,,20.9,69.6206375334973
plasma,NaN,,21,68.8400243238695
plasma,NaN,,21.1,68.0681637142121
plasma,NaN,,21.2,67.3049575781968
plasma,NaN,,21.3,66.5503088783454
plasma,NaN,,21.4,65.8041216907262
plasma,NaN,,21.5,65.0663011680203
plasma,NaN,,21.6,64.3367534470986
plasma,NaN,,21.7,63.6153856864525
plasma,NaN,,21.8,62.9021061945181
plasma,NaN,,21.9,62.1968242361307
plasma,NaN,,22,61.4994500756395
plasma,NaN,,22.1,60.8098950300445
plasma,NaN,,22.2,60.1280716994254
plasma,NaN,,22.3,59.4538931971378
plasma,NaN,,22.4,58.7872737821181
plasma,NaN,,22.5,58.128128668275
plasma,NaN,,22.6,57.4763740124778
plasma,NaN,,22.7,56.8319271438382
plasma,NaN,,22.8,56.1947060510235
plasma,NaN,,22.9,55.5646297105024
plasma,NaN,,23,54.9416180238593
plasma,NaN,,23.1,54.3255917917727
plasma,NaN,,23.2,53.7164726885679
plasma,NaN,,23.3,53.1141832712192
plasma,NaN,,23.4,52.5186469713962
plasma,NaN,,23.5,51.9297880694261
plasma,NaN,,23.6,51.3475316891337
plasma,NaN,,23.7,50.7718038074901
plasma,NaN,,23.8,50.2025312544068
plasma,NaN,,23.9,49.6396416122604
plasma,NaN,,24,49.0830632928099
plasma,NaN,,24.1,48.5327255009441
plasma,NaN,,24.2,47.988558235265
plasma,NaN,,24.3,47.4504924845529
plasma,NaN,,24.4,46.9184597233902
plasma,NaN,,24.5,46.3923922944887
plasma,NaN,,24.6,45.8722232941946
plasma,NaN,,24.7,45.357886562959
plasma,NaN,,24.8,44.8493167353657
plasma,NaN,,24.9,44.3464491747918
plasma,NaN,,25,43.8492199689996
brain ECF,76212,in situ perfusion,0,0
brain ECF,76212,in situ perfusion,0.1,3.04831806493169
brain ECF,76212,in situ perfusion,0.2,7.34665550894964
brain ECF,76212,in situ perfusion,0.3,10.5505107927014
brain ECF,76212,in situ perfusion,0.4,12.4778688884331
brain ECF,76212,in situ perfusion,0.5,13.4262249329093
brain ECF,76212,in situ perfusion,0.6,13.7159208727749
brain ECF,76212,in situ perfusion,0.7,13.5921804350405
brain ECF,76212,in situ perfusion,0.8,13.2236314657638
brain ECF,76212,in situ perfusion,0.9,12.7207454222549
brain ECF,76212,in situ perfusion,1,12.1538340521336
brain ECF,76212,in situ perfusion,1.1,11.5665810213223
brain ECF,76212,in situ perfusion,1.2,10.9853751412652
brain ECF,76212,in situ perfusion,1.3,10.4255182082617
brain ECF,76212,in situ perfusion,1.4,9.89528280707095
brain ECF,76212,in situ perfusion,1.5,9.39854020202302
brain ECF,76212,in situ perfusion,1.6,8.93645225420927
brain ECF,76212,in situ perfusion,1.7,8.5085541048651
brain ECF,76212,in situ perfusion,1.8,8.11344381407828
brain ECF,76212,in situ perfusion,1.9,7.74921741190492
brain ECF,76212,in situ perfusion,2,7.41374065385309
brain ECF,76212,in situ perfusion,2.1,7.10481608364708
brain ECF,76212,in situ perfusion,2.2,6.82028261305596
brain ECF,76212,in situ perfusion,2.3,6.55807293480532
brain ECF,76212,in situ perfusion,2.4,6.31624396952243
brain ECF,76212,in situ perfusion,2.5,6.09299024805181
brain ECF,76212,in situ perfusion,2.6,5.88664741282973
brain ECF,76212,in situ perfusion,2.7,5.69568947871706
brain ECF,76212,in situ perfusion,2.8,5.51872248619473
brain ECF,76212,in situ perfusion,2.9,5.35447640436819
brain ECF,76212,in situ perfusion,3,5.20179626679769
brain ECF,76212,in situ perfusion,3.1,5.05963308136384
brain ECF,76212,in situ perfusion,3.2,4.92703495215676
brain ECF,76212,in situ perfusion,3.3,4.80313862945796
brain ECF,76212,in situ perfusion,3.4,4.68716159020751
brain ECF,76212,in situ perfusion,3.5,4.57839468563717
brain ECF,76212,in situ perfusion,3.6,4.47619538015807
brain ECF,76212,in situ perfusion,3.7,4.37998154353817
brain ECF,76212,in situ perfusion,3.8,4.28922580806946
brain ECF,76212,in situ perfusion,3.9,4.20345041630011
brain ECF,76212,in situ perfusion,4,4.12222254428419
brain ECF,76212,in situ perfusion,4.1,4.04515005264314
brain ECF,76212,in situ perfusion,4.2,3.97187763057315
brain ECF,76212,in situ perfusion,4.3,3.90208331587203
brain ECF,76212,in situ perfusion,4.4,3.83547532892262
brain ECF,76212,in situ perfusion,4.5,3.77178920983318
brain ECF,76212,in situ perfusion,4.6,3.71078522595823
brain ECF,76212,in situ perfusion,4.7,3.65224602488448
brain ECF,76212,in situ perfusion,4.8,3.59597450759976
brain ECF,76212,in situ perfusion,4.9,3.54179191161184
brain ECF,76212,in situ perfusion,5,3.48953607655825
brain ECF,76212,in situ perfusion,5.1,3.43905985812076
brain ECF,76212,in situ perfusion,5.2,3.39022970651808
brain ECF,76212,in situ perfusion,5.3,3.34292437938756
brain ECF,76212,in situ perfusion,5.4,3.29703377385857
brain ECF,76212,in situ perfusion,5.5,3.25245787340397
brain ECF,76212,in situ perfusion,5.6,3.20910579572829
brain ECF,76212,in situ perfusion,5.7,3.16689491991151
brain ECF,76212,in situ perfusion,5.8,3.12575010779039
brain ECF,76212,in situ perfusion,5.9,3.08560299520848
brain ECF,76212,in situ perfusion,6,3.04639135197023
brain ECF,76212,in situ perfusion,6.1,3.00805850345032
brain ECF,76212,in situ perfusion,6.2,2.97055280800003
brain ECF,76212,in situ perfusion,6.3,2.9338271809525
brain ECF,76212,in situ perfusion,6.4,2.89783866177212
brain ECF,76212,in situ perfusion,6.5,2.86254802669775
brain ECF,76212,in situ perfusion,6.6,2.82791943768034
brain ECF,76212,in situ perfusion,6.7,2.79392012334123
brain ECF,76212,in situ perfusion,6.8,2.76052009196491
brain ECF,76212,in situ perfusion,6.9,2.72769187257635
brain ECF,76212,in situ perfusion,7,2.69541027993446
brain ECF,76212,in situ perfusion,7.1,2.66365219410785
brain ECF,76212,in situ perfusion,7.2,2.63239637166429
brain ECF,76212,in situ perfusion,7.3,2.60162327043588
brain ECF,76212,in situ perfusion,7.4,2.57131489017691
brain ECF,76212,in situ perfusion,7.5,2.54145463082385
brain ECF,76212,in situ perfusion,7.6,2.51202716015967
brain ECF,76212,in situ perfusion,7.7,2.48301830184957
brain ECF,76212,in situ perfusion,7.8,2.45441492753717
brain ECF,76212,in situ perfusion,7.9,2.42620485692815
brain ECF,76212,in situ perfusion,8,2.39837677492883
brain ECF,76212,in situ perfusion,8.1,2.37092014396951
brain ECF,76212,in situ perfusion,8.2,2.34382514421648
brain ECF,76212,in situ perfusion,8.3,2.31708260325179
brain ECF,76212,in situ perfusion,8.4,2.29068393830274
brain ECF,76212,in situ perfusion,8.5,2.26462110123721
brain ECF,76212,in situ perfusion,8.6,2.23888653686275
brain ECF,76212,in situ perfusion,8.7,2.21347313599244
brain ECF,76212,in situ perfusion,8.8,2.18837419570167
brain ECF,76212,in situ perfusion,8.9,2.1635833792639
brain ECF,76212,in situ perfusion,9,2.13909469374806
brain ECF,76212,in situ perfusion,9.1,2.11490244890999
brain ECF,76212,in situ perfusion,9.2,2.09100124049124
brain ECF,76212,in situ perfusion,9.3,2.06738592385552
brain ECF,76212,in situ perfusion,9.4,2.04405158660201
brain ECF,76212,in situ perfusion,9.5,2.02099353741457
brain ECF,76212,in situ perfusion,9.6,1.9982072847417
brain ECF,76212,in situ perfusion,9.7,1.97568851802897
brain ECF,76212,in situ perfusion,9.8,1.95343309876979
brain ECF,76212,in situ perfusion,9.9,1.93143704209302
brain ECF,76212,in situ perfusion,10,1.90969650342311
brain ECF,76212,in situ perfusion,10.1,1.88820777438511
brain ECF,76212,in situ perfusion,10.2,1.86696726229961
brain ECF,76212,in situ perfusion,10.3,1.84597149526286
brain ECF,76212,in situ perfusion,10.4,1.82521709813207
brain ECF,76212,in situ perfusion,10.5,1.80470080016909
brain ECF,76212,in situ perfusion,10.6,1.78441941535916
brain ECF,76212,in situ perfusion,10.7,1.76436984752567
brain ECF,76212,in situ perfusion,10.8,1.74454907507421
brain ECF,76212,in situ perfusion,10.9,1.72495415500737
brain ECF,76212,in situ perfusion,11,1.70558221024382
brain ECF,76212,in situ perfusion,11.1,1.68643043129746
brain ECF,76212,in situ perfusion,11.2,1.66749606831645
brain ECF,76212,in situ perfusion,11.3,1.64877642910727
brain ECF,76212,in situ perfusion,11.4,1.6302688732668
brain ECF,76212,in situ perfusion,11.5,1.61197081778701
brain ECF,76212,in situ perfusion,11.6,1.59387972016195
brain ECF,76212,in situ perfusion,11.7,1.57599309322351
brain ECF,76212,in situ perfusion,11.8,1.55830848675842
brain ECF,76212,in situ perfusion,11.9,1.5408234961448
brain ECF,76212,in situ perfusion,12,1.52353575687468
brain ECF,76212,in situ perfusion,12.1,1.50644294136746
brain ECF,76212,in situ perfusion,12.2,1.48954276191655
brain ECF,76212,in situ perfusion,12.3,1.47283296308964
brain ECF,76212,in situ perfusion,12.4,1.45631132768918
brain ECF,76212,in situ perfusion,12.5,1.43997566843643
brain ECF,76212,in situ perfusion,12.6,1.42382383158542
brain ECF,76212,in situ perfusion,12.7,1.40785369359045
brain ECF,76212,in situ perfusion,12.8,1.39206316054979
brain ECF,76212,in situ perfusion,12.9,1.37645016778868
brain ECF,76212,in situ perfusion,13,1.36101267626098
brain ECF,76212,in situ perfusion,13.1,1.34574867652723
brain ECF,76212,in situ perfusion,13.2,1.33065618686695
brain ECF,76212,in situ perfusion,13.3,1.31573324696695
brain ECF,76212,in situ perfusion,13.4,1.30097792526365
brain ECF,76212,in situ perfusion,13.5,1.28638831531754
brain ECF,76212,in situ perfusion,13.6,1.27196253175454
brain ECF,76212,in situ perfusion,13.7,1.25769871506544
brain ECF,76212,in situ perfusion,13.8,1.24359502856232
brain ECF,76212,in situ perfusion,13.9,1.22964965678737
brain ECF,76212,in situ perfusion,14,1.2158608082074
brain ECF,76212,in situ perfusion,14.1,1.2022267124764
brain ECF,76212,in situ perfusion,14.2,1.18874561971238
brain ECF,76212,in situ perfusion,14.3,1.17541580267439
brain ECF,76212,in situ perfusion,14.4,1.16223555398532
brain ECF,76212,in situ perfusion,14.5,1.1492031860998
brain ECF,76212,in situ perfusion,14.6,1.13631703204846
brain ECF,76212,in situ perfusion,14.7,1.12357544394575
brain ECF,76212,in situ perfusion,14.8,1.11097679293776
brain ECF,76212,in situ perfusion,14.9,1.09851947040582
brain ECF,76212,in situ perfusion,15,1.08620188471236
brain ECF,76212,in situ perfusion,15.1,1.07402246258694
brain ECF,76212,in situ perfusion,15.2,1.06197964849537
brain ECF,76212,in situ perfusion,15.3,1.05007190952054
brain ECF,76212,in situ perfusion,15.4,1.03829772498031
brain ECF,76212,in situ perfusion,15.5,1.02665559277423
brain ECF,76212,in situ perfusion,15.6,1.01514402780231
brain ECF,76212,in situ perfusion,15.7,1.00376156597252
brain ECF,76212,in situ perfusion,15.8,0.992506755310903
brain ECF,76212,in situ perfusion,15.9,0.981378161705643
brain ECF,76212,in situ perfusion,16,0.970374367294698
brain ECF,76212,in situ perfusion,16.1,0.959493971937548
brain ECF,76212,in situ perfusion,16.2,0.948735589492201
brain ECF,76212,in situ perfusion,16.3,0.938097850082178
brain ECF,76212,in situ perfusion,16.4,0.927579399281847
brain ECF,76212,in situ perfusion,16.5,0.917178899093869
brain ECF,76212,in situ perfusion,16.6,0.906895025292368
brain ECF,76212,in situ perfusion,16.7,0.896726468971824
brain ECF,76212,in situ perfusion,16.8,0.886671935953591
brain ECF,76212,in situ perfusion,16.9,0.876730147776672
brain ECF,76212,in situ perfusion,17,0.866899838999223
brain ECF,76212,in situ perfusion,17.1,0.857179758822964
brain ECF,76212,in situ perfusion,17.2,0.847568670501227
brain ECF,76212,in situ perfusion,17.3,0.838065351964479
brain ECF,76212,in situ perfusion,17.4,0.828668593880115
brain ECF,76212,in situ perfusion,17.5,0.819377200759666
brain ECF,76212,in situ perfusion,17.6,0.810189990594671
brain ECF,76212,in situ perfusion,17.7,0.801105795950309
brain ECF,76212,in situ perfusion,17.8,0.792123460610294
brain ECF,76212,in situ perfusion,17.9,0.783241841930578
brain ECF,76212,in situ perfusion,18,0.774459809993685
brain ECF,76212,in situ perfusion,18.1,0.765776247789181
brain ECF,76212,in situ perfusion,18.2,0.757190052052526
brain ECF,76212,in situ perfusion,18.3,0.748700129857053
brain ECF,76212,in situ perfusion,18.4,0.740305401202381
brain ECF,76212,in situ perfusion,18.5,0.732004798099106
brain ECF,76212,in situ perfusion,18.6,0.723797265247265
brain ECF,76212,in situ perfusion,18.7,0.715681760508129
brain ECF,76212,in situ perfusion,18.8,0.707657250862617
brain ECF,76212,in situ perfusion,18.9,0.69972271591148
brain ECF,76212,in situ perfusion,19,0.691877146691279
brain ECF,76212,in situ perfusion,19.1,0.684119545894579
brain ECF,76212,in situ perfusion,19.2,0.676448927611318
brain ECF,76212,in situ perfusion,19.3,0.668864316352041
brain ECF,76212,in situ perfusion,19.4,0.661364747845666
brain ECF,76212,in situ perfusion,19.5,0.653949268620025
brain ECF,76212,in situ perfusion,19.6,0.646616935738303
brain ECF,76212,in situ perfusion,19.7,0.639366816788298
brain ECF,76212,in situ perfusion,19.8,0.632197989861424
brain ECF,76212,in situ perfusion,19.9,0.625109543222689
brain ECF,76212,in situ perfusion,20,0.61810057523787
brain ECF,76212,in situ perfusion,20.1,0.611170195307542
brain ECF,76212,in situ perfusion,20.2,0.604317522209892
brain ECF,76212,in situ perfusion,20.3,0.597541684021016
brain ECF,76212,in situ perfusion,20.4,0.590841818827153
brain ECF,76212,in situ perfusion,20.5,0.584217074259814
brain ECF,76212,in situ perfusion,20.6,0.577666609368646
brain ECF,76212,in situ perfusion,20.7,0.571189591023332
brain ECF,76212,in situ perfusion,20.8,0.56478519526764
brain ECF,76212,in situ perfusion,20.9,0.558452607727817
brain ECF,76212,in situ perfusion,21,0.552191023144454
brain ECF,76212,in situ perfusion,21.1,0.545999646459205
brain ECF,76212,in situ perfusion,21.2,0.539877690256363
brain ECF,76212,in situ perfusion,21.3,0.533824376259136
brain ECF,76212,in situ perfusion,21.4,0.527838935031006
brain ECF,76212,in situ perfusion,21.5,0.521920605778949
brain ECF,76212,in situ perfusion,21.6,0.516068635584087
brain ECF,76212,in situ perfusion,21.7,0.510282280158149
brain ECF,76212,in situ perfusion,21.8,0.504560803955048
brain ECF,76212,in situ perfusion,21.9,0.498903479307724
brain ECF,76212,in situ perfusion,22,0.493309586597827
brain ECF,76212,in situ perfusion,22.1,0.487778414653572
brain ECF,76212,in situ perfusion,22.2,0.48230926099415
brain ECF,76212,in situ perfusion,22.3,0.476901429311145
brain ECF,76212,in situ perfusion,22.4,0.47155423168048
brain ECF,76212,in situ perfusion,22.5,0.466266987787232
brain ECF,76212,in situ perfusion,22.6,0.461039024956651
brain ECF,76212,in situ perfusion,22.7,0.45586968121887
brain ECF,76212,in situ perfusion,22.8,0.450758297781499
brain ECF,76212,in situ perfusion,22.9,0.445704224804909
brain ECF,76212,in situ perfusion,23,0.440706819751053
brain ECF,76212,in situ perfusion,23.1,0.435765447297856
brain ECF,76212,in situ perfusion,23.2,0.430879479418621
brain ECF,76212,in situ perfusion,23.3,0.426048295004335
brain ECF,76212,in situ perfusion,23.4,0.421271279898636
brain ECF,76212,in situ perfusion,23.5,0.416547826864922
brain ECF,76212,in situ perfusion,23.6,0.411877335468214
brain ECF,76212,in situ perfusion,23.7,0.40725921175887
brain ECF,76212,in situ perfusion,23.8,0.40269286834339
brain ECF,76212,in situ perfusion,23.9,0.398177724696191
brain ECF,76212,in situ perfusion,24,0.393713206561091
brain ECF,76212,in situ perfusion,24.1,0.389298746027613
brain ECF,76212,in situ perfusion,24.2,0.38493378175352
brain ECF,76212,in situ perfusion,24.3,0.380617759931597
brain ECF,76212,in situ perfusion,24.4,0.376350130879847
brain ECF,76212,in situ perfusion,24.5,0.372130351808495
brain ECF,76212,in situ perfusion,24.6,0.367957885951558
brain ECF,76212,in situ perfusion,24.7,0.363832202488625
brain ECF,76212,in situ perfusion,24.8,0.359752777520597
brain ECF,76212,in situ perfusion,24.9,0.355719092499295
brain ECF,76212,in situ perfusion,25,0.351730634975094
brain ECF,83646,in vitro cell-based,0,0
brain ECF,83646,in vitro cell-based,0.1,3.21561362274038
brain ECF,83646,in vitro cell-based,0.2,7.60931999684773
brain ECF,83646,in vitro cell-based,0.3,10.7822009284237
brain ECF,83646,in vitro cell-based,0.4,12.6368995307816
brain ECF,83646,in vitro cell-based,0.5,13.5163801465908
brain ECF,83646,in vitro cell-based,0.6,13.7542928979118
brain ECF,83646,in vitro cell-based,0.7,13.5957191830708
brain ECF,83646,in vitro cell-based,0.8,13.2054191216625
brain ECF,83646,in vitro cell-based,0.9,12.6898966703753
brain ECF,83646,in vitro cell-based,1,12.116366398148
brain ECF,83646,in vitro cell-based,1.1,11.5263293869329
brain ECF,83646,in vitro cell-based,1.2,10.9447096981643
brain ECF,83646,in vitro cell-based,1.3,10.3858519533301
brain ECF,83646,in vitro cell-based,1.4,9.85741422045783
brain ECF,83646,in vitro cell-based,1.5,9.36287886485496
brain ECF,83646,in vitro cell-based,1.6,8.90316552190558
brain ECF,83646,in vitro cell-based,1.7,8.47766163839654
brain ECF,83646,in vitro cell-based,1.8,8.08487807101953
brain ECF,83646,in vitro cell-based,1.9,7.72286195162086
brain ECF,83646,in vitro cell-based,2,7.38945433524118
brain ECF,83646,in vitro cell-based,2.1,7.08244803042871
brain ECF,83646,in vitro cell-based,2.2,6.79968125770106
brain ECF,83646,in vitro cell-based,2.3,6.53909143796471
brain ECF,83646,in vitro cell-based,2.4,6.29874313306405
brain ECF,83646,in vitro cell-based,2.5,6.07684002022818
brain ECF,83646,in vitro cell-based,2.6,5.87172745928148
brain ECF,83646,in vitro cell-based,2.7,5.68188918621457
brain ECF,83646,in vitro cell-based,2.8,5.50594062349735
brain ECF,83646,in vitro cell-based,2.9,5.34262062279477
brain ECF,83646,in vitro cell-based,3,5.19078251206271
brain ECF,83646,in vitro cell-based,3.1,5.04938496279734
brain ECF,83646,in vitro cell-based,3.2,4.91748312042959
brain ECF,83646,in vitro cell-based,3.3,4.79422017279183
brain ECF,83646,in vitro cell-based,3.4,4.67881946859912
brain ECF,83646,in vitro cell-based,3.5,4.57057720306555
brain ECF,83646,in vitro cell-based,3.6,4.46885568741233
brain ECF,83646,in vitro cell-based,3.7,4.37307719728438
brain ECF,83646,in vitro cell-based,3.8,4.28271835350072
brain ECF,83646,in vitro cell-based,3.9,4.19730501897008
brain ECF,83646,in vitro cell-based,4,4.11640764622326
brain ECF,83646,in vitro cell-based,4.1,4.03963705783487
brain ECF,83646,in vitro cell-based,4.2,3.96664063608041
brain ECF,83646,in vitro cell-based,4.3,3.89709884554081
brain ECF,83646,in vitro cell-based,4.4,3.83072211002778
brain ECF,83646,in vitro cell-based,4.5,3.76724796578422
brain ECF,83646,in vitro cell-based,4.6,3.70643848030794
brain ECF,83646,in vitro cell-based,4.7,3.64807793180692
brain ECF,83646,in vitro cell-based,4.8,3.59197070052767
brain ECF,83646,in vitro cell-based,4.9,3.53793936538964
brain ECF,83646,in vitro cell-based,5,3.48582297315034
brain ECF,83646,in vitro cell-based,5.1,3.43547547415989
brain ECF,83646,in vitro cell-based,5.2,3.38676431108914
brain ECF,83646,in vitro cell-based,5.3,3.33956913864082
brain ECF,83646,in vitro cell-based,5.4,3.29378066847961
brain ECF,83646,in vitro cell-based,5.5,3.24929962034851
brain ECF,83646,in vitro cell-based,5.6,3.20603577664804
brain ECF,83646,in vitro cell-based,5.7,3.16390711895263
brain ECF,83646,in vitro cell-based,5.8,3.12283905435029
brain ECF,83646,in vitro cell-based,5.9,3.08276371277188
brain ECF,83646,in vitro cell-based,6,3.043619311208
brain ECF,83646,in vitro cell-based,6.1,3.00534958099038
brain ECF,83646,in vitro cell-based,6.2,2.96790324934465
brain ECF,83646,in vitro cell-based,6.3,2.93123356200703
brain ECF,83646,in vitro cell-based,6.4,2.89529785870425
brain ECF,83646,in vitro cell-based,6.5,2.86005718848153
brain ECF,83646,in vitro cell-based,6.6,2.82547595967121
brain ECF,83646,in vitro cell-based,6.7,2.79152162437212
brain ECF,83646,in vitro cell-based,6.8,2.75816439459811
brain ECF,83646,in vitro cell-based,6.9,2.72537698440605
brain ECF,83646,in vitro cell-based,7,2.69313437322792
brain ECF,83646,in vitro cell-based,7.1,2.66141359402698
brain ECF,83646,in vitro cell-based,7.2,2.63019353823208
brain ECF,83646,in vitro cell-based,7.3,2.5994547867148
brain ECF,83646,in vitro cell-based,7.4,2.56917945183564
brain ECF,83646,in vitro cell-based,7.5,2.53935103461794
brain ECF,83646,in vitro cell-based,7.6,2.50995429797908
brain ECF,83646,in vitro cell-based,7.7,2.48097515024041
brain ECF,83646,in vitro cell-based,7.8,2.4524005399803
brain ECF,83646,in vitro cell-based,7.9,2.42421835330265
brain ECF,83646,in vitro cell-based,8,2.39641733573841
brain ECF,83646,in vitro cell-based,8.1,2.36898701203374
brain ECF,83646,in vitro cell-based,8.2,2.34191761212753
brain ECF,83646,in vitro cell-based,8.3,2.31520000883032
brain ECF,83646,in vitro cell-based,8.4,2.28882566233553
brain ECF,83646,in vitro cell-based,8.5,2.2627865672865
brain ECF,83646,in vitro cell-based,8.6,2.23707520277753
brain ECF,83646,in vitro cell-based,8.7,2.21168449200196
brain ECF,83646,in vitro cell-based,8.8,2.18660775994653
brain ECF,83646,in vitro cell-based,8.9,2.1618387009185
brain ECF,83646,in vitro cell-based,9,2.1373713394968
brain ECF,83646,in vitro cell-based,9.1,2.1132000140379
brain ECF,83646,in vitro cell-based,9.2,2.0893193383322
brain ECF,83646,in vitro cell-based,9.3,2.06572418413776
brain ECF,83646,in vitro cell-based,9.4,2.04240966070077
brain ECF,83646,in vitro cell-based,9.5,2.01937108978304
brain ECF,83646,in vitro cell-based,9.6,1.99660399462772
brain ECF,83646,in vitro cell-based,9.7,1.9741040811155
brain ECF,83646,in vitro cell-based,9.8,1.9518672204369
brain ECF,83646,in vitro cell-based,9.9,1.92988943889975
brain ECF,83646,in vitro cell-based,10,1.90816690268467
brain ECF,83646,in vitro cell-based,10.1,1.88669591099086
brain ECF,83646,in vitro cell-based,10.2,1.86547288324162
brain ECF,83646,in vitro cell-based,10.3,1.8444943511317
brain ECF,83646,in vitro cell-based,10.4,1.82375695222811
brain ECF,83646,in vitro cell-based,10.5,1.80325741748208
brain ECF,83646,in vitro cell-based,10.6,1.78299257266597
brain ECF,83646,in vitro cell-based,10.7,1.76295932292043
brain ECF,83646,in vitro cell-based,10.8,1.74315465743393
brain ECF,83646,in vitro cell-based,10.9,1.72357563493564
brain ECF,83646,in vitro cell-based,11,1.70421938629481
brain ECF,83646,in vitro cell-based,11.1,1.6850831048374
brain ECF,83646,in vitro cell-based,11.2,1.66616404572398
brain ECF,83646,in vitro cell-based,11.3,1.64745951763263
brain ECF,83646,in vitro cell-based,11.4,1.62896689043327
brain ECF,83646,in vitro cell-based,11.5,1.61068357647221
brain ECF,83646,in vitro cell-based,11.6,1.59260704495315
brain ECF,83646,in vitro cell-based,11.7,1.57473480565373
brain ECF,83646,in vitro cell-based,11.8,1.55706441447213
brain ECF,83646,in vitro cell-based,11.9,1.5395934698046
brain ECF,83646,in vitro cell-based,12,1.5223196082505
brain ECF,83646,in vitro cell-based,12.1,1.50524050791999
brain ECF,83646,in vitro cell-based,12.2,1.4883538804483
brain ECF,83646,in vitro cell-based,12.3,1.47165747704871
brain ECF,83646,in vitro cell-based,12.4,1.45514907991592
brain ECF,83646,in vitro cell-based,12.5,1.43882650597259
brain ECF,83646,in vitro cell-based,12.6,1.42268760300919
brain ECF,83646,in vitro cell-based,12.7,1.40673024969827
brain ECF,83646,in vitro cell-based,12.8,1.39095235430425
brain ECF,83646,in vitro cell-based,12.9,1.37535185157096
brain ECF,83646,in vitro cell-based,13,1.35992670770294
brain ECF,83646,in vitro cell-based,13.1,1.34467491534061
brain ECF,83646,in vitro cell-based,13.2,1.32959449024003
brain ECF,83646,in vitro cell-based,13.3,1.31468347864355
brain ECF,83646,in vitro cell-based,13.4,1.29993994992736
brain ECF,83646,in vitro cell-based,13.5,1.28536199666239
brain ECF,83646,in vitro cell-based,13.6,1.27094773827326
brain ECF,83646,in vitro cell-based,13.7,1.25669531566923
brain ECF,83646,in vitro cell-based,13.8,1.24260289256972
brain ECF,83646,in vitro cell-based,13.9,1.22866865782424
brain ECF,83646,in vitro cell-based,14,1.21489081984167
brain ECF,83646,in vitro cell-based,14.1,1.20126760931987
brain ECF,83646,in vitro cell-based,14.2,1.1877972801518
brain ECF,83646,in vitro cell-based,14.3,1.17447810520414
brain ECF,83646,in vitro cell-based,14.4,1.16130837844346
brain ECF,83646,in vitro cell-based,14.5,1.14828641442906
brain ECF,83646,in vitro cell-based,14.6,1.13541054687919
brain ECF,83646,in vitro cell-based,14.7,1.12267912938146
brain ECF,83646,in vitro cell-based,14.8,1.11009053533864
brain ECF,83646,in vitro cell-based,14.9,1.09764315544994
brain ECF,83646,in vitro cell-based,15,1.0853353991005
brain ECF,83646,in vitro cell-based,15.1,1.07316569556317
brain ECF,83646,in vitro cell-based,15.2,1.06113249376059
brain ECF,83646,in vitro cell-based,15.3,1.04923425656627
brain ECF,83646,in vitro cell-based,15.4,1.03746946564547
brain ECF,83646,in vitro cell-based,15.5,1.02583662174443
brain ECF,83646,in vitro cell-based,15.6,1.01433424309123
brain ECF,83646,in vitro cell-based,15.7,1.0029608626186
brain ECF,83646,in vitro cell-based,15.8,0.991715030823363
brain ECF,83646,in vitro cell-based,15.9,0.980595315556449
brain ECF,83646,in vitro cell-based,16,0.96960030066787
brain ECF,83646,in vitro cell-based,16.1,0.958728585486461
brain ECF,83646,in vitro cell-based,16.2,0.947978785427307
brain ECF,83646,in vitro cell-based,16.3,0.93734953246804
brain ECF,83646,in vitro cell-based,16.4,0.926839473458691
brain ECF,83646,in vitro cell-based,16.5,0.916447270307031
brain ECF,83646,in vitro cell-based,16.6,0.90617160012109
brain ECF,83646,in vitro cell-based,16.7,0.896011155961166
brain ECF,83646,in vitro cell-based,16.8,0.885964644669235
brain ECF,83646,in vitro cell-based,16.9,0.876030787725841
brain ECF,83646,in vitro cell-based,17,0.86620832103189
brain ECF,83646,in vitro cell-based,17.1,0.856495995430793
brain ECF,83646,in vitro cell-based,17.2,0.846892574950599
brain ECF,83646,in vitro cell-based,17.3,0.83739683770356
brain ECF,83646,in vitro cell-based,17.4,0.828007575558203
brain ECF,83646,in vitro cell-based,17.5,0.818723595318029
brain ECF,83646,in vitro cell-based,17.6,0.809543715242263
brain ECF,83646,in vitro cell-based,17.7,0.800466767454921
brain ECF,83646,in vitro cell-based,17.8,0.791491597080675
brain ECF,83646,in vitro cell-based,17.9,0.782617062485564
brain ECF,83646,in vitro cell-based,18,0.773842036235777
brain ECF,83646,in vitro cell-based,18.1,0.765165401222486
brain ECF,83646,in vitro cell-based,18.2,0.756586053644993
brain ECF,83646,in vitro cell-based,18.3,0.748102901981103
brain ECF,83646,in vitro cell-based,18.4,0.739714867778498
brain ECF,83646,in vitro cell-based,18.5,0.731420885832821
brain ECF,83646,in vitro cell-based,18.6,0.723219900428442
brain ECF,83646,in vitro cell-based,18.7,0.715110868706318
brain ECF,83646,in vitro cell-based,18.8,0.707092759498677
brain ECF,83646,in vitro cell-based,18.9,0.699164553573916
brain ECF,83646,in vitro cell-based,19,0.691325243209529
brain ECF,83646,in vitro cell-based,19.1,0.683573831487268
brain ECF,83646,in vitro cell-based,19.2,0.675909332898681
brain ECF,83646,in vitro cell-based,19.3,0.668330772968338
brain ECF,83646,in vitro cell-based,19.4,0.660837188008141
brain ECF,83646,in vitro cell-based,19.5,0.653427625120725
brain ECF,83646,in vitro cell-based,19.6,0.646101142069784
brain ECF,83646,in vitro cell-based,19.7,0.638856807044897
brain ECF,83646,in vitro cell-based,19.8,0.631693698557235
brain ECF,83646,in vitro cell-based,19.9,0.624610906667205
brain ECF,83646,in vitro cell-based,20,0.61760753044469
brain ECF,83646,in vitro cell-based,20.1,0.610682678902187
brain ECF,83646,in vitro cell-based,20.2,0.60383547116954
brain ECF,83646,in vitro cell-based,20.3,0.597065036134142
brain ECF,83646,in vitro cell-based,20.4,0.590370514751196
brain ECF,83646,in vitro cell-based,20.5,0.583751054936649
brain ECF,83646,in vitro cell-based,20.6,0.577205814867426
brain ECF,83646,in vitro cell-based,20.7,0.570733962254811
brain ECF,83646,in vitro cell-based,20.8,0.564334674198012
brain ECF,83646,in vitro cell-based,20.9,0.558007138212857
brain ECF,83646,in vitro cell-based,21,0.55175054935429
brain ECF,83646,in vitro cell-based,21.1,0.545564112311538
brain ECF,83646,in vitro cell-based,21.2,0.539447040709749
brain ECF,83646,in vitro cell-based,21.3,0.533398557002629
brain ECF,83646,in vitro cell-based,21.4,0.52741789148745
brain ECF,83646,in vitro cell-based,21.5,0.521504283844978
brain ECF,83646,in vitro cell-based,21.6,0.515656982177951
brain ECF,83646,in vitro cell-based,21.7,0.509875242791169
brain ECF,83646,in vitro cell-based,21.8,0.504158330212458
brain ECF,83646,in vitro cell-based,21.9,0.498505518028894
brain ECF,83646,in vitro cell-based,22,0.49291608778775
brain ECF,83646,in vitro cell-based,22.1,0.487389328044574
brain ECF,83646,in vitro cell-based,22.2,0.481924535742691
brain ECF,83646,in vitro cell-based,22.3,0.476521015603172
brain ECF,83646,in vitro cell-based,22.4,0.47117808082341
brain ECF,83646,in vitro cell-based,22.5,0.465895053964246
brain ECF,83646,in vitro cell-based,22.6,0.460671262099731
brain ECF,83646,in vitro cell-based,22.7,0.45550604110629
brain ECF,83646,in vitro cell-based,22.8,0.450398734320747
brain ECF,83646,in vitro cell-based,22.9,0.445348692457599
brain ECF,83646,in vitro cell-based,23,0.440355273696539
brain ECF,83646,in vitro cell-based,23.1,0.43541784319061
brain ECF,83646,in vitro cell-based,23.2,0.430535773295816
brain ECF,83646,in vitro cell-based,23.3,0.425708443399794
brain ECF,83646,in vitro cell-based,23.4,0.420935239834772
brain ECF,83646,in vitro cell-based,23.5,0.416215555469801
brain ECF,83646,in vitro cell-based,23.6,0.411548790196801
brain ECF,83646,in vitro cell-based,23.7,0.406934350595565
brain ECF,83646,in vitro cell-based,23.8,0.402371649755616
brain ECF,83646,in vitro cell-based,23.9,0.397860107249148
brain ECF,83646,in vitro cell-based,24,0.393399149930807
brain ECF,83646,in vitro cell-based,24.1,0.388988211098597
brain ECF,83646,in vitro cell-based,24.2,0.384626729232435
brain ECF,83646,in vitro cell-based,24.3,0.38031414960259
brain ECF,83646,in vitro cell-based,24.4,0.376049923636174
brain ECF,83646,in vitro cell-based,24.5,0.37183350923936
brain ECF,83646,in vitro cell-based,24.6,0.367664371507026
brain ECF,83646,in vitro cell-based,24.7,0.363541979615958
brain ECF,83646,in vitro cell-based,24.8,0.359465809448804
brain ECF,83646,in vitro cell-based,24.9,0.355435342762402
brain ECF,83646,in vitro cell-based,25,0.351450067117028
brain ECF,1134,in vitro PAMPA,0,0
brain ECF,1134,in vitro PAMPA,0.1,0.357963636824108
brain ECF,1134,in vitro PAMPA,0.2,0.722535666919322
brain ECF,1134,in vitro PAMPA,0.3,1.05578411992342
brain ECF,1134,in vitro PAMPA,0.4,1.35753370052938
brain ECF,1134,in vitro PAMPA,0.5,1.62993837927246
brain ECF,1134,in vitro PAMPA,0.6,1.87579316905817
brain ECF,1134,in vitro PAMPA,0.7,2.09786565378355
brain ECF,1134,in vitro PAMPA,0.8,2.29866802937316
brain ECF,1134,in vitro PAMPA,0.9,2.48040954858641
brain ECF,1134,in vitro PAMPA,1,2.64501564595208
brain ECF,1134,in vitro PAMPA,1.1,2.7941661696828
brain ECF,1134,in vitro PAMPA,1.2,2.92933433040993
brain ECF,1134,in vitro PAMPA,1.3,3.05182039044044
brain ECF,1134,in vitro PAMPA,1.4,3.16277906009122
brain ECF,1134,in vitro PAMPA,1.5,3.26324130100985
brain ECF,1134,in vitro PAMPA,1.6,3.35413165056347
brain ECF,1134,in vitro PAMPA,1.7,3.43628211725785
brain ECF,1134,in vitro PAMPA,1.8,3.51044349718318
brain ECF,1134,in vitro PAMPA,1.9,3.57729474926003
brain ECF,1134,in vitro PAMPA,2,3.63745089317305
brain ECF,1134,in vitro PAMPA,2.1,3.69146977230992
brain ECF,1134,in vitro PAMPA,2.2,3.73985791104236
brain ECF,1134,in vitro PAMPA,2.3,3.7830756500921
brain ECF,1134,in vitro PAMPA,2.4,3.82154168710817
brain ECF,1134,in vitro PAMPA,2.5,3.85563710554721
brain ECF,1134,in vitro PAMPA,2.6,3.88570898008197
brain ECF,1134,in vitro PAMPA,2.7,3.91207361320084
brain ECF,1134,in vitro PAMPA,2.8,3.9350194384618
brain ECF,1134,in vitro PAMPA,2.9,3.95480963760144
brain ECF,1134,in vitro PAMPA,3,3.9716845034634
brain ECF,1134,in vitro PAMPA,3.1,3.98586357347329
brain ECF,1134,in vitro PAMPA,3.2,3.99754755926099
brain ECF,1134,in vitro PAMPA,3.3,4.00692008514389
brain ECF,1134,in vitro PAMPA,3.4,4.01414926895427
brain ECF,1134,in vitro PAMPA,3.5,4.01938914810077
brain ECF,1134,in vitro PAMPA,3.6,4.02278097290295
brain ECF,1134,in vitro PAMPA,3.7,4.02445437469388
brain ECF,1134,in vitro PAMPA,3.8,4.02452842465651
brain ECF,1134,in vitro PAMPA,3.9,4.02311259428815
brain ECF,1134,in vitro PAMPA,4,4.02030762469003
brain ECF,1134,in vitro PAMPA,4.1,4.01620631353375
brain ECF,1134,in vitro PAMPA,4.2,4.01089422817424
brain ECF,1134,in vitro PAMPA,4.3,4.00445035084713
brain ECF,1134,in vitro PAMPA,4.4,3.99694766589342
brain ECF,1134,in vitro PAMPA,4.5,3.98845369075644
brain ECF,1134,in vitro PAMPA,4.6,3.97903095787628
brain ECF,1134,in vitro PAMPA,4.7,3.96873744907162
brain ECF,1134,in vitro PAMPA,4.8,3.95762699264503
brain ECF,1134,in vitro PAMPA,4.9,3.94574962239271
brain ECF,1134,in vitro PAMPA,5,3.93315190243088
brain ECF,1134,in vitro PAMPA,5.1,3.91987722388655
brain ECF,1134,in vitro PAMPA,5.2,3.90596607341183
brain ECF,1134,in vitro PAMPA,5.3,3.89145627463925
brain ECF,1134,in vitro PAMPA,5.4,3.87638321001292
brain ECF,1134,in vitro PAMPA,5.5,3.86078002217967
brain ECF,1134,in vitro PAMPA,5.6,3.84467779546202
brain ECF,1134,in vitro PAMPA,5.7,3.82810572277568
brain ECF,1134,in vitro PAMPA,5.8,3.81109125613172
brain ECF,1134,in vitro PAMPA,5.9,3.79366024255113
brain ECF,1134,in vitro PAMPA,6,3.77583704895133
brain ECF,1134,in vitro PAMPA,6.1,3.75764467625784
brain ECF,1134,in vitro PAMPA,6.2,3.73910486255686
brain ECF,1134,in vitro PAMPA,6.3,3.72023817666375
brain ECF,1134,in vitro PAMPA,6.4,3.70106410500937
brain ECF,1134,in vitro PAMPA,6.5,3.68160112919317
brain ECF,1134,in vitro PAMPA,6.6,3.66186679701228
brain ECF,1134,in vitro PAMPA,6.7,3.64187778742392
brain ECF,1134,in vitro PAMPA,6.8,3.62164997056472
brain ECF,1134,in vitro PAMPA,6.9,3.60119846226894
brain ECF,1134,in vitro PAMPA,7,3.58053767318363
brain ECF,1134,in vitro PAMPA,7.1,3.55968135511598
brain ECF,1134,in vitro PAMPA,7.2,3.5386426426969
brain ECF,1134,in vitro PAMPA,7.3,3.51743409103475
brain ECF,1134,in vitro PAMPA,7.4,3.49606771072119
brain ECF,1134,in vitro PAMPA,7.5,3.4745550004643
brain ECF,1134,in vitro PAMPA,7.6,3.45290697681516
brain ECF,1134,in vitro PAMPA,7.7,3.43113420136566
brain ECF,1134,in vitro PAMPA,7.8,3.40924680573908
brain ECF,1134,in vitro PAMPA,7.9,3.38725451477093
brain ECF,1134,in vitro PAMPA,8,3.365166668213
brain ECF,1134,in vitro PAMPA,8.1,3.34299224143048
brain ECF,1134,in vitro PAMPA,8.2,3.320739861508
brain ECF,1134,in vitro PAMPA,8.3,3.29841782522094
brain ECF,1134,in vitro PAMPA,8.4,3.27603411526391
brain ECF,1134,in vitro PAMPA,8.5,3.25359641463563
brain ECF,1134,in vitro PAMPA,8.6,3.23111212007135
brain ECF,1134,in vitro PAMPA,8.7,3.20858835480882
brain ECF,1134,in vitro PAMPA,8.8,3.18603198059249
brain ECF,1134,in vitro PAMPA,8.9,3.16344960893993
brain ECF,1134,in vitro PAMPA,9,3.14084761056366
brain ECF,1134,in vitro PAMPA,9.1,3.11823212710017
brain ECF,1134,in vitro PAMPA,9.2,3.09560907766459
brain ECF,1134,in vitro PAMPA,9.3,3.07298416836928
brain ECF,1134,in vitro PAMPA,9.4,3.05036290153116
brain ECF,1134,in vitro PAMPA,9.5,3.02775058140541
brain ECF,1134,in vitro PAMPA,9.6,3.00515232279366
brain ECF,1134,in vitro PAMPA,9.7,2.98257305759577
brain ECF,1134,in vitro PAMPA,9.8,2.9600175404089
brain ECF,1134,in vitro PAMPA,9.9,2.93749035560713
brain ECF,1134,in vitro PAMPA,10,2.91499592257026
brain ECF,1134,in vitro PAMPA,10.1,2.89253850146336
brain ECF,1134,in vitro PAMPA,10.2,2.87012219882925
brain ECF,1134,in vitro PAMPA,10.3,2.84775097120276
brain ECF,1134,in vitro PAMPA,10.4,2.82542863188637
brain ECF,1134,in vitro PAMPA,10.5,2.80315885290324
brain ECF,1134,in vitro PAMPA,10.6,2.78094517234724
brain ECF,1134,in vitro PAMPA,10.7,2.75879099570805
brain ECF,1134,in vitro PAMPA,10.8,2.73669960254052
brain ECF,1134,in vitro PAMPA,10.9,2.71467414788759
brain ECF,1134,in vitro PAMPA,11,2.69271766830654
brain ECF,1134,in vitro PAMPA,11.1,2.67083308317252
brain ECF,1134,in vitro PAMPA,11.2,2.64902319993206
brain ECF,1134,in vitro PAMPA,11.3,2.62729071576639
brain ECF,1134,in vitro PAMPA,11.4,2.60563822329706
brain ECF,1134,in vitro PAMPA,11.5,2.58406820986067
brain ECF,1134,in vitro PAMPA,11.6,2.56258306526132
brain ECF,1134,in vitro PAMPA,11.7,2.54118507970223
brain ECF,1134,in vitro PAMPA,11.8,2.51987645019056
brain ECF,1134,in vitro PAMPA,11.9,2.49865928178397
brain ECF,1134,in vitro PAMPA,12,2.47753558938018
brain ECF,1134,in vitro PAMPA,12.1,2.45650730263168
brain ECF,1134,in vitro PAMPA,12.2,2.4355762653796
brain ECF,1134,in vitro PAMPA,12.3,2.41474424128629
brain ECF,1134,in vitro PAMPA,12.4,2.39401291293387
brain ECF,1134,in vitro PAMPA,12.5,2.37338388685409
brain ECF,1134,in vitro PAMPA,12.6,2.35285869394612
brain ECF,1134,in vitro PAMPA,12.7,2.33243879181701
brain ECF,1134,in vitro PAMPA,12.8,2.31212556776745
brain ECF,1134,in vitro PAMPA,12.9,2.29192033857796
brain ECF,1134,in vitro PAMPA,13,2.27182435635605
brain ECF,1134,in vitro PAMPA,13.1,2.25183880716249
brain ECF,1134,in vitro PAMPA,13.2,2.23196481198225
brain ECF,1134,in vitro PAMPA,13.3,2.21220343358137
brain ECF,1134,in vitro PAMPA,13.4,2.19255567338908
brain ECF,1134,in vitro PAMPA,13.5,2.17302247288628
brain ECF,1134,in vitro PAMPA,13.6,2.1536047205647
brain ECF,1134,in vitro PAMPA,13.7,2.13430324830713
brain ECF,1134,in vitro PAMPA,13.8,2.11511883351833
brain ECF,1134,in vitro PAMPA,13.9,2.0960522044996
brain ECF,1134,in vitro PAMPA,14,2.07710403777843
brain ECF,1134,in vitro PAMPA,14.1,2.05827496048186
brain ECF,1134,in vitro PAMPA,14.2,2.03956555433386
brain ECF,1134,in vitro PAMPA,14.3,2.02097635363883
brain ECF,1134,in vitro PAMPA,14.4,2.00250784779729
brain ECF,1134,in vitro PAMPA,14.5,1.98416048458969
brain ECF,1134,in vitro PAMPA,14.6,1.96593466818629
brain ECF,1134,in vitro PAMPA,14.7,1.94783076198541
brain ECF,1134,in vitro PAMPA,14.8,1.92984909127991
brain ECF,1134,in vitro PAMPA,14.9,1.91198994016252
brain ECF,1134,in vitro PAMPA,15,1.89425355694566
brain ECF,1134,in vitro PAMPA,15.1,1.87664015554125
brain ECF,1134,in vitro PAMPA,15.2,1.85914991480782
brain ECF,1134,in vitro PAMPA,15.3,1.84178297515811
brain ECF,1134,in vitro PAMPA,15.4,1.82453944688824
brain ECF,1134,in vitro PAMPA,15.5,1.8074194110256
brain ECF,1134,in vitro PAMPA,15.6,1.79042291718648
brain ECF,1134,in vitro PAMPA,15.7,1.77354997937823
brain ECF,1134,in vitro PAMPA,15.8,1.75680058614805
brain ECF,1134,in vitro PAMPA,15.9,1.74017470064061
brain ECF,1134,in vitro PAMPA,16,1.72367225796556
brain ECF,1134,in vitro PAMPA,16.1,1.70729316185505
brain ECF,1134,in vitro PAMPA,16.2,1.69103729389127
brain ECF,1134,in vitro PAMPA,16.3,1.67490451307847
brain ECF,1134,in vitro PAMPA,16.4,1.65889465388755
brain ECF,1134,in vitro PAMPA,16.5,1.64300752366466
brain ECF,1134,in vitro PAMPA,16.6,1.62724291039518
brain ECF,1134,in vitro PAMPA,16.7,1.61160058206702
brain ECF,1134,in vitro PAMPA,16.8,1.59608028546073
brain ECF,1134,in vitro PAMPA,16.9,1.5806817435262
brain ECF,1134,in vitro PAMPA,17,1.56540466272165
brain ECF,1134,in vitro PAMPA,17.1,1.55024873206722
brain ECF,1134,in vitro PAMPA,17.2,1.53521362226194
brain ECF,1134,in vitro PAMPA,17.3,1.52029898277639
brain ECF,1134,in vitro PAMPA,17.4,1.50550444938887
brain ECF,1134,in vitro PAMPA,17.5,1.49082964279337
brain ECF,1134,in vitro PAMPA,17.6,1.4762741678551
brain ECF,1134,in vitro PAMPA,17.7,1.46183760894452
brain ECF,1134,in vitro PAMPA,17.8,1.44751954146985
brain ECF,1134,in vitro PAMPA,17.9,1.43331952776249
brain ECF,1134,in vitro PAMPA,18,1.41923711636802
brain ECF,1134,in vitro PAMPA,18.1,1.40527184376499
brain ECF,1134,in vitro PAMPA,18.2,1.3914232239994
brain ECF,1134,in vitro PAMPA,18.3,1.37769077126426
brain ECF,1134,in vitro PAMPA,18.4,1.36407398646292
brain ECF,1134,in vitro PAMPA,18.5,1.35057235947079
brain ECF,1134,in vitro PAMPA,18.6,1.33718537043545
brain ECF,1134,in vitro PAMPA,18.7,1.32391247719677
brain ECF,1134,in vitro PAMPA,18.8,1.31075314447878
brain ECF,1134,in vitro PAMPA,18.9,1.29770682264795
brain ECF,1134,in vitro PAMPA,19,1.28477295390532
brain ECF,1134,in vitro PAMPA,19.1,1.27195097187288
brain ECF,1134,in vitro PAMPA,19.2,1.25924029354974
brain ECF,1134,in vitro PAMPA,19.3,1.24664034106386
brain ECF,1134,in vitro PAMPA,19.4,1.23415052523862
brain ECF,1134,in vitro PAMPA,19.5,1.22177025054808
brain ECF,1134,in vitro PAMPA,19.6,1.20949891407695
brain ECF,1134,in vitro PAMPA,19.7,1.19733590139729
brain ECF,1134,in vitro PAMPA,19.8,1.1852806013725
brain ECF,1134,in vitro PAMPA,19.9,1.17333239442458
brain ECF,1134,in vitro PAMPA,20,1.16149065626355
brain ECF,1134,in vitro PAMPA,20.1,1.14975475622846
brain ECF,1134,in vitro PAMPA,20.2,1.13812405582824
brain ECF,1134,in vitro PAMPA,20.3,1.126597919351
brain ECF,1134,in vitro PAMPA,20.4,1.11517570475793
brain ECF,1134,in vitro PAMPA,20.5,1.10385676673345
brain ECF,1134,in vitro PAMPA,20.6,1.09264045430468
brain ECF,1134,in vitro PAMPA,20.7,1.08152611175422
brain ECF,1134,in vitro PAMPA,20.8,1.07051308599993
brain ECF,1134,in vitro PAMPA,20.9,1.05960071930291
brain ECF,1134,in vitro PAMPA,21,1.04878835186352
brain ECF,1134,in vitro PAMPA,21.1,1.0380753184222
brain ECF,1134,in vitro PAMPA,21.2,1.02746095219867
brain ECF,1134,in vitro PAMPA,21.3,1.01694458901236
brain ECF,1134,in vitro PAMPA,21.4,1.00652556133155
brain ECF,1134,in vitro PAMPA,21.5,0.996203200643507
brain ECF,1134,in vitro PAMPA,21.6,0.985976835973643
brain ECF,1134,in vitro PAMPA,21.7,0.975845790688942
brain ECF,1134,in vitro PAMPA,21.8,0.96580939606779
brain ECF,1134,in vitro PAMPA,21.9,0.955866979689142
brain ECF,1134,in vitro PAMPA,22,0.946017869013972
brain ECF,1134,in vitro PAMPA,22.1,0.936261391619452
brain ECF,1134,in vitro PAMPA,22.2,0.926596867572835
brain ECF,1134,in vitro PAMPA,22.3,0.91702362672157
brain ECF,1134,in vitro PAMPA,22.4,0.907540996180404
brain ECF,1134,in vitro PAMPA,22.5,0.89814830351281
brain ECF,1134,in vitro PAMPA,22.6,0.888844877081003
brain ECF,1134,in vitro PAMPA,22.7,0.879630042096016
brain ECF,1134,in vitro PAMPA,22.8,0.870503127196191
brain ECF,1134,in vitro PAMPA,22.9,0.861463463756436
brain ECF,1134,in vitro PAMPA,23,0.85251038309147
brain ECF,1134,in vitro PAMPA,23.1,0.843643217909791
brain ECF,1134,in vitro PAMPA,23.2,0.834861300635604
brain ECF,1134,in vitro PAMPA,23.3,0.826163963618288
brain ECF,1134,in vitro PAMPA,23.4,0.817550545115446
brain ECF,1134,in vitro PAMPA,23.5,0.809020383301429
brain ECF,1134,in vitro PAMPA,23.6,0.800572818258013
brain ECF,1134,in vitro PAMPA,23.7,0.792207191688477
brain ECF,1134,in vitro PAMPA,23.8,0.783922843225589
brain ECF,1134,in vitro PAMPA,23.9,0.775719120433386
brain ECF,1134,in vitro PAMPA,24,0.767595370919268
brain ECF,1134,in vitro PAMPA,24.1,0.759550944624367
brain ECF,1134,in vitro PAMPA,24.2,0.751585193943798
brain ECF,1134,in vitro PAMPA,24.3,0.743697470188929
brain ECF,1134,in vitro PAMPA,24.4,0.735887130683294
brain ECF,1134,in vitro PAMPA,24.5,0.728153535096215
brain ECF,1134,in vitro PAMPA,24.6,0.720496045260807
brain ECF,1134,in vitro PAMPA,24.7,0.712914025788081
brain ECF,1134,in vitro PAMPA,24.8,0.705406843488491
brain ECF,1134,in vitro PAMPA,24.9,0.697973867179581
brain ECF,1134,in vitro PAMPA,25,0.69061446895589
brain ECF,135713,in silico perfusion,0,0
brain ECF,135713,in silico perfusion,0.1,4.10653432363149
brain ECF,135713,in silico perfusion,0.2,8.76134678265604
brain ECF,135713,in silico perfusion,0.3,11.6572490086743
brain ECF,135713,in silico perfusion,0.4,13.1661543936743
brain ECF,135713,in silico perfusion,0.5,13.7757470059871
brain ECF,135713,in silico perfusion,0.6,13.8318017286744
brain ECF,135713,in silico perfusion,0.7,13.5594222279257
brain ECF,135713,in silico perfusion,0.8,13.1020073864455
brain ECF,135713,in silico perfusion,0.9,12.5498300858696
brain ECF,135713,in silico perfusion,1,11.9589608288299
brain ECF,135713,in silico perfusion,1.1,11.3635516429916
brain ECF,135713,in silico perfusion,1.2,10.7837720741945
brain ECF,135713,in silico perfusion,1.3,10.2309265337689
brain ECF,135713,in silico perfusion,1.4,9.71074881854969
brain ECF,135713,in silico perfusion,1.5,9.22551795609672
brain ECF,135713,in silico perfusion,1.6,8.77541346074498
brain ECF,135713,in silico perfusion,1.7,8.35937909624839
brain ECF,135713,in silico perfusion,1.8,7.97567048935318
brain ECF,135713,in silico perfusion,1.9,7.62219846708031
brain ECF,135713,in silico perfusion,2,7.2967422039059
brain ECF,135713,in silico perfusion,2.1,6.9970778937726
brain ECF,135713,in silico perfusion,2.2,6.72105459397256
brain ECF,135713,in silico perfusion,2.3,6.46663612921084
brain ECF,135713,in silico perfusion,2.4,6.23192155142541
brain ECF,135713,in silico perfusion,2.5,6.01515280258674
brain ECF,135713,in silico perfusion,2.6,5.81471442984398
brain ECF,135713,in silico perfusion,2.7,5.62912843722353
brain ECF,135713,in silico perfusion,2.8,5.45704677137746
brain ECF,135713,in silico perfusion,2.9,5.29724259806325
brain ECF,135713,in silico perfusion,3,5.14860106359981
brain ECF,135713,in silico perfusion,3.1,5.0101101378411
brain ECF,135713,in silico perfusion,3.2,4.8808518071344
brain ECF,135713,in silico perfusion,3.3,4.75999377212928
brain ECF,135713,in silico perfusion,3.4,4.64678169953461
brain ECF,135713,in silico perfusion,3.5,4.54053206091634
brain ECF,135713,in silico perfusion,3.6,4.44062558122809
brain ECF,135713,in silico perfusion,3.7,4.34650122861218
brain ECF,135713,in silico perfusion,3.8,4.25765077062826
brain ECF,135713,in silico perfusion,3.9,4.17361377655637
brain ECF,135713,in silico perfusion,4,4.0939731157524
brain ECF,135713,in silico perfusion,4.1,4.01835085797345
brain ECF,135713,in silico perfusion,4.2,3.94640455918751
brain ECF,135713,in silico perfusion,4.3,3.87782391300631
brain ECF,135713,in silico perfusion,4.4,3.81232768107891
brain ECF,135713,in silico perfusion,4.5,3.74966094475793
brain ECF,135713,in silico perfusion,4.6,3.68959260773272
brain ECF,135713,in silico perfusion,4.7,3.63191313361603
brain ECF,135713,in silico perfusion,4.8,3.5764325057878
brain ECF,135713,in silico perfusion,4.9,3.52297836954124
brain ECF,135713,in silico perfusion,5,3.4713943572058
brain ECF,135713,in silico perfusion,5.1,3.42153857105532
brain ECF,135713,in silico perfusion,5.2,3.37328220822523
brain ECF,135713,in silico perfusion,5.3,3.32650832563785
brain ECF,135713,in silico perfusion,5.4,3.28111071853805
brain ECF,135713,in silico perfusion,5.5,3.23699289454022
brain ECF,135713,in silico perfusion,5.6,3.19406715618674
brain ECF,135713,in silico perfusion,5.7,3.15225376903653
brain ECF,135713,in silico perfusion,5.8,3.1114802070302
brain ECF,135713,in silico perfusion,5.9,3.07168047167701
brain ECF,135713,in silico perfusion,6,3.03279447982337
brain ECF,135713,in silico perfusion,6.1,2.99476750106243
brain ECF,135713,in silico perfusion,6.2,2.95754964967257
brain ECF,135713,in silico perfusion,6.3,2.92109542959929
brain ECF,135713,in silico perfusion,6.4,2.88536332005406
brain ECF,135713,in silico perfusion,6.5,2.8503154010439
brain ECF,135713,in silico perfusion,6.6,2.81591701711982
brain ECF,135713,in silico perfusion,6.7,2.78213647185911
brain ECF,135713,in silico perfusion,6.8,2.74894474956457
brain ECF,135713,in silico perfusion,6.9,2.71631525736155
brain ECF,135713,in silico perfusion,7,2.68422360286983
brain ECF,135713,in silico perfusion,7.1,2.65264738970551
brain ECF,135713,in silico perfusion,7.2,2.62156602816676
brain ECF,135713,in silico perfusion,7.3,2.59096056834982
brain ECF,135713,in silico perfusion,7.4,2.56081355020236
brain ECF,135713,in silico perfusion,7.5,2.53110886500005
brain ECF,135713,in silico perfusion,7.6,2.50183162964704
brain ECF,135713,in silico perfusion,7.7,2.47296806702174
brain ECF,135713,in silico perfusion,7.8,2.44450541183227
brain ECF,135713,in silico perfusion,7.9,2.41643181583382
brain ECF,135713,in silico perfusion,8,2.38873626260097
brain ECF,135713,in silico perfusion,8.1,2.36140848889251
brain ECF,135713,in silico perfusion,8.2,2.33443892243929
brain ECF,135713,in silico perfusion,8.3,2.30781861884505
brain ECF,135713,in silico perfusion,8.4,2.28153920393118
brain ECF,135713,in silico perfusion,8.5,2.25559282109614
brain ECF,135713,in silico perfusion,8.6,2.22997208239923
brain ECF,135713,in silico perfusion,8.7,2.20467003523523
brain ECF,135713,in silico perfusion,8.8,2.17968011356062
brain ECF,135713,in silico perfusion,8.9,2.15499611255499
brain ECF,135713,in silico perfusion,9,2.13061215463245
brain ECF,135713,in silico perfusion,9.1,2.10652265786466
brain ECF,135713,in silico perfusion,9.2,2.08272231566973
brain ECF,135713,in silico perfusion,9.3,2.05920607476899
brain ECF,135713,in silico perfusion,9.4,2.03596910859762
brain ECF,135713,in silico perfusion,9.5,2.01300680294144
brain ECF,135713,in silico perfusion,9.6,1.99031473663223
brain ECF,135713,in silico perfusion,9.7,1.96788866031528
brain ECF,135713,in silico perfusion,9.8,1.94572449521267
brain ECF,135713,in silico perfusion,9.9,1.92381830606231
brain ECF,135713,in silico perfusion,10,1.90216630162277
brain ECF,135713,in silico perfusion,10.1,1.8807648159475
brain ECF,135713,in silico perfusion,10.2,1.85961030075806
brain ECF,135713,in silico perfusion,10.3,1.83869932142905
brain ECF,135713,in silico perfusion,10.4,1.81802854075723
brain ECF,135713,in silico perfusion,10.5,1.79759472252463
brain ECF,135713,in silico perfusion,10.6,1.77739471498878
brain ECF,135713,in silico perfusion,10.7,1.7574254512172
brain ECF,135713,in silico perfusion,10.8,1.73768393990541
brain ECF,135713,in silico perfusion,10.9,1.71816726060925
brain ECF,135713,in silico perfusion,11,1.69887255963108
brain ECF,135713,in silico perfusion,11.1,1.67979705102656
brain ECF,135713,in silico perfusion,11.2,1.66093800221484
brain ECF,135713,in silico perfusion,11.3,1.64229274408611
brain ECF,135713,in silico perfusion,11.4,1.62385865435941
brain ECF,135713,in silico perfusion,11.5,1.60563316604104
brain ECF,135713,in silico perfusion,11.6,1.58761375539353
brain ECF,135713,in silico perfusion,11.7,1.5697979495712
brain ECF,135713,in silico perfusion,11.8,1.55218331466116
brain ECF,135713,in silico perfusion,11.9,1.53476746207349
brain ECF,135713,in silico perfusion,12,1.51754804159777
brain ECF,135713,in silico perfusion,12.1,1.50052274099732
brain ECF,135713,in silico perfusion,12.2,1.48368928447324
brain ECF,135713,in silico perfusion,12.3,1.46704543094432
brain ECF,135713,in silico perfusion,12.4,1.45058897310646
brain ECF,135713,in silico perfusion,12.5,1.43431773304478
brain ECF,135713,in silico perfusion,12.6,1.41822956989126
brain ECF,135713,in silico perfusion,12.7,1.4023223699089
brain ECF,135713,in silico perfusion,12.8,1.38659404680816
brain ECF,135713,in silico perfusion,12.9,1.37104254865261
brain ECF,135713,in silico perfusion,13,1.35566584598543
brain ECF,135713,in silico perfusion,13.1,1.34046193787458
brain ECF,135713,in silico perfusion,13.2,1.32542885104339
brain ECF,135713,in silico perfusion,13.3,1.31056463536072
brain ECF,135713,in silico perfusion,13.4,1.29586736770208
brain ECF,135713,in silico perfusion,13.5,1.28133514970114
brain ECF,135713,in silico perfusion,13.6,1.26696610508506
brain ECF,135713,in silico perfusion,13.7,1.2527583835335
brain ECF,135713,in silico perfusion,13.8,1.23871015620018
brain ECF,135713,in silico perfusion,13.9,1.22481961675036
brain ECF,135713,in silico perfusion,14,1.2110849809668
brain ECF,135713,in silico perfusion,14.1,1.1975044857015
brain ECF,135713,in silico perfusion,14.2,1.18407638941251
brain ECF,135713,in silico perfusion,14.3,1.17079897163446
brain ECF,135713,in silico perfusion,14.4,1.15767053042668
brain ECF,135713,in silico perfusion,14.5,1.14468938376518
brain ECF,135713,in silico perfusion,14.6,1.13185387444322
brain ECF,135713,in silico perfusion,14.7,1.11916236030998
brain ECF,135713,in silico perfusion,14.8,1.10661321816512
brain ECF,135713,in silico perfusion,14.9,1.0942048445529
brain ECF,135713,in silico perfusion,15,1.08193565716748
brain ECF,135713,in silico perfusion,15.1,1.06980408858698
brain ECF,135713,in silico perfusion,15.2,1.05780859046733
brain ECF,135713,in silico perfusion,15.3,1.04594763294656
brain ECF,135713,in silico perfusion,15.4,1.03421970361859
brain ECF,135713,in silico perfusion,15.5,1.02262330665629
brain ECF,135713,in silico perfusion,15.6,1.0111569634638
brain ECF,135713,in silico perfusion,15.7,0.999819214345927
brain ECF,135713,in silico perfusion,15.8,0.988608614018408
brain ECF,135713,in silico perfusion,15.9,0.977523734291505
brain ECF,135713,in silico perfusion,16,0.96656316348523
brain ECF,135713,in silico perfusion,16.1,0.95572550645548
brain ECF,135713,in silico perfusion,16.2,0.945009383021153
brain ECF,135713,in silico perfusion,16.3,0.934413428890823
brain ECF,135713,in silico perfusion,16.4,0.923936295325167
brain ECF,135713,in silico perfusion,16.5,0.913576648639439
brain ECF,135713,in silico perfusion,16.6,0.90333317005605
brain ECF,135713,in silico perfusion,16.7,0.893204555810601
brain ECF,135713,in silico perfusion,16.8,0.883189518244331
brain ECF,135713,in silico perfusion,16.9,0.873286781955825
brain ECF,135713,in silico perfusion,17,0.863495086536917
brain ECF,135713,in silico perfusion,17.1,0.853813185575539
brain ECF,135713,in silico perfusion,17.2,0.844239847775213
brain ECF,135713,in silico perfusion,17.3,0.834773856631461
brain ECF,135713,in silico perfusion,17.4,0.82541400658402
brain ECF,135713,in silico perfusion,17.5,0.81615910664708
brain ECF,135713,in silico perfusion,17.6,0.807007979096496
brain ECF,135713,in silico perfusion,17.7,0.797959461307666
brain ECF,135713,in silico perfusion,17.8,0.789012402718102
brain ECF,135713,in silico perfusion,17.9,0.780165664815718
brain ECF,135713,in silico perfusion,18,0.771418122470084
brain ECF,135713,in silico perfusion,18.1,0.762768663168014
brain ECF,135713,in silico perfusion,18.2,0.754216187592745
brain ECF,135713,in silico perfusion,18.3,0.745759607966491
brain ECF,135713,in silico perfusion,18.4,0.737397848921314
brain ECF,135713,in silico perfusion,18.5,0.729129847156291
brain ECF,135713,in silico perfusion,18.6,0.720954551302623
brain ECF,135713,in silico perfusion,18.7,0.712870921973687
brain ECF,135713,in silico perfusion,18.8,0.704877931026408
brain ECF,135713,in silico perfusion,18.9,0.696974561888985
brain ECF,135713,in silico perfusion,19,0.689159809278549
brain ECF,135713,in silico perfusion,19.1,0.681432679730644
brain ECF,135713,in silico perfusion,19.2,0.673792191259235
brain ECF,135713,in silico perfusion,19.3,0.666237371604583
brain ECF,135713,in silico perfusion,19.4,0.658767259847598
brain ECF,135713,in silico perfusion,19.5,0.651380905741258
brain ECF,135713,in silico perfusion,19.6,0.644077370970505
brain ECF,135713,in silico perfusion,19.7,0.636855726926496
brain ECF,135713,in silico perfusion,19.8,0.629715054910812
brain ECF,135713,in silico perfusion,19.9,0.622654446872167
brain ECF,135713,in silico perfusion,20,0.615673004906128
brain ECF,135713,in silico perfusion,20.1,0.608769842605958
brain ECF,135713,in silico perfusion,20.2,0.601944081774949
brain ECF,135713,in silico perfusion,20.3,0.595194854624921
brain ECF,135713,in silico perfusion,20.4,0.588521303138307
brain ECF,135713,in silico perfusion,20.5,0.58192257891332
brain ECF,135713,in silico perfusion,20.6,0.575397842564496
brain ECF,135713,in silico perfusion,20.7,0.568946264467541
brain ECF,135713,in silico perfusion,20.8,0.562567024252278
brain ECF,135713,in silico perfusion,20.9,0.556259310564842
brain ECF,135713,in silico perfusion,21,0.550022321033381
brain ECF,135713,in silico perfusion,21.1,0.543855263285886
brain ECF,135713,in silico perfusion,21.2,0.537757353400174
brain ECF,135713,in silico perfusion,21.3,0.531727815340327
brain ECF,135713,in silico perfusion,21.4,0.525765882173253
brain ECF,135713,in silico perfusion,21.5,0.519870795472215
brain ECF,135713,in silico perfusion,21.6,0.514041806253808
brain ECF,135713,in silico perfusion,21.7,0.508278174573745
brain ECF,135713,in silico perfusion,21.8,0.502579166759134
brain ECF,135713,in silico perfusion,21.9,0.496944058268286
brain ECF,135713,in silico perfusion,22,0.49137213268944
brain ECF,135713,in silico perfusion,22.1,0.485862681670753
brain ECF,135713,in silico perfusion,22.2,0.480415004877853
brain ECF,135713,in silico perfusion,22.3,0.475028409690105
brain ECF,135713,in silico perfusion,22.4,0.469702211286702
brain ECF,135713,in silico perfusion,22.5,0.464435732498649
brain ECF,135713,in silico perfusion,22.6,0.459228303720045
brain ECF,135713,in silico perfusion,22.7,0.4540792629226
brain ECF,135713,in silico perfusion,22.8,0.448987955289999
brain ECF,135713,in silico perfusion,22.9,0.443953733335861
brain ECF,135713,in silico perfusion,23,0.438975956750482
brain ECF,135713,in silico perfusion,23.1,0.434053992304843
brain ECF,135713,in silico perfusion,23.2,0.429187215512541
brain ECF,135713,in silico perfusion,23.3,0.424375006947679
brain ECF,135713,in silico perfusion,23.4,0.419616754521982
brain ECF,135713,in silico perfusion,23.5,0.414911853085299
brain ECF,135713,in silico perfusion,23.6,0.41025970421511
brain ECF,135713,in silico perfusion,23.7,0.405659717298031
brain ECF,135713,in silico perfusion,23.8,0.401111307449756
brain ECF,135713,in silico perfusion,23.9,0.396613896060054
brain ECF,135713,in silico perfusion,24,0.392166911284587
brain ECF,135713,in silico perfusion,24.1,0.387769787665379
brain ECF,135713,in silico perfusion,24.2,0.383421966164053
brain ECF,135713,in silico perfusion,24.3,0.3791228944676
brain ECF,135713,in silico perfusion,24.4,0.374872025668094
brain ECF,135713,in silico perfusion,24.5,0.370668819259677
brain ECF,135713,in silico perfusion,24.6,0.3665127407605
brain ECF,135713,in silico perfusion,24.7,0.362403261635665
brain ECF,135713,in silico perfusion,24.8,0.358339859400808
brain ECF,135713,in silico perfusion,24.9,0.354322017464909
brain ECF,135713,in silico perfusion,25,0.350349224945937
brain ECF,1810,in silico PAMPA,0,0
brain ECF,1810,in silico PAMPA,0.1,0.400950750015479
brain ECF,1810,in silico PAMPA,0.2,0.84845741592529
brain ECF,1810,in silico PAMPA,0.3,1.29014727802206
brain ECF,1810,in silico PAMPA,0.4,1.71077752421165
brain ECF,1810,in silico PAMPA,0.5,2.10303343071777
brain ECF,1810,in silico PAMPA,0.6,2.46390194079821
brain ECF,1810,in silico PAMPA,0.7,2.79277997126168
brain ECF,1810,in silico PAMPA,0.8,3.0904210280861
brain ECF,1810,in silico PAMPA,0.9,3.35832137541151
brain ECF,1810,in silico PAMPA,1,3.5983530711377
brain ECF,1810,in silico PAMPA,1.1,3.81254270153178
brain ECF,1810,in silico PAMPA,1.2,4.00293884925424
brain ECF,1810,in silico PAMPA,1.3,4.17153452107996
brain ECF,1810,in silico PAMPA,1.4,4.32022385433444
brain ECF,1810,in silico PAMPA,1.5,4.4507801620229
brain ECF,1810,in silico PAMPA,1.6,4.56484713624358
brain ECF,1810,in silico PAMPA,1.7,4.66393804426479
brain ECF,1810,in silico PAMPA,1.8,4.74943960603761
brain ECF,1810,in silico PAMPA,1.9,4.82261849654567
brain ECF,1810,in silico PAMPA,2,4.88462915529863
brain ECF,1810,in silico PAMPA,2.1,4.93652210477874
brain ECF,1810,in silico PAMPA,2.2,4.97925228853908
brain ECF,1810,in silico PAMPA,2.3,5.01368713651651
brain ECF,1810,in silico PAMPA,2.4,5.04061421032853
brain ECF,1810,in silico PAMPA,2.5,5.06074833434285
brain ECF,1810,in silico PAMPA,2.6,5.07473819318343
brain ECF,1810,in silico PAMPA,2.7,5.08317240317065
brain ECF,1810,in silico PAMPA,2.8,5.08658505883771
brain ECF,1810,in silico PAMPA,2.9,5.08546079257073
brain ECF,1810,in silico PAMPA,3,5.08023938151713
brain ECF,1810,in silico PAMPA,3.1,5.07131993553958
brain ECF,1810,in silico PAMPA,3.2,5.05906470107392
brain ECF,1810,in silico PAMPA,3.3,5.04380249909413
brain ECF,1810,in silico PAMPA,3.4,5.02583185689908
brain ECF,1810,in silico PAMPA,3.5,5.00542383759171
brain ECF,1810,in silico PAMPA,3.6,4.98282460956535
brain ECF,1810,in silico PAMPA,3.7,4.95825776740475
brain ECF,1810,in silico PAMPA,3.8,4.93192643755231
brain ECF,1810,in silico PAMPA,3.9,4.90401518608054
brain ECF,1810,in silico PAMPA,4,4.87469174816571
brain ECF,1810,in silico PAMPA,4.1,4.8441085908254
brain ECF,1810,in silico PAMPA,4.2,4.81240433121174
brain ECF,1810,in silico PAMPA,4.3,4.77970501715105
brain ECF,1810,in silico PAMPA,4.4,4.74612529204478
brain ECF,1810,in silico PAMPA,4.5,4.71176944933004
brain ECF,1810,in silico PAMPA,4.6,4.67673238717044
brain ECF,1810,in silico PAMPA,4.7,4.64110046930565
brain ECF,1810,in silico PAMPA,4.8,4.60495231133646
brain ECF,1810,in silico PAMPA,4.9,4.56835948982226
brain ECF,1810,in silico PAMPA,5,4.53138718479758
brain ECF,1810,in silico PAMPA,5.1,4.49409476440611
brain ECF,1810,in silico PAMPA,5.2,4.4565363148364
brain ECF,1810,in silico PAMPA,5.3,4.41876111576555
brain ECF,1810,in silico PAMPA,5.4,4.38081407590747
brain ECF,1810,in silico PAMPA,5.5,4.34273612798232
brain ECF,1810,in silico PAMPA,5.6,4.30456458470143
brain ECF,1810,in silico PAMPA,5.7,4.26633346485753
brain ECF,1810,in silico PAMPA,5.8,4.22807378693639
brain ECF,1810,in silico PAMPA,5.9,4.18981383421906
brain ECF,1810,in silico PAMPA,6,4.15157939694359
brain ECF,1810,in silico PAMPA,6.1,4.11339399312071
brain ECF,1810,in silico PAMPA,6.2,4.07527906802727
brain ECF,1810,in silico PAMPA,6.3,4.037254174366
brain ECF,1810,in silico PAMPA,6.4,3.99933713874179
brain ECF,1810,in silico PAMPA,6.5,3.96154421020784
brain ECF,1810,in silico PAMPA,6.6,3.92389019572482
brain ECF,1810,in silico PAMPA,6.7,3.88638858287107
brain ECF,1810,in silico PAMPA,6.8,3.84905165321201
brain ECF,1810,in silico PAMPA,6.9,3.81189058464048
brain ECF,1810,in silico PAMPA,7,3.77491554334304
brain ECF,1810,in silico PAMPA,7.1,3.73813576977599
brain ECF,1810,in silico PAMPA,7.2,3.70155965534306
brain ECF,1810,in silico PAMPA,7.3,3.66519481179707
brain ECF,1810,in silico PAMPA,7.4,3.62904813483418
brain ECF,1810,in silico PAMPA,7.5,3.59312586320442
brain ECF,1810,in silico PAMPA,7.6,3.55743363137005
brain ECF,1810,in silico PAMPA,7.7,3.52197651822743
brain ECF,1810,in silico PAMPA,7.8,3.48675909116416
brain ECF,1810,in silico PAMPA,7.9,3.45178544623673
brain ECF,1810,in silico PAMPA,8,3.41705924603584
brain ECF,1810,in silico PAMPA,8.1,3.38258375439583
brain ECF,1810,in silico PAMPA,8.2,3.34836186384747
brain ECF,1810,in silico PAMPA,8.3,3.31439612553356
brain ECF,1810,in silico PAMPA,8.4,3.28068877606737
brain ECF,1810,in silico PAMPA,8.5,3.24724176023857
brain ECF,1810,in silico PAMPA,8.6,3.21405675287095
brain ECF,1810,in silico PAMPA,8.7,3.1811351788798
brain ECF,1810,in silico PAMPA,8.8,3.14847823208688
brain ECF,1810,in silico PAMPA,8.9,3.11608689203253
brain ECF,1810,in silico PAMPA,9,3.08396193788364
brain ECF,1810,in silico PAMPA,9.1,3.05210396685653
brain ECF,1810,in silico PAMPA,9.2,3.02051340198321
brain ECF,1810,in silico PAMPA,9.3,2.98919050681494
brain ECF,1810,in silico PAMPA,9.4,2.95813539792545
brain ECF,1810,in silico PAMPA,9.5,2.92734805209252
brain ECF,1810,in silico PAMPA,9.6,2.89682831877601
brain ECF,1810,in silico PAMPA,9.7,2.86657592790742
brain ECF,1810,in silico PAMPA,9.8,2.83659049717056
brain ECF,1810,in silico PAMPA,9.9,2.80687154130401
brain ECF,1810,in silico PAMPA,10,2.7774184776809
brain ECF,1810,in silico PAMPA,10.1,2.74823063412584
brain ECF,1810,in silico PAMPA,10.2,2.71930725447673
brain ECF,1810,in silico PAMPA,10.3,2.69064750340702
brain ECF,1810,in silico PAMPA,10.4,2.66225047345957
brain ECF,1810,in silico PAMPA,10.5,2.6341151870643
brain ECF,1810,in silico PAMPA,10.6,2.60624060500711
brain ECF,1810,in silico PAMPA,10.7,2.57862562651609
brain ECF,1810,in silico PAMPA,10.8,2.55126909759903
brain ECF,1810,in silico PAMPA,10.9,2.52416981067938
brain ECF,1810,in silico PAMPA,11,2.49732651209547
brain ECF,1810,in silico PAMPA,11.1,2.4707379015859
brain ECF,1810,in silico PAMPA,11.2,2.44440263858565
brain ECF,1810,in silico PAMPA,11.3,2.41831934207415
brain ECF,1810,in silico PAMPA,11.4,2.39248659781192
brain ECF,1810,in silico PAMPA,11.5,2.36690295444268
brain ECF,1810,in silico PAMPA,11.6,2.34156693358641
brain ECF,1810,in silico PAMPA,11.7,2.31647702506667
brain ECF,1810,in silico PAMPA,11.8,2.29163169316822
brain ECF,1810,in silico PAMPA,11.9,2.26702937813215
brain ECF,1810,in silico PAMPA,12,2.2426684956594
brain ECF,1810,in silico PAMPA,12.1,2.21854744289424
brain ECF,1810,in silico PAMPA,12.2,2.19466459548857
brain ECF,1810,in silico PAMPA,12.3,2.17101831382521
brain ECF,1810,in silico PAMPA,12.4,2.14760694060153
brain ECF,1810,in silico PAMPA,12.5,2.12442880511479
brain ECF,1810,in silico PAMPA,12.6,2.10148222340555
brain ECF,1810,in silico PAMPA,12.7,2.07876549898995
brain ECF,1810,in silico PAMPA,12.8,2.0562769259753
brain ECF,1810,in silico PAMPA,12.9,2.03401478686455
brain ECF,1810,in silico PAMPA,13,2.01197735885108
brain ECF,1810,in silico PAMPA,13.1,1.99016291109306
brain ECF,1810,in silico PAMPA,13.2,1.96856970399724
brain ECF,1810,in silico PAMPA,13.3,1.94719599676459
brain ECF,1810,in silico PAMPA,13.4,1.92604004280198
brain ECF,1810,in silico PAMPA,13.5,1.90510008939448
brain ECF,1810,in silico PAMPA,13.6,1.88437438524557
brain ECF,1810,in silico PAMPA,13.7,1.86386117554319
brain ECF,1810,in silico PAMPA,13.8,1.84355870260193
brain ECF,1810,in silico PAMPA,13.9,1.82346521126045
brain ECF,1810,in silico PAMPA,14,1.80357894533141
brain ECF,1810,in silico PAMPA,14.1,1.7838981485742
brain ECF,1810,in silico PAMPA,14.2,1.76442106834671
brain ECF,1810,in silico PAMPA,14.3,1.74514595305105
brain ECF,1810,in silico PAMPA,14.4,1.72607105313918
brain ECF,1810,in silico PAMPA,14.5,1.70719462404744
brain ECF,1810,in silico PAMPA,14.6,1.68851492378676
brain ECF,1810,in silico PAMPA,14.7,1.6700302141305
brain ECF,1810,in silico PAMPA,14.8,1.65173876308025
brain ECF,1810,in silico PAMPA,14.9,1.63363884173301
brain ECF,1810,in silico PAMPA,15,1.61572872703461
brain ECF,1810,in silico PAMPA,15.1,1.59800670382686
brain ECF,1810,in silico PAMPA,15.2,1.5804710629773
brain ECF,1810,in silico PAMPA,15.3,1.56312009921155
brain ECF,1810,in silico PAMPA,15.4,1.54595211477753
brain ECF,1810,in silico PAMPA,15.5,1.52896542231782
brain ECF,1810,in silico PAMPA,15.6,1.51215834127577
brain ECF,1810,in silico PAMPA,15.7,1.49552919564856
brain ECF,1810,in silico PAMPA,15.8,1.47907631819625
brain ECF,1810,in silico PAMPA,15.9,1.46279805331966
brain ECF,1810,in silico PAMPA,16,1.44669275294574
brain ECF,1810,in silico PAMPA,16.1,1.43075877514659
brain ECF,1810,in silico PAMPA,16.2,1.41499448760624
brain ECF,1810,in silico PAMPA,16.3,1.39939826970017
brain ECF,1810,in silico PAMPA,16.4,1.38396850936113
brain ECF,1810,in silico PAMPA,16.5,1.36870360217711
brain ECF,1810,in silico PAMPA,16.6,1.35360195399799
brain ECF,1810,in silico PAMPA,16.7,1.33866198231092
brain ECF,1810,in silico PAMPA,16.8,1.32388211410873
brain ECF,1810,in silico PAMPA,16.9,1.30926078489208
brain ECF,1810,in silico PAMPA,17,1.29479644098966
brain ECF,1810,in silico PAMPA,17.1,1.28048754061107
brain ECF,1810,in silico PAMPA,17.2,1.26633255206682
brain ECF,1810,in silico PAMPA,17.3,1.25232995261833
brain ECF,1810,in silico PAMPA,17.4,1.2384782307983
brain ECF,1810,in silico PAMPA,17.5,1.22477588728679
brain ECF,1810,in silico PAMPA,17.6,1.21122143319482
brain ECF,1810,in silico PAMPA,17.7,1.1978133882961
brain ECF,1810,in silico PAMPA,17.8,1.18455028464218
brain ECF,1810,in silico PAMPA,17.9,1.17143066684588
brain ECF,1810,in silico PAMPA,18,1.15845308998293
brain ECF,1810,in silico PAMPA,18.1,1.14561612056316
brain ECF,1810,in silico PAMPA,18.2,1.13291833228508
brain ECF,1810,in silico PAMPA,18.3,1.12035831347575
brain ECF,1810,in silico PAMPA,18.4,1.10793466448999
brain ECF,1810,in silico PAMPA,18.5,1.09564599625866
brain ECF,1810,in silico PAMPA,18.6,1.08349093124666
brain ECF,1810,in silico PAMPA,18.7,1.07146809858663
brain ECF,1810,in silico PAMPA,18.8,1.0595761436496
brain ECF,1810,in silico PAMPA,18.9,1.04781372247649
brain ECF,1810,in silico PAMPA,19,1.03617950204703
brain ECF,1810,in silico PAMPA,19.1,1.02467216080872
brain ECF,1810,in silico PAMPA,19.2,1.01329038431342
brain ECF,1810,in silico PAMPA,19.3,1.00203287455182
brain ECF,1810,in silico PAMPA,19.4,0.990898343155743
brain ECF,1810,in silico PAMPA,19.5,0.979885512998576
brain ECF,1810,in silico PAMPA,19.6,0.968993118099099
brain ECF,1810,in silico PAMPA,19.7,0.958219900911536
brain ECF,1810,in silico PAMPA,19.8,0.947564618745494
brain ECF,1810,in silico PAMPA,19.9,0.937026038746608
brain ECF,1810,in silico PAMPA,20,0.926602939216205
brain ECF,1810,in silico PAMPA,20.1,0.916294109244353
brain ECF,1810,in silico PAMPA,20.2,0.90609834710362
brain ECF,1810,in silico PAMPA,20.3,0.896014464774785
brain ECF,1810,in silico PAMPA,20.4,0.886041284185359
brain ECF,1810,in silico PAMPA,20.5,0.876177638202696
brain ECF,1810,in silico PAMPA,20.6,0.866422370094308
brain ECF,1810,in silico PAMPA,20.7,0.856774332716248
brain ECF,1810,in silico PAMPA,20.8,0.847232391753517
brain ECF,1810,in silico PAMPA,20.9,0.837795422777838
brain ECF,1810,in silico PAMPA,21,0.828462312028054
brain ECF,1810,in silico PAMPA,21.1,0.819231955714765
brain ECF,1810,in silico PAMPA,21.2,0.810103259966386
brain ECF,1810,in silico PAMPA,21.3,0.80107514294854
brain ECF,1810,in silico PAMPA,21.4,0.792146532567677
brain ECF,1810,in silico PAMPA,21.5,0.783316367103099
brain ECF,1810,in silico PAMPA,21.6,0.774583594991937
brain ECF,1810,in silico PAMPA,21.7,0.765947173116937
brain ECF,1810,in silico PAMPA,21.8,0.757406071000048
brain ECF,1810,in silico PAMPA,21.9,0.748959267318032
brain ECF,1810,in silico PAMPA,22,0.740605750776627
brain ECF,1810,in silico PAMPA,22.1,0.732344520056649
brain ECF,1810,in silico PAMPA,22.2,0.724174582506843
brain ECF,1810,in silico PAMPA,22.3,0.716094956456675
brain ECF,1810,in silico PAMPA,22.4,0.708104669917119
brain ECF,1810,in silico PAMPA,22.5,0.700202760382473
brain ECF,1810,in silico PAMPA,22.6,0.692388274956389
brain ECF,1810,in silico PAMPA,22.7,0.684660269844093
brain ECF,1810,in silico PAMPA,22.8,0.677017810704761
brain ECF,1810,in silico PAMPA,22.9,0.669459973102695
brain ECF,1810,in silico PAMPA,23,0.661985841650757
brain ECF,1810,in silico PAMPA,23.1,0.654594510208447
brain ECF,1810,in silico PAMPA,23.2,0.647285081698124
brain ECF,1810,in silico PAMPA,23.3,0.64005666777269
brain ECF,1810,in silico PAMPA,23.4,0.63290838971969
brain ECF,1810,in silico PAMPA,23.5,0.625839377537768
brain ECF,1810,in silico PAMPA,23.6,0.618848770109112
brain ECF,1810,in silico PAMPA,23.7,0.611935715131203
brain ECF,1810,in silico PAMPA,23.8,0.605099368611194
brain ECF,1810,in silico PAMPA,23.9,0.598338895737239
brain ECF,1810,in silico PAMPA,24,0.591653470122191
brain ECF,1810,in silico PAMPA,24.1,0.585042273882715
brain ECF,1810,in silico PAMPA,24.2,0.578504497581872
brain ECF,1810,in silico PAMPA,24.3,0.5720393399912
brain ECF,1810,in silico PAMPA,24.4,0.565646008270174
brain ECF,1810,in silico PAMPA,24.5,0.559323717878026
brain ECF,1810,in silico PAMPA,24.6,0.55307169236836
brain ECF,1810,in silico PAMPA,24.7,0.546889163373304
brain ECF,1810,in silico PAMPA,24.8,0.540775370523901
brain ECF,1810,in silico PAMPA,24.9,0.53472956135999
brain ECF,1810,in silico PAMPA,25,0.528750991290566
brain ECF,309.31443995948,optimized,0,0
brain ECF,309.31443995948,optimized,0.1,0.2592397258111
brain ECF,309.31443995948,optimized,0.2,0.52877815370963
brain ECF,309.31443995948,optimized,0.3,0.733104521736492
brain ECF,309.31443995948,optimized,0.4,0.887746047144606
brain ECF,309.31443995948,optimized,0.5,1.00565418959594
brain ECF,309.31443995948,optimized,0.6,1.09662533715302
brain ECF,309.31443995948,optimized,0.7,1.16795022166326
brain ECF,309.31443995948,optimized,0.8,1.2249922596365
brain ECF,309.31443995948,optimized,0.9,1.27166095264639
brain ECF,309.31443995948,optimized,1,1.3107851193097
brain ECF,309.31443995948,optimized,1.1,1.34439961538301
brain ECF,309.31443995948,optimized,1.2,1.37396141826447
brain ECF,309.31443995948,optimized,1.3,1.40051011244885
brain ECF,309.31443995948,optimized,1.4,1.4247856997392
brain ECF,309.31443995948,optimized,1.5,1.44731427743924
brain ECF,309.31443995948,optimized,1.6,1.46846988059503
brain ECF,309.31443995948,optimized,1.7,1.48851881293076
brain ECF,309.31443995948,optimized,1.8,1.50765128060407
brain ECF,309.31443995948,optimized,1.9,1.52600384091693
brain ECF,309.31443995948,optimized,2,1.54367527989956
brain ECF,309.31443995948,optimized,2.1,1.56073781740894
brain ECF,309.31443995948,optimized,2.2,1.57724496575238
brain ECF,309.31443995948,optimized,2.3,1.5932370588463
brain ECF,309.31443995948,optimized,2.4,1.60874512797524
brain ECF,309.31443995948,optimized,2.5,1.6237935934037
brain ECF,309.31443995948,optimized,2.6,1.63840216512643
brain ECF,309.31443995948,optimized,2.7,1.65258717263273
brain ECF,309.31443995948,optimized,2.8,1.66636248627148
brain ECF,309.31443995948,optimized,2.9,1.67974016754505
brain ECF,309.31443995948,optimized,3,1.69273093072593
brain ECF,309.31443995948,optimized,3.1,1.70534446605762
brain ECF,309.31443995948,optimized,3.2,1.717589670763
brain ECF,309.31443995948,optimized,3.3,1.72947481255209
brain ECF,309.31443995948,optimized,3.4,1.74100765132665
brain ECF,309.31443995948,optimized,3.5,1.75219552674574
brain ECF,309.31443995948,optimized,3.6,1.76304542368964
brain ECF,309.31443995948,optimized,3.7,1.77356402152785
brain ECF,309.31443995948,optimized,3.8,1.78375773208122
brain ECF,309.31443995948,optimized,3.9,1.79363273068031
brain ECF,309.31443995948,optimized,4,1.80319497976421
brain ECF,309.31443995948,optimized,4.1,1.81245024888645
brain ECF,309.31443995948,optimized,4.2,1.82140413072421
brain ECF,309.31443995948,optimized,4.3,1.83006205512365
brain ECF,309.31443995948,optimized,4.4,1.83842930174704
brain ECF,309.31443995948,optimized,4.5,1.84651101001919
brain ECF,309.31443995948,optimized,4.6,1.85431218860112
brain ECF,309.31443995948,optimized,4.7,1.86183772325153
brain ECF,309.31443995948,optimized,4.8,1.86909238397179
brain ECF,309.31443995948,optimized,4.9,1.87608083218106
brain ECF,309.31443995948,optimized,5,1.88280762640855
brain ECF,309.31443995948,optimized,5.1,1.88927722757189
brain ECF,309.31443995948,optimized,5.2,1.89549400405568
brain ECF,309.31443995948,optimized,5.3,1.90146223574908
brain ECF,309.31443995948,optimized,5.4,1.90718611822823
brain ECF,309.31443995948,optimized,5.5,1.91266976696518
brain ECF,309.31443995948,optimized,5.6,1.91791722043865
brain ECF,309.31443995948,optimized,5.7,1.9229324431978
brain ECF,309.31443995948,optimized,5.8,1.92771932899355
brain ECF,309.31443995948,optimized,5.9,1.9322817031231
brain ECF,309.31443995948,optimized,6,1.93662332485222
brain ECF,309.31443995948,optimized,6.1,1.94074789003778
brain ECF,309.31443995948,optimized,6.2,1.94465903329608
brain ECF,309.31443995948,optimized,6.3,1.94836032961838
brain ECF,309.31443995948,optimized,6.4,1.95185529641953
brain ECF,309.31443995948,optimized,6.5,1.95514739521505
brain ECF,309.31443995948,optimized,6.6,1.95824003298106
brain ECF,309.31443995948,optimized,6.7,1.96113656364889
brain ECF,309.31443995948,optimized,6.8,1.96384028970305
brain ECF,309.31443995948,optimized,6.9,1.96635446361151
brain ECF,309.31443995948,optimized,7,1.96868228877133
brain ECF,309.31443995948,optimized,7.1,1.97082692059913
brain ECF,309.31443995948,optimized,7.2,1.9727914679041
brain ECF,309.31443995948,optimized,7.3,1.97457899371068
brain ECF,309.31443995948,optimized,7.4,1.97619251605598
brain ECF,309.31443995948,optimized,7.5,1.9776350090684
brain ECF,309.31443995948,optimized,7.6,1.97890940392188
brain ECF,309.31443995948,optimized,7.7,1.98001858980421
brain ECF,309.31443995948,optimized,7.8,1.98096541446916
brain ECF,309.31443995948,optimized,7.9,1.9817526848959
brain ECF,309.31443995948,optimized,8,1.98238316830599
brain ECF,309.31443995948,optimized,8.1,1.98285959270352
brain ECF,309.31443995948,optimized,8.2,1.98318464753997
brain ECF,309.31443995948,optimized,8.3,1.98336098417115
brain ECF,309.31443995948,optimized,8.4,1.98339121671088
brain ECF,309.31443995948,optimized,8.5,1.98327792260601
brain ECF,309.31443995948,optimized,8.6,1.98302364335611
brain ECF,309.31443995948,optimized,8.7,1.98263088484712
brain ECF,309.31443995948,optimized,8.8,1.98210211792368
brain ECF,309.31443995948,optimized,8.9,1.98143977886579
brain ECF,309.31443995948,optimized,9,1.98064627012923
brain ECF,309.31443995948,optimized,9.1,1.97972396063499
brain ECF,309.31443995948,optimized,9.2,1.97867518630356
brain ECF,309.31443995948,optimized,9.3,1.97750225039136
brain ECF,309.31443995948,optimized,9.4,1.97620742409936
brain ECF,309.31443995948,optimized,9.5,1.9747929470586
brain ECF,309.31443995948,optimized,9.6,1.97326102775746
brain ECF,309.31443995948,optimized,9.7,1.9716138440282
brain ECF,309.31443995948,optimized,9.8,1.96985354328079
brain ECF,309.31443995948,optimized,9.9,1.9679822430175
brain ECF,309.31443995948,optimized,10,1.96600203114134
brain ECF,309.31443995948,optimized,10.1,1.96391496654966
brain ECF,309.31443995948,optimized,10.2,1.96172307942909
brain ECF,309.31443995948,optimized,10.3,1.95942837151578
brain ECF,309.31443995948,optimized,10.4,1.95703281665328
brain ECF,309.31443995948,optimized,10.5,1.95453836091406
brain ECF,309.31443995948,optimized,10.6,1.95194692317385
brain ECF,309.31443995948,optimized,10.7,1.94926039547002
brain ECF,309.31443995948,optimized,10.8,1.94648064328935
brain ECF,309.31443995948,optimized,10.9,1.94360950598082
brain ECF,309.31443995948,optimized,11,1.94064879707442
brain ECF,309.31443995948,optimized,11.1,1.93760030448245
brain ECF,309.31443995948,optimized,11.2,1.93446579097693
brain ECF,309.31443995948,optimized,11.3,1.93124699437494
brain ECF,309.31443995948,optimized,11.4,1.92794562800694
brain ECF,309.31443995948,optimized,11.5,1.92456338102721
brain ECF,309.31443995948,optimized,11.6,1.92110191866601
brain ECF,309.31443995948,optimized,11.7,1.91756288241707
brain ECF,309.31443995948,optimized,11.8,1.91394789058091
brain ECF,309.31443995948,optimized,11.9,1.91025853836279
brain ECF,309.31443995948,optimized,12,1.90649639819721
brain ECF,309.31443995948,optimized,12.1,1.90266302015477
brain ECF,309.31443995948,optimized,12.2,1.89875993217674
brain ECF,309.31443995948,optimized,12.3,1.89478864036118
brain ECF,309.31443995948,optimized,12.4,1.89075062918665
brain ECF,309.31443995948,optimized,12.5,1.88664736193034
brain ECF,309.31443995948,optimized,12.6,1.88248028074264
brain ECF,309.31443995948,optimized,12.7,1.87825080700992
brain ECF,309.31443995948,optimized,12.8,1.87396034163985
brain ECF,309.31443995948,optimized,12.9,1.86961026520612
brain ECF,309.31443995948,optimized,13,1.8652019384091
brain ECF,309.31443995948,optimized,13.1,1.86073670218514
brain ECF,309.31443995948,optimized,13.2,1.85621587799703
brain ECF,309.31443995948,optimized,13.3,1.8516407681596
brain ECF,309.31443995948,optimized,13.4,1.84701265590395
brain ECF,309.31443995948,optimized,13.5,1.84233280565403
brain ECF,309.31443995948,optimized,13.6,1.83760246353051
brain ECF,309.31443995948,optimized,13.7,1.83282285722926
brain ECF,309.31443995948,optimized,13.8,1.82799519638321
brain ECF,309.31443995948,optimized,13.9,1.82312067296374
brain ECF,309.31443995948,optimized,14,1.81820046127945
brain ECF,309.31443995948,optimized,14.1,1.81323571831147
brain ECF,309.31443995948,optimized,14.2,1.80822758399811
brain ECF,309.31443995948,optimized,14.3,1.80317718125515
brain ECF,309.31443995948,optimized,14.4,1.79808561636146
brain ECF,309.31443995948,optimized,14.5,1.79295397922182
brain ECF,309.31443995948,optimized,14.6,1.78778334328846
brain ECF,309.31443995948,optimized,14.7,1.78257476604721
brain ECF,309.31443995948,optimized,14.8,1.77732928920976
brain ECF,309.31443995948,optimized,14.9,1.77204793857246
brain ECF,309.31443995948,optimized,15,1.7667317247241
brain ECF,309.31443995948,optimized,15.1,1.76138164304034
brain ECF,309.31443995948,optimized,15.2,1.75599867386935
brain ECF,309.31443995948,optimized,15.3,1.75058378231489
brain ECF,309.31443995948,optimized,15.4,1.74513791923134
brain ECF,309.31443995948,optimized,15.5,1.73966202102319
brain ECF,309.31443995948,optimized,15.6,1.7341570098391
brain ECF,309.31443995948,optimized,15.7,1.72862379306869
brain ECF,309.31443995948,optimized,15.8,1.72306326486055
brain ECF,309.31443995948,optimized,15.9,1.71747630558229
brain ECF,309.31443995948,optimized,16,1.7118637820477
brain ECF,309.31443995948,optimized,16.1,1.70622654705593
brain ECF,309.31443995948,optimized,16.2,1.70056544086271
brain ECF,309.31443995948,optimized,16.3,1.69488129060379
brain ECF,309.31443995948,optimized,16.4,1.68917491055713
brain ECF,309.31443995948,optimized,16.5,1.68344710177626
brain ECF,309.31443995948,optimized,16.6,1.67769865336434
brain ECF,309.31443995948,optimized,16.7,1.67193034196502
brain ECF,309.31443995948,optimized,16.8,1.66614293204085
brain ECF,309.31443995948,optimized,16.9,1.66033717545282
brain ECF,309.31443995948,optimized,17,1.65451381280581
brain ECF,309.31443995948,optimized,17.1,1.64867357284572
brain ECF,309.31443995948,optimized,17.2,1.64281717277194
brain ECF,309.31443995948,optimized,17.3,1.63694531777118
brain ECF,309.31443995948,optimized,17.4,1.63105870243574
brain ECF,309.31443995948,optimized,17.5,1.62515801006403
brain ECF,309.31443995948,optimized,17.6,1.61924391300893
brain ECF,309.31443995948,optimized,17.7,1.61331707198507
brain ECF,309.31443995948,optimized,17.8,1.60737813808058
brain ECF,309.31443995948,optimized,17.9,1.60142775151129
brain ECF,309.31443995948,optimized,18,1.59546654213828
brain ECF,309.31443995948,optimized,18.1,1.589495129516
brain ECF,309.31443995948,optimized,18.2,1.58351412194658
brain ECF,309.31443995948,optimized,18.3,1.5775241193273
brain ECF,309.31443995948,optimized,18.4,1.57152571116518
brain ECF,309.31443995948,optimized,18.5,1.56551947729105
brain ECF,309.31443995948,optimized,18.6,1.55950598776276
brain ECF,309.31443995948,optimized,18.7,1.55348580222227
brain ECF,309.31443995948,optimized,18.8,1.54745947247514
brain ECF,309.31443995948,optimized,18.9,1.54142754057997
brain ECF,309.31443995948,optimized,19,1.53539053954723
brain ECF,309.31443995948,optimized,19.1,1.5293489931073
brain ECF,309.31443995948,optimized,19.2,1.52330341549903
brain ECF,309.31443995948,optimized,19.3,1.51725431347314
brain ECF,309.31443995948,optimized,19.4,1.51120218469869
brain ECF,309.31443995948,optimized,19.5,1.50514751838282
brain ECF,309.31443995948,optimized,19.6,1.49909079494109
brain ECF,309.31443995948,optimized,19.7,1.49303248622001
brain ECF,309.31443995948,optimized,19.8,1.48697305680686
brain ECF,309.31443995948,optimized,19.9,1.48091296287505
brain ECF,309.31443995948,optimized,20,1.47485265268997
brain ECF,309.31443995948,optimized,20.1,1.46879256620674
brain ECF,309.31443995948,optimized,20.2,1.46273313565949
brain ECF,309.31443995948,optimized,20.3,1.45667478625145
brain ECF,309.31443995948,optimized,20.4,1.45061793540546
brain ECF,309.31443995948,optimized,20.5,1.44456299316302
brain ECF,309.31443995948,optimized,20.6,1.43851036166372
brain ECF,309.31443995948,optimized,20.7,1.43246043612035
brain ECF,309.31443995948,optimized,20.8,1.42641360499071
brain ECF,309.31443995948,optimized,20.9,1.42037024951903
brain ECF,309.31443995948,optimized,21,1.41433074406343
brain ECF,309.31443995948,optimized,21.1,1.40829545533362
brain ECF,309.31443995948,optimized,21.2,1.40226474403256
brain ECF,309.31443995948,optimized,21.3,1.39623896434793
brain ECF,309.31443995948,optimized,21.4,1.39021846376747
brain ECF,309.31443995948,optimized,21.5,1.38420358336329
brain ECF,309.31443995948,optimized,21.6,1.37819465725576
brain ECF,309.31443995948,optimized,21.7,1.37219201312446
brain ECF,309.31443995948,optimized,21.8,1.36619597345186
brain ECF,309.31443995948,optimized,21.9,1.360206854172
brain ECF,309.31443995948,optimized,22,1.35422496522715
brain ECF,309.31443995948,optimized,22.1,1.34825061045099
brain ECF,309.31443995948,optimized,22.2,1.34228408688933
brain ECF,309.31443995948,optimized,22.3,1.33632568729379
brain ECF,309.31443995948,optimized,22.4,1.33037569816772
brain ECF,309.31443995948,optimized,22.5,1.32443440042249
brain ECF,309.31443995948,optimized,22.6,1.31850206946738
brain ECF,309.31443995948,optimized,22.7,1.3125789742086
brain ECF,309.31443995948,optimized,22.8,1.30666537940234
brain ECF,309.31443995948,optimized,22.9,1.30076154420648
brain ECF,309.31443995948,optimized,23,1.29486772249947
brain ECF,309.31443995948,optimized,23.1,1.28898416303349
brain ECF,309.31443995948,optimized,23.2,1.28311110884118
brain ECF,309.31443995948,optimized,23.3,1.2772487982373
brain ECF,309.31443995948,optimized,23.4,1.27139746503535
brain ECF,309.31443995948,optimized,23.5,1.26555733792706
brain ECF,309.31443995948,optimized,23.6,1.25972864082833
brain ECF,309.31443995948,optimized,23.7,1.25391159263549
brain ECF,309.31443995948,optimized,23.8,1.24810640713597
brain ECF,309.31443995948,optimized,23.9,1.24231329449216
brain ECF,309.31443995948,optimized,24,1.23653245994223
brain ECF,309.31443995948,optimized,24.1,1.23076410427639
brain ECF,309.31443995948,optimized,24.2,1.22500842386135
brain ECF,309.31443995948,optimized,24.3,1.21926560979988
brain ECF,309.31443995948,optimized,24.4,1.21353585018466
brain ECF,309.31443995948,optimized,24.5,1.20781932843726
brain ECF,309.31443995948,optimized,24.6,1.2021162238407
brain ECF,309.31443995948,optimized,24.7,1.19642671160844
brain ECF,309.31443995948,optimized,24.8,1.19075096265325
brain ECF,309.31443995948,optimized,24.9,1.18508914393765
brain ECF,309.31443995948,optimized,25,1.17944141851709
brain ECF,10000000000,perfusion-limited,0,0
brain ECF,10000000000,perfusion-limited,0.1,6.50793492832383
brain ECF,10000000000,perfusion-limited,0.2,10.4895743381842
brain ECF,10000000000,perfusion-limited,0.3,12.6344446222348
brain ECF,10000000000,perfusion-limited,0.4,13.6299208512447
brain ECF,10000000000,perfusion-limited,0.5,13.9171097633322
brain ECF,10000000000,perfusion-limited,0.6,13.7781043566416
brain ECF,10000000000,perfusion-limited,0.7,13.3924148598041
brain ECF,10000000000,perfusion-limited,0.8,12.8734564565354
brain ECF,10000000000,perfusion-limited,0.9,12.2921339738576
brain ECF,10000000000,perfusion-limited,1,11.6920792849708
brain ECF,10000000000,perfusion-limited,1.1,11.099489332702
brain ECF,10000000000,perfusion-limited,1.2,10.529472122808
brain ECF,10000000000,perfusion-limited,1.3,9.99013519294556
brain ECF,10000000000,perfusion-limited,1.4,9.48521438531441
brain ECF,10000000000,perfusion-limited,1.5,9.0157601239883
brain ECF,10000000000,perfusion-limited,1.6,8.58121491540984
brain ECF,10000000000,perfusion-limited,1.7,8.18009825071302
brain ECF,10000000000,perfusion-limited,1.8,7.81043865317795
brain ECF,10000000000,perfusion-limited,1.9,7.47004325231008
brain ECF,10000000000,perfusion-limited,2,7.15666281744042
brain ECF,10000000000,perfusion-limited,2.1,6.86809063231144
brain ECF,10000000000,perfusion-limited,2.2,6.60221866707741
brain ECF,10000000000,perfusion-limited,2.3,6.35706724150518
brain ECF,10000000000,perfusion-limited,2.4,6.1307982622454
brain ECF,10000000000,perfusion-limited,2.5,5.92171796121
brain ECF,10000000000,perfusion-limited,2.6,5.72827376889579
brain ECF,10000000000,perfusion-limited,2.7,5.54904779633884
brain ECF,10000000000,perfusion-limited,2.8,5.38274843392422
brain ECF,10000000000,perfusion-limited,2.9,5.22820117874758
brain ECF,10000000000,perfusion-limited,3,5.08433938584132
brain ECF,10000000000,perfusion-limited,3.1,4.9501952065516
brain ECF,10000000000,perfusion-limited,3.2,4.82489096863675
brain ECF,10000000000,perfusion-limited,3.3,4.70763108641543
brain ECF,10000000000,perfusion-limited,3.4,4.59769460338537
brain ECF,10000000000,perfusion-limited,3.5,4.49442829649872
brain ECF,10000000000,perfusion-limited,3.6,4.39724037934861
brain ECF,10000000000,perfusion-limited,3.7,4.30559473299297
brain ECF,10000000000,perfusion-limited,3.8,4.21900568147578
brain ECF,10000000000,perfusion-limited,3.9,4.13703323515691
brain ECF,10000000000,perfusion-limited,4,4.05927877716324
brain ECF,10000000000,perfusion-limited,4.1,3.98538113655835
brain ECF,10000000000,perfusion-limited,4.2,3.91501303831975
brain ECF,10000000000,perfusion-limited,4.3,3.84787789515011
brain ECF,10000000000,perfusion-limited,4.4,3.7837068982637
brain ECF,10000000000,perfusion-limited,4.5,3.7222563808864
brain ECF,10000000000,perfusion-limited,4.6,3.6633054336242
brain ECF,10000000000,perfusion-limited,4.7,3.60665373588019
brain ECF,10000000000,perfusion-limited,4.8,3.55211960154425
brain ECF,10000000000,perfusion-limited,4.9,3.49953822340946
brain ECF,10000000000,perfusion-limited,5,3.44876007153909
brain ECF,10000000000,perfusion-limited,5.1,3.39964943217791
brain ECF,10000000000,perfusion-limited,5.2,3.35208310838205
brain ECF,10000000000,perfusion-limited,5.3,3.30594922346993
brain ECF,10000000000,perfusion-limited,5.4,3.26114614967098
brain ECF,10000000000,perfusion-limited,5.5,3.21758154766019
brain ECF,10000000000,perfusion-limited,5.6,3.17517148366577
brain ECF,10000000000,perfusion-limited,5.7,3.13383962778536
brain ECF,10000000000,perfusion-limited,5.8,3.09351653993627
brain ECF,10000000000,perfusion-limited,5.9,3.05413901382213
brain ECF,10000000000,perfusion-limited,6,3.01564948573958
brain ECF,10000000000,perfusion-limited,6.1,2.9779955089116
brain ECF,10000000000,perfusion-limited,6.2,2.94112927191114
brain ECF,10000000000,perfusion-limited,6.3,2.90500715819497
brain ECF,10000000000,perfusion-limited,6.4,2.86958934720574
brain ECF,10000000000,perfusion-limited,6.5,2.83483946474677
brain ECF,10000000000,perfusion-limited,6.6,2.80072425021281
brain ECF,10000000000,perfusion-limited,6.7,2.76721326544316
brain ECF,10000000000,perfusion-limited,6.8,2.73427863484973
brain ECF,10000000000,perfusion-limited,6.9,2.70189480547537
brain ECF,10000000000,perfusion-limited,7,2.67003832937843
brain ECF,10000000000,perfusion-limited,7.1,2.63868766474713
brain ECF,10000000000,perfusion-limited,7.2,2.60782299459182
brain ECF,10000000000,perfusion-limited,7.3,2.57742607678168
brain ECF,10000000000,perfusion-limited,7.4,2.54748008506762
brain ECF,10000000000,perfusion-limited,7.5,2.51796948337463
brain ECF,10000000000,perfusion-limited,7.6,2.48887990748174
brain ECF,10000000000,perfusion-limited,7.7,2.46019805872461
brain ECF,10000000000,perfusion-limited,7.8,2.43191160599601
brain ECF,10000000000,perfusion-limited,7.9,2.40400909379911
brain ECF,10000000000,perfusion-limited,8,2.3764798620757
brain ECF,10000000000,perfusion-limited,8.1,2.34931397649099
brain ECF,10000000000,perfusion-limited,8.2,2.32250216005853
brain ECF,10000000000,perfusion-limited,8.3,2.29603573348026
brain ECF,10000000000,perfusion-limited,8.4,2.26990656349184
brain ECF,10000000000,perfusion-limited,8.5,2.24410701036169
brain ECF,10000000000,perfusion-limited,8.6,2.21862989225435
brain ECF,10000000000,perfusion-limited,8.7,2.19346843997165
brain ECF,10000000000,perfusion-limited,8.8,2.16861626015761
brain ECF,10000000000,perfusion-limited,8.9,2.14406730117402
brain ECF,10000000000,perfusion-limited,9,2.1198158237078
brain ECF,10000000000,perfusion-limited,9.1,2.09585638074567
brain ECF,10000000000,perfusion-limited,9.2,2.07218378162803
brain ECF,10000000000,perfusion-limited,9.3,2.04879307895743
brain ECF,10000000000,perfusion-limited,9.4,2.02567954188082
brain ECF,10000000000,perfusion-limited,9.5,2.00283864283598
brain ECF,10000000000,perfusion-limited,9.6,1.98026604402796
brain ECF,10000000000,perfusion-limited,9.7,1.95795757471151
brain ECF,10000000000,perfusion-limited,9.8,1.93590922528811
brain ECF,10000000000,perfusion-limited,9.9,1.91411712949499
brain ECF,10000000000,perfusion-limited,10,1.8925775535903
brain ECF,10000000000,perfusion-limited,10.1,1.87128688979487
brain ECF,10000000000,perfusion-limited,10.2,1.8502416385552
brain ECF,10000000000,perfusion-limited,10.3,1.82943841715995
brain ECF,10000000000,perfusion-limited,10.4,1.80887393195448
brain ECF,10000000000,perfusion-limited,10.5,1.78854498542591
brain ECF,10000000000,perfusion-limited,10.6,1.76844846142907
brain ECF,10000000000,perfusion-limited,10.7,1.74858132800216
brain ECF,10000000000,perfusion-limited,10.8,1.72894062417615
brain ECF,10000000000,perfusion-limited,10.9,1.70952346389674
brain ECF,10000000000,perfusion-limited,11,1.69032702378599
brain ECF,10000000000,perfusion-limited,11.1,1.67134854419641
brain ECF,10000000000,perfusion-limited,11.2,1.65258532251609
brain ECF,10000000000,perfusion-limited,11.3,1.63403471085101
brain ECF,10000000000,perfusion-limited,11.4,1.6156941140905
brain ECF,10000000000,perfusion-limited,11.5,1.59756098441571
brain ECF,10000000000,perfusion-limited,11.6,1.57963281997247
brain ECF,10000000000,perfusion-limited,11.7,1.56190717037337
brain ECF,10000000000,perfusion-limited,11.8,1.54438161949413
brain ECF,10000000000,perfusion-limited,11.9,1.52705379667939
brain ECF,10000000000,perfusion-limited,12,1.50992136598489
brain ECF,10000000000,perfusion-limited,12.1,1.49298203121415
brain ECF,10000000000,perfusion-limited,12.2,1.4762335323622
brain ECF,10000000000,perfusion-limited,12.3,1.45967364147195
brain ECF,10000000000,perfusion-limited,12.4,1.44330016833826
brain ECF,10000000000,perfusion-limited,12.5,1.42711095114807
brain ECF,10000000000,perfusion-limited,12.6,1.41110386123083
brain ECF,10000000000,perfusion-limited,12.7,1.39527679889851
brain ECF,10000000000,perfusion-limited,12.8,1.37962769359037
brain ECF,10000000000,perfusion-limited,12.9,1.36415450294227
brain ECF,10000000000,perfusion-limited,13,1.3488552109963
brain ECF,10000000000,perfusion-limited,13.1,1.33372783098322
brain ECF,10000000000,perfusion-limited,13.2,1.3187703980312
brain ECF,10000000000,perfusion-limited,13.3,1.30398097314102
brain ECF,10000000000,perfusion-limited,13.4,1.28935764889709
brain ECF,10000000000,perfusion-limited,13.5,1.27489853437538
brain ECF,10000000000,perfusion-limited,13.6,1.26060176426964
brain ECF,10000000000,perfusion-limited,13.7,1.24646549814662
brain ECF,10000000000,perfusion-limited,13.8,1.2324879157601
brain ECF,10000000000,perfusion-limited,13.9,1.21866721926911
brain ECF,10000000000,perfusion-limited,14,1.20500163604061
brain ECF,10000000000,perfusion-limited,14.1,1.19148941108321
brain ECF,10000000000,perfusion-limited,14.2,1.1781288112301
brain ECF,10000000000,perfusion-limited,14.3,1.1649181266976
brain ECF,10000000000,perfusion-limited,14.4,1.15185566539732
brain ECF,10000000000,perfusion-limited,14.5,1.13893975597232
brain ECF,10000000000,perfusion-limited,14.6,1.12616874713848
brain ECF,10000000000,perfusion-limited,14.7,1.11354100644692
brain ECF,10000000000,perfusion-limited,14.8,1.10105492044145
brain ECF,10000000000,perfusion-limited,14.9,1.0887088948196
brain ECF,10000000000,perfusion-limited,15,1.07650135307145
brain ECF,10000000000,perfusion-limited,15.1,1.06443073668304
brain ECF,10000000000,perfusion-limited,15.2,1.05249550727986
brain ECF,10000000000,perfusion-limited,15.3,1.04069414158946
brain ECF,10000000000,perfusion-limited,15.4,1.02902513388326
brain ECF,10000000000,perfusion-limited,15.5,1.01748699541742
brain ECF,10000000000,perfusion-limited,15.6,1.00607825817901
brain ECF,10000000000,perfusion-limited,15.7,0.994797468391341
brain ECF,10000000000,perfusion-limited,15.8,0.983643187698961
brain ECF,10000000000,perfusion-limited,15.9,0.972613994801081
brain ECF,10000000000,perfusion-limited,16,0.961708485597807
brain ECF,10000000000,perfusion-limited,16.1,0.950925271771667
brain ECF,10000000000,perfusion-limited,16.2,0.940262979604569
brain ECF,10000000000,perfusion-limited,16.3,0.929720251318381
brain ECF,10000000000,perfusion-limited,16.4,0.919295745171519
brain ECF,10000000000,perfusion-limited,16.5,0.908988135206161
brain ECF,10000000000,perfusion-limited,16.6,0.898796108908889
brain ECF,10000000000,perfusion-limited,16.7,0.888718369133649
brain ECF,10000000000,perfusion-limited,16.8,0.878753633578747
brain ECF,10000000000,perfusion-limited,16.9,0.868900635091178
brain ECF,10000000000,perfusion-limited,17,0.859158119687189
brain ECF,10000000000,perfusion-limited,17.1,0.849524847859788
brain ECF,10000000000,perfusion-limited,17.2,0.83999959406577
brain ECF,10000000000,perfusion-limited,17.3,0.830581147093935
brain ECF,10000000000,perfusion-limited,17.4,0.821268308550541
brain ECF,10000000000,perfusion-limited,17.5,0.812059893695501
brain ECF,10000000000,perfusion-limited,17.6,0.802954730999595
brain ECF,10000000000,perfusion-limited,17.7,0.793951663224031
brain ECF,10000000000,perfusion-limited,17.8,0.785049544714737
brain ECF,10000000000,perfusion-limited,17.9,0.77624724306399
brain ECF,10000000000,perfusion-limited,18,0.767543638483468
brain ECF,10000000000,perfusion-limited,18.1,0.758937625321753
brain ECF,10000000000,perfusion-limited,18.2,0.750428108701829
brain ECF,10000000000,perfusion-limited,18.3,0.74201400616073
brain ECF,10000000000,perfusion-limited,18.4,0.733694247513805
brain ECF,10000000000,perfusion-limited,18.5,0.725467774503123
brain ECF,10000000000,perfusion-limited,18.6,0.717333541491447
brain ECF,10000000000,perfusion-limited,18.7,0.709290513603957
brain ECF,10000000000,perfusion-limited,18.8,0.701337667679846
brain ECF,10000000000,perfusion-limited,18.9,0.693473991981483
brain ECF,10000000000,perfusion-limited,19,0.685698485984209
brain ECF,10000000000,perfusion-limited,19.1,0.67801016398491
brain ECF,10000000000,perfusion-limited,19.2,0.670408047076926
brain ECF,10000000000,perfusion-limited,19.3,0.662891168669205
brain ECF,10000000000,perfusion-limited,19.4,0.655458573148702
brain ECF,10000000000,perfusion-limited,19.5,0.648109315642154
brain ECF,10000000000,perfusion-limited,19.6,0.640842461444006
brain ECF,10000000000,perfusion-limited,19.7,0.633657086856739
brain ECF,10000000000,perfusion-limited,19.8,0.626552278318531
brain ECF,10000000000,perfusion-limited,19.9,0.619527132465415
brain ECF,10000000000,perfusion-limited,20,0.612580756017953
brain ECF,10000000000,perfusion-limited,20.1,0.605712265983189
brain ECF,10000000000,perfusion-limited,20.2,0.598920788748312
brain ECF,10000000000,perfusion-limited,20.3,0.592205460556139
brain ECF,10000000000,perfusion-limited,20.4,0.585565427216031
brain ECF,10000000000,perfusion-limited,20.5,0.5789998441801
brain ECF,10000000000,perfusion-limited,20.6,0.572507878189204
brain ECF,10000000000,perfusion-limited,20.7,0.566088702686256
brain ECF,10000000000,perfusion-limited,20.8,0.55974150126487
brain ECF,10000000000,perfusion-limited,20.9,0.55346546660032
brain ECF,10000000000,perfusion-limited,21,0.547259800594883
brain ECF,10000000000,perfusion-limited,21.1,0.541123715536437
brain ECF,10000000000,perfusion-limited,21.2,0.53505643043676
brain ECF,10000000000,perfusion-limited,21.3,0.529057173845203
brain ECF,10000000000,perfusion-limited,21.4,0.523125182953393
brain ECF,10000000000,perfusion-limited,21.5,0.517259703694635
brain ECF,10000000000,perfusion-limited,21.6,0.511459991186867
brain ECF,10000000000,perfusion-limited,21.7,0.505725307757756
brain ECF,10000000000,perfusion-limited,21.8,0.500054924477785
brain ECF,10000000000,perfusion-limited,21.9,0.494448120603516
brain ECF,10000000000,perfusion-limited,22,0.488904183478392
brain ECF,10000000000,perfusion-limited,22.1,0.483422407027151
brain ECF,10000000000,perfusion-limited,22.2,0.478002094542202
brain ECF,10000000000,perfusion-limited,22.3,0.472642556684459
brain ECF,10000000000,perfusion-limited,22.4,0.467343111608799
brain ECF,10000000000,perfusion-limited,22.5,0.462103084966723
brain ECF,10000000000,perfusion-limited,22.6,0.456921811538296
brain ECF,10000000000,perfusion-limited,22.7,0.451798633202075
brain ECF,10000000000,perfusion-limited,22.8,0.446732897513664
brain ECF,10000000000,perfusion-limited,22.9,0.441723960179316
brain ECF,10000000000,perfusion-limited,23,0.436771184073011
brain ECF,10000000000,perfusion-limited,23.1,0.431873939569739
brain ECF,10000000000,perfusion-limited,23.2,0.427031605473644
brain ECF,10000000000,perfusion-limited,23.3,0.422243565298852
brain ECF,10000000000,perfusion-limited,23.4,0.417509210380595
brain ECF,10000000000,perfusion-limited,23.5,0.412827938896421
brain ECF,10000000000,perfusion-limited,23.6,0.408199155785298
brain ECF,10000000000,perfusion-limited,23.7,0.403622272311007
brain ECF,10000000000,perfusion-limited,23.8,0.399096706718042
brain ECF,10000000000,perfusion-limited,23.9,0.394621883654658
brain ECF,10000000000,perfusion-limited,24,0.390197234160923
brain ECF,10000000000,perfusion-limited,24.1,0.385822195610397
brain ECF,10000000000,perfusion-limited,24.2,0.381496211910392
brain ECF,10000000000,perfusion-limited,24.3,0.377218733092759
brain ECF,10000000000,perfusion-limited,24.4,0.372989215047211
brain ECF,10000000000,perfusion-limited,24.5,0.368807119835183
brain ECF,10000000000,perfusion-limited,24.6,0.364671915470652
brain ECF,10000000000,perfusion-limited,24.7,0.360583076017818
brain ECF,10000000000,perfusion-limited,24.8,0.356540082172959
brain ECF,10000000000,perfusion-limited,24.9,0.352542419703962
brain ECF,10000000000,perfusion-limited,25,0.348589580491225
scsf,76212,in situ perfusion,0,0
scsf,76212,in situ perfusion,0.1,0.229229912328147
scsf,76212,in situ perfusion,0.2,0.813039738191682
scsf,76212,in situ perfusion,0.3,1.58018547760624
scsf,76212,in situ perfusion,0.4,2.42071775728895
scsf,76212,in situ perfusion,0.5,3.26708300075559
scsf,76212,in situ perfusion,0.6,4.07951577592863
scsf,76212,in situ perfusion,0.7,4.83606640299772
scsf,76212,in situ perfusion,0.8,5.52601146429107
scsf,76212,in situ perfusion,0.9,6.14557112058889
scsf,76212,in situ perfusion,1,6.69515377537355
scsf,76212,in situ perfusion,1.1,7.17759786445357
scsf,76212,in situ perfusion,1.2,7.59705978036459
scsf,76212,in situ perfusion,1.3,7.95831840843636
scsf,76212,in situ perfusion,1.4,8.2663473228605
scsf,76212,in situ perfusion,1.5,8.5260581374513
scsf,76212,in situ perfusion,1.6,8.74215265034197
scsf,76212,in situ perfusion,1.7,8.91904376031527
scsf,76212,in situ perfusion,1.8,9.06081916112672
scsf,76212,in situ perfusion,1.9,9.17123139936283
scsf,76212,in situ perfusion,2,9.25370362504267
scsf,76212,in situ perfusion,2.1,9.31134432552721
scsf,76212,in situ perfusion,2.2,9.3469668550309
scsf,76212,in situ perfusion,2.3,9.363111037885
scsf,76212,in situ perfusion,2.4,9.36206529955895
scsf,76212,in situ perfusion,2.5,9.34588833129522
scsf,76212,in situ perfusion,2.6,9.31642972322622
scsf,76212,in situ perfusion,2.7,9.27534933659985
scsf,76212,in situ perfusion,2.8,9.2241352292788
scsf,76212,in situ perfusion,2.9,9.16412013700922
scsf,76212,in situ perfusion,3,9.09649655445304
scsf,76212,in situ perfusion,3.1,9.02233047540432
scsf,76212,in situ perfusion,3.2,8.94257388511207
scsf,76212,in situ perfusion,3.3,8.85807605757871
scsf,76212,in situ perfusion,3.4,8.76959381438448
scsf,76212,in situ perfusion,3.5,8.6778008020343
scsf,76212,in situ perfusion,3.6,8.58329586395779
scsf,76212,in situ perfusion,3.7,8.48661061819535
scsf,76212,in situ perfusion,3.8,8.388216270713
scsf,76212,in situ perfusion,3.9,8.28852979806677
scsf,76212,in situ perfusion,4,8.18791950543178
scsf,76212,in situ perfusion,4.1,8.08671004451036
scsf,76212,in situ perfusion,4.2,7.98518693566612
scsf,76212,in situ perfusion,4.3,7.88360063115179
scsf,76212,in situ perfusion,4.4,7.78217020083172
scsf,76212,in situ perfusion,4.5,7.68108663740603
scsf,76212,in situ perfusion,4.6,7.58051583470911
scsf,76212,in situ perfusion,4.7,7.48060126555478
scsf,76212,in situ perfusion,4.8,7.38146639569109
scsf,76212,in situ perfusion,4.9,7.28321685429171
scsf,76212,in situ perfusion,5,7.18594238119917
scsf,76212,in situ perfusion,5.1,7.0897185932758
scsf,76212,in situ perfusion,5.2,6.99460855689335
scsf,76212,in situ perfusion,5.3,6.9006641980269
scsf,76212,in situ perfusion,5.4,6.80792757529596
scsf,76212,in situ perfusion,5.5,6.71643202358687
scsf,76212,in situ perfusion,5.6,6.62620317353675
scsf,76212,in situ perfusion,5.7,6.53725987610523
scsf,76212,in situ perfusion,5.8,6.4496150203716
scsf,76212,in situ perfusion,5.9,6.3632762675643
scsf,76212,in situ perfusion,6,6.27824670751384
scsf,76212,in situ perfusion,6.1,6.19452544871797
scsf,76212,in situ perfusion,6.2,6.11210814440077
scsf,76212,in situ perfusion,6.3,6.0309874598159
scsf,76212,in situ perfusion,6.4,5.95115349433261
scsf,76212,in situ perfusion,6.5,5.87259415147221
scsf,76212,in situ perfusion,6.6,5.79529546766706
scsf,76212,in situ perfusion,6.7,5.71924190699143
scsf,76212,in situ perfusion,6.8,5.64441662307968
scsf,76212,in situ perfusion,6.9,5.57080169104074
scsf,76212,in situ perfusion,7,5.49837830961359
scsf,76212,in situ perfusion,7.1,5.4271269872293
scsf,76212,in situ perfusion,7.2,5.35702769762121
scsf,76212,in situ perfusion,7.3,5.28806001940941
scsf,76212,in situ perfusion,7.4,5.22020325843668
scsf,76212,in situ perfusion,7.5,5.15343655422335
scsf,76212,in situ perfusion,7.6,5.08773897734174
scsf,76212,in situ perfusion,7.7,5.02308960717738
scsf,76212,in situ perfusion,7.8,4.95946760307329
scsf,76212,in situ perfusion,7.9,4.89685226593716
scsf,76212,in situ perfusion,8,4.835223088246
scsf,76212,in situ perfusion,8.1,4.77455980524124
scsf,76212,in situ perfusion,8.2,4.71484242140798
scsf,76212,in situ perfusion,8.3,4.65605124589457
scsf,76212,in situ perfusion,8.4,4.59816691864229
scsf,76212,in situ perfusion,8.5,4.54117043325463
scsf,76212,in situ perfusion,8.6,4.48504315005118
scsf,76212,in situ perfusion,8.7,4.42976681116035
scsf,76212,in situ perfusion,8.8,4.37532354955471
scsf,76212,in situ perfusion,8.9,4.32169589957108
scsf,76212,in situ perfusion,9,4.26886679399009
scsf,76212,in situ perfusion,9.1,4.2168195750103
scsf,76212,in situ perfusion,9.2,4.16553798715033
scsf,76212,in situ perfusion,9.3,4.11500617727944
scsf,76212,in situ perfusion,9.4,4.06520869615545
scsf,76212,in situ perfusion,9.5,4.01613048883838
scsf,76212,in situ perfusion,9.6,3.96775689306585
scsf,76212,in situ perfusion,9.7,3.92007363447165
scsf,76212,in situ perfusion,9.8,3.87306681671559
scsf,76212,in situ perfusion,9.9,3.82672291666498
scsf,76212,in situ perfusion,10,3.78102877701005
scsf,76212,in situ perfusion,10.1,3.73597159603507
scsf,76212,in situ perfusion,10.2,3.69153892282784
scsf,76212,in situ perfusion,10.3,3.64771864392355
scsf,76212,in situ perfusion,10.4,3.60449897965128
scsf,76212,in situ perfusion,10.5,3.56186847074149
scsf,76212,in situ perfusion,10.6,3.51981597286295
scsf,76212,in situ perfusion,10.7,3.47833064587455
scsf,76212,in situ perfusion,10.8,3.43740194605078
scsf,76212,in situ perfusion,10.9,3.39701961711419
scsf,76212,in situ perfusion,11,3.35717368149886
scsf,76212,in situ perfusion,11.1,3.31785443200858
scsf,76212,in situ perfusion,11.2,3.27905242330055
scsf,76212,in situ perfusion,11.3,3.24075846355316
scsf,76212,in situ perfusion,11.4,3.20296360576096
scsf,76212,in situ perfusion,11.5,3.16565914201255
scsf,76212,in situ perfusion,11.6,3.12883659142313
scsf,76212,in situ perfusion,11.7,3.0924876991669
scsf,76212,in situ perfusion,11.8,3.05660442151448
scsf,76212,in situ perfusion,11.9,3.02117892497702
scsf,76212,in situ perfusion,12,2.98620357674706
scsf,76212,in situ perfusion,12.1,2.9516709367826
scsf,76212,in situ perfusion,12.2,2.91757375571921
scsf,76212,in situ perfusion,12.3,2.88390496181749
scsf,76212,in situ perfusion,12.4,2.85065766321375
scsf,76212,in situ perfusion,12.5,2.81782513321596
scsf,76212,in situ perfusion,12.6,2.78540081201155
scsf,76212,in situ perfusion,12.7,2.75337829678505
scsf,76212,in situ perfusion,12.8,2.72175133814146
scsf,76212,in situ perfusion,12.9,2.69051383648168
scsf,76212,in situ perfusion,13,2.65965982933117
scsf,76212,in situ perfusion,13.1,2.62918349695872
scsf,76212,in situ perfusion,13.2,2.59907915491335
scsf,76212,in situ perfusion,13.3,2.56934123943323
scsf,76212,in situ perfusion,13.4,2.5399643189798
scsf,76212,in situ perfusion,13.5,2.5109430834256
scsf,76212,in situ perfusion,13.6,2.48227233127651
scsf,76212,in situ perfusion,13.7,2.45394698210248
scsf,76212,in situ perfusion,13.8,2.42596206373748
scsf,76212,in situ perfusion,13.9,2.39831270383552
scsf,76212,in situ perfusion,14,2.37099413978257
scsf,76212,in situ perfusion,14.1,2.34400170556732
scsf,76212,in situ perfusion,14.2,2.31733082714638
scsf,76212,in situ perfusion,14.3,2.29097703033321
scsf,76212,in situ perfusion,14.4,2.2649359271246
scsf,76212,in situ perfusion,14.5,2.23920321406486
scsf,76212,in situ perfusion,14.6,2.21377467934151
scsf,76212,in situ perfusion,14.7,2.18864618786946
scsf,76212,in situ perfusion,14.8,2.1638136825592
scsf,76212,in situ perfusion,14.9,2.13927319566027
scsf,76212,in situ perfusion,15,2.11502082035146
scsf,76212,in situ perfusion,15.1,2.09105272345748
scsf,76212,in situ perfusion,15.2,2.06736514037039
scsf,76212,in situ perfusion,15.3,2.0439543978851
scsf,76212,in situ perfusion,15.4,2.02081686201113
scsf,76212,in situ perfusion,15.5,1.99794896830828
scsf,76212,in situ perfusion,15.6,1.97534721311339
scsf,76212,in situ perfusion,15.7,1.9530081819328
scsf,76212,in situ perfusion,15.8,1.93092848612443
scsf,76212,in situ perfusion,15.9,1.90910480329111
scsf,76212,in situ perfusion,16,1.88753386563913
scsf,76212,in situ perfusion,16.1,1.86621248334116
scsf,76212,in situ perfusion,16.2,1.84513749172265
scsf,76212,in situ perfusion,16.3,1.82430578592852
scsf,76212,in situ perfusion,16.4,1.80371431058157
scsf,76212,in situ perfusion,16.5,1.78336007552265
scsf,76212,in situ perfusion,16.6,1.76324011875645
scsf,76212,in situ perfusion,16.7,1.74335153049294
scsf,76212,in situ perfusion,16.8,1.72369144588957
scsf,76212,in situ perfusion,16.9,1.70425705721344
scsf,76212,in situ perfusion,17,1.6850455839875
scsf,76212,in situ perfusion,17.1,1.66605429236908
scsf,76212,in situ perfusion,17.2,1.64728048950579
scsf,76212,in situ perfusion,17.3,1.62872153461935
scsf,76212,in situ perfusion,17.4,1.61037481122657
scsf,76212,in situ perfusion,17.5,1.59223774551917
scsf,76212,in situ perfusion,17.6,1.57430780185662
scsf,76212,in situ perfusion,17.7,1.55658249558254
scsf,76212,in situ perfusion,17.8,1.53905935713716
scsf,76212,in situ perfusion,17.9,1.52173595866867
scsf,76212,in situ perfusion,18,1.50460990561861
scsf,76212,in situ perfusion,18.1,1.48767884020351
scsf,76212,in situ perfusion,18.2,1.47094045334064
scsf,76212,in situ perfusion,18.3,1.45439244210559
scsf,76212,in situ perfusion,18.4,1.43803254409694
scsf,76212,in situ perfusion,18.5,1.42185852686414
scsf,76212,in situ perfusion,18.6,1.4058681940112
scsf,76212,in situ perfusion,18.7,1.39005938957771
scsf,76212,in situ perfusion,18.8,1.37442996479586
scsf,76212,in situ perfusion,18.9,1.35897780771629
scsf,76212,in situ perfusion,19,1.34370083378605
scsf,76212,in situ perfusion,19.1,1.32859699227405
scsf,76212,in situ perfusion,19.2,1.31366426322252
scsf,76212,in situ perfusion,19.3,1.29890064018943
scsf,76212,in situ perfusion,19.4,1.28430414810168
scsf,76212,in situ perfusion,19.5,1.26987283702454
scsf,76212,in situ perfusion,19.6,1.25560478785752
scsf,76212,in situ perfusion,19.7,1.24149810554213
scsf,76212,in situ perfusion,19.8,1.22755091277676
scsf,76212,in situ perfusion,19.9,1.21376135899477
scsf,76212,in situ perfusion,20,1.20012761663917
scsf,76212,in situ perfusion,20.1,1.18664788725654
scsf,76212,in situ perfusion,20.2,1.17332039154672
scsf,76212,in situ perfusion,20.3,1.16014336918003
scsf,76212,in situ perfusion,20.4,1.14711508351767
scsf,76212,in situ perfusion,20.5,1.13423381904397
scsf,76212,in situ perfusion,20.6,1.12149788882622
scsf,76212,in situ perfusion,20.7,1.10890562026662
scsf,76212,in situ perfusion,20.8,1.09645536050351
scsf,76212,in situ perfusion,20.9,1.08414547806041
scsf,76212,in situ perfusion,21,1.07197436101718
scsf,76212,in situ perfusion,21.1,1.0599404260954
scsf,76212,in situ perfusion,21.2,1.04804209883538
scsf,76212,in situ perfusion,21.3,1.0362778259297
scsf,76212,in situ perfusion,21.4,1.0246460733218
scsf,76212,in situ perfusion,21.5,1.0131453251124
scsf,76212,in situ perfusion,21.6,1.00177408873902
scsf,76212,in situ perfusion,21.7,0.990530887437698
scsf,76212,in situ perfusion,21.8,0.979414258079761
scsf,76212,in situ perfusion,21.9,0.968422757133451
scsf,76212,in situ perfusion,22,0.957554958016463
scsf,76212,in situ perfusion,22.1,0.946809452998593
scsf,76212,in situ perfusion,22.2,0.936184854433957
scsf,76212,in situ perfusion,22.3,0.925679783921244
scsf,76212,in situ perfusion,22.4,0.915292882132407
scsf,76212,in situ perfusion,22.5,0.905022805590095
scsf,76212,in situ perfusion,22.6,0.894868226643585
scsf,76212,in situ perfusion,22.7,0.884827839279637
scsf,76212,in situ perfusion,22.8,0.87490034456067
scsf,76212,in situ perfusion,22.9,0.865084461649102
scsf,76212,in situ perfusion,23,0.855378924547765
scsf,76212,in situ perfusion,23.1,0.845782481851496
scsf,76212,in situ perfusion,23.2,0.836293900629586
scsf,76212,in situ perfusion,23.3,0.826911958865995
scsf,76212,in situ perfusion,23.4,0.817635448229371
scsf,76212,in situ perfusion,23.5,0.8084631751444
scsf,76212,in situ perfusion,23.6,0.799393959729335
scsf,76212,in situ perfusion,23.7,0.790426637558599
scsf,76212,in situ perfusion,23.8,0.78156005810874
scsf,76212,in situ perfusion,23.9,0.772793081139739
scsf,76212,in situ perfusion,24,0.764124580875731
scsf,76212,in situ perfusion,24.1,0.755553444403913
scsf,76212,in situ perfusion,24.2,0.747078572111779
scsf,76212,in situ perfusion,24.3,0.738698879658307
scsf,76212,in situ perfusion,24.4,0.730413290924617
scsf,76212,in situ perfusion,24.5,0.722220743695575
scsf,76212,in situ perfusion,24.6,0.714120187848439
scsf,76212,in situ perfusion,24.7,0.706110585170217
scsf,76212,in situ perfusion,24.8,0.698190910696144
scsf,76212,in situ perfusion,24.9,0.69036015037345
scsf,76212,in situ perfusion,25,0.682617302070623
scsf,83646,in vitro cell-based,0,0
scsf,83646,in vitro cell-based,0.1,0.230237301967074
scsf,83646,in vitro cell-based,0.2,0.814879565844459
scsf,83646,in vitro cell-based,0.3,1.58272211673036
scsf,83646,in vitro cell-based,0.4,2.42371370577165
scsf,83646,in vitro cell-based,0.5,3.27029773448898
scsf,83646,in vitro cell-based,0.6,4.08276203982344
scsf,83646,in vitro cell-based,0.7,4.83921804713439
scsf,83646,in vitro cell-based,0.8,5.52899226409963
scsf,83646,in vitro cell-based,0.9,6.14834045234928
scsf,83646,in vitro cell-based,1,6.69769460170036
scsf,83646,in vitro cell-based,1.1,7.17990801439031
scsf,83646,in vitro cell-based,1.2,7.59914600824163
scsf,83646,in vitro cell-based,1.3,7.96019252516624
scsf,83646,in vitro cell-based,1.4,8.26802370069345
scsf,83646,in vitro cell-based,1.5,8.52755216430568
scsf,83646,in vitro cell-based,1.6,8.74347978253422
scsf,83646,in vitro cell-based,1.7,8.92021896371921
scsf,83646,in vitro cell-based,1.8,9.06185659726843
scsf,83646,in vitro cell-based,1.9,9.17214427999051
scsf,83646,in vitro cell-based,2,9.2545041468456
scsf,83646,in vitro cell-based,2.1,9.31204367191754
scsf,83646,in vitro cell-based,2.2,9.34757523316214
scsf,83646,in vitro cell-based,2.3,9.36363772877852
scsf,83646,in vitro cell-based,2.4,9.36251872355115
scsf,83646,in vitro cell-based,2.5,9.3462761117502
scsf,83646,in vitro cell-based,2.6,9.31675875217051
scsf,83646,in vitro cell-based,2.7,9.27562584057607
scsf,83646,in vitro cell-based,2.8,9.22436483006867
scsf,83646,in vitro cell-based,2.9,9.16430790157056
scsf,83646,in vitro cell-based,3,9.09664704490593
scsf,83646,in vitro cell-based,3.1,9.02244781235468
scsf,83646,in vitro cell-based,3.2,8.94266176889118
scsf,83646,in vitro cell-based,3.3,8.85813782178581
scsf,83646,in vitro cell-based,3.4,8.76963245739081
scsf,83646,in vitro cell-based,3.5,8.67781901618363
scsf,83646,in vitro cell-based,3.6,8.58329607556206
scsf,83646,in vitro cell-based,3.7,8.48659499882887
scsf,83646,in vitro cell-based,3.8,8.38818677326248
scsf,83646,in vitro cell-based,3.9,8.28848817149752
scsf,83646,in vitro cell-based,4,8.18786731809005
scsf,83646,in vitro cell-based,4.1,8.08664870715389
scsf,83646,in vitro cell-based,4.2,7.98511770096809
scsf,83646,in vitro cell-based,4.3,7.88352462578819
scsf,83646,in vitro cell-based,4.4,7.78208843068415
scsf,83646,in vitro cell-based,4.5,7.68099999673858
scsf,83646,in vitro cell-based,4.6,7.58042512489888
scsf,83646,in vitro cell-based,4.7,7.48050720080369
scsf,83646,in vitro cell-based,4.8,7.38136960882343
scsf,83646,in vitro cell-based,4.9,7.28311790425172
scsf,83646,in vitro cell-based,5,7.18584176750072
scsf,83646,in vitro cell-based,5.1,7.08961675979526
scsf,83646,in vitro cell-based,5.2,6.99450589454626
scsf,83646,in vitro cell-based,5.3,6.90056105039631
scsf,83646,in vitro cell-based,5.4,6.80782424247961
scsf,83646,in vitro cell-based,5.5,6.71632876925441
scsf,83646,in vitro cell-based,5.6,6.62610022931536
scsf,83646,in vitro cell-based,5.7,6.53715744461553
scsf,83646,in vitro cell-based,5.8,6.44951327776718
scsf,83646,in vitro cell-based,5.9,6.3631753646722
scsf,83646,in vitro cell-based,6,6.27814677329618
scsf,83646,in vitro cell-based,6.1,6.19442659349017
scsf,83646,in vitro cell-based,6.2,6.11201046008986
scsf,83646,in vitro cell-based,6.3,6.03089102511569
scsf,83646,in vitro cell-based,6.4,5.95105837522201
scsf,83646,in vitro cell-based,6.5,5.8725004013392
scsf,83646,in vitro cell-based,6.6,5.7952031286127
scsf,83646,in vitro cell-based,6.7,5.71915101126996
scsf,83646,in vitro cell-based,6.8,5.64432719471948
scsf,83646,in vitro cell-based,6.9,5.57071374641251
scsf,83646,in vitro cell-based,7,5.49829185966206
scsf,83646,in vitro cell-based,7.1,5.42704203562921
scsf,83646,in vitro cell-based,7.2,5.35694424496807
scsf,83646,in vitro cell-based,7.3,5.287978062366
scsf,83646,in vitro cell-based,7.4,5.22012278888225
scsf,83646,in vitro cell-based,7.5,5.15335756130343
scsf,83646,in vitro cell-based,7.6,5.0876614460906
scsf,83646,in vitro cell-based,7.7,5.02301352046911
scsf,83646,in vitro cell-based,7.8,4.95939294023229
scsf,83646,in vitro cell-based,7.9,4.89677900798264
scsf,83646,in vitro cell-based,8,4.83515121648023
scsf,83646,in vitro cell-based,8.1,4.77448929496105
scsf,83646,in vitro cell-based,8.2,4.714773248259
scsf,83646,in vitro cell-based,8.3,4.65598338620909
scsf,83646,in vitro cell-based,8.4,4.59810034777802
scsf,83646,in vitro cell-based,8.5,4.54110512412901
scsf,83646,in vitro cell-based,8.6,4.48497907678264
scsf,83646,in vitro cell-based,8.7,4.42970394806636
scsf,83646,in vitro cell-based,8.8,4.37526187140389
scsf,83646,in vitro cell-based,8.9,4.32163537844349
scsf,83646,in vitro cell-based,9,4.26880740728512
scsf,83646,in vitro cell-based,9.1,4.21676129572061
scsf,83646,in vitro cell-based,9.2,4.16548078997782
scsf,83646,in vitro cell-based,9.3,4.11495003843026
scsf,83646,in vitro cell-based,9.4,4.065153589239
scsf,83646,in vitro cell-based,9.5,4.01607638984847
scsf,83646,in vitro cell-based,9.6,3.96770377871084
scsf,83646,in vitro cell-based,9.7,3.92002148026932
scsf,83646,in vitro cell-based,9.8,3.87301560020137
scsf,83646,in vitro cell-based,9.9,3.82667261516969
scsf,83646,in vitro cell-based,10,3.78097936872289
scsf,83646,in vitro cell-based,10.1,3.73592306009353
scsf,83646,in vitro cell-based,10.2,3.69149123784243
scsf,83646,in vitro cell-based,10.3,3.64767179032717
scsf,83646,in vitro cell-based,10.4,3.60445293673723
scsf,83646,in vitro cell-based,10.5,3.56182321937563
scsf,83646,in vitro cell-based,10.6,3.51977149364915
scsf,83646,in vitro cell-based,10.7,3.47828692029983
scsf,83646,in vitro cell-based,10.8,3.4373589560755
scsf,83646,in vitro cell-based,10.9,3.39697734524299
scsf,83646,in vitro cell-based,11,3.35713211086682
scsf,83646,in vitro cell-based,11.1,3.31781354624068
scsf,83646,in vitro cell-based,11.2,3.27901220654098
scsf,83646,in vitro cell-based,11.3,3.24071889979511
scsf,83646,in vitro cell-based,11.4,3.20292468090552
scsf,83646,in vitro cell-based,11.5,3.1656208399118
scsf,83646,in vitro cell-based,11.6,3.12879889953944
scsf,83646,in vitro cell-based,11.7,3.0924506020663
scsf,83646,in vitro cell-based,11.8,3.05656790618558
scsf,83646,in vitro cell-based,11.9,3.02114297864833
scsf,83646,in vitro cell-based,12,2.98616818554201
scsf,83646,in vitro cell-based,12.1,2.95163608998457
scsf,83646,in vitro cell-based,12.2,2.91753943929508
scsf,83646,in vitro cell-based,12.3,2.88387116640024
scsf,83646,in vitro cell-based,12.4,2.85062437553403
scsf,83646,in vitro cell-based,12.5,2.81779234364987
scsf,83646,in vitro cell-based,12.6,2.78536850962109
scsf,83646,in vitro cell-based,12.7,2.75334647193557
scsf,83646,in vitro cell-based,12.8,2.72171998273115
scsf,83646,in vitro cell-based,12.9,2.69048293701912
scsf,83646,in vitro cell-based,13,2.65962937860838
scsf,83646,in vitro cell-based,13.1,2.62915348781732
scsf,83646,in vitro cell-based,13.2,2.59904957238975
scsf,83646,in vitro cell-based,13.3,2.56931207878501
scsf,83646,in vitro cell-based,13.4,2.5399355730426
scsf,83646,in vitro cell-based,13.5,2.51091473782972
scsf,83646,in vitro cell-based,13.6,2.48224438325532
scsf,83646,in vitro cell-based,13.7,2.45391942393692
scsf,83646,in vitro cell-based,13.8,2.42593488296477
scsf,83646,in vitro cell-based,13.9,2.39828589878095
scsf,83646,in vitro cell-based,14,2.37096770222657
scsf,83646,in vitro cell-based,14.1,2.34397562503934
scsf,83646,in vitro cell-based,14.2,2.31730510209175
scsf,83646,in vitro cell-based,14.3,2.29095165242889
scsf,83646,in vitro cell-based,14.4,2.26491088728507
scsf,83646,in vitro cell-based,14.5,2.23917851101684
scsf,83646,in vitro cell-based,14.6,2.21375030458489
scsf,83646,in vitro cell-based,14.7,2.18862213517721
scsf,83646,in vitro cell-based,14.8,2.16378995529743
scsf,83646,in vitro cell-based,14.9,2.13924978222802
scsf,83646,in vitro cell-based,15,2.11499770988905
scsf,83646,in vitro cell-based,15.1,2.09102991130025
scsf,83646,in vitro cell-based,15.2,2.06734263634057
scsf,83646,in vitro cell-based,15.3,2.04393218480598
scsf,83646,in vitro cell-based,15.4,2.02079492714192
scsf,83646,in vitro cell-based,15.5,1.99792730941896
scsf,83646,in vitro cell-based,15.6,1.97532584194528
scsf,83646,in vitro cell-based,15.7,1.9529870797955
scsf,83646,in vitro cell-based,15.8,1.93090764201866
scsf,83646,in vitro cell-based,15.9,1.90908421745469
scsf,83646,in vitro cell-based,16,1.88751354662508
scsf,83646,in vitro cell-based,16.1,1.86619241575654
scsf,83646,in vitro cell-based,16.2,1.84511766719649
scsf,83646,in vitro cell-based,16.3,1.82428620602101
scsf,83646,in vitro cell-based,16.4,1.80369497979349
scsf,83646,in vitro cell-based,16.5,1.7833409820475
scsf,83646,in vitro cell-based,16.6,1.76322125522786
scsf,83646,in vitro cell-based,16.7,1.74333289948944
scsf,83646,in vitro cell-based,16.8,1.72367304953601
scsf,83646,in vitro cell-based,16.9,1.70423888485898
scsf,83646,in vitro cell-based,17,1.68502762811541
scsf,83646,in vitro cell-based,17.1,1.66603655695695
scsf,83646,in vitro cell-based,17.2,1.64726297531547
scsf,83646,in vitro cell-based,17.3,1.62870423124664
scsf,83646,in vitro cell-based,17.4,1.61035771250042
scsf,83646,in vitro cell-based,17.5,1.59222086014958
scsf,83646,in vitro cell-based,17.6,1.57429113153677
scsf,83646,in vitro cell-based,17.7,1.55656602733393
scsf,83646,in vitro cell-based,17.8,1.53904308296275
scsf,83646,in vitro cell-based,17.9,1.52171987232213
scsf,83646,in vitro cell-based,18,1.50459401980806
scsf,83646,in vitro cell-based,18.1,1.48766315650832
scsf,83646,in vitro cell-based,18.2,1.47092495560108
scsf,83646,in vitro cell-based,18.3,1.45437712141162
scsf,83646,in vitro cell-based,18.4,1.43801739674034
scsf,83646,in vitro cell-based,18.5,1.42184356487839
scsf,83646,in vitro cell-based,18.6,1.4058534175163
scsf,83646,in vitro cell-based,18.7,1.39004478439081
scsf,83646,in vitro cell-based,18.8,1.37441552366322
scsf,83646,in vitro cell-based,18.9,1.3589635300519
scsf,83646,in vitro cell-based,19,1.34368672759915
scsf,83646,in vitro cell-based,19.1,1.32858305608657
scsf,83646,in vitro cell-based,19.2,1.31365048741421
scsf,83646,in vitro cell-based,19.3,1.29888701951735
scsf,83646,in vitro cell-based,19.4,1.28429068376889
scsf,83646,in vitro cell-based,19.5,1.26985953346437
scsf,83646,in vitro cell-based,19.6,1.25559164241356
scsf,83646,in vitro cell-based,19.7,1.24148511154466
scsf,83646,in vitro cell-based,19.8,1.22753806556804
scsf,83646,in vitro cell-based,19.9,1.21374866101599
scsf,83646,in vitro cell-based,20,1.20011507056437
scsf,83646,in vitro cell-based,20.1,1.18663548921831
scsf,83646,in vitro cell-based,20.2,1.17330813572325
scsf,83646,in vitro cell-based,20.3,1.16013125061083
scsf,83646,in vitro cell-based,20.4,1.14710310622609
scsf,83646,in vitro cell-based,20.5,1.13422198473682
scsf,83646,in vitro cell-based,20.6,1.12148619243413
scsf,83646,in vitro cell-based,20.7,1.10889405665053
scsf,83646,in vitro cell-based,20.8,1.09644392549523
scsf,83646,in vitro cell-based,20.9,1.08413417706802
scsf,83646,in vitro cell-based,21,1.07196319567447
scsf,83646,in vitro cell-based,21.1,1.05992939004923
scsf,83646,in vitro cell-based,21.2,1.04803118798013
scsf,83646,in vitro cell-based,21.3,1.0362670359249
scsf,83646,in vitro cell-based,21.4,1.02463540706535
scsf,83646,in vitro cell-based,21.5,1.01313478508719
scsf,83646,in vitro cell-based,21.6,1.00176367200868
scsf,83646,in vitro cell-based,21.7,0.990520588879315
scsf,83646,in vitro cell-based,21.8,0.979404074162802
scsf,83646,in vitro cell-based,21.9,0.968412687691558
scsf,83646,in vitro cell-based,22,0.957545005873931
scsf,83646,in vitro cell-based,22.1,0.946799617566412
scsf,83646,in vitro cell-based,22.2,0.936175130483724
scsf,83646,in vitro cell-based,22.3,0.925670168616373
scsf,83646,in vitro cell-based,22.4,0.91528337361023
scsf,83646,in vitro cell-based,22.5,0.905013406539354
scsf,83646,in vitro cell-based,22.6,0.894858937713858
scsf,83646,in vitro cell-based,22.7,0.884818655547464
scsf,83646,in vitro cell-based,22.8,0.874891263681645
scsf,83646,in vitro cell-based,22.9,0.865075480890475
scsf,83646,in vitro cell-based,23,0.855370046411255
scsf,83646,in vitro cell-based,23.1,0.845773706810439
scsf,83646,in vitro cell-based,23.2,0.836285225842564
scsf,83646,in vitro cell-based,23.3,0.826903381531484
scsf,83646,in vitro cell-based,23.4,0.817626965937213
scsf,83646,in vitro cell-based,23.5,0.808454788633057
scsf,83646,in vitro cell-based,23.6,0.799385669842305
scsf,83646,in vitro cell-based,23.7,0.7904184430735
scsf,83646,in vitro cell-based,23.8,0.781551955941169
scsf,83646,in vitro cell-based,23.9,0.772785069238565
scsf,83646,in vitro cell-based,24,0.764116658638644
scsf,83646,in vitro cell-based,24.1,0.755545612871564
scsf,83646,in vitro cell-based,24.2,0.747070830994152
scsf,83646,in vitro cell-based,24.3,0.738691225829454
scsf,83646,in vitro cell-based,24.4,0.730405722586223
scsf,83646,in vitro cell-based,24.5,0.722213259427308
scsf,83646,in vitro cell-based,24.6,0.714112788768962
scsf,83646,in vitro cell-based,24.7,0.706103271379854
scsf,83646,in vitro cell-based,24.8,0.698183681292026
scsf,83646,in vitro cell-based,24.9,0.690353004192289
scsf,83646,in vitro cell-based,25,0.682610237249197
scsf,1134,in vitro PAMPA,0,0
scsf,1134,in vitro PAMPA,0.1,0.0347561568466512
scsf,1134,in vitro PAMPA,0.2,0.211032326519004
scsf,1134,in vitro PAMPA,0.3,0.540892954821204
scsf,1134,in vitro PAMPA,0.4,0.984298788164473
scsf,1134,in vitro PAMPA,0.5,1.49407047179108
scsf,1134,in vitro PAMPA,0.6,2.03091415744464
scsf,1134,in vitro PAMPA,0.7,2.56645987680976
scsf,1134,in vitro PAMPA,0.8,3.08205856946058
scsf,1134,in vitro PAMPA,0.9,3.56650654736142
scsf,1134,in vitro PAMPA,1,4.01387068845476
scsf,1134,in vitro PAMPA,1.1,4.42175614030428
scsf,1134,in vitro PAMPA,1.2,4.79003911622391
scsf,1134,in vitro PAMPA,1.3,5.11998485467041
scsf,1134,in vitro PAMPA,1.4,5.41365426926065
scsf,1134,in vitro PAMPA,1.5,5.67351547735477
scsf,1134,in vitro PAMPA,1.6,5.90219585412583
scsf,1134,in vitro PAMPA,1.7,6.10232843497336
scsf,1134,in vitro PAMPA,1.8,6.2764602692419
scsf,1134,in vitro PAMPA,1.9,6.42700107923492
scsf,1134,in vitro PAMPA,2,6.55619755346744
scsf,1134,in vitro PAMPA,2.1,6.66612367725605
scsf,1134,in vitro PAMPA,2.2,6.7586809530797
scsf,1134,in vitro PAMPA,2.3,6.83560432687793
scsf,1134,in vitro PAMPA,2.4,6.89847133753877
scsf,1134,in vitro PAMPA,2.5,6.94871287014247
scsf,1134,in vitro PAMPA,2.6,6.98762441455161
scsf,1134,in vitro PAMPA,2.7,7.01637730203301
scsf,1134,in vitro PAMPA,2.8,7.03602952946829
scsf,1134,in vitro PAMPA,2.9,7.04753596710931
scsf,1134,in vitro PAMPA,3,7.05175786286673
scsf,1134,in vitro PAMPA,3.1,7.04947162216139
scsf,1134,in vitro PAMPA,3.2,7.04137686375132
scsf,1134,in vitro PAMPA,3.3,7.02810375238939
scsf,1134,in vitro PAMPA,3.4,7.01021969766062
scsf,1134,in vitro PAMPA,3.5,6.98823542770941
scsf,1134,in vitro PAMPA,3.6,6.962610502296
scsf,1134,in vitro PAMPA,3.7,6.93375830116548
scsf,1134,in vitro PAMPA,3.8,6.9020505368564
scsf,1134,in vitro PAMPA,3.9,6.86782134301748
scsf,1134,in vitro PAMPA,4,6.83137097100191
scsf,1134,in vitro PAMPA,4.1,6.79296912404819
scsf,1134,in vitro PAMPA,4.2,6.75285797626456
scsf,1134,in vitro PAMPA,4.3,6.7112548876498
scsf,1134,in vitro PAMPA,4.4,6.66835486871633
scsf,1134,in vitro PAMPA,4.5,6.62433280285322
scsf,1134,in vitro PAMPA,4.6,6.5793454501647
scsf,1134,in vitro PAMPA,4.7,6.53353325119914
scsf,1134,in vitro PAMPA,4.8,6.48702196348296
scsf,1134,in vitro PAMPA,4.9,6.43992413192215
scsf,1134,in vitro PAMPA,5,6.39234041555923
scsf,1134,in vitro PAMPA,5.1,6.34436078975986
scsf,1134,in vitro PAMPA,5.2,6.2960656281189
scsf,1134,in vitro PAMPA,5.3,6.24752667030933
scsf,1134,in vitro PAMPA,5.4,6.19880790131536
scsf,1134,in vitro PAMPA,5.5,6.14996634429386
scsf,1134,in vitro PAMPA,5.6,6.10105277120875
scsf,1134,in vitro PAMPA,5.7,6.05211234938559
scsf,1134,in vitro PAMPA,5.8,6.00318521828942
scsf,1134,in vitro PAMPA,5.9,5.95430700803267
scsf,1134,in vitro PAMPA,6,5.90550930794549
scsf,1134,in vitro PAMPA,6.1,5.85682008980252
scsf,1134,in vitro PAMPA,6.2,5.80826408701997
scsf,1134,in vitro PAMPA,6.3,5.75986313483584
scsf,1134,in vitro PAMPA,6.4,5.71163648019551
scsf,1134,in vitro PAMPA,6.5,5.66360105580983
scsf,1134,in vitro PAMPA,6.6,5.61577172734711
scsf,1134,in vitro PAMPA,6.7,5.56816151474858
scsf,1134,in vitro PAMPA,6.8,5.52078179284936
scsf,1134,in vitro PAMPA,6.9,5.473642471318
scsf,1134,in vitro PAMPA,7,5.42675215370432
scsf,1134,in vitro PAMPA,7.1,5.3801182846783
scsf,1134,in vitro PAMPA,7.2,5.33374727735311
scsf,1134,in vitro PAMPA,7.3,5.28764462858429
scsf,1134,in vitro PAMPA,7.4,5.24181502176114
scsf,1134,in vitro PAMPA,7.5,5.19626242024262
scsf,1134,in vitro PAMPA,7.6,5.15099014991146
scsf,1134,in vitro PAMPA,7.7,5.10600097271982
scsf,1134,in vitro PAMPA,7.8,5.06129715274713
scsf,1134,in vitro PAMPA,7.9,5.01688051517781
scsf,1134,in vitro PAMPA,8,4.97275249872275
scsf,1134,in vitro PAMPA,8.1,4.92891420616306
scsf,1134,in vitro PAMPA,8.2,4.88536643835632
scsf,1134,in vitro PAMPA,8.3,4.84210973460243
scsf,1134,in vitro PAMPA,8.4,4.79914440650935
scsf,1134,in vitro PAMPA,8.5,4.75647056587155
scsf,1134,in vitro PAMPA,8.6,4.71408814982312
scsf,1134,in vitro PAMPA,8.7,4.67199694418497
scsf,1134,in vitro PAMPA,8.8,4.63019660400848
scsf,1134,in vitro PAMPA,8.9,4.58868667201087
scsf,1134,in vitro PAMPA,9,4.54746659027233
scsf,1134,in vitro PAMPA,9.1,4.50653572113526
scsf,1134,in vitro PAMPA,9.2,4.46589335120395
scsf,1134,in vitro PAMPA,9.3,4.4255387047891
scsf,1134,in vitro PAMPA,9.4,4.38547095612027
scsf,1134,in vitro PAMPA,9.5,4.34568923161923
scsf,1134,in vitro PAMPA,9.6,4.30619262125153
scsf,1134,in vitro PAMPA,9.7,4.26698018342711
scsf,1134,in vitro PAMPA,9.8,4.22805094853378
scsf,1134,in vitro PAMPA,9.9,4.18940392560978
scsf,1134,in vitro PAMPA,10,4.15103810484371
scsf,1134,in vitro PAMPA,10.1,4.11295246110461
scsf,1134,in vitro PAMPA,10.2,4.07514595730191
scsf,1134,in vitro PAMPA,10.3,4.03761754439255
scsf,1134,in vitro PAMPA,10.4,4.0003661666782
scsf,1134,in vitro PAMPA,10.5,3.96339075873249
scsf,1134,in vitro PAMPA,10.6,3.92669025182921
scsf,1134,in vitro PAMPA,10.7,3.89026357003361
scsf,1134,in vitro PAMPA,10.8,3.85410963530308
scsf,1134,in vitro PAMPA,10.9,3.8182273645568
scsf,1134,in vitro PAMPA,11,3.78261567322668
scsf,1134,in vitro PAMPA,11.1,3.74727347280012
scsf,1134,in vitro PAMPA,11.2,3.71219967318015
scsf,1134,in vitro PAMPA,11.3,3.677393180915
scsf,1134,in vitro PAMPA,11.4,3.64285290181286
scsf,1134,in vitro PAMPA,11.5,3.60857773701548
scsf,1134,in vitro PAMPA,11.6,3.57456658740977
scsf,1134,in vitro PAMPA,11.7,3.54081834939234
scsf,1134,in vitro PAMPA,11.8,3.50733191721854
scsf,1134,in vitro PAMPA,11.9,3.47410618200492
scsf,1134,in vitro PAMPA,12,3.44114003099146
scsf,1134,in vitro PAMPA,12.1,3.40843234840521
scsf,1134,in vitro PAMPA,12.2,3.3759820143046
scsf,1134,in vitro PAMPA,12.3,3.3437879049574
scsf,1134,in vitro PAMPA,12.4,3.31184889232819
scsf,1134,in vitro PAMPA,12.5,3.28016384398602
scsf,1134,in vitro PAMPA,12.6,3.24873162285959
scsf,1134,in vitro PAMPA,12.7,3.21755108702701
scsf,1134,in vitro PAMPA,12.8,3.18662108954994
scsf,1134,in vitro PAMPA,12.9,3.15594047834541
scsf,1134,in vitro PAMPA,13,3.1255080957744
scsf,1134,in vitro PAMPA,13.1,3.09532277877613
scsf,1134,in vitro PAMPA,13.2,3.06538335893608
scsf,1134,in vitro PAMPA,13.3,3.03568866148112
scsf,1134,in vitro PAMPA,13.4,3.00623750613824
scsf,1134,in vitro PAMPA,13.5,2.97702870721958
scsf,1134,in vitro PAMPA,13.6,2.94806107210536
scsf,1134,in vitro PAMPA,13.7,2.91933340278311
scsf,1134,in vitro PAMPA,13.8,2.89084449573055
scsf,1134,in vitro PAMPA,13.9,2.86259314039768
scsf,1134,in vitro PAMPA,14,2.8345781209547
scsf,1134,in vitro PAMPA,14.1,2.80679821596458
scsf,1134,in vitro PAMPA,14.2,2.77925219724442
scsf,1134,in vitro PAMPA,14.3,2.75193883146057
scsf,1134,in vitro PAMPA,14.4,2.72485687969493
scsf,1134,in vitro PAMPA,14.5,2.69800509671314
scsf,1134,in vitro PAMPA,14.6,2.67138223236245
scsf,1134,in vitro PAMPA,14.7,2.6449870310748
scsf,1134,in vitro PAMPA,14.8,2.61881823146021
scsf,1134,in vitro PAMPA,14.9,2.59287456791829
scsf,1134,in vitro PAMPA,15,2.56715476933727
scsf,1134,in vitro PAMPA,15.1,2.54165755915891
scsf,1134,in vitro PAMPA,15.2,2.5163816561235
scsf,1134,in vitro PAMPA,15.3,2.49132577595369
scsf,1134,in vitro PAMPA,15.4,2.46648862906567
scsf,1134,in vitro PAMPA,15.5,2.44186892081398
scsf,1134,in vitro PAMPA,15.6,2.41746535274899
scsf,1134,in vitro PAMPA,15.7,2.39327662442842
scsf,1134,in vitro PAMPA,15.8,2.36930143070161
scsf,1134,in vitro PAMPA,15.9,2.34553846219764
scsf,1134,in vitro PAMPA,16,2.32198640666768
scsf,1134,in vitro PAMPA,16.1,2.29864395021601
scsf,1134,in vitro PAMPA,16.2,2.27550977533947
scsf,1134,in vitro PAMPA,16.3,2.25258256148445
scsf,1134,in vitro PAMPA,16.4,2.22986098600214
scsf,1134,in vitro PAMPA,16.5,2.20734372473988
scsf,1134,in vitro PAMPA,16.6,2.18502945121162
scsf,1134,in vitro PAMPA,16.7,2.16291683703256
scsf,1134,in vitro PAMPA,16.8,2.1410045524402
scsf,1134,in vitro PAMPA,16.9,2.11929126661081
scsf,1134,in vitro PAMPA,17,2.09777564750023
scsf,1134,in vitro PAMPA,17.1,2.07645636215385
scsf,1134,in vitro PAMPA,17.2,2.05533207701288
scsf,1134,in vitro PAMPA,17.3,2.03440145817078
scsf,1134,in vitro PAMPA,17.4,2.0136631714483
scsf,1134,in vitro PAMPA,17.5,1.99311588264872
scsf,1134,in vitro PAMPA,17.6,1.97275825780006
scsf,1134,in vitro PAMPA,17.7,1.95258896320991
scsf,1134,in vitro PAMPA,17.8,1.93260666592824
scsf,1134,in vitro PAMPA,17.9,1.91281003384797
scsf,1134,in vitro PAMPA,18,1.89319773588437
scsf,1134,in vitro PAMPA,18.1,1.87376844221072
scsf,1134,in vitro PAMPA,18.2,1.85452082362334
scsf,1134,in vitro PAMPA,18.3,1.83545355343238
scsf,1134,in vitro PAMPA,18.4,1.81656530659149
scsf,1134,in vitro PAMPA,18.5,1.79785476003091
scsf,1134,in vitro PAMPA,18.6,1.77932059291107
scsf,1134,in vitro PAMPA,18.7,1.76096148496319
scsf,1134,in vitro PAMPA,18.8,1.74277612074106
scsf,1134,in vitro PAMPA,18.9,1.724763186736
scsf,1134,in vitro PAMPA,19,1.70692137237389
scsf,1134,in vitro PAMPA,19.1,1.6892493699993
scsf,1134,in vitro PAMPA,19.2,1.67174587314179
scsf,1134,in vitro PAMPA,19.3,1.65440958149021
scsf,1134,in vitro PAMPA,19.4,1.63723919727018
scsf,1134,in vitro PAMPA,19.5,1.62023342643693
scsf,1134,in vitro PAMPA,19.6,1.60339097837085
scsf,1134,in vitro PAMPA,19.7,1.58671056457452
scsf,1134,in vitro PAMPA,19.8,1.57019090349914
scsf,1134,in vitro PAMPA,19.9,1.55383071677735
scsf,1134,in vitro PAMPA,20,1.53762873046328
scsf,1134,in vitro PAMPA,20.1,1.521583674408
scsf,1134,in vitro PAMPA,20.2,1.50569428171124
scsf,1134,in vitro PAMPA,20.3,1.48995929278212
scsf,1134,in vitro PAMPA,20.4,1.47437745187047
scsf,1134,in vitro PAMPA,20.5,1.45894750824074
scsf,1134,in vitro PAMPA,20.6,1.44366821527488
scsf,1134,in vitro PAMPA,20.7,1.42853833082937
scsf,1134,in vitro PAMPA,20.8,1.41355662005461
scsf,1134,in vitro PAMPA,20.9,1.39872185262769
scsf,1134,in vitro PAMPA,21,1.38403280375033
scsf,1134,in vitro PAMPA,21.1,1.36948825285372
scsf,1134,in vitro PAMPA,21.2,1.35508698511788
scsf,1134,in vitro PAMPA,21.3,1.34082779306041
scsf,1134,in vitro PAMPA,21.4,1.32670947426284
scsf,1134,in vitro PAMPA,21.5,1.31273083228812
scsf,1134,in vitro PAMPA,21.6,1.29889067603359
scsf,1134,in vitro PAMPA,21.7,1.28518781834027
scsf,1134,in vitro PAMPA,21.8,1.27162108186991
scsf,1134,in vitro PAMPA,21.9,1.25818929406685
scsf,1134,in vitro PAMPA,22,1.24489128870539
scsf,1134,in vitro PAMPA,22.1,1.23172590598619
scsf,1134,in vitro PAMPA,22.2,1.21869198850691
scsf,1134,in vitro PAMPA,22.3,1.205788390311
scsf,1134,in vitro PAMPA,22.4,1.19301397029334
scsf,1134,in vitro PAMPA,22.5,1.18036759384362
scsf,1134,in vitro PAMPA,22.6,1.16784813300354
scsf,1134,in vitro PAMPA,22.7,1.15545446423792
scsf,1134,in vitro PAMPA,22.8,1.14318547205972
scsf,1134,in vitro PAMPA,22.9,1.13104004861325
scsf,1134,in vitro PAMPA,23,1.1190170920865
scsf,1134,in vitro PAMPA,23.1,1.10711550748687
scsf,1134,in vitro PAMPA,23.2,1.09533420575426
scsf,1134,in vitro PAMPA,23.3,1.08367210384309
scsf,1134,in vitro PAMPA,23.4,1.07212812776803
scsf,1134,in vitro PAMPA,23.5,1.06070120950297
scsf,1134,in vitro PAMPA,23.6,1.04939028797729
scsf,1134,in vitro PAMPA,23.7,1.03819430889834
scsf,1134,in vitro PAMPA,23.8,1.02711222278279
scsf,1134,in vitro PAMPA,23.9,1.01614299018836
scsf,1134,in vitro PAMPA,24,1.00528557753899
scsf,1134,in vitro PAMPA,24.1,0.994538958301911
scsf,1134,in vitro PAMPA,24.2,0.983902113023502
scsf,1134,in vitro PAMPA,24.3,0.9733740271803
scsf,1134,in vitro PAMPA,24.4,0.962953695381617
scsf,1134,in vitro PAMPA,24.5,0.952640119143651
scsf,1134,in vitro PAMPA,24.6,0.942432306744889
scsf,1134,in vitro PAMPA,24.7,0.932329273557032
scsf,1134,in vitro PAMPA,24.8,0.922330041646618
scsf,1134,in vitro PAMPA,24.9,0.912433639616938
scsf,1134,in vitro PAMPA,25,0.902639103359962
scsf,135713,in silico perfusion,0,0
scsf,135713,in silico perfusion,0.1,0.233753717879004
scsf,135713,in silico perfusion,0.2,0.821769463121992
scsf,135713,in silico perfusion,0.3,1.5924682656581
scsf,135713,in silico perfusion,0.4,2.4351929364195
scsf,135713,in silico perfusion,0.5,3.28249699811972
scsf,135713,in silico perfusion,0.6,4.09496873934307
scsf,135713,in silico perfusion,0.7,4.85098721534134
scsf,135713,in silico perfusion,0.8,5.54007108747635
scsf,135713,in silico perfusion,0.9,6.15860304407334
scsf,135713,in silico perfusion,1,6.70709530198448
scsf,135713,in silico perfusion,1.1,7.18845010748688
scsf,135713,in silico perfusion,1.2,7.60686141481483
scsf,135713,in silico perfusion,1.3,7.96712886570404
scsf,135713,in silico perfusion,1.4,8.27423615888207
scsf,135713,in silico perfusion,1.5,8.53309845758936
scsf,135713,in silico perfusion,1.6,8.74841714457893
scsf,135713,in silico perfusion,1.7,8.92460238059646
scsf,135713,in silico perfusion,1.8,9.065737859766
scsf,135713,in silico perfusion,1.9,9.17557154010881
scsf,135713,in silico perfusion,2,9.25752175832202
scsf,135713,in silico perfusion,2.1,9.31469226612911
scsf,135713,in silico perfusion,2.2,9.34989185045055
scsf,135713,in silico perfusion,2.3,9.36565603740152
scsf,135713,in silico perfusion,2.4,9.36426926259427
scsf,135713,in silico perfusion,2.5,9.34778652156803
scsf,135713,in silico perfusion,2.6,9.31805403727541
scsf,135713,in silico perfusion,2.7,9.27672859279546
scsf,135713,in silico perfusion,2.8,9.22529543439218
scsf,135713,in silico perfusion,2.9,9.16508474510297
scsf,135713,in silico perfusion,3,9.09728671944429
scsf,135713,in silico perfusion,3.1,9.02296526036718
scsf,135713,in silico perfusion,3.2,8.94307045281547
scsf,135713,in silico perfusion,3.3,8.85844985819562
scsf,135713,in silico perfusion,3.4,8.76985874987931
scsf,135713,in silico perfusion,3.5,8.67796938501465
scsf,135713,in silico perfusion,3.6,8.5833793381919
scsf,135713,in silico perfusion,3.7,8.48661908352329
scsf,135713,in silico perfusion,3.8,8.38815879294563
scsf,135713,in silico perfusion,3.9,8.28841452116132
scsf,135713,in silico perfusion,4,8.18775373776951
scsf,135713,in silico perfusion,4.1,8.08650033200406
scsf,135713,in silico perfusion,4.2,7.98493913945481
scsf,135713,in silico perfusion,4.3,7.8833199936701
scsf,135713,in silico perfusion,4.4,7.78186141590634
scsf,135713,in silico perfusion,4.5,7.68075390295144
scsf,135713,in silico perfusion,4.6,7.58016289301726
scsf,135713,in silico perfusion,4.7,7.48023145060917
scsf,135713,in silico perfusion,4.8,7.38108267479359
scsf,135713,in silico perfusion,4.9,7.28282186599862
scsf,135713,in silico perfusion,5,7.18553847538151
scsf,135713,in silico perfusion,5.1,7.08930785265139
scsf,135713,in silico perfusion,5.2,6.99419282072997
scsf,135713,in silico perfusion,5.3,6.90024508917206
scsf,135713,in silico perfusion,5.4,6.80750652235635
scsf,135713,in silico perfusion,5.5,6.71601028256724
scsf,135713,in silico perfusion,5.6,6.62578185110673
scsf,135713,in silico perfusion,5.7,6.53683993948623
scsf,135713,in silico perfusion,5.8,6.44919730804095
scsf,135713,in silico perfusion,5.9,6.36286150446605
scsf,135713,in silico perfusion,6,6.27783551863724
scsf,135713,in silico perfusion,6.1,6.19411836888413
scsf,135713,in silico perfusion,6.2,6.11170563077794
scsf,135713,in silico perfusion,6.3,6.03058990238923
scsf,135713,in silico perfusion,6.4,5.95076121909905
scsf,135713,in silico perfusion,6.5,5.87220742511768
scsf,135713,in silico perfusion,6.6,5.79491450537677
scsf,135713,in silico perfusion,6.7,5.71886687989176
scsf,135713,in silico perfusion,6.8,5.64404766051926
scsf,135713,in silico perfusion,6.9,5.5704388901646
scsf,135713,in silico perfusion,7,5.49802174132235
scsf,135713,in silico perfusion,7.1,5.42677669486272
scsf,135713,in silico perfusion,7.2,5.356683699138
scsf,135713,in silico perfusion,7.3,5.28772231035301
scsf,135713,in silico perfusion,7.4,5.21987181559754
scsf,135713,in silico perfusion,7.5,5.15311133986737
scsf,135713,in silico perfusion,7.6,5.08741993705941
scsf,135713,in silico perfusion,7.7,5.02277667832645
scsf,135713,in silico perfusion,7.8,4.95916071458246
scsf,135713,in silico perfusion,7.9,4.89655133890663
scsf,135713,in silico perfusion,8,4.83492803736973
scsf,135713,in silico perfusion,8.1,4.77427053666672
scsf,135713,in silico perfusion,8.2,4.71455883544676
scsf,135713,in silico perfusion,8.3,4.65577323921374
scsf,135713,in silico perfusion,8.4,4.5978943850391
scsf,135713,in silico perfusion,8.5,4.54090326312034
scsf,135713,in silico perfusion,8.6,4.48478123426275
scsf,135713,in silico perfusion,8.7,4.42951003847077
scsf,135713,in silico perfusion,8.8,4.375071811989
scsf,135713,in silico perfusion,8.9,4.32144908722311
scsf,135713,in silico perfusion,9,4.268624797641
scsf,135713,in silico perfusion,9.1,4.21658228439385
scsf,135713,in silico perfusion,9.2,4.1653052922264
scsf,135713,in silico perfusion,9.3,4.11477796940117
scsf,135713,in silico perfusion,9.4,4.06498486749232
scsf,135713,in silico perfusion,9.5,4.01591093418013
scsf,135713,in silico perfusion,9.6,3.96754150798311
scsf,135713,in silico perfusion,9.7,3.91986231787561
scsf,135713,in silico perfusion,9.8,3.8728594686742
scsf,135713,in silico perfusion,9.9,3.82651944134819
scsf,135713,in silico perfusion,10,3.78082907921638
scsf,135713,in silico perfusion,10.1,3.73577558360842
scsf,135713,in silico perfusion,10.2,3.69134650418277
scsf,135713,in silico perfusion,10.3,3.64752973000357
scsf,135713,in silico perfusion,10.4,3.60431348256197
scsf,135713,in silico perfusion,10.5,3.56168630513944
scsf,135713,in silico perfusion,10.6,3.51963705562765
scsf,135713,in silico perfusion,10.7,3.47815489637552
scsf,135713,in silico perfusion,10.8,3.43722928617823
scsf,135713,in silico perfusion,10.9,3.39684997097062
scsf,135713,in silico perfusion,11,3.35700697561561
scsf,135713,in silico perfusion,11.1,3.31769059496927
scsf,135713,in silico perfusion,11.2,3.27889138529125
scsf,135713,in silico perfusion,11.3,3.24060015711071
scsf,135713,in silico perfusion,11.4,3.20280796482861
scsf,135713,in silico perfusion,11.5,3.16550610236074
scsf,135713,in silico perfusion,11.6,3.12868609083541
scsf,135713,in silico perfusion,11.7,3.09233967657638
scsf,135713,in silico perfusion,11.8,3.0564588179552
scsf,135713,in silico perfusion,11.9,3.02103568362164
scsf,135713,in silico perfusion,12,2.98606264165188
scsf,135713,in silico perfusion,12.1,2.95153225506157
scsf,135713,in silico perfusion,12.2,2.91743727474661
scsf,135713,in silico perfusion,12.3,2.88377063294648
scsf,135713,in silico perfusion,12.4,2.85052543843775
scsf,135713,in silico perfusion,12.5,2.81769496505933
scsf,135713,in silico perfusion,12.6,2.78527265638407
scsf,135713,in silico perfusion,12.7,2.75325211021917
scsf,135713,in silico perfusion,12.8,2.72162707439709
scsf,135713,in silico perfusion,12.9,2.69039145442785
scsf,135713,in silico perfusion,13,2.65953928805749
scsf,135713,in silico perfusion,13.1,2.6290647544597
scsf,135713,in silico perfusion,13.2,2.5989621717535
scsf,135713,in silico perfusion,13.3,2.56922597866073
scsf,135713,in silico perfusion,13.4,2.53985074402586
scsf,135713,in silico perfusion,13.5,2.51083115770907
scsf,135713,in silico perfusion,13.6,2.48216202127578
scsf,135713,in silico perfusion,13.7,2.45383825649019
scsf,135713,in silico perfusion,13.8,2.42585488875762
scsf,135713,in silico perfusion,13.9,2.39820704913423
scsf,135713,in silico perfusion,14,2.37088997691122
scsf,135713,in silico perfusion,14.1,2.34389900334034
scsf,135713,in silico perfusion,14.2,2.31722956032297
scsf,135713,in silico perfusion,14.3,2.29087717526041
scsf,135713,in silico perfusion,14.4,2.26483745642195
scsf,135713,in silico perfusion,14.5,2.23910609974008
scsf,135713,in silico perfusion,14.6,2.21367890091825
scsf,135713,in silico perfusion,14.7,2.18855172301028
scsf,135713,in silico perfusion,14.8,2.16372050661238
scsf,135713,in silico perfusion,14.9,2.13918127268947
scsf,135713,in silico perfusion,15,2.11493013308002
scsf,135713,in silico perfusion,15.1,2.09096324893231
scsf,135713,in silico perfusion,15.2,2.06727685745649
scsf,135713,in silico perfusion,15.3,2.04386727343022
scsf,135713,in silico perfusion,15.4,2.02073087691457
scsf,135713,in silico perfusion,15.5,1.99786410298441
scsf,135713,in silico perfusion,15.6,1.97526345196342
scsf,135713,in silico perfusion,15.7,1.95292549941818
scsf,135713,in silico perfusion,15.8,1.93084686349179
scsf,135713,in silico perfusion,15.9,1.90902422404437
scsf,135713,in silico perfusion,16,1.88745431963218
scsf,135713,in silico perfusion,16.1,1.86613394851491
scsf,135713,in silico perfusion,16.2,1.84505995193446
scsf,135713,in silico perfusion,16.3,1.82422922510669
scsf,135713,in silico perfusion,16.4,1.80363872149397
scsf,135713,in silico perfusion,16.5,1.78328543798149
scsf,135713,in silico perfusion,16.6,1.76316641686858
scsf,135713,in silico perfusion,16.7,1.74327874973334
scsf,135713,in silico perfusion,16.8,1.72361958628203
scsf,135713,in silico perfusion,16.9,1.70418610072191
scsf,135713,in silico perfusion,17,1.68497551634981
scsf,135713,in silico perfusion,17.1,1.66598509713401
scsf,135713,in silico perfusion,17.2,1.64721215703937
scsf,135713,in silico perfusion,17.3,1.62865405764969
scsf,135713,in silico perfusion,17.4,1.61030817721049
scsf,135713,in silico perfusion,17.5,1.59217194031509
scsf,135713,in silico perfusion,17.6,1.5742428075051
scsf,135713,in silico perfusion,17.7,1.55651829458075
scsf,135713,in silico perfusion,17.8,1.53899594233532
scsf,135713,in silico perfusion,17.9,1.52167331705757
scsf,135713,in silico perfusion,18,1.50454802469021
scsf,135713,in silico perfusion,18.1,1.48761770367833
scsf,135713,in silico perfusion,18.2,1.47088004767004
scsf,135713,in silico perfusion,18.3,1.45433275649958
scsf,135713,in silico perfusion,18.4,1.43797356824134
scsf,135713,in silico perfusion,18.5,1.42180025234619
scsf,135713,in silico perfusion,18.6,1.40581061026946
scsf,135713,in silico perfusion,18.7,1.39000248454734
scsf,135713,in silico perfusion,18.8,1.374373729726
scsf,135713,in silico perfusion,18.9,1.35892223486896
scsf,135713,in silico perfusion,19,1.34364591655582
scsf,135713,in silico perfusion,19.1,1.32854272324254
scsf,135713,in silico perfusion,19.2,1.31361063313734
scsf,135713,in silico perfusion,19.3,1.29884764154523
scsf,135713,in silico perfusion,19.4,1.28425177331895
scsf,135713,in silico perfusion,19.5,1.2698210782844
scsf,135713,in silico perfusion,19.6,1.25555363930284
scsf,135713,in silico perfusion,19.7,1.24144755868242
scsf,135713,in silico perfusion,19.8,1.22750095968307
scsf,135713,in silico perfusion,19.9,1.21371199132909
scsf,135713,in silico perfusion,20,1.20007882553822
scsf,135713,in silico perfusion,20.1,1.18659967012318
scsf,135713,in silico perfusion,20.2,1.17327273924136
scsf,135713,in silico perfusion,20.3,1.16009627417242
scsf,135713,in silico perfusion,20.4,1.14706853807574
scsf,135713,in silico perfusion,20.5,1.13418781517958
scsf,135713,in silico perfusion,20.6,1.12145242054811
scsf,135713,in silico perfusion,20.7,1.10886068121374
scsf,135713,in silico perfusion,20.8,1.09641094397577
scsf,135713,in silico perfusion,20.9,1.08410157746388
scsf,135713,in silico perfusion,21,1.07193096986688
scsf,135713,in silico perfusion,21.1,1.05989753465958
scsf,135713,in silico perfusion,21.2,1.04799970249812
scsf,135713,in silico perfusion,21.3,1.03623591842881
scsf,135713,in silico perfusion,21.4,1.02460464868544
scsf,135713,in silico perfusion,21.5,1.01310437772089
scsf,135713,in silico perfusion,21.6,1.00173361100771
scsf,135713,in silico perfusion,21.7,0.990490873800832
scsf,135713,in silico perfusion,21.8,0.979374702784772
scsf,135713,in silico perfusion,21.9,0.968383654663092
scsf,135713,in silico perfusion,22,0.957516303123653
scsf,135713,in silico perfusion,22.1,0.946771239956322
scsf,135713,in silico perfusion,22.2,0.936147077617112
scsf,135713,in silico perfusion,22.3,0.925642438085394
scsf,135713,in silico perfusion,22.4,0.915255962170619
scsf,135713,in silico perfusion,22.5,0.904986306537989
scsf,135713,in silico perfusion,22.6,0.894832143796671
scsf,135713,in silico perfusion,22.7,0.884792167369132
scsf,135713,in silico perfusion,22.8,0.874865078753224
scsf,135713,in silico perfusion,22.9,0.865049597182959
scsf,135713,in silico perfusion,23,0.855344456726896
scsf,135713,in silico perfusion,23.1,0.845748406039489
scsf,135713,in silico perfusion,23.2,0.836260212857295
scsf,135713,in silico perfusion,23.3,0.826878654070856
scsf,135713,in silico perfusion,23.4,0.817602521881374
scsf,135713,in silico perfusion,23.5,0.808430622732854
scsf,135713,in silico perfusion,23.6,0.799361776754366
scsf,135713,in silico perfusion,23.7,0.790394820941924
scsf,135713,in silico perfusion,23.8,0.781528603123837
scsf,135713,in silico perfusion,23.9,0.772761983578562
scsf,135713,in silico perfusion,24,0.764093836497545
scsf,135713,in silico perfusion,24.1,0.755523048907905
scsf,135713,in silico perfusion,24.2,0.747048521270179
scsf,135713,in silico perfusion,24.3,0.738669170007507
scsf,135713,in silico perfusion,24.4,0.730383918510547
scsf,135713,in silico perfusion,24.5,0.722191704565574
scsf,135713,in silico perfusion,24.6,0.714091478037174
scsf,135713,in silico perfusion,24.7,0.706082200684288
scsf,135713,in silico perfusion,24.8,0.698162847053416
scsf,135713,in silico perfusion,24.9,0.690332403816798
scsf,135713,in silico perfusion,25,0.682589868948593
scsf,1810,in silico PAMPA,0,0
scsf,1810,in silico PAMPA,0.1,0.051745129789299
scsf,1810,in silico PAMPA,0.2,0.298179942238666
scsf,1810,in silico PAMPA,0.3,0.73338975126111
scsf,1810,in silico PAMPA,0.4,1.29171998178073
scsf,1810,in silico PAMPA,0.5,1.91058114929405
scsf,1810,in silico PAMPA,0.6,2.54414963297386
scsf,1810,in silico PAMPA,0.7,3.1625774390449
scsf,1810,in silico PAMPA,0.8,3.7480308570941
scsf,1810,in silico PAMPA,0.9,4.29090381826307
scsf,1810,in silico PAMPA,1,4.78694245426209
scsf,1810,in silico PAMPA,1.1,5.23524459427452
scsf,1810,in silico PAMPA,1.2,5.63692668627745
scsf,1810,in silico PAMPA,1.3,5.99425778830205
scsf,1810,in silico PAMPA,1.4,6.31010754481565
scsf,1810,in silico PAMPA,1.5,6.58760058769552
scsf,1810,in silico PAMPA,1.6,6.82990482000376
scsf,1810,in silico PAMPA,1.7,7.04010584453583
scsf,1810,in silico PAMPA,1.8,7.22113609038174
scsf,1810,in silico PAMPA,1.9,7.37573853502238
scsf,1810,in silico PAMPA,2,7.50645185820193
scsf,1810,in silico PAMPA,2.1,7.61560863771898
scsf,1810,in silico PAMPA,2.2,7.70534131793224
scsf,1810,in silico PAMPA,2.3,7.77759243265024
scsf,1810,in silico PAMPA,2.4,7.83412703159627
scsf,1810,in silico PAMPA,2.5,7.87654598425435
scsf,1810,in silico PAMPA,2.6,7.90629929663147
scsf,1810,in silico PAMPA,2.7,7.92469903762734
scsf,1810,in silico PAMPA,2.8,7.93293157820321
scsf,1810,in silico PAMPA,2.9,7.93206901210472
scsf,1810,in silico PAMPA,3,7.92307971462894
scsf,1810,in silico PAMPA,3.1,7.90683805015526
scsf,1810,in silico PAMPA,3.2,7.88413325220866
scsf,1810,in silico PAMPA,3.3,7.85567748902037
scsf,1810,in silico PAMPA,3.4,7.82211322674326
scsf,1810,in silico PAMPA,3.5,7.7840198975439
scsf,1810,in silico PAMPA,3.6,7.74191995655901
scsf,1810,in silico PAMPA,3.7,7.6962843571424
scsf,1810,in silico PAMPA,3.8,7.64753751214277
scsf,1810,in silico PAMPA,3.9,7.59606178544542
scsf,1810,in silico PAMPA,4,7.542201560805
scsf,1810,in silico PAMPA,4.1,7.48626691117786
scsf,1810,in silico PAMPA,4.2,7.42853692695269
scsf,1810,in silico PAMPA,4.3,7.36926271112674
scsf,1810,in silico PAMPA,4.4,7.30867010002423
scsf,1810,in silico PAMPA,4.5,7.24696212207341
scsf,1810,in silico PAMPA,4.6,7.18432121645694
scsf,1810,in silico PAMPA,4.7,7.12091123193869
scsf,1810,in silico PAMPA,4.8,7.05687924512451
scsf,1810,in silico PAMPA,4.9,6.99235719504646
scsf,1810,in silico PAMPA,5,6.92746336179105
scsf,1810,in silico PAMPA,5.1,6.86230370650067
scsf,1810,in silico PAMPA,5.2,6.79697308251622
scsf,1810,in silico PAMPA,5.3,6.73155631879712
scsf,1810,in silico PAMPA,5.4,6.66612920678582
scsf,1810,in silico PAMPA,5.5,6.60075939227197
scsf,1810,in silico PAMPA,5.6,6.53550717686945
scsf,1810,in silico PAMPA,5.7,6.47042624837486
scsf,1810,in silico PAMPA,5.8,6.40556433470415
scsf,1810,in silico PAMPA,5.9,6.34096379314283
scsf,1810,in silico PAMPA,6,6.2766621439255
scsf,1810,in silico PAMPA,6.1,6.21269255412976
scsf,1810,in silico PAMPA,6.2,6.14908427292635
scsf,1810,in silico PAMPA,6.3,6.08586302256566
scsf,1810,in silico PAMPA,6.4,6.02305135627641
scsf,1810,in silico PAMPA,6.5,5.96066897632117
scsf,1810,in silico PAMPA,6.6,5.89873302182762
scsf,1810,in silico PAMPA,6.7,5.83725832682258
scsf,1810,in silico PAMPA,6.8,5.77625765652998
scsf,1810,in silico PAMPA,6.9,5.7157419194525
scsf,1810,in silico PAMPA,7,5.65572035627927
scsf,1810,in silico PAMPA,7.1,5.59620071497738
scsf,1810,in silico PAMPA,7.2,5.53718940396693
scsf,1810,in silico PAMPA,7.3,5.47869163128086
scsf,1810,in silico PAMPA,7.4,5.42071152928562
scsf,1810,in silico PAMPA,7.5,5.36325226954124
scsf,1810,in silico PAMPA,7.6,5.30631616334897
scsf,1810,in silico PAMPA,7.7,5.24990475413347
scsf,1810,in silico PAMPA,7.8,5.19401889993644
scsf,1810,in silico PAMPA,7.9,5.13865884744159
scsf,1810,in silico PAMPA,8,5.08382430022411
scsf,1810,in silico PAMPA,8.1,5.02951448117588
scsf,1810,in silico PAMPA,8.2,4.97572817965419
scsf,1810,in silico PAMPA,8.3,4.92246380337202
scsf,1810,in silico PAMPA,8.4,4.86971942388191
scsf,1810,in silico PAMPA,8.5,4.81749281338766
scsf,1810,in silico PAMPA,8.6,4.76578148025954
scsf,1810,in silico PAMPA,8.7,4.71458270096763
scsf,1810,in silico PAMPA,8.8,4.66389354939203
scsf,1810,in silico PAMPA,8.9,4.61371092225387
scsf,1810,in silico PAMPA,9,4.56403155804469
scsf,1810,in silico PAMPA,9.1,4.5148520662829
scsf,1810,in silico PAMPA,9.2,4.4661689351202
scsf,1810,in silico PAMPA,9.3,4.41797855267466
scsf,1810,in silico PAMPA,9.4,4.37027722408776
scsf,1810,in silico PAMPA,9.5,4.32306117832837
scsf,1810,in silico PAMPA,9.6,4.27632658563977
scsf,1810,in silico PAMPA,9.7,4.2300695657559
scsf,1810,in silico PAMPA,9.8,4.18428619589608
scsf,1810,in silico PAMPA,9.9,4.13897252197213
scsf,1810,in silico PAMPA,10,4.094124563514
scsf,1810,in silico PAMPA,10.1,4.04973832214468
scsf,1810,in silico PAMPA,10.2,4.00580978644629
scsf,1810,in silico PAMPA,10.3,3.96233493628859
scsf,1810,in silico PAMPA,10.4,3.9193097498282
scsf,1810,in silico PAMPA,10.5,3.87673020319613
scsf,1810,in silico PAMPA,10.6,3.83459227999228
scsf,1810,in silico PAMPA,10.7,3.79289196803731
scsf,1810,in silico PAMPA,10.8,3.75162526863267
scsf,1810,in silico PAMPA,10.9,3.71078819317519
scsf,1810,in silico PAMPA,11,3.67037677079129
scsf,1810,in silico PAMPA,11.1,3.63038704525375
scsf,1810,in silico PAMPA,11.2,3.5908150807861
scsf,1810,in silico PAMPA,11.3,3.55165695965342
scsf,1810,in silico PAMPA,11.4,3.51290878899479
scsf,1810,in silico PAMPA,11.5,3.4745666937746
scsf,1810,in silico PAMPA,11.6,3.43662682721355
scsf,1810,in silico PAMPA,11.7,3.39908536333342
scsf,1810,in silico PAMPA,11.8,3.36193850214671
scsf,1810,in silico PAMPA,11.9,3.32518246975513
scsf,1810,in silico PAMPA,12,3.28881351634444
scsf,1810,in silico PAMPA,12.1,3.2528279206412
scsf,1810,in silico PAMPA,12.2,3.21722198604063
scsf,1810,in silico PAMPA,12.3,3.18199204476641
scsf,1810,in silico PAMPA,12.4,3.14713445503106
scsf,1810,in silico PAMPA,12.5,3.11264560327214
scsf,1810,in silico PAMPA,12.6,3.07852190344284
scsf,1810,in silico PAMPA,12.7,3.04475979670175
scsf,1810,in silico PAMPA,12.8,3.01135575272945
scsf,1810,in silico PAMPA,12.9,2.97830626755597
scsf,1810,in silico PAMPA,13,2.94560786682108
scsf,1810,in silico PAMPA,13.1,2.9132571033717
scsf,1810,in silico PAMPA,13.2,2.88125055623526
scsf,1810,in silico PAMPA,13.3,2.84958483431603
scsf,1810,in silico PAMPA,13.4,2.81825657328204
scsf,1810,in silico PAMPA,13.5,2.78726243509817
scsf,1810,in silico PAMPA,13.6,2.75659911081303
scsf,1810,in silico PAMPA,13.7,2.72626331809958
scsf,1810,in silico PAMPA,13.8,2.69625180126123
scsf,1810,in silico PAMPA,13.9,2.6665613325019
scsf,1810,in silico PAMPA,14,2.63718871064707
scsf,1810,in silico PAMPA,14.1,2.60813076118756
scsf,1810,in silico PAMPA,14.2,2.57938433667462
scsf,1810,in silico PAMPA,14.3,2.55094631608618
scsf,1810,in silico PAMPA,14.4,2.52281360477989
scsf,1810,in silico PAMPA,14.5,2.49498313468572
scsf,1810,in silico PAMPA,14.6,2.46745186375156
scsf,1810,in silico PAMPA,14.7,2.44021677589989
scsf,1810,in silico PAMPA,14.8,2.41327488119416
scsf,1810,in silico PAMPA,14.9,2.38662321515037
scsf,1810,in silico PAMPA,15,2.36025883893234
scsf,1810,in silico PAMPA,15.1,2.33417883943891
scsf,1810,in silico PAMPA,15.2,2.30838032881693
scsf,1810,in silico PAMPA,15.3,2.28286044412035
scsf,1810,in silico PAMPA,15.4,2.25761634746273
scsf,1810,in silico PAMPA,15.5,2.23264522609699
scsf,1810,in silico PAMPA,15.6,2.20794429190129
scsf,1810,in silico PAMPA,15.7,2.18351078125087
scsf,1810,in silico PAMPA,15.8,2.15934195497388
scsf,1810,in silico PAMPA,15.9,2.13543509827218
scsf,1810,in silico PAMPA,16,2.1117875204581
scsf,1810,in silico PAMPA,16.1,2.0883965549385
scsf,1810,in silico PAMPA,16.2,2.0652595589801
scsf,1810,in silico PAMPA,16.3,2.04237391351443
scsf,1810,in silico PAMPA,16.4,2.01973702309152
scsf,1810,in silico PAMPA,16.5,1.99734631578911
scsf,1810,in silico PAMPA,16.6,1.97519924298319
scsf,1810,in silico PAMPA,16.7,1.953293279164
scsf,1810,in silico PAMPA,16.8,1.93162592188101
scsf,1810,in silico PAMPA,16.9,1.91019469155729
scsf,1810,in silico PAMPA,17,1.88899713136322
scsf,1810,in silico PAMPA,17.1,1.8680308070809
scsf,1810,in silico PAMPA,17.2,1.84729330694763
scsf,1810,in silico PAMPA,17.3,1.82678224146016
scsf,1810,in silico PAMPA,17.4,1.80649524329548
scsf,1810,in silico PAMPA,17.5,1.7864299671892
scsf,1810,in silico PAMPA,17.6,1.76658408973784
scsf,1810,in silico PAMPA,17.7,1.74695530924498
scsf,1810,in silico PAMPA,17.8,1.72754134561793
scsf,1810,in silico PAMPA,17.9,1.70833994022602
scsf,1810,in silico PAMPA,18,1.68934885573165
scsf,1810,in silico PAMPA,18.1,1.67056587595656
scsf,1810,in silico PAMPA,18.2,1.65198880573528
scsf,1810,in silico PAMPA,18.3,1.6336154707764
scsf,1810,in silico PAMPA,18.4,1.61544371751716
scsf,1810,in silico PAMPA,18.5,1.59747141297877
scsf,1810,in silico PAMPA,18.6,1.57969644462337
scsf,1810,in silico PAMPA,18.7,1.56211672027065
scsf,1810,in silico PAMPA,18.8,1.54473016783839
scsf,1810,in silico PAMPA,18.9,1.52753473526764
scsf,1810,in silico PAMPA,19,1.51052839037674
scsf,1810,in silico PAMPA,19.1,1.49370912071208
scsf,1810,in silico PAMPA,19.2,1.47707493349192
scsf,1810,in silico PAMPA,19.3,1.46062385527958
scsf,1810,in silico PAMPA,19.4,1.44435393197524
scsf,1810,in silico PAMPA,19.5,1.42826322864196
scsf,1810,in silico PAMPA,19.6,1.41234982935582
scsf,1810,in silico PAMPA,19.7,1.39661183697881
scsf,1810,in silico PAMPA,19.8,1.38104737321476
scsf,1810,in silico PAMPA,19.9,1.3656545783106
scsf,1810,in silico PAMPA,20,1.35043161095417
scsf,1810,in silico PAMPA,20.1,1.33537664810196
scsf,1810,in silico PAMPA,20.2,1.32048788470737
scsf,1810,in silico PAMPA,20.3,1.30576353394103
scsf,1810,in silico PAMPA,20.4,1.29120182674613
scsf,1810,in silico PAMPA,20.5,1.2768010117753
scsf,1810,in silico PAMPA,20.6,1.26255935525901
scsf,1810,in silico PAMPA,20.7,1.24847514088084
scsf,1810,in silico PAMPA,20.8,1.23454666955129
scsf,1810,in silico PAMPA,20.9,1.22077225933633
scsf,1810,in silico PAMPA,21,1.20715024529282
scsf,1810,in silico PAMPA,21.1,1.19367897948422
scsf,1810,in silico PAMPA,21.2,1.18035683084104
scsf,1810,in silico PAMPA,21.3,1.16718218449466
scsf,1810,in silico PAMPA,21.4,1.15415344218099
scsf,1810,in silico PAMPA,21.5,1.14126902193463
scsf,1810,in silico PAMPA,21.6,1.12852735798477
scsf,1810,in silico PAMPA,21.7,1.11592690098274
scsf,1810,in silico PAMPA,21.8,1.10346611692114
scsf,1810,in silico PAMPA,21.9,1.09114348775402
scsf,1810,in silico PAMPA,22,1.07895751105145
scsf,1810,in silico PAMPA,22.1,1.06690669985971
scsf,1810,in silico PAMPA,22.2,1.05498958272423
scsf,1810,in silico PAMPA,22.3,1.04320470324229
scsf,1810,in silico PAMPA,22.4,1.03155062008503
scsf,1810,in silico PAMPA,22.5,1.02002590687629
scsf,1810,in silico PAMPA,22.6,1.00862915202946
scsf,1810,in silico PAMPA,22.7,0.997358958814455
scsf,1810,in silico PAMPA,22.8,0.986213945028266
scsf,1810,in silico PAMPA,22.9,0.97519274261985
scsf,1810,in silico PAMPA,23,0.964293997917985
scsf,1810,in silico PAMPA,23.1,0.953516371372882
scsf,1810,in silico PAMPA,23.2,0.94285853758736
scsf,1810,in silico PAMPA,23.3,0.932319185558995
scsf,1810,in silico PAMPA,23.4,0.921897017166138
scsf,1810,in silico PAMPA,23.5,0.911590748249796
scsf,1810,in silico PAMPA,23.6,0.901399108138854
scsf,1810,in silico PAMPA,23.7,0.891320839517158
scsf,1810,in silico PAMPA,23.8,0.88135469909572
scsf,1810,in silico PAMPA,23.9,0.871499455750198
scsf,1810,in silico PAMPA,24,0.861753891654562
scsf,1810,in silico PAMPA,24.1,0.852116801876914
scsf,1810,in silico PAMPA,24.2,0.842586994226621
scsf,1810,in silico PAMPA,24.3,0.833163289504899
scsf,1810,in silico PAMPA,24.4,0.823844520809877
scsf,1810,in silico PAMPA,24.5,0.814629533447939
scsf,1810,in silico PAMPA,24.6,0.805517185110621
scsf,1810,in silico PAMPA,24.7,0.796506345622112
scsf,1810,in silico PAMPA,24.8,0.787595896879404
scsf,1810,in silico PAMPA,24.9,0.778784732878801
scsf,1810,in silico PAMPA,25,0.770071759327254
scsf,309.31443995948,optimized,0,0
scsf,309.31443995948,optimized,0.1,0.0105610456850952
scsf,309.31443995948,optimized,0.2,0.0698746385396824
scsf,309.31443995948,optimized,0.3,0.192182456122685
scsf,309.31443995948,optimized,0.4,0.371362115418877
scsf,309.31443995948,optimized,0.5,0.593560038540351
scsf,309.31443995948,optimized,0.6,0.843592819636942
scsf,309.31443995948,optimized,0.7,1.10785316603198
scsf,309.31443995948,optimized,0.8,1.37535892676753
scsf,309.31443995948,optimized,0.9,1.63787419488575
scsf,309.31443995948,optimized,1,1.88961447328504
scsf,309.31443995948,optimized,1.1,2.12680698922328
scsf,309.31443995948,optimized,1.2,2.34724094649628
scsf,309.31443995948,optimized,1.3,2.54986749550273
scsf,309.31443995948,optimized,1.4,2.73446962139154
scsf,309.31443995948,optimized,1.5,2.9014025500895
scsf,309.31443995948,optimized,1.6,3.0513966100501
scsf,309.31443995948,optimized,1.7,3.18541178705101
scsf,309.31443995948,optimized,1.8,3.30453303397971
scsf,309.31443995948,optimized,1.9,3.40989688723594
scsf,309.31443995948,optimized,2,3.50264143891926
scsf,309.31443995948,optimized,2.1,3.58387337942881
scsf,309.31443995948,optimized,2.2,3.654647432441
scsf,309.31443995948,optimized,2.3,3.71595441173941
scsf,309.31443995948,optimized,2.4,3.76871531177982
scsf,309.31443995948,optimized,2.5,3.81377956978322
scsf,309.31443995948,optimized,2.6,3.85192593961249
scsf,309.31443995948,optimized,2.7,3.88386509803422
scsf,309.31443995948,optimized,2.8,3.91024331048089
scsf,309.31443995948,optimized,2.9,3.93164662726507
scsf,309.31443995948,optimized,3,3.94860529988089
scsf,309.31443995948,optimized,3.1,3.9615982299972
scsf,309.31443995948,optimized,3.2,3.97105730129444
scsf,309.31443995948,optimized,3.3,3.97737150319715
scsf,309.31443995948,optimized,3.4,3.9808908113546
scsf,309.31443995948,optimized,3.5,3.98192979956103
scsf,309.31443995948,optimized,3.6,3.98077097267408
scsf,309.31443995948,optimized,3.7,3.97766782932109
scsf,309.31443995948,optimized,3.8,3.97284765604113
scsf,309.31443995948,optimized,3.9,3.96651408252153
scsf,309.31443995948,optimized,4,3.95884940182087
scsf,309.31443995948,optimized,4.1,3.95001667596576
scsf,309.31443995948,optimized,4.2,3.94016164568739
scsf,309.31443995948,optimized,4.3,3.92941445333096
scsf,309.31443995948,optimized,4.4,3.91789121028211
scsf,309.31443995948,optimized,4.5,3.90569540966618
scsf,309.31443995948,optimized,4.6,3.89291920233317
scsf,309.31443995948,optimized,4.7,3.8796445469075
scsf,309.31443995948,optimized,4.8,3.8659442510547
scsf,309.31443995948,optimized,4.9,3.85188290881321
scsf,309.31443995948,optimized,5,3.83751774479285
scsf,309.31443995948,optimized,5.1,3.82289938076644
scsf,309.31443995948,optimized,5.2,3.80807252225268
scsf,309.31443995948,optimized,5.3,3.7930765746061
scsf,309.31443995948,optimized,5.4,3.77794620145091
scsf,309.31443995948,optimized,5.5,3.76271182780644
scsf,309.31443995948,optimized,5.6,3.74740009040428
scsf,309.31443995948,optimized,5.7,3.73203424734983
scsf,309.31443995948,optimized,5.8,3.71663454253185
scsf,309.31443995948,optimized,5.9,3.70121853318557
scsf,309.31443995948,optimized,6,3.68580138575359
scsf,309.31443995948,optimized,6.1,3.67039614149614
scsf,309.31443995948,optimized,6.2,3.65501395528725
scsf,309.31443995948,optimized,6.3,3.63966430886129
scsf,309.31443995948,optimized,6.4,3.62435520463015
scsf,309.31443995948,optimized,6.5,3.60909333687018
scsf,309.31443995948,optimized,6.6,3.59388424484244
scsf,309.31443995948,optimized,6.7,3.57873245153439
scsf,309.31443995948,optimized,6.8,3.56364158690961
scsf,309.31443995948,optimized,6.9,3.54861449911025
scsf,309.31443995948,optimized,7,3.53365335204755
scsf,309.31443995948,optimized,7.1,3.51875971584772
scsf,309.31443995948,optimized,7.2,3.50393464410357
scsf,309.31443995948,optimized,7.3,3.48917874378895
scsf,309.31443995948,optimized,7.4,3.47449223741775
scsf,309.31443995948,optimized,7.5,3.4598750184553
scsf,309.31443995948,optimized,7.6,3.44532670163118
scsf,309.31443995948,optimized,7.7,3.43084666541909
scsf,309.31443995948,optimized,7.8,3.41643409098214
scsf,309.31443995948,optimized,7.9,3.40208799676422
scsf,309.31443995948,optimized,8,3.38780726787106
scsf,309.31443995948,optimized,8.1,3.37359068606233
scsf,309.31443995948,optimized,8.2,3.35943694773146
scsf,309.31443995948,optimized,8.3,3.34534468665963
scsf,309.31443995948,optimized,8.4,3.3313124922091
scsf,309.31443995948,optimized,8.5,3.31733892512424
scsf,309.31443995948,optimized,8.6,3.30342252977547
scsf,309.31443995948,optimized,8.7,3.28956184655439
scsf,309.31443995948,optimized,8.8,3.27575542183365
scsf,309.31443995948,optimized,8.9,3.26200181779294
scsf,309.31443995948,optimized,9,3.24829961657363
scsf,309.31443995948,optimized,9.1,3.23464743082115
scsf,309.31443995948,optimized,9.2,3.22104390462319
scsf,309.31443995948,optimized,9.3,3.20748771882487
scsf,309.31443995948,optimized,9.4,3.19397759659695
scsf,309.31443995948,optimized,9.5,3.18051230293059
scsf,309.31443995948,optimized,9.6,3.16709064885194
scsf,309.31443995948,optimized,9.7,3.15371149314069
scsf,309.31443995948,optimized,9.8,3.14037374184544
scsf,309.31443995948,optimized,9.9,3.12707635036055
scsf,309.31443995948,optimized,10,3.11381832360757
scsf,309.31443995948,optimized,10.1,3.10059871520406
scsf,309.31443995948,optimized,10.2,3.08741662894342
scsf,309.31443995948,optimized,10.3,3.07427121549019
scsf,309.31443995948,optimized,10.4,3.06116167520399
scsf,309.31443995948,optimized,10.5,3.04808725361356
scsf,309.31443995948,optimized,10.6,3.03504724370624
scsf,309.31443995948,optimized,10.7,3.02204098228616
scsf,309.31443995948,optimized,10.8,3.00906785085057
scsf,309.31443995948,optimized,10.9,2.99612727276921
scsf,309.31443995948,optimized,11,2.98321871327967
scsf,309.31443995948,optimized,11.1,2.97034167703894
scsf,309.31443995948,optimized,11.2,2.95749570753625
scsf,309.31443995948,optimized,11.3,2.94468038511832
scsf,309.31443995948,optimized,11.4,2.93189532630395
scsf,309.31443995948,optimized,11.5,2.91914018127628
scsf,309.31443995948,optimized,11.6,2.90641463367991
scsf,309.31443995948,optimized,11.7,2.89371839818018
scsf,309.31443995948,optimized,11.8,2.88105121966278
scsf,309.31443995948,optimized,11.9,2.86841287171226
scsf,309.31443995948,optimized,12,2.85580315521958
scsf,309.31443995948,optimized,12.1,2.84322189700775
scsf,309.31443995948,optimized,12.2,2.8306689490061
scsf,309.31443995948,optimized,12.3,2.818144186135
scsf,309.31443995948,optimized,12.4,2.80564750627141
scsf,309.31443995948,optimized,12.5,2.79317882777935
scsf,309.31443995948,optimized,12.6,2.78073808939589
scsf,309.31443995948,optimized,12.7,2.76832524862004
scsf,309.31443995948,optimized,12.8,2.75594028068315
scsf,309.31443995948,optimized,12.9,2.74358317804089
scsf,309.31443995948,optimized,13,2.73125394778615
scsf,309.31443995948,optimized,13.1,2.71895261247595
scsf,309.31443995948,optimized,13.2,2.70667920911381
scsf,309.31443995948,optimized,13.3,2.69443378588208
scsf,309.31443995948,optimized,13.4,2.68221640428648
scsf,309.31443995948,optimized,13.5,2.67002713763268
scsf,309.31443995948,optimized,13.6,2.65786606778414
scsf,309.31443995948,optimized,13.7,2.64573328782648
scsf,309.31443995948,optimized,13.8,2.63362890005666
scsf,309.31443995948,optimized,13.9,2.62155301347478
scsf,309.31443995948,optimized,14,2.60950574619763
scsf,309.31443995948,optimized,14.1,2.59748722321485
scsf,309.31443995948,optimized,14.2,2.58549757471294
scsf,309.31443995948,optimized,14.3,2.57353693812639
scsf,309.31443995948,optimized,14.4,2.56160545572507
scsf,309.31443995948,optimized,14.5,2.54970327361578
scsf,309.31443995948,optimized,14.6,2.53783054362152
scsf,309.31443995948,optimized,14.7,2.52598742061443
scsf,309.31443995948,optimized,14.8,2.51417406213446
scsf,309.31443995948,optimized,14.9,2.50239063117542
scsf,309.31443995948,optimized,15,2.4906372908407
scsf,309.31443995948,optimized,15.1,2.47891420597504
scsf,309.31443995948,optimized,15.2,2.4672215429077
scsf,309.31443995948,optimized,15.3,2.45555947396566
scsf,309.31443995948,optimized,15.4,2.44392816787399
scsf,309.31443995948,optimized,15.5,2.43232779402531
scsf,309.31443995948,optimized,15.6,2.42075852217208
scsf,309.31443995948,optimized,15.7,2.40922052793214
scsf,309.31443995948,optimized,15.8,2.39771398109103
scsf,309.31443995948,optimized,15.9,2.38623905155231
scsf,309.31443995948,optimized,16,2.37479590871006
scsf,309.31443995948,optimized,16.1,2.36338472609154
scsf,309.31443995948,optimized,16.2,2.35200567118718
scsf,309.31443995948,optimized,16.3,2.34065891103371
scsf,309.31443995948,optimized,16.4,2.32934461134586
scsf,309.31443995948,optimized,16.5,2.31806293994347
scsf,309.31443995948,optimized,16.6,2.30681405908998
scsf,309.31443995948,optimized,16.7,2.29559812992507
scsf,309.31443995948,optimized,16.8,2.28441531155628
scsf,309.31443995948,optimized,16.9,2.27326576401018
scsf,309.31443995948,optimized,17,2.26214964173549
scsf,309.31443995948,optimized,17.1,2.25106709757105
scsf,309.31443995948,optimized,17.2,2.24001828179741
scsf,309.31443995948,optimized,17.3,2.22900334511374
scsf,309.31443995948,optimized,17.4,2.21802243224129
scsf,309.31443995948,optimized,17.5,2.20707568606886
scsf,309.31443995948,optimized,17.6,2.19616324658211
scsf,309.31443995948,optimized,17.7,2.18528525483046
scsf,309.31443995948,optimized,17.8,2.17444184388728
scsf,309.31443995948,optimized,17.9,2.1636331454787
scsf,309.31443995948,optimized,18,2.15285928813056
scsf,309.31443995948,optimized,18.1,2.14212039749618
scsf,309.31443995948,optimized,18.2,2.13141660075223
scsf,309.31443995948,optimized,18.3,2.12074801546893
scsf,309.31443995948,optimized,18.4,2.11011475826172
scsf,309.31443995948,optimized,18.5,2.09951694239372
scsf,309.31443995948,optimized,18.6,2.08895467859585
scsf,309.31443995948,optimized,18.7,2.07842807789629
scsf,309.31443995948,optimized,18.8,2.06793724259554
scsf,309.31443995948,optimized,18.9,2.05748227375893
scsf,309.31443995948,optimized,19,2.04706326911016
scsf,309.31443995948,optimized,19.1,2.03668032396975
scsf,309.31443995948,optimized,19.2,2.02633353213897
scsf,309.31443995948,optimized,19.3,2.016022980905
scsf,309.31443995948,optimized,19.4,2.0057487555934
scsf,309.31443995948,optimized,19.5,1.99551093824587
scsf,309.31443995948,optimized,19.6,1.98530960844304
scsf,309.31443995948,optimized,19.7,1.9751448431125
scsf,309.31443995948,optimized,19.8,1.96501671433901
scsf,309.31443995948,optimized,19.9,1.95492529170315
scsf,309.31443995948,optimized,20,1.9448706415688
scsf,309.31443995948,optimized,20.1,1.93485282790729
scsf,309.31443995948,optimized,20.2,1.92487191154931
scsf,309.31443995948,optimized,20.3,1.91492794927699
scsf,309.31443995948,optimized,20.4,1.90502099519862
scsf,309.31443995948,optimized,20.5,1.89515110030221
scsf,309.31443995948,optimized,20.6,1.88531831342587
scsf,309.31443995948,optimized,20.7,1.87552267995394
scsf,309.31443995948,optimized,20.8,1.86576424173445
scsf,309.31443995948,optimized,20.9,1.85604303795531
scsf,309.31443995948,optimized,21,1.84635910482523
scsf,309.31443995948,optimized,21.1,1.8367124767193
scsf,309.31443995948,optimized,21.2,1.82710318420007
scsf,309.31443995948,optimized,21.3,1.81753125483329
scsf,309.31443995948,optimized,21.4,1.80799671358279
scsf,309.31443995948,optimized,21.5,1.79849958259578
scsf,309.31443995948,optimized,21.6,1.78903988175888
scsf,309.31443995948,optimized,21.7,1.77961762837741
scsf,309.31443995948,optimized,21.8,1.77023283624083
scsf,309.31443995948,optimized,21.9,1.76088551686167
scsf,309.31443995948,optimized,22,1.75157567911636
scsf,309.31443995948,optimized,22.1,1.74230332938232
scsf,309.31443995948,optimized,22.2,1.7330684719669
scsf,309.31443995948,optimized,22.3,1.72387110789002
scsf,309.31443995948,optimized,22.4,1.71471123597452
scsf,309.31443995948,optimized,22.5,1.70558885258208
scsf,309.31443995948,optimized,22.6,1.69650395164307
scsf,309.31443995948,optimized,22.7,1.68745652496441
scsf,309.31443995948,optimized,22.8,1.67844656168272
scsf,309.31443995948,optimized,22.9,1.66947404868615
scsf,309.31443995948,optimized,23,1.66053897058583
scsf,309.31443995948,optimized,23.1,1.65164130972969
scsf,309.31443995948,optimized,23.2,1.64278104635986
scsf,309.31443995948,optimized,23.3,1.63395815847314
scsf,309.31443995948,optimized,23.4,1.62517262182759
scsf,309.31443995948,optimized,23.5,1.61642441010509
scsf,309.31443995948,optimized,23.6,1.60771349489392
scsf,309.31443995948,optimized,23.7,1.59903984576386
scsf,309.31443995948,optimized,23.8,1.59040343032089
scsf,309.31443995948,optimized,23.9,1.58180421405267
scsf,309.31443995948,optimized,24,1.57324216054404
scsf,309.31443995948,optimized,24.1,1.56471723145643
scsf,309.31443995948,optimized,24.2,1.55622938655713
scsf,309.31443995948,optimized,24.3,1.54777858368349
scsf,309.31443995948,optimized,24.4,1.53936477893985
scsf,309.31443995948,optimized,24.5,1.53098792660001
scsf,309.31443995948,optimized,24.6,1.5226479791747
scsf,309.31443995948,optimized,24.7,1.51434488744418
scsf,309.31443995948,optimized,24.8,1.50607860041373
scsf,309.31443995948,optimized,24.9,1.49784906541851
scsf,309.31443995948,optimized,25,1.48965622814956
scsf,10000000000,perfusion-limited,0,0
scsf,10000000000,perfusion-limited,0.1,0.237255768166431
scsf,10000000000,perfusion-limited,0.2,0.832253553294007
scsf,10000000000,perfusion-limited,0.3,1.60738383748177
scsf,10000000000,perfusion-limited,0.4,2.45225641322024
scsf,10000000000,perfusion-limited,0.5,3.30021425157691
scsf,10000000000,perfusion-limited,0.6,4.11243274106503
scsf,10000000000,perfusion-limited,0.7,4.86767516586429
scsf,10000000000,perfusion-limited,0.8,5.55570403936119
scsf,10000000000,perfusion-limited,0.9,6.17305434995232
scsf,10000000000,perfusion-limited,1,6.72033172190182
scsf,10000000000,perfusion-limited,1.1,7.20049418323378
scsf,10000000000,perfusion-limited,1.2,7.61776757487234
scsf,10000000000,perfusion-limited,1.3,7.97696832069921
scsf,10000000000,perfusion-limited,1.4,8.28308754282425
scsf,10000000000,perfusion-limited,1.5,8.54104206530628
scsf,10000000000,perfusion-limited,1.6,8.75553152061505
scsf,10000000000,perfusion-limited,1.7,8.93096236810152
scsf,10000000000,perfusion-limited,1.8,9.07141360519297
scsf,10000000000,perfusion-limited,1.9,9.18062802879852
scsf,10000000000,perfusion-limited,2,9.26201877323633
scsf,10000000000,perfusion-limited,2.1,9.31868448084841
scsf,10000000000,perfusion-limited,2.2,9.35342909454649
scsf,10000000000,perfusion-limited,2.3,9.36878360623837
scsf,10000000000,perfusion-limited,2.4,9.36702823805865
scsf,10000000000,perfusion-limited,2.5,9.3502141289537
scsf,10000000000,perfusion-limited,2.6,9.32018395789822
scsf,10000000000,perfusion-limited,2.7,9.27859126848566
scsf,10000000000,perfusion-limited,2.8,9.22691837898478
scsf,10000000000,perfusion-limited,2.9,9.16649281130521
scsf,10000000000,perfusion-limited,3,9.09850233535677
scsf,10000000000,perfusion-limited,3.1,9.02400865862212
scsf,10000000000,perfusion-limited,3.2,8.94395988575432
scsf,10000000000,perfusion-limited,3.3,8.85920178982187
scsf,10000000000,perfusion-limited,3.4,8.77048801862407
scsf,10000000000,perfusion-limited,3.5,8.67848935190172
scsf,10000000000,perfusion-limited,3.6,8.58380203801134
scsf,10000000000,perfusion-limited,3.7,8.486955358053
scsf,10000000000,perfusion-limited,3.8,8.38841840280251
scsf,10000000000,perfusion-limited,3.9,8.28860624389709
scsf,10000000000,perfusion-limited,4,8.18788545453416
scsf,10000000000,perfusion-limited,4.1,8.08657913346189
scsf,10000000000,perfusion-limited,4.2,7.9849713977353
scsf,10000000000,perfusion-limited,4.3,7.88331143210972
scsf,10000000000,perfusion-limited,4.4,7.78181716629735
scsf,10000000000,perfusion-limited,4.5,7.68067855933638
scsf,10000000000,perfusion-limited,4.6,7.58006057037646
scsf,10000000000,perfusion-limited,4.7,7.48010583997969
scsf,10000000000,perfusion-limited,4.8,7.38093707944924
scsf,10000000000,perfusion-limited,4.9,7.28265923658869
scsf,10000000000,perfusion-limited,5,7.18536143983323
scsf,10000000000,perfusion-limited,5.1,7.08911875209526
scsf,10000000000,perfusion-limited,5.2,6.99399374209402
scsf,10000000000,perfusion-limited,5.3,6.90003789161897
scsf,10000000000,perfusion-limited,5.4,6.80729285894581
scsf,10000000000,perfusion-limited,5.5,6.71579161739053
scsf,10000000000,perfusion-limited,5.6,6.62555947516343
scsf,10000000000,perfusion-limited,5.7,6.53661498870075
scsf,10000000000,perfusion-limited,5.8,6.44897078580495
scsf,10000000000,perfusion-limited,5.9,6.36263429486799
scsf,10000000000,perfusion-limited,6,6.27760839746013
scsf,10000000000,perfusion-limited,6.1,6.19389201432852
scsf,10000000000,perfusion-limited,6.2,6.11148063050653
scsf,10000000000,perfusion-limited,6.3,6.03036676203437
scsf,10000000000,perfusion-limited,6.4,5.95054037172568
scsf,10000000000,perfusion-limited,6.5,5.87198924289977
scsf,10000000000,perfusion-limited,6.6,5.79469930692031
scsf,10000000000,perfusion-limited,6.7,5.71865493431744
scsf,10000000000,perfusion-limited,6.8,5.64383919414273
scsf,10000000000,perfusion-limited,6.9,5.57023408679891
scsf,10000000000,perfusion-limited,7,5.49782074706496
scsf,10000000000,perfusion-limited,7.1,5.42657962157702
scsf,10000000000,perfusion-limited,7.2,5.35649063267989
scsf,10000000000,perfusion-limited,7.3,5.28753331399183
scsf,10000000000,perfusion-limited,7.4,5.21968693238032
scsf,10000000000,perfusion-limited,7.5,5.15293059391573
scsf,10000000000,perfusion-limited,7.6,5.08724333797061
scsf,10000000000,perfusion-limited,7.7,5.02260421825013
scsf,10000000000,perfusion-limited,7.8,4.95899237187696
scsf,10000000000,perfusion-limited,7.9,4.89638708004709
scsf,10000000000,perfusion-limited,8,4.83476781875942
scsf,10000000000,perfusion-limited,8.1,4.77411430530279
scsf,10000000000,perfusion-limited,8.2,4.71440653595473
scsf,10000000000,perfusion-limited,8.3,4.65562481039456
scsf,10000000000,perfusion-limited,8.4,4.59774976053388
scsf,10000000000,perfusion-limited,8.5,4.54076237412821
scsf,10000000000,perfusion-limited,8.6,4.4846440065259
scsf,10000000000,perfusion-limited,8.7,4.42937639600281
scsf,10000000000,perfusion-limited,8.8,4.37494167362118
scsf,10000000000,perfusion-limited,8.9,4.32132237052697
scsf,10000000000,perfusion-limited,9,4.26850142047852
scsf,10000000000,perfusion-limited,9.1,4.2164621618741
scsf,10000000000,perfusion-limited,9.2,4.16518834336958
scsf,10000000000,perfusion-limited,9.3,4.11466411244228
scsf,10000000000,perfusion-limited,9.4,4.06487402181376
scsf,10000000000,perfusion-limited,9.5,4.0158030193933
scsf,10000000000,perfusion-limited,9.6,3.96743644488751
scsf,10000000000,perfusion-limited,9.7,3.91976002666841
scsf,10000000000,perfusion-limited,9.8,3.87275987136625
scsf,10000000000,perfusion-limited,9.9,3.82642245931055
scsf,10000000000,perfusion-limited,10,3.78073463634673
scsf,10000000000,perfusion-limited,10.1,3.73568360384444
scsf,10000000000,perfusion-limited,10.2,3.69125691471994
scsf,10000000000,perfusion-limited,10.3,3.64744245924498
scsf,10000000000,perfusion-limited,10.4,3.60422846181071
scsf,10000000000,perfusion-limited,10.5,3.56160346705076
scsf,10000000000,perfusion-limited,10.6,3.51955633496845
scsf,10000000000,perfusion-limited,10.7,3.47807622917944
scsf,10000000000,perfusion-limited,10.8,3.43715260996344
scsf,10000000000,perfusion-limited,10.9,3.39677522467807
scsf,10000000000,perfusion-limited,11,3.35693409941053
scsf,10000000000,perfusion-limited,11.1,3.31761953059532
scsf,10000000000,perfusion-limited,11.2,3.27882207633652
scsf,10000000000,perfusion-limited,11.3,3.24053254834183
scsf,10000000000,perfusion-limited,11.4,3.20274200411574
scsf,10000000000,perfusion-limited,11.5,3.16544173808938
scsf,10000000000,perfusion-limited,11.6,3.12862327406039
scsf,10000000000,perfusion-limited,11.7,3.09227835987827
scsf,10000000000,perfusion-limited,11.8,3.05639895471054
scsf,10000000000,perfusion-limited,11.9,3.02097723044778
scsf,10000000000,perfusion-limited,12,2.98600555489533
scsf,10000000000,perfusion-limited,12.1,2.95147649276395
scsf,10000000000,perfusion-limited,12.2,2.91738279668277
scsf,10000000000,perfusion-limited,12.3,2.88371739812646
scsf,10000000000,perfusion-limited,12.4,2.85047340804283
scsf,10000000000,perfusion-limited,12.5,2.81764410188232
scsf,10000000000,perfusion-limited,12.6,2.78522292355039
scsf,10000000000,perfusion-limited,12.7,2.75320347167085
scsf,10000000000,perfusion-limited,12.8,2.72157949884228
scsf,10000000000,perfusion-limited,12.9,2.69034490694271
scsf,10000000000,perfusion-limited,13,2.65949373772518
scsf,10000000000,perfusion-limited,13.1,2.6290201770651
scsf,10000000000,perfusion-limited,13.2,2.59891853627979
scsf,10000000000,perfusion-limited,13.3,2.56918325665682
scsf,10000000000,perfusion-limited,13.4,2.53980891451898
scsf,10000000000,perfusion-limited,13.5,2.51079019315708
scsf,10000000000,perfusion-limited,13.6,2.48212189469705
scsf,10000000000,perfusion-limited,13.7,2.45379894730046
scsf,10000000000,perfusion-limited,13.8,2.42581637257462
scsf,10000000000,perfusion-limited,13.9,2.39816930064448
scsf,10000000000,perfusion-limited,14,2.37085297613059
scsf,10000000000,perfusion-limited,14.1,2.34386272883281
scsf,10000000000,perfusion-limited,14.2,2.31719398683104
scsf,10000000000,perfusion-limited,14.3,2.29084228120959
scsf,10000000000,perfusion-limited,14.4,2.26480322167947
scsf,10000000000,perfusion-limited,14.5,2.23907250677693
scsf,10000000000,perfusion-limited,14.6,2.21364592830567
scsf,10000000000,perfusion-limited,14.7,2.18851935037596
scsf,10000000000,perfusion-limited,14.8,2.16368871748236
scsf,10000000000,perfusion-limited,14.9,2.13915005899798
scsf,10000000000,perfusion-limited,15,2.11489947117862
scsf,10000000000,perfusion-limited,15.1,2.09093312291828
scsf,10000000000,perfusion-limited,15.2,2.06724726584782
scsf,10000000000,perfusion-limited,15.3,2.04383820615531
scsf,10000000000,perfusion-limited,15.4,2.0207023169725
scsf,10000000000,perfusion-limited,15.5,1.99783603456812
scsf,10000000000,perfusion-limited,15.6,1.97523587521967
scsf,10000000000,perfusion-limited,15.7,1.95289840308999
scsf,10000000000,perfusion-limited,15.8,1.93082023492489
scsf,10000000000,perfusion-limited,15.9,1.90899804690089
scsf,10000000000,perfusion-limited,16,1.88742858583515
scsf,10000000000,perfusion-limited,16.1,1.86610865087083
scsf,10000000000,perfusion-limited,16.2,1.84503507842399
scsf,10000000000,perfusion-limited,16.3,1.82420476209172
scsf,10000000000,perfusion-limited,16.4,1.8036146536382
scsf,10000000000,perfusion-limited,16.5,1.78326176087592
scsf,10000000000,perfusion-limited,16.6,1.76314312084327
scsf,10000000000,perfusion-limited,16.7,1.74325582344527
scsf,10000000000,perfusion-limited,16.8,1.72359700698288
scsf,10000000000,perfusion-limited,16.9,1.70416386409735
scsf,10000000000,perfusion-limited,17,1.68495361408866
scsf,10000000000,perfusion-limited,17.1,1.66596352363072
scsf,10000000000,perfusion-limited,17.2,1.64719090114677
scsf,10000000000,perfusion-limited,17.3,1.62863310691793
scsf,10000000000,perfusion-limited,17.4,1.6102875246019
scsf,10000000000,perfusion-limited,17.5,1.59215158093337
scsf,10000000000,perfusion-limited,17.6,1.57422273919379
scsf,10000000000,perfusion-limited,17.7,1.55649851339687
scsf,10000000000,perfusion-limited,17.8,1.5389764364056
scsf,10000000000,perfusion-limited,17.9,1.52165408120178
scsf,10000000000,perfusion-limited,18,1.50452905430253
scsf,10000000000,perfusion-limited,18.1,1.48759900966156
scsf,10000000000,perfusion-limited,18.2,1.47086161942817
scsf,10000000000,perfusion-limited,18.3,1.45431458892845
scsf,10000000000,perfusion-limited,18.4,1.43795565595086
scsf,10000000000,perfusion-limited,18.5,1.42178258812356
scsf,10000000000,perfusion-limited,18.6,1.4057932031583
scsf,10000000000,perfusion-limited,18.7,1.38998532566034
scsf,10000000000,perfusion-limited,18.8,1.37435681377523
scsf,10000000000,perfusion-limited,18.9,1.35890555495621
scsf,10000000000,perfusion-limited,19,1.34362946373548
scsf,10000000000,perfusion-limited,19.1,1.32852650278262
scsf,10000000000,perfusion-limited,19.2,1.31359463643989
scsf,10000000000,perfusion-limited,19.3,1.29883186286993
scsf,10000000000,perfusion-limited,19.4,1.28423620640598
scsf,10000000000,perfusion-limited,19.5,1.26980571646642
scsf,10000000000,perfusion-limited,19.6,1.25553848335879
scsf,10000000000,perfusion-limited,19.7,1.24143260169256
scsf,10000000000,perfusion-limited,19.8,1.22748619732121
scsf,10000000000,perfusion-limited,19.9,1.21369741962034
scsf,10000000000,perfusion-limited,20,1.20006444149551
scsf,10000000000,perfusion-limited,20.1,1.18658546889507
scsf,10000000000,perfusion-limited,20.2,1.17325871691148
scsf,10000000000,perfusion-limited,20.3,1.16008242753992
scsf,10000000000,perfusion-limited,20.4,1.1470548643879
scsf,10000000000,perfusion-limited,20.5,1.13417431305857
scsf,10000000000,perfusion-limited,20.6,1.12143908807906
scsf,10000000000,perfusion-limited,20.7,1.10884751384267
scsf,10000000000,perfusion-limited,20.8,1.09639793905302
scsf,10000000000,perfusion-limited,20.9,1.08408873233249
scsf,10000000000,perfusion-limited,21,1.07191828303839
scsf,10000000000,perfusion-limited,21.1,1.05988500686479
scsf,10000000000,perfusion-limited,21.2,1.04798732867811
scsf,10000000000,perfusion-limited,21.3,1.03622369593581
scsf,10000000000,perfusion-limited,21.4,1.02459257458766
scsf,10000000000,perfusion-limited,21.5,1.01309245037629
scsf,10000000000,perfusion-limited,21.6,1.0017218329434
scsf,10000000000,perfusion-limited,21.7,0.990479240190326
scsf,10000000000,perfusion-limited,21.8,0.97936321128687
scsf,10000000000,perfusion-limited,21.9,0.968372302613496
scsf,10000000000,perfusion-limited,22,0.95750508743991
scsf,10000000000,perfusion-limited,22.1,0.946760163363002
scsf,10000000000,perfusion-limited,22.2,0.936136136064858
scsf,10000000000,perfusion-limited,22.3,0.925631629474005
scsf,10000000000,perfusion-limited,22.4,0.915245284204421
scsf,10000000000,perfusion-limited,22.5,0.904975756672106
scsf,10000000000,perfusion-limited,22.6,0.894821722418604
scsf,10000000000,perfusion-limited,22.7,0.884781871835763
scsf,10000000000,perfusion-limited,22.8,0.87485490715341
scsf,10000000000,perfusion-limited,22.9,0.865039547509343
scsf,10000000000,perfusion-limited,23,0.855334526846948
scsf,10000000000,perfusion-limited,23.1,0.845738594784235
scsf,10000000000,perfusion-limited,23.2,0.836250519054118
scsf,10000000000,perfusion-limited,23.3,0.82686907566927
scsf,10000000000,perfusion-limited,23.4,0.817593057128561
scsf,10000000000,perfusion-limited,23.5,0.808421269820345
scsf,10000000000,perfusion-limited,23.6,0.799352533797487
scsf,10000000000,perfusion-limited,23.7,0.790385687193856
scsf,10000000000,perfusion-limited,23.8,0.781519576385662
scsf,10000000000,perfusion-limited,23.9,0.772753062239113
scsf,10000000000,perfusion-limited,24,0.764085018985956
scsf,10000000000,perfusion-limited,24.1,0.755514333703924
scsf,10000000000,perfusion-limited,24.2,0.747039908297023
scsf,10000000000,perfusion-limited,24.3,0.738660656773154
scsf,10000000000,perfusion-limited,24.4,0.730375503621433
scsf,10000000000,perfusion-limited,24.5,0.722183386669139
scsf,10000000000,perfusion-limited,24.6,0.714083255825588
scsf,10000000000,perfusion-limited,24.7,0.706074073210537
scsf,10000000000,perfusion-limited,24.8,0.698154814132032
scsf,10000000000,perfusion-limited,24.9,0.690324464305705
scsf,10000000000,perfusion-limited,25,0.682582021637997
