site,PS,source,time,conc
plasma,NaN,,0,0
plasma,NaN,,0.1,2.61619924707758
plasma,NaN,,0.2,4.16236886283522
plasma,NaN,,0.3,3.7774589584007
plasma,NaN,,0.4,2.77320329308844
plasma,NaN,,0.5,2.34971312898047
plasma,NaN,,0.6,2.14399968407871
plasma,NaN,,0.7,2.0210269508341
plasma,NaN,,0.8,1.93052032236118
plasma,NaN,,0.9,1.85372411469579
plasma,NaN,,1,1.78360450102678
plasma,NaN,,1.1,1.71748834907308
plasma,NaN,,1.2,1.65432606336509
plasma,NaN,,1.3,1.5936737593645
plasma,NaN,,1.4,1.53531473400469
plasma,NaN,,1.5,1.47911864652775
plasma,NaN,,1.6,1.4249890889596
plasma,NaN,,1.7,1.37284402480227
plasma,NaN,,1.8,1.3226084514034
plasma,NaN,,1.9,1.27421160978768
plasma,NaN,,2,1.22758588761874
plasma,NaN,,2.1,1.18266635388933
plasma,NaN,,2.2,1.13939053058597
plasma,NaN,,2.3,1.09769825455018
plasma,NaN,,2.4,1.05753157473113
plasma,NaN,,2.5,1.01883466458629
plasma,NaN,,2.6,0.981553741827661
plasma,NaN,,2.7,0.945636992702628
plasma,NaN,,2.8,0.911034499618028
plasma,NaN,,2.9,0.877698171627426
plasma,NaN,,3,0.845581677543171
plasma,NaN,,3.1,0.814640381526811
plasma,NaN,,3.2,0.784831281046414
plasma,NaN,,3.3,0.756112947107538
plasma,NaN,,3.4,0.7284454666767
plasma,NaN,,3.5,0.701790387205807
plasma,NaN,,3.6,0.676110663192327
plasma,NaN,,3.7,0.651370604694336
plasma,NaN,,3.8,0.627535827724659
plasma,NaN,,3.9,0.604573206466231
plasma,NaN,,4,0.582450827233954
plasma,NaN,,4.1,0.561137944118575
plasma,NaN,,4.2,0.540604936256861
plasma,NaN,,4.3,0.520823266664705
plasma,NaN,,4.4,0.501765442575503
plasma,NaN,,4.5,0.483404977230257
plasma,NaN,,4.6,0.465716353066599
plasma,NaN,,4.7,0.44867498625358
plasma,NaN,,4.8,0.43225719252503
plasma,NaN,,4.9,0.416440154263748
plasma,NaN,,5,0.401201888788373
plasma,NaN,,5.1,0.386521217801173
plasma,NaN,,5.2,0.372377737955622
plasma,NaN,,5.3,0.358751792499013
plasma,NaN,,5.4,0.345624443952595
plasma,NaN,,5.5,0.332977447793137
plasma,NaN,,5.6,0.320793227096377
plasma,NaN,,5.7,0.309054848107511
plasma,NaN,,5.8,0.297745996707224
plasma,NaN,,5.9,0.286850955738419
plasma,NaN,,6,0.276354583161882
plasma,NaN,,6.1,0.266242291011234
plasma,NaN,,6.2,0.256500025119518
plasma,NaN,,6.3,0.24711424558635
plasma,NaN,,6.4,0.238071907958974
plasma,NaN,,6.5,0.229360445103953
plasma,NaN,,6.6,0.220967749741338
plasma,NaN,,6.7,0.212882157617416
plasma,NaN,,6.8,0.205092431293157
plasma,NaN,,6.9,0.19758774452733
plasma,NaN,,7,0.190357667229781
plasma,NaN,,7.1,0.183392150965014
plasma,NaN,,7.2,0.176681514987066
plasma,NaN,,7.3,0.170216432785543
plasma,NaN,,7.4,0.163987919123531
plasma,NaN,,7.5,0.157987317548624
plasma,NaN,,7.6,0.152206288363111
plasma,NaN,,7.7,0.146636797033725
plasma,NaN,,7.8,0.141271103024695
plasma,NaN,,7.9,0.136101749039345
plasma,NaN,,8,0.131121550656892
plasma,NaN,,8.1,0.126323586346341
plasma,NaN,,8.2,0.121701187848077
plasma,NaN,,8.3,0.117247930905168
plasma,NaN,,8.4,0.11295762633587
plasma,NaN,,8.5,0.108824311430746
plasma,NaN,,8.6,0.104842241666607
plasma,NaN,,8.7,0.101005882722044
plasma,NaN,,8.8,0.0973099027864414
plasma,NaN,,8.9,0.0937491651485788
plasma,NaN,,9,0.0903187210593024
plasma,NaN,,9.1,0.0870138028525382
plasma,NaN,,9.2,0.0838298173183547
plasma,NaN,,9.3,0.080762339321433
plasma,NaN,,9.4,0.0778071056502542
plasma,NaN,,9.5,0.0749600090897967
plasma,NaN,,9.6,0.072217092716474
plasma,NaN,,9.7,0.0695745443972022
plasma,NaN,,9.8,0.0670286914910441
plasma,NaN,,9.9,0.064575995746283
plasma,NaN,,10,0.0622130483802786
plasma,NaN,,10.1,0.0599365653451419
plasma,NaN,,10.2,0.0577433827614875
plasma,NaN,,10.3,0.0556304525216167
plasma,NaN,,10.4,0.0535948380539194
plasma,NaN,,10.5,0.0516337102395925
plasma,NaN,,10.6,0.0497443434841173
plasma,NaN,,10.7,0.0479241119255993
plasma,NaN,,10.8,0.0461704857884402
plasma,NaN,,10.9,0.0444810278639551
plasma,NaN,,11,0.0428533901271426
plasma,NaN,,11.1,0.041285310469674
plasma,NaN,,11.2,0.0397746095594953
plasma,NaN,,11.3,0.0383191878079278
plasma,NaN,,11.4,0.0369170224556951
plasma,NaN,,11.5,0.0355661647583658
plasma,NaN,,11.6,0.0342647372806203
plasma,NaN,,11.7,0.0330109312853447
plasma,NaN,,11.8,0.0318030042196179
plasma,NaN,,11.9,0.0306392772945126
plasma,NaN,,12,0.0295181331497761
plasma,NaN,,12.1,0.028438013608741
plasma,NaN,,12.2,0.027397417509856
plasma,NaN,,12.3,0.0263948986216709
plasma,NaN,,12.4,0.0254290636336532
plasma,NaN,,12.5,0.0244985702179437
plasma,NaN,,12.6,0.0236021251656127
plasma,NaN,,12.7,0.0227384825885426
plasma,NaN,,12.8,0.0219064421867865
plasma,NaN,,12.9,0.0211048475822585
plasma,NaN,,13,0.02033258471075
plasma,NaN,,13.1,0.0195885802730776
plasma,NaN,,13.2,0.0188718002447014
plasma,NaN,,13.3,0.0181812484375447
plasma,NaN,,13.4,0.0175159651150905
plasma,NaN,,13.5,0.0168750256596226
plasma,NaN,,13.6,0.0162575392876286
plasma,NaN,,13.7,0.0156626478099718
plasma,NaN,,13.8,0.0150895244403784
plasma,NaN,,13.9,0.014537372645894
plasma,NaN,,14,0.0140054250406746
plasma,NaN,,14.1,0.0134929423182334
plasma,NaN,,14.2,0.0129992122247911
plasma,NaN,,14.3,0.0125235485693068
plasma,NaN,,14.4,0.0120652902700627
plasma,NaN,,14.5,0.0116238004344597
plasma,NaN,,14.6,0.0111984654753306
plasma,NaN,,14.7,0.0107886942578152
plasma,NaN,,14.8,0.0103939172776285
plasma,NaN,,14.9,0.0100135858703627
plasma,NaN,,15,0.00964717144716627
plasma,NaN,,15.1,0.00929416476131354
plasma,NaN,,15.2,0.00895407520046149
plasma,NaN,,15.3,0.00862643010469972
plasma,NaN,,15.4,0.00831077410949787
plasma,NaN,,15.5,0.0080066685133564
plasma,NaN,,15.6,0.00771369066711519
plasma,NaN,,15.7,0.00743143338688859
plasma,NaN,,15.8,0.00715950438857541
plasma,NaN,,15.9,0.00689752574253103
plasma,NaN,,16,0.00664513334817332
plasma,NaN,,16.1,0.00640197642813749
plasma,NaN,,16.2,0.0061677170404422
plasma,NaN,,16.3,0.00594202960882009
plasma,NaN,,16.4,0.00572460047048735
plasma,NaN,,16.5,0.00551512744034237
plasma,NaN,,16.6,0.0053133193906698
plasma,NaN,,16.7,0.00511889584655503
plasma,NaN,,16.8,0.00493158659633404
plasma,NaN,,16.9,0.00475113131559173
plasma,NaN,,17,0.00457727920558107
plasma,NaN,,17.1,0.00440978864483214
plasma,NaN,,17.2,0.00424842685330647
plasma,NaN,,17.3,0.0040929695687698
plasma,NaN,,17.4,0.00394320073518153
plasma,NaN,,17.5,0.00379891220237918
plasma,NaN,,17.6,0.00365990343656361
plasma,NaN,,17.7,0.00352598124180876
plasma,NaN,,17.8,0.00339695949166781
plasma,NaN,,17.9,0.00327265887044491
plasma,NaN,,18,0.00315290662389493
plasma,NaN,,18.1,0.00303753631918604
plasma,NaN,,18.2,0.00292638761359333
plasma,NaN,,18.3,0.00281930603141506
plasma,NaN,,18.4,0.00271614274945157
plasma,NaN,,18.5,0.00261675439028533
plasma,NaN,,18.6,0.00252100282300061
plasma,NaN,,18.7,0.00242875497113081
plasma,NaN,,18.8,0.00233988262772811
plasma,NaN,,18.9,0.00225426227730677
plasma,NaN,,19,0.00217177492364054
plasma,NaN,,19.1,0.00209230592482618
plasma,NaN,,19.2,0.00201574483398376
plasma,NaN,,19.3,0.00194198524576069
plasma,NaN,,19.4,0.00187092464837897
plasma,NaN,,19.5,0.00180246428111813
plasma,NaN,,19.6,0.00173650899710593
plasma,NaN,,19.7,0.00167296713112787
plasma,NaN,,19.8,0.00161175037211189
plasma,NaN,,19.9,0.00155277364021546
plasma,NaN,,20,0.00149595496873591
plasma,NaN,,20.1,0.00144121539057814
plasma,NaN,,20.2,0.00138847882818561
plasma,NaN,,20.3,0.00133767198777835
plasma,NaN,,20.4,0.00128872425752629
plasma,NaN,,20.5,0.00124156760958795
plasma,NaN,,20.6,0.0011961365052075
plasma,NaN,,20.7,0.00115236780332346
plasma,NaN,,20.8,0.00111020067377238
plasma,NaN,,20.9,0.00106957651231166
plasma,NaN,,21,0.00103043885912696
plasma,NaN,,21.1,0.000992733320491871
plasma,NaN,,21.2,0.000956407492700539
plasma,NaN,,21.3,0.000921410889789672
plasma,NaN,,21.4,0.000887694873114295
plasma,NaN,,21.5,0.00085521258381805
plasma,NaN,,21.6,0.000823918877851664
plasma,NaN,,21.7,0.000793770262554854
plasma,NaN,,21.8,0.00076472483703153
plasma,NaN,,21.9,0.000736742233781301
plasma,NaN,,22,0.000709783562362478
plasma,NaN,,22.1,0.000683811355590273
plasma,NaN,,22.2,0.000658789516740002
plasma,NaN,,22.3,0.000634683270206302
plasma,NaN,,22.4,0.000611459112947004
plasma,NaN,,22.5,0.000589084768070313
plasma,NaN,,22.6,0.00056752913883473
plasma,NaN,,22.7,0.000546762267192825
plasma,NaN,,22.8,0.000526755291278137
plasma,NaN,,22.9,0.000507480405453049
plasma,NaN,,23,0.000488910820793823
plasma,NaN,,23.1,0.00047102072930784
plasma,NaN,,23.2,0.000453785267485202
plasma,NaN,,23.3,0.000437180481158017
plasma,NaN,,23.4,0.000421183292436868
plasma,NaN,,23.5,0.000405771468450655
plasma,NaN,,23.6,0.000390923590025173
plasma,NaN,,23.7,0.000376619020797239
plasma,NaN,,23.8,0.000362837880402617
plasma,NaN,,23.9,0.00034956101600999
plasma,NaN,,24,0.000336769974880465
plasma,NaN,,24.1,0.000324446979982339
plasma,NaN,,24.2,0.000312574905113957
plasma,NaN,,24.3,0.000301137250007328
plasma,NaN,,24.4,0.000290118118282962
plasma,NaN,,24.5,0.000279502195889419
plasma,NaN,,24.6,0.000269274728246027
plasma,NaN,,24.7,0.000259421501128395
plasma,NaN,,24.8,0.00024992882085207
plasma,NaN,,24.9,0.000240783493998153
plasma,NaN,,25,0.000231972810336102
plasma,NaN,,25.1,0.000223484525068052
plasma,NaN,,25.2,0.000215306840777186
plasma,NaN,,25.3,0.000207428392018286
plasma,NaN,,25.4,0.000199838229806708
plasma,NaN,,25.5,0.000192525804356746
plasma,NaN,,25.6,0.000185480953333654
plasma,NaN,,25.7,0.000178693885525405
plasma,NaN,,25.8,0.000172155168009984
plasma,NaN,,25.9,0.00016585571373788
plasma,NaN,,26,0.000159786767143166
plasma,NaN,,26.1,0.000153939893759946
plasma,NaN,,26.2,0.000148306967807365
plasma,NaN,,26.3,0.000142880160121759
plasma,NaN,,26.4,0.00013765192908326
plasma,NaN,,26.5,0.000132615007910186
plasma,NaN,,26.6,0.000127762396434916
plasma,NaN,,26.7,0.00012308735052757
plasma,NaN,,26.8,0.000118583372297789
plasma,NaN,,26.9,0.000114244202718178
plasma,NaN,,27,0.000110063810490848
plasma,NaN,,27.1,0.000106036386222424
plasma,NaN,,27.2,0.000102156332235626
plasma,NaN,,27.3,9.84182560569262e-05
plasma,NaN,,27.4,9.48169627553587e-05
plasma,NaN,,27.5,9.13474467492612e-05
plasma,NaN,,27.6,8.80048867782196e-05
plasma,NaN,,27.7,8.47846365507636e-05
plasma,NaN,,27.8,8.1682221223595e-05
plasma,NaN,,27.9,7.86933283133347e-05
plasma,NaN,,28,7.58138043635607e-05
plasma,NaN,,28.1,7.30396469349334e-05
plasma,NaN,,28.2,7.03670007650786e-05
plasma,NaN,,28.3,6.77921512779573e-05
plasma,NaN,,28.4,6.5311519887995e-05
plasma,NaN,,28.5,6.29216592304691e-05
plasma,NaN,,28.6,6.06192474547395e-05
plasma,NaN,,28.7,5.84010852044407e-05
plasma,NaN,,28.8,5.62640890482102e-05
plasma,NaN,,28.9,5.42052897252896e-05
plasma,NaN,,29,5.22218250783196e-05
plasma,NaN,,29.1,5.03109392954932e-05
plasma,NaN,,29.2,4.84699756964258e-05
plasma,NaN,,29.3,4.6696376522028e-05
plasma,NaN,,29.4,4.49876759666035e-05
plasma,NaN,,29.5,4.3341500031614e-05
plasma,NaN,,29.6,4.17555601298831e-05
plasma,NaN,,29.7,4.02276528076411e-05
plasma,NaN,,29.8,3.87556539155429e-05
plasma,NaN,,29.9,3.73375183086912e-05
plasma,NaN,,30,3.59712744161268e-05
plasma,NaN,,30.1,3.46550240371423e-05
plasma,NaN,,30.2,3.33869372315764e-05
plasma,NaN,,30.3,3.21652523587989e-05
plasma,NaN,,30.4,3.09882708055877e-05
plasma,NaN,,30.5,2.98543572693782e-05
plasma,NaN,,30.6,2.87619355431205e-05
plasma,NaN,,30.7,2.7709487316591e-05
plasma,NaN,,30.8,2.66955501146024e-05
plasma,NaN,,30.9,2.57187143483759e-05
plasma,NaN,,31,2.47776229054018e-05
plasma,NaN,,31.1,2.38709673048227e-05
plasma,NaN,,31.2,2.29974880633219e-05
plasma,NaN,,31.3,2.21559706208537e-05
plasma,NaN,,31.4,2.13452460445077e-05
plasma,NaN,,31.5,2.05641870449707e-05
plasma,NaN,,31.6,1.98117084826326e-05
plasma,NaN,,31.7,1.90867643381886e-05
plasma,NaN,,31.8,1.83883472121632e-05
plasma,NaN,,31.9,1.77154865664563e-05
plasma,NaN,,32,1.70672467913139e-05
plasma,NaN,,32.1,1.64427276306561e-05
plasma,NaN,,32.2,1.58410603810478e-05
plasma,NaN,,32.3,1.52614093691325e-05
plasma,NaN,,32.4,1.47029687469636e-05
plasma,NaN,,32.5,1.41649621989589e-05
plasma,NaN,,32.6,1.36466424531657e-05
plasma,NaN,,32.7,1.3147288588586e-05
plasma,NaN,,32.8,1.2666207218277e-05
plasma,NaN,,32.9,1.22027292904659e-05
plasma,NaN,,33,1.17562107791864e-05
plasma,NaN,,33.1,1.13260312702513e-05
plasma,NaN,,33.2,1.09115925448679e-05
plasma,NaN,,33.3,1.0512319085272e-05
plasma,NaN,,33.4,1.01276555278039e-05
plasma,NaN,,33.5,9.75706769799638e-06
plasma,NaN,,33.6,9.40004040501967e-06
plasma,NaN,,33.7,9.05607708818521e-06
plasma,NaN,,33.8,8.72470038432183e-06
plasma,NaN,,33.9,8.40544917425236e-06
plasma,NaN,,34,8.09787977529639e-06
plasma,NaN,,34.1,7.80156510374378e-06
plasma,NaN,,34.2,7.51609279201546e-06
plasma,NaN,,34.3,7.24106654394442e-06
plasma,NaN,,34.4,6.97610397912537e-06
plasma,NaN,,34.5,6.72083659425188e-06
plasma,NaN,,34.6,6.47491012441369e-06
plasma,NaN,,34.7,6.23798240286652e-06
plasma,NaN,,34.8,6.0097241940587e-06
plasma,NaN,,34.9,5.78981850753434e-06
plasma,NaN,,35,5.57795934082496e-06
plasma,NaN,,35.1,5.37385261249568e-06
plasma,NaN,,35.2,5.17721450264126e-06
plasma,NaN,,35.3,4.9877715584576e-06
plasma,NaN,,35.4,4.80526098965564e-06
plasma,NaN,,35.5,4.6294287480063e-06
plasma,NaN,,35.6,4.46003030896339e-06
plasma,NaN,,35.7,4.29683080670378e-06
plasma,NaN,,35.8,4.13960296003747e-06
plasma,NaN,,35.9,3.98812811107804e-06
plasma,NaN,,36,3.84219628528794e-06
plasma,NaN,,36.1,3.70160423294147e-06
plasma,NaN,,36.2,3.56615646602533e-06
plasma,NaN,,36.3,3.43566519429001e-06
plasma,NaN,,36.4,3.30994871011392e-06
plasma,NaN,,36.5,3.18883224267993e-06
plasma,NaN,,36.6,3.07214783062451e-06
plasma,NaN,,36.7,2.95973301018274e-06
plasma,NaN,,36.8,2.8514315176345e-06
plasma,NaN,,36.9,2.74709314745596e-06
plasma,NaN,,37,2.64657261289631e-06
plasma,NaN,,37.1,2.54973019224133e-06
plasma,NaN,,37.2,2.4564315692797e-06
plasma,NaN,,37.3,2.36654681606639e-06
plasma,NaN,,37.4,2.27995105802573e-06
plasma,NaN,,37.5,2.1965242374368e-06
plasma,NaN,,37.6,2.11615010894461e-06
plasma,NaN,,37.7,2.03871677666519e-06
plasma,NaN,,37.8,1.96411721705829e-06
plasma,NaN,,37.9,1.89224737014832e-06
plasma,NaN,,38,1.82300714795445e-06
plasma,NaN,,38.1,1.75630061188874e-06
plasma,NaN,,38.2,1.69203510562502e-06
plasma,NaN,,38.3,1.63012104908569e-06
plasma,NaN,,38.4,1.57047237817666e-06
plasma,NaN,,38.5,1.51300654957941e-06
plasma,NaN,,38.6,1.45764342546257e-06
plasma,NaN,,38.7,1.40430591652966e-06
plasma,NaN,,38.8,1.35292032474771e-06
plasma,NaN,,38.9,1.30341499922503e-06
plasma,NaN,,39,1.25572103385068e-06
plasma,NaN,,39.1,1.20977228250235e-06
plasma,NaN,,39.2,1.16550497805108e-06
plasma,NaN,,39.3,1.12285742196167e-06
plasma,NaN,,39.4,1.0817703040984e-06
plasma,NaN,,39.5,1.04218679407981e-06
plasma,NaN,,39.6,1.00405167904701e-06
plasma,NaN,,39.7,9.67311845877711e-07
plasma,NaN,,39.8,9.31916619494459e-07
plasma,NaN,,39.9,8.97816626729744e-07
plasma,NaN,,40,8.64964354841319e-07
plasma,NaN,,40.1,8.33314012396746e-07
plasma,NaN,,40.2,8.02822125421186e-07
plasma,NaN,,40.3,7.73445995897433e-07
plasma,NaN,,40.4,7.45144683667211e-07
plasma,NaN,,40.5,7.17878787839347e-07
plasma,NaN,,40.6,6.91610851498948e-07
plasma,NaN,,40.7,6.66304074640568e-07
plasma,NaN,,40.8,6.419231895094e-07
plasma,NaN,,40.9,6.18434328007055e-07
plasma,NaN,,41,5.95805132242384e-07
plasma,NaN,,41.1,5.74003939934914e-07
plasma,NaN,,41.2,5.53000376414276e-07
plasma,NaN,,41.3,5.32765328846131e-07
plasma,NaN,,41.4,5.13270831721364e-07
plasma,NaN,,41.5,4.94489641202699e-07
plasma,NaN,,41.6,4.76395583830545e-07
plasma,NaN,,41.7,4.58963640664846e-07
plasma,NaN,,41.8,4.42169646570956e-07
plasma,NaN,,41.9,4.25990142951271e-07
plasma,NaN,,42,4.10402567623526e-07
plasma,NaN,,42.1,3.95385438808015e-07
plasma,NaN,,42.2,3.80917860570171e-07
plasma,NaN,,42.3,3.6697963746121e-07
plasma,NaN,,42.4,3.53551324070465e-07
plasma,NaN,,42.5,3.40614578157179e-07
plasma,NaN,,42.6,3.28151261686873e-07
plasma,NaN,,42.7,3.16143986315619e-07
plasma,NaN,,42.8,3.04575979306991e-07
plasma,NaN,,42.9,2.93431239721792e-07
plasma,NaN,,43,2.82694511049668e-07
plasma,NaN,,43.1,2.72350655852252e-07
plasma,NaN,,43.2,2.6238522781029e-07
plasma,NaN,,43.3,2.52784268641176e-07
plasma,NaN,,43.4,2.43534818518349e-07
plasma,NaN,,43.5,2.34623850922363e-07
plasma,NaN,,43.6,2.26038906864118e-07
plasma,NaN,,43.7,2.17767988580375e-07
plasma,NaN,,43.8,2.09799651801896e-07
plasma,NaN,,43.9,2.02123022401215e-07
plasma,NaN,,44,1.94727272926076e-07
plasma,NaN,,44.1,1.87602089547511e-07
plasma,NaN,,44.2,1.80737512634282e-07
plasma,NaN,,44.3,1.74124221157756e-07
plasma,NaN,,44.4,1.67752943536781e-07
plasma,NaN,,44.5,1.61614778687782e-07
plasma,NaN,,44.6,1.55701157331654e-07
plasma,NaN,,44.7,1.50003888914217e-07
plasma,NaN,,44.8,1.44515193216336e-07
plasma,NaN,,44.9,1.39227333951321e-07
plasma,NaN,,45,1.34132932861792e-07
plasma,NaN,,45.1,1.29224862179788e-07
plasma,NaN,,45.2,1.24496465599495e-07
plasma,NaN,,45.3,1.1994111599409e-07
plasma,NaN,,45.4,1.15552437494332e-07
plasma,NaN,,45.5,1.1132429686555e-07
plasma,NaN,,45.6,1.07250859416509e-07
plasma,NaN,,45.7,1.03326624027281e-07
plasma,NaN,,45.8,9.95460038744706e-08
plasma,NaN,,45.9,9.59037164841932e-08
plasma,NaN,,46,9.23946549383619e-08
plasma,NaN,,46.1,8.90138771777259e-08
plasma,NaN,,46.2,8.57570071360702e-08
plasma,NaN,,46.3,8.26193509530935e-08
plasma,NaN,,46.4,7.95965001586939e-08
plasma,NaN,,46.5,7.66842131966585e-08
plasma,NaN,,46.6,7.38783851186615e-08
plasma,NaN,,46.7,7.11752316516681e-08
plasma,NaN,,46.8,6.85711159989699e-08
plasma,NaN,,46.9,6.60622790279586e-08
plasma,NaN,,47,6.36452091918261e-08
plasma,NaN,,47.1,6.13165112672988e-08
plasma,NaN,,47.2,5.90729228987969e-08
plasma,NaN,,47.3,5.69115690094926e-08
plasma,NaN,,47.4,5.48292943507696e-08
plasma,NaN,,47.5,5.28231930693931e-08
plasma,NaN,,47.6,5.08904578037401e-08
plasma,NaN,,47.7,4.90283739730602e-08
plasma,NaN,,47.8,4.72343703546032e-08
plasma,NaN,,47.9,4.5505986505669e-08
plasma,NaN,,48,4.38408361678723e-08
brain ECF,0.046,in situ perfusion,0,0
brain ECF,0.046,in situ perfusion,0.1,0.0231372826185783
brain ECF,0.046,in situ perfusion,0.2,0.0726673467189348
brain ECF,0.046,in situ perfusion,0.3,0.125982508270459
brain ECF,0.046,in situ perfusion,0.4,0.150863302277501
brain ECF,0.046,in situ perfusion,0.5,0.161912706029445
brain ECF,0.046,in situ perfusion,0.6,0.168130522653954
brain ECF,0.046,in situ perfusion,0.7,0.17272857346642
brain ECF,0.046,in situ perfusion,0.8,0.176807768466431
brain ECF,0.046,in situ perfusion,0.9,0.180713160434756
brain ECF,0.046,in situ perfusion,1,0.184529194181881
brain ECF,0.046,in situ perfusion,1.1,0.188257786845297
brain ECF,0.046,in situ perfusion,1.2,0.191880262021043
brain ECF,0.046,in situ perfusion,1.3,0.195377358286102
brain ECF,0.046,in situ perfusion,1.4,0.198734538590758
brain ECF,0.046,in situ perfusion,1.5,0.201942462334996
brain ECF,0.046,in situ perfusion,1.6,0.204996102247612
brain ECF,0.046,in situ perfusion,1.7,0.207893670369058
brain ECF,0.046,in situ perfusion,1.8,0.210635693967171
brain ECF,0.046,in situ perfusion,1.9,0.213224303101956
brain ECF,0.046,in situ perfusion,2,0.215662706892887
brain ECF,0.046,in situ perfusion,2.1,0.21795481755956
brain ECF,0.046,in situ perfusion,2.2,0.220104984116103
brain ECF,0.046,in situ perfusion,2.3,0.222117805496078
brain ECF,0.046,in situ perfusion,2.4,0.223998000257403
brain ECF,0.046,in situ perfusion,2.5,0.225750316684647
brain ECF,0.046,in situ perfusion,2.6,0.227379471167046
brain ECF,0.046,in situ perfusion,2.7,0.228890106689302
brain ECF,0.046,in situ perfusion,2.8,0.230286765403385
brain ECF,0.046,in situ perfusion,2.9,0.231573871049216
brain ECF,0.046,in situ perfusion,3,0.232755718307791
brain ECF,0.046,in situ perfusion,3.1,0.233836466961014
brain ECF,0.046,in situ perfusion,3.2,0.234820139391071
brain ECF,0.046,in situ perfusion,3.3,0.235710620373741
brain ECF,0.046,in situ perfusion,3.4,0.236511658437762
brain ECF,0.046,in situ perfusion,3.5,0.237226868268098
brain ECF,0.046,in situ perfusion,3.6,0.237859733798791
brain ECF,0.046,in situ perfusion,3.7,0.238413611737249
brain ECF,0.046,in situ perfusion,3.8,0.238891735344241
brain ECF,0.046,in situ perfusion,3.9,0.239297218347668
brain ECF,0.046,in situ perfusion,4,0.239633058903484
brain ECF,0.046,in situ perfusion,4.1,0.239902143546203
brain ECF,0.046,in situ perfusion,4.2,0.24010725108925
brain ECF,0.046,in situ perfusion,4.3,0.240251056448661
brain ECF,0.046,in situ perfusion,4.4,0.240336134373249
brain ECF,0.046,in situ perfusion,4.5,0.240364963070543
brain ECF,0.046,in situ perfusion,4.6,0.240339927722383
brain ECF,0.046,in situ perfusion,4.7,0.240263323887398
brain ECF,0.046,in situ perfusion,4.8,0.240137360789464
brain ECF,0.046,in situ perfusion,4.9,0.239964164492879
brain ECF,0.046,in situ perfusion,5,0.239745780966184
brain ECF,0.046,in situ perfusion,5.1,0.239484179036866
brain ECF,0.046,in situ perfusion,5.2,0.239181253239568
brain ECF,0.046,in situ perfusion,5.3,0.23883882656127
brain ECF,0.046,in situ perfusion,5.4,0.238458653086469
brain ECF,0.046,in situ perfusion,5.5,0.238042420545453
brain ECF,0.046,in situ perfusion,5.6,0.237591752769218
brain ECF,0.046,in situ perfusion,5.7,0.237108212054255
brain ECF,0.046,in situ perfusion,5.8,0.236593301440142
brain ECF,0.046,in situ perfusion,5.9,0.23604846690327
brain ECF,0.046,in situ perfusion,6,0.235475099469761
brain ECF,0.046,in situ perfusion,6.1,0.234874537250435
brain ECF,0.046,in situ perfusion,6.2,0.234248067400547
brain ECF,0.046,in situ perfusion,6.3,0.233596928007287
brain ECF,0.046,in situ perfusion,6.4,0.232922309907695
brain ECF,0.046,in situ perfusion,6.5,0.232225358439244
brain ECF,0.046,in situ perfusion,6.6,0.231507175125875
brain ECF,0.046,in situ perfusion,6.7,0.230768819301815
brain ECF,0.046,in situ perfusion,6.8,0.230011309675443
brain ECF,0.046,in situ perfusion,6.9,0.229235625835255
brain ECF,0.046,in situ perfusion,7,0.228442709700354
brain ECF,0.046,in situ perfusion,7.1,0.227633466917396
brain ECF,0.046,in situ perfusion,7.2,0.226808768205882
brain ECF,0.046,in situ perfusion,7.3,0.225969450653753
brain ECF,0.046,in situ perfusion,7.4,0.225116318965193
brain ECF,0.046,in situ perfusion,7.5,0.224250146662486
brain ECF,0.046,in situ perfusion,7.6,0.223371677243266
brain ECF,0.046,in situ perfusion,7.7,0.222481625295131
brain ECF,0.046,in situ perfusion,7.8,0.22158067756917
brain ECF,0.046,in situ perfusion,7.9,0.220669494013867
brain ECF,0.046,in situ perfusion,8,0.219748708770701
brain ECF,0.046,in situ perfusion,8.1,0.21881893113318
brain ECF,0.046,in situ perfusion,8.2,0.217880746470267
brain ECF,0.046,in situ perfusion,8.3,0.216934717115929
brain ECF,0.046,in situ perfusion,8.4,0.21598138322566
brain ECF,0.046,in situ perfusion,8.5,0.215021263601587
brain ECF,0.046,in situ perfusion,8.6,0.214054856486907
brain ECF,0.046,in situ perfusion,8.7,0.213082640331188
brain ECF,0.046,in situ perfusion,8.8,0.212105074527278
brain ECF,0.046,in situ perfusion,8.9,0.211122600121181
brain ECF,0.046,in situ perfusion,9,0.210135640495482
brain ECF,0.046,in situ perfusion,9.1,0.209144602027802
brain ECF,0.046,in situ perfusion,9.2,0.208149874724925
brain ECF,0.046,in situ perfusion,9.3,0.207151832833229
brain ECF,0.046,in situ perfusion,9.4,0.20615083542687
brain ECF,0.046,in situ perfusion,9.5,0.2051472269744
brain ECF,0.046,in situ perfusion,9.6,0.204141337883947
brain ECF,0.046,in situ perfusion,9.7,0.203133485028747
brain ECF,0.046,in situ perfusion,9.8,0.202123972253105
brain ECF,0.046,in situ perfusion,9.9,0.201113090859585
brain ECF,0.046,in situ perfusion,10,0.200101120078562
brain ECF,0.046,in situ perfusion,10.1,0.199088327519886
brain ECF,0.046,in situ perfusion,10.2,0.198074969608397
brain ECF,0.046,in situ perfusion,10.3,0.197061292003087
brain ECF,0.046,in situ perfusion,10.4,0.196047530000827
brain ECF,0.046,in situ perfusion,10.5,0.195033908925361
brain ECF,0.046,in situ perfusion,10.6,0.194020644501501
brain ECF,0.046,in situ perfusion,10.7,0.193007943216125
brain ECF,0.046,in situ perfusion,10.8,0.191996002665218
brain ECF,0.046,in situ perfusion,10.9,0.190985011888735
brain ECF,0.046,in situ perfusion,11,0.189975151692373
brain ECF,0.046,in situ perfusion,11.1,0.188966594958202
brain ECF,0.046,in situ perfusion,11.2,0.18795950694313
brain ECF,0.046,in situ perfusion,11.3,0.186954045567071
brain ECF,0.046,in situ perfusion,11.4,0.185950361689696
brain ECF,0.046,in situ perfusion,11.5,0.184948599377651
brain ECF,0.046,in situ perfusion,11.6,0.183948896161355
brain ECF,0.046,in situ perfusion,11.7,0.182951383282687
brain ECF,0.046,in situ perfusion,11.8,0.181956185933423
brain ECF,0.046,in situ perfusion,11.9,0.180963423484652
brain ECF,0.046,in situ perfusion,12,0.179973209708097
brain ECF,0.046,in situ perfusion,12.1,0.178985652988772
brain ECF,0.046,in situ perfusion,12.2,0.178000856530318
brain ECF,0.046,in situ perfusion,12.3,0.177018918552361
brain ECF,0.046,in situ perfusion,12.4,0.176039932480597
brain ECF,0.046,in situ perfusion,12.5,0.175063987130114
brain ECF,0.046,in situ perfusion,12.6,0.174091166881584
brain ECF,0.046,in situ perfusion,12.7,0.173121551851164
brain ECF,0.046,in situ perfusion,12.8,0.172155218054174
brain ECF,0.046,in situ perfusion,12.9,0.171192237562423
brain ECF,0.046,in situ perfusion,13,0.170232678655944
brain ECF,0.046,in situ perfusion,13.1,0.169276605969118
brain ECF,0.046,in situ perfusion,13.2,0.168324080631204
brain ECF,0.046,in situ perfusion,13.3,0.167375160401862
brain ECF,0.046,in situ perfusion,13.4,0.16642989980164
brain ECF,0.046,in situ perfusion,13.5,0.165488350237448
brain ECF,0.046,in situ perfusion,13.6,0.164550560123454
brain ECF,0.046,in situ perfusion,13.7,0.163616574997715
brain ECF,0.046,in situ perfusion,13.8,0.162686437634196
brain ECF,0.046,in situ perfusion,13.9,0.161760188150799
brain ECF,0.046,in situ perfusion,14,0.160837864113245
brain ECF,0.046,in situ perfusion,14.1,0.159919500635318
brain ECF,0.046,in situ perfusion,14.2,0.159005130475179
brain ECF,0.046,in situ perfusion,14.3,0.158094784128194
brain ECF,0.046,in situ perfusion,14.4,0.157188489916282
brain ECF,0.046,in situ perfusion,14.5,0.156286274074092
brain ECF,0.046,in situ perfusion,14.6,0.155388160831735
brain ECF,0.046,in situ perfusion,14.7,0.154494172494582
brain ECF,0.046,in situ perfusion,14.8,0.153604329520089
brain ECF,0.046,in situ perfusion,14.9,0.152718650591671
brain ECF,0.046,in situ perfusion,15,0.151837152690061
brain ECF,0.046,in situ perfusion,15.1,0.150959851161759
brain ECF,0.046,in situ perfusion,15.2,0.150086759785009
brain ECF,0.046,in situ perfusion,15.3,0.149217890833353
brain ECF,0.046,in situ perfusion,15.4,0.148353255136802
brain ECF,0.046,in situ perfusion,15.5,0.147492862140684
brain ECF,0.046,in situ perfusion,15.6,0.146636719962405
brain ECF,0.046,in situ perfusion,15.7,0.145784835446008
brain ECF,0.046,in situ perfusion,15.8,0.14493721421466
brain ECF,0.046,in situ perfusion,15.9,0.14409386072123
brain ECF,0.046,in situ perfusion,16,0.143254778296985
brain ECF,0.046,in situ perfusion,16.1,0.142419969198433
brain ECF,0.046,in situ perfusion,16.2,0.141589434652451
brain ECF,0.046,in situ perfusion,16.3,0.140763174899706
brain ECF,0.046,in situ perfusion,16.4,0.139941189236412
brain ECF,0.046,in situ perfusion,16.5,0.139123476054547
brain ECF,0.046,in situ perfusion,16.6,0.138310032880575
brain ECF,0.046,in situ perfusion,16.7,0.137500856412722
brain ECF,0.046,in situ perfusion,16.8,0.136695942556799
brain ECF,0.046,in situ perfusion,16.9,0.13589528646075
brain ECF,0.046,in situ perfusion,17,0.135098882547848
brain ECF,0.046,in situ perfusion,17.1,0.134306724548634
brain ECF,0.046,in situ perfusion,17.2,0.133518805531671
brain ECF,0.046,in situ perfusion,17.3,0.132735117933155
brain ECF,0.046,in situ perfusion,17.4,0.131955653585377
brain ECF,0.046,in situ perfusion,17.5,0.13118040374413
brain ECF,0.046,in situ perfusion,17.6,0.130409359115093
brain ECF,0.046,in situ perfusion,17.7,0.129642509879172
brain ECF,0.046,in situ perfusion,17.8,0.128879845716898
brain ECF,0.046,in situ perfusion,17.9,0.128121355831902
brain ECF,0.046,in situ perfusion,18,0.127367028973513
brain ECF,0.046,in situ perfusion,18.1,0.126616853458477
brain ECF,0.046,in situ perfusion,18.2,0.125870817191853
brain ECF,0.046,in situ perfusion,18.3,0.125128907687142
brain ECF,0.046,in situ perfusion,18.4,0.124391112085603
brain ECF,0.046,in situ perfusion,18.5,0.123657417174836
brain ECF,0.046,in situ perfusion,18.6,0.122927809406673
brain ECF,0.046,in situ perfusion,18.7,0.12220227491438
brain ECF,0.046,in situ perfusion,18.8,0.121480799529193
brain ECF,0.046,in situ perfusion,18.9,0.120763368796218
brain ECF,0.046,in situ perfusion,19,0.120049967989761
brain ECF,0.046,in situ perfusion,19.1,0.119340582127993
brain ECF,0.046,in situ perfusion,19.2,0.118635195987085
brain ECF,0.046,in situ perfusion,19.3,0.117933794114791
brain ECF,0.046,in situ perfusion,19.4,0.117236360843516
brain ECF,0.046,in situ perfusion,19.5,0.116542880302876
brain ECF,0.046,in situ perfusion,19.6,0.115853336431759
brain ECF,0.046,in situ perfusion,19.7,0.115167712989912
brain ECF,0.046,in situ perfusion,19.8,0.114485993569103
brain ECF,0.046,in situ perfusion,19.9,0.113808161603842
brain ECF,0.046,in situ perfusion,20,0.11313420038165
brain ECF,0.046,in situ perfusion,20.1,0.112464093052909
brain ECF,0.046,in situ perfusion,20.2,0.111797822640388
brain ECF,0.046,in situ perfusion,20.3,0.111135372048363
brain ECF,0.046,in situ perfusion,20.4,0.110476724071372
brain ECF,0.046,in situ perfusion,20.5,0.109821861402608
brain ECF,0.046,in situ perfusion,20.6,0.10917076664204
brain ECF,0.046,in situ perfusion,20.7,0.108523422304173
brain ECF,0.046,in situ perfusion,20.8,0.107879810825426
brain ECF,0.046,in situ perfusion,20.9,0.107239914571304
brain ECF,0.046,in situ perfusion,21,0.106603715843268
brain ECF,0.046,in situ perfusion,21.1,0.105971196885299
brain ECF,0.046,in situ perfusion,21.2,0.105342339890262
brain ECF,0.046,in situ perfusion,21.3,0.104717127005906
brain ECF,0.046,in situ perfusion,21.4,0.104095540340703
brain ECF,0.046,in situ perfusion,21.5,0.103477561969414
brain ECF,0.046,in situ perfusion,21.6,0.102863173938422
brain ECF,0.046,in situ perfusion,21.7,0.102252358270919
brain ECF,0.046,in situ perfusion,21.8,0.101645096971737
brain ECF,0.046,in situ perfusion,21.9,0.101041372032069
brain ECF,0.046,in situ perfusion,22,0.100441165434007
brain ECF,0.046,in situ perfusion,22.1,0.0998444591548383
brain ECF,0.046,in situ perfusion,22.2,0.0992512351712469
brain ECF,0.046,in situ perfusion,22.3,0.0986614754632054
brain ECF,0.046,in situ perfusion,22.4,0.0980751620177915
brain ECF,0.046,in situ perfusion,22.5,0.0974922768328067
brain ECF,0.046,in situ perfusion,22.6,0.096912801920359
brain ECF,0.046,in situ perfusion,22.7,0.0963367193100212
brain ECF,0.046,in situ perfusion,22.8,0.0957640110520974
brain ECF,0.046,in situ perfusion,22.9,0.0951946592206567
brain ECF,0.046,in situ perfusion,23,0.0946286459165031
brain ECF,0.046,in situ perfusion,23.1,0.0940659532698367
brain ECF,0.046,in situ perfusion,23.2,0.0935065634429538
brain ECF,0.046,in situ perfusion,23.3,0.0929504586328445
brain ECF,0.046,in situ perfusion,23.4,0.0923976210735746
brain ECF,0.046,in situ perfusion,23.5,0.0918480330385342
brain ECF,0.046,in situ perfusion,23.6,0.0913016768426822
brain ECF,0.046,in situ perfusion,23.7,0.0907585348447306
brain ECF,0.046,in situ perfusion,23.8,0.0902185894489915
brain ECF,0.046,in situ perfusion,23.9,0.0896818231073547
brain ECF,0.046,in situ perfusion,24,0.0891482183211811
brain ECF,0.046,in situ perfusion,24.1,0.0886177576429086
brain ECF,0.046,in situ perfusion,24.2,0.0880904236777172
brain ECF,0.046,in situ perfusion,24.3,0.0875661990851938
brain ECF,0.046,in situ perfusion,24.4,0.0870450665807235
brain ECF,0.046,in situ perfusion,24.5,0.0865270089368624
brain ECF,0.046,in situ perfusion,24.6,0.0860120089848155
brain ECF,0.046,in situ perfusion,24.7,0.0855000496155692
brain ECF,0.046,in situ perfusion,24.8,0.0849911137811074
brain ECF,0.046,in situ perfusion,24.9,0.0844851844956584
brain ECF,0.046,in situ perfusion,25,0.0839822448366488
brain ECF,0.046,in situ perfusion,25.1,0.0834822779457359
brain ECF,0.046,in situ perfusion,25.2,0.0829852670298569
brain ECF,0.046,in situ perfusion,25.3,0.0824911953620368
brain ECF,0.046,in situ perfusion,25.4,0.0820000462822233
brain ECF,0.046,in situ perfusion,25.5,0.0815118031982637
brain ECF,0.046,in situ perfusion,25.6,0.0810264495863956
brain ECF,0.046,in situ perfusion,25.7,0.0805439689921563
brain ECF,0.046,in situ perfusion,25.8,0.080064345030958
brain ECF,0.046,in situ perfusion,25.9,0.0795875613886572
brain ECF,0.046,in situ perfusion,26,0.0791136018222795
brain ECF,0.046,in situ perfusion,26.1,0.0786424501603923
brain ECF,0.046,in situ perfusion,26.2,0.0781740903036768
brain ECF,0.046,in situ perfusion,26.3,0.0777085062254352
brain ECF,0.046,in situ perfusion,26.4,0.0772456819718732
brain ECF,0.046,in situ perfusion,26.5,0.0767856016626813
brain ECF,0.046,in situ perfusion,26.6,0.076328249491221
brain ECF,0.046,in situ perfusion,26.7,0.0758736097249422
brain ECF,0.046,in situ perfusion,26.8,0.0754216667056944
brain ECF,0.046,in situ perfusion,26.9,0.0749724048498712
brain ECF,0.046,in situ perfusion,27,0.0745258086488507
brain ECF,0.046,in situ perfusion,27.1,0.0740818626689902
brain ECF,0.046,in situ perfusion,27.2,0.0736405515520003
brain ECF,0.046,in situ perfusion,27.3,0.0732018600149906
brain ECF,0.046,in situ perfusion,27.4,0.072765772850641
brain ECF,0.046,in situ perfusion,27.5,0.0723322749273809
brain ECF,0.046,in situ perfusion,27.6,0.0719013511893411
brain ECF,0.046,in situ perfusion,27.7,0.0714729866566429
brain ECF,0.046,in situ perfusion,27.8,0.0710471664252106
brain ECF,0.046,in situ perfusion,27.9,0.0706238756670495
brain ECF,0.046,in situ perfusion,28,0.0702030996300391
brain ECF,0.046,in situ perfusion,28.1,0.0697848236381277
brain ECF,0.046,in situ perfusion,28.2,0.0693690330911646
brain ECF,0.046,in situ perfusion,28.3,0.0689557134649753
brain ECF,0.046,in situ perfusion,28.4,0.0685448503112607
brain ECF,0.046,in situ perfusion,28.5,0.0681364292575397
brain ECF,0.046,in situ perfusion,28.6,0.0677304360071262
brain ECF,0.046,in situ perfusion,28.7,0.0673268563389316
brain ECF,0.046,in situ perfusion,28.8,0.0669256761075212
brain ECF,0.046,in situ perfusion,28.9,0.0665268812428068
brain ECF,0.046,in situ perfusion,29,0.0661304577501483
brain ECF,0.046,in situ perfusion,29.1,0.0657363917099707
brain ECF,0.046,in situ perfusion,29.2,0.0653446692778751
brain ECF,0.046,in situ perfusion,29.3,0.0649552766842189
brain ECF,0.046,in situ perfusion,29.4,0.0645682002342042
brain ECF,0.046,in situ perfusion,29.5,0.0641834263074594
brain ECF,0.046,in situ perfusion,29.6,0.063800941358081
brain ECF,0.046,in situ perfusion,29.7,0.0634207319142306
brain ECF,0.046,in situ perfusion,29.8,0.0630427845781319
brain ECF,0.046,in situ perfusion,29.9,0.0626670860256741
brain ECF,0.046,in situ perfusion,30,0.0622936230063769
brain ECF,0.046,in situ perfusion,30.1,0.0619223823429927
brain ECF,0.046,in situ perfusion,30.2,0.0615533509314457
brain ECF,0.046,in situ perfusion,30.3,0.0611865157404219
brain ECF,0.046,in situ perfusion,30.4,0.0608218638113144
brain ECF,0.046,in situ perfusion,30.5,0.0604593822578087
brain ECF,0.046,in situ perfusion,30.6,0.0600990582657424
brain ECF,0.046,in situ perfusion,30.7,0.0597408790928016
brain ECF,0.046,in situ perfusion,30.8,0.0593848320682388
brain ECF,0.046,in situ perfusion,30.9,0.0590309045926772
brain ECF,0.046,in situ perfusion,31,0.0586790841377336
brain ECF,0.046,in situ perfusion,31.1,0.058329358245869
brain ECF,0.046,in situ perfusion,31.2,0.0579817145299755
brain ECF,0.046,in situ perfusion,31.3,0.0576361406732317
brain ECF,0.046,in situ perfusion,31.4,0.0572926244286792
brain ECF,0.046,in situ perfusion,31.5,0.0569511536190648
brain ECF,0.046,in situ perfusion,31.6,0.0566117161364392
brain ECF,0.046,in situ perfusion,31.7,0.0562742999419347
brain ECF,0.046,in situ perfusion,31.8,0.05593889306543
brain ECF,0.046,in situ perfusion,31.9,0.055605483605257
brain ECF,0.046,in situ perfusion,32,0.055274059727937
brain ECF,0.046,in situ perfusion,32.1,0.0549446096677867
brain ECF,0.046,in situ perfusion,32.2,0.0546171217267353
brain ECF,0.046,in situ perfusion,32.3,0.0542915842738966
brain ECF,0.046,in situ perfusion,32.4,0.0539679857453405
brain ECF,0.046,in situ perfusion,32.5,0.0536463146437584
brain ECF,0.046,in situ perfusion,32.6,0.0533265595381176
brain ECF,0.046,in situ perfusion,32.7,0.0530087090634183
brain ECF,0.046,in situ perfusion,32.8,0.0526927519202954
brain ECF,0.046,in situ perfusion,32.9,0.0523786768747813
brain ECF,0.046,in situ perfusion,33,0.0520664727579369
brain ECF,0.046,in situ perfusion,33.1,0.0517561284655479
brain ECF,0.046,in situ perfusion,33.2,0.0514476329578261
brain ECF,0.046,in situ perfusion,33.3,0.0511409752590518
brain ECF,0.046,in situ perfusion,33.4,0.0508361444573005
brain ECF,0.046,in situ perfusion,33.5,0.0505331297040818
brain ECF,0.046,in situ perfusion,33.6,0.0502319202140473
brain ECF,0.046,in situ perfusion,33.7,0.049932505264667
brain ECF,0.046,in situ perfusion,33.8,0.0496348741958856
brain ECF,0.046,in situ perfusion,33.9,0.0493390164098379
brain ECF,0.046,in situ perfusion,34,0.0490449213705038
brain ECF,0.046,in situ perfusion,34.1,0.0487525786033896
brain ECF,0.046,in situ perfusion,34.2,0.0484619776952204
brain ECF,0.046,in situ perfusion,34.3,0.0481731082936094
brain ECF,0.046,in situ perfusion,34.4,0.0478859601067408
brain ECF,0.046,in situ perfusion,34.5,0.0476005229030509
brain ECF,0.046,in situ perfusion,34.6,0.0473167865109156
brain ECF,0.046,in situ perfusion,34.7,0.0470347408183167
brain ECF,0.046,in situ perfusion,34.8,0.0467543757725382
brain ECF,0.046,in situ perfusion,34.9,0.0464756813798476
brain ECF,0.046,in situ perfusion,35,0.0461986477051631
brain ECF,0.046,in situ perfusion,35.1,0.0459232648717649
brain ECF,0.046,in situ perfusion,35.2,0.0456495230609525
brain ECF,0.046,in situ perfusion,35.3,0.0453774125117389
brain ECF,0.046,in situ perfusion,35.4,0.0451069235205622
brain ECF,0.046,in situ perfusion,35.5,0.0448380464409158
brain ECF,0.046,in situ perfusion,35.6,0.0445707716830761
brain ECF,0.046,in situ perfusion,35.7,0.0443050897138169
brain ECF,0.046,in situ perfusion,35.8,0.044040991056016
brain ECF,0.046,in situ perfusion,35.9,0.0437784662884071
brain ECF,0.046,in situ perfusion,36,0.0435175060452996
brain ECF,0.046,in situ perfusion,36.1,0.0432581010161687
brain ECF,0.046,in situ perfusion,36.2,0.043000241945427
brain ECF,0.046,in situ perfusion,36.3,0.0427439196321431
brain ECF,0.046,in situ perfusion,36.4,0.0424891249296295
brain ECF,0.046,in situ perfusion,36.5,0.042235848745224
brain ECF,0.046,in situ perfusion,36.6,0.0419840820400082
brain ECF,0.046,in situ perfusion,36.7,0.0417338158283968
brain ECF,0.046,in situ perfusion,36.8,0.0414850411779274
brain ECF,0.046,in situ perfusion,36.9,0.0412377492089789
brain ECF,0.046,in situ perfusion,37,0.0409919310943622
brain ECF,0.046,in situ perfusion,37.1,0.0407475780591195
brain ECF,0.046,in situ perfusion,37.2,0.0405046813802423
brain ECF,0.046,in situ perfusion,37.3,0.0402632323862633
brain ECF,0.046,in situ perfusion,37.4,0.0400232224570734
brain ECF,0.046,in situ perfusion,37.5,0.0397846430236339
brain ECF,0.046,in situ perfusion,37.6,0.0395474855675489
brain ECF,0.046,in situ perfusion,37.7,0.03931174162088
brain ECF,0.046,in situ perfusion,37.8,0.0390774027659851
brain ECF,0.046,in situ perfusion,37.9,0.0388444606349232
brain ECF,0.046,in situ perfusion,38,0.038612906909366
brain ECF,0.046,in situ perfusion,38.1,0.0383827333203715
brain ECF,0.046,in situ perfusion,38.2,0.0381539316479844
brain ECF,0.046,in situ perfusion,38.3,0.0379264937209064
brain ECF,0.046,in situ perfusion,38.4,0.0377004114163419
brain ECF,0.046,in situ perfusion,38.5,0.0374756766597663
brain ECF,0.046,in situ perfusion,38.6,0.0372522814243952
brain ECF,0.046,in situ perfusion,38.7,0.0370302177310907
brain ECF,0.046,in situ perfusion,38.8,0.0368094776482102
brain ECF,0.046,in situ perfusion,38.9,0.0365900532910133
brain ECF,0.046,in situ perfusion,39,0.0363719368215772
brain ECF,0.046,in situ perfusion,39.1,0.0361551204485762
brain ECF,0.046,in situ perfusion,39.2,0.0359395964269416
brain ECF,0.046,in situ perfusion,39.3,0.0357253570574945
brain ECF,0.046,in situ perfusion,39.4,0.0355123946868159
brain ECF,0.046,in situ perfusion,39.5,0.0353007017070588
brain ECF,0.046,in situ perfusion,39.6,0.0350902705553928
brain ECF,0.046,in situ perfusion,39.7,0.0348810937139415
brain ECF,0.046,in situ perfusion,39.8,0.0346731637096736
brain ECF,0.046,in situ perfusion,39.9,0.0344664731137669
brain ECF,0.046,in situ perfusion,40,0.0342610145415403
brain ECF,0.046,in situ perfusion,40.1,0.0340567806521865
brain ECF,0.046,in situ perfusion,40.2,0.0338537641488317
brain ECF,0.046,in situ perfusion,40.3,0.0336519577775916
brain ECF,0.046,in situ perfusion,40.4,0.0334513543277924
brain ECF,0.046,in situ perfusion,40.5,0.0332519466316359
brain ECF,0.046,in situ perfusion,40.6,0.0330537275642177
brain ECF,0.046,in situ perfusion,40.7,0.0328566900426112
brain ECF,0.046,in situ perfusion,40.8,0.0326608270261052
brain ECF,0.046,in situ perfusion,40.9,0.0324661315159095
brain ECF,0.046,in situ perfusion,41,0.0322725965550465
brain ECF,0.046,in situ perfusion,41.1,0.0320802152275971
brain ECF,0.046,in situ perfusion,41.2,0.0318889806588604
brain ECF,0.046,in situ perfusion,41.3,0.0316988860151217
brain ECF,0.046,in situ perfusion,41.4,0.0315099245034084
brain ECF,0.046,in situ perfusion,41.5,0.031322089370918
brain ECF,0.046,in situ perfusion,41.6,0.0311353739050837
brain ECF,0.046,in situ perfusion,41.7,0.0309497714334202
brain ECF,0.046,in situ perfusion,41.8,0.0307652753231313
brain ECF,0.046,in situ perfusion,41.9,0.0305818789807176
brain ECF,0.046,in situ perfusion,42,0.030399575851956
brain ECF,0.046,in situ perfusion,42.1,0.0302183594218339
brain ECF,0.046,in situ perfusion,42.2,0.030038223213978
brain ECF,0.046,in situ perfusion,42.3,0.0298591607904702
brain ECF,0.046,in situ perfusion,42.4,0.0296811657517298
brain ECF,0.046,in situ perfusion,42.5,0.0295042317366323
brain ECF,0.046,in situ perfusion,42.6,0.0293283524215109
brain ECF,0.046,in situ perfusion,42.7,0.0291535215203776
brain ECF,0.046,in situ perfusion,42.8,0.0289797327846586
brain ECF,0.046,in situ perfusion,42.9,0.0288069800031289
brain ECF,0.046,in situ perfusion,43,0.0286352570017888
brain ECF,0.046,in situ perfusion,43.1,0.0284645576428401
brain ECF,0.046,in situ perfusion,43.2,0.0282948758252016
brain ECF,0.046,in situ perfusion,43.3,0.0281262054840705
brain ECF,0.046,in situ perfusion,43.4,0.0279585405913353
brain ECF,0.046,in situ perfusion,43.5,0.0277918751541849
brain ECF,0.046,in situ perfusion,43.6,0.0276262032155212
brain ECF,0.046,in situ perfusion,43.7,0.02746151885375
brain ECF,0.046,in situ perfusion,43.8,0.027297816182685
brain ECF,0.046,in situ perfusion,43.9,0.0271350893514995
brain ECF,0.046,in situ perfusion,44,0.0269733325436019
brain ECF,0.046,in situ perfusion,44.1,0.026812539977241
brain ECF,0.046,in situ perfusion,44.2,0.0266527059050603
brain ECF,0.046,in situ perfusion,44.3,0.0264938246144078
brain ECF,0.046,in situ perfusion,44.4,0.0263358904262
brain ECF,0.046,in situ perfusion,44.5,0.0261788976951608
brain ECF,0.046,in situ perfusion,44.6,0.0260228408096735
brain ECF,0.046,in situ perfusion,44.7,0.0258677141916586
brain ECF,0.046,in situ perfusion,44.8,0.0257135122965694
brain ECF,0.046,in situ perfusion,44.9,0.0255602296123127
brain ECF,0.046,in situ perfusion,45,0.025407860659811
brain ECF,0.046,in situ perfusion,45.1,0.0252563999925848
brain ECF,0.046,in situ perfusion,45.2,0.0251058421970486
brain ECF,0.046,in situ perfusion,45.3,0.0249561818914631
brain ECF,0.046,in situ perfusion,45.4,0.0248074137260898
brain ECF,0.046,in situ perfusion,45.5,0.0246595323831061
brain ECF,0.046,in situ perfusion,45.6,0.0245125325765273
brain ECF,0.046,in situ perfusion,45.7,0.0243664090522894
brain ECF,0.046,in situ perfusion,45.8,0.0242211565867599
brain ECF,0.046,in situ perfusion,45.9,0.0240767699877285
brain ECF,0.046,in situ perfusion,46,0.0239332440938698
brain ECF,0.046,in situ perfusion,46.1,0.0237905737745483
brain ECF,0.046,in situ perfusion,46.2,0.0236487539307843
brain ECF,0.046,in situ perfusion,46.3,0.0235077794927254
brain ECF,0.046,in situ perfusion,46.4,0.0233676454208857
brain ECF,0.046,in situ perfusion,46.5,0.0232283467058794
brain ECF,0.046,in situ perfusion,46.6,0.0230898783681073
brain ECF,0.046,in situ perfusion,46.7,0.0229522354581591
brain ECF,0.046,in situ perfusion,46.8,0.0228154130563577
brain ECF,0.046,in situ perfusion,46.9,0.0226794062712319
brain ECF,0.046,in situ perfusion,47,0.0225442102409079
brain ECF,0.046,in situ perfusion,47.1,0.0224098201324327
brain ECF,0.046,in situ perfusion,47.2,0.0222762311416228
brain ECF,0.046,in situ perfusion,47.3,0.0221434384942654
brain ECF,0.046,in situ perfusion,47.4,0.022011437442738
brain ECF,0.046,in situ perfusion,47.5,0.0218802232683473
brain ECF,0.046,in situ perfusion,47.6,0.0217497912804786
brain ECF,0.046,in situ perfusion,47.7,0.0216201368164176
brain ECF,0.046,in situ perfusion,47.8,0.0214912552414277
brain ECF,0.046,in situ perfusion,47.9,0.0213631419485524
brain ECF,0.046,in situ perfusion,48,0.0212357923581621
brain ECF,0.28,in vitro cell-based,0,0
brain ECF,0.28,in vitro cell-based,0.1,0.0993292838375828
brain ECF,0.28,in vitro cell-based,0.2,0.259208243166925
brain ECF,0.28,in vitro cell-based,0.3,0.39964762592133
brain ECF,0.28,in vitro cell-based,0.4,0.440828245101337
brain ECF,0.28,in vitro cell-based,0.5,0.474525421943752
brain ECF,0.28,in vitro cell-based,0.6,0.510892363992968
brain ECF,0.28,in vitro cell-based,0.7,0.547213922755911
brain ECF,0.28,in vitro cell-based,0.8,0.581764392488048
brain ECF,0.28,in vitro cell-based,0.9,0.613899470198606
brain ECF,0.28,in vitro cell-based,1,0.643461638203205
brain ECF,0.28,in vitro cell-based,1.1,0.670481088225371
brain ECF,0.28,in vitro cell-based,1.2,0.695054990185532
brain ECF,0.28,in vitro cell-based,1.3,0.717301575484141
brain ECF,0.28,in vitro cell-based,1.4,0.737343088273516
brain ECF,0.28,in vitro cell-based,1.5,0.755299594756433
brain ECF,0.28,in vitro cell-based,1.6,0.771286839114186
brain ECF,0.28,in vitro cell-based,1.7,0.785415599390847
brain ECF,0.28,in vitro cell-based,1.8,0.797791594906131
brain ECF,0.28,in vitro cell-based,1.9,0.80851559259412
brain ECF,0.28,in vitro cell-based,2,0.817683581386617
brain ECF,0.28,in vitro cell-based,2.1,0.825386966216164
brain ECF,0.28,in vitro cell-based,2.2,0.831712763869439
brain ECF,0.28,in vitro cell-based,2.3,0.836743794300901
brain ECF,0.28,in vitro cell-based,2.4,0.840558865268021
brain ECF,0.28,in vitro cell-based,2.5,0.843232949656749
brain ECF,0.28,in vitro cell-based,2.6,0.844837355513069
brain ECF,0.28,in vitro cell-based,2.7,0.845439888946506
brain ECF,0.28,in vitro cell-based,2.8,0.845105010130149
brain ECF,0.28,in vitro cell-based,2.9,0.84389398271829
brain ECF,0.28,in vitro cell-based,3,0.841865016898292
brain ECF,0.28,in vitro cell-based,3.1,0.839073406371352
brain ECF,0.28,in vitro cell-based,3.2,0.83557165949021
brain ECF,0.28,in vitro cell-based,3.3,0.831409624815784
brain ECF,0.28,in vitro cell-based,3.4,0.826634611301704
brain ECF,0.28,in vitro cell-based,3.5,0.821291503351214
brain ECF,0.28,in vitro cell-based,3.6,0.815422870947271
brain ECF,0.28,in vitro cell-based,3.7,0.809069075057259
brain ECF,0.28,in vitro cell-based,3.8,0.802268368523052
brain ECF,0.28,in vitro cell-based,3.9,0.795056992611066
brain ECF,0.28,in vitro cell-based,4,0.787469269405103
brain ECF,0.28,in vitro cell-based,4.1,0.779537690221763
brain ECF,0.28,in vitro cell-based,4.2,0.771293000210292
brain ECF,0.28,in vitro cell-based,4.3,0.762764279290286
brain ECF,0.28,in vitro cell-based,4.4,0.753979019591873
brain ECF,0.28,in vitro cell-based,4.5,0.744963199532495
brain ECF,0.28,in vitro cell-based,4.6,0.735741354681834
brain ECF,0.28,in vitro cell-based,4.7,0.726336645540624
brain ECF,0.28,in vitro cell-based,4.8,0.716770922367292
brain ECF,0.28,in vitro cell-based,4.9,0.707064787172769
brain ECF,0.28,in vitro cell-based,5,0.69723765300676
brain ECF,0.28,in vitro cell-based,5.1,0.687307800647881
brain ECF,0.28,in vitro cell-based,5.2,0.677292432801621
brain ECF,0.28,in vitro cell-based,5.3,0.667207725917426
brain ECF,0.28,in vitro cell-based,5.4,0.657068879724594
brain ECF,0.28,in vitro cell-based,5.5,0.646890164577089
brain ECF,0.28,in vitro cell-based,5.6,0.636684966706347
brain ECF,0.28,in vitro cell-based,5.7,0.626465831469599
brain ECF,0.28,in vitro cell-based,5.8,0.616244504674053
brain ECF,0.28,in vitro cell-based,5.9,0.606031972061503
brain ECF,0.28,in vitro cell-based,6,0.595838497032787
brain ECF,0.28,in vitro cell-based,6.1,0.585673656685152
brain ECF,0.28,in vitro cell-based,6.2,0.575546376230777
brain ECF,0.28,in vitro cell-based,6.3,0.565464961871188
brain ECF,0.28,in vitro cell-based,6.4,0.555437132192055
brain ECF,0.28,in vitro cell-based,6.5,0.545470048136622
brain ECF,0.28,in vitro cell-based,6.6,0.535570341623091
brain ECF,0.28,in vitro cell-based,6.7,0.52574414286382
brain ECF,0.28,in vitro cell-based,6.8,0.51599710644108
brain ECF,0.28,in vitro cell-based,6.9,0.506334436189384
brain ECF,0.28,in vitro cell-based,7,0.496760908941004
brain ECF,0.28,in vitro cell-based,7.1,0.487280897181467
brain ECF,0.28,in vitro cell-based,7.2,0.477898390660697
brain ECF,0.28,in vitro cell-based,7.3,0.468617017004292
brain ECF,0.28,in vitro cell-based,7.4,0.45944006137186
brain ECF,0.28,in vitro cell-based,7.5,0.450370485201819
brain ECF,0.28,in vitro cell-based,7.6,0.441410944078093
brain ECF,0.28,in vitro cell-based,7.7,0.432563804762798
brain ECF,0.28,in vitro cell-based,7.8,0.423831161428789
brain ECF,0.28,in vitro cell-based,7.9,0.415214851127216
brain ECF,0.28,in vitro cell-based,8,0.406716468522696
brain ECF,0.28,in vitro cell-based,8.1,0.398337379926349
brain ECF,0.28,in vitro cell-based,8.2,0.390078736662187
brain ECF,0.28,in vitro cell-based,8.3,0.381941487793631
brain ECF,0.28,in vitro cell-based,8.4,0.373926392236476
brain ECF,0.28,in vitro cell-based,8.5,0.366034030287838
brain ECF,0.28,in vitro cell-based,8.6,0.35826481459461
brain ECF,0.28,in vitro cell-based,8.7,0.350619000590045
brain ECF,0.28,in vitro cell-based,8.8,0.343096696418646
brain ECF,0.28,in vitro cell-based,8.9,0.33569787237052
brain ECF,0.28,in vitro cell-based,9,0.328422369851478
brain ECF,0.28,in vitro cell-based,9.1,0.321269909909804
brain ECF,0.28,in vitro cell-based,9.2,0.31424010133362
brain ECF,0.28,in vitro cell-based,9.3,0.307332448341114
brain ECF,0.28,in vitro cell-based,9.4,0.300546357886632
brain ECF,0.28,in vitro cell-based,9.5,0.293881146594359
brain ECF,0.28,in vitro cell-based,9.6,0.287336047334195
brain ECF,0.28,in vitro cell-based,9.7,0.280910215465793
brain ECF,0.28,in vitro cell-based,9.8,0.274602734753924
brain ECF,0.28,in vitro cell-based,9.9,0.268412622979119
brain ECF,0.28,in vitro cell-based,10,0.262338837257284
brain ECF,0.28,in vitro cell-based,10.1,0.256380279068999
brain ECF,0.28,in vitro cell-based,10.2,0.250535799032875
brain ECF,0.28,in vitro cell-based,10.3,0.244804201414086
brain ECF,0.28,in vitro cell-based,10.4,0.239184248397059
brain ECF,0.28,in vitro cell-based,10.5,0.233674664119837
brain ECF,0.28,in vitro cell-based,10.6,0.228274138489519
brain ECF,0.28,in vitro cell-based,10.7,0.222981330787878
brain ECF,0.28,in vitro cell-based,10.8,0.217794873072272
brain ECF,0.28,in vitro cell-based,10.9,0.212713373390561
brain ECF,0.28,in vitro cell-based,11,0.207735418804891
brain ECF,0.28,in vitro cell-based,11.1,0.20285957825015
brain ECF,0.28,in vitro cell-based,11.2,0.198084405219109
brain ECF,0.28,in vitro cell-based,11.3,0.19340844029686
brain ECF,0.28,in vitro cell-based,11.4,0.188830213538659
brain ECF,0.28,in vitro cell-based,11.5,0.184348246707405
brain ECF,0.28,in vitro cell-based,11.6,0.179961055375866
brain ECF,0.28,in vitro cell-based,11.7,0.175667150896128
brain ECF,0.28,in vitro cell-based,11.8,0.171465042251458
brain ECF,0.28,in vitro cell-based,11.9,0.167353237782899
brain ECF,0.28,in vitro cell-based,12,0.163330246812635
brain ECF,0.28,in vitro cell-based,12.1,0.159394581154893
brain ECF,0.28,in vitro cell-based,12.2,0.155544756529678
brain ECF,0.28,in vitro cell-based,12.3,0.151779293881888
brain ECF,0.28,in vitro cell-based,12.4,0.148096720604277
brain ECF,0.28,in vitro cell-based,12.5,0.144495571680904
brain ECF,0.28,in vitro cell-based,12.6,0.140974390743649
brain ECF,0.28,in vitro cell-based,12.7,0.137531731052144
brain ECF,0.28,in vitro cell-based,12.8,0.134166156403586
brain ECF,0.28,in vitro cell-based,12.9,0.130876241967691
brain ECF,0.28,in vitro cell-based,13,0.12766057505685
brain ECF,0.28,in vitro cell-based,13.1,0.124517755836507
brain ECF,0.28,in vitro cell-based,13.2,0.12144639797224
brain ECF,0.28,in vitro cell-based,13.3,0.118445129221931
brain ECF,0.28,in vitro cell-based,13.4,0.115512591976914
brain ECF,0.28,in vitro cell-based,13.5,0.112647443748938
brain ECF,0.28,in vitro cell-based,13.6,0.109848357611381
brain ECF,0.28,in vitro cell-based,13.7,0.107114022595836
brain ECF,0.28,in vitro cell-based,13.8,0.104443144046195
brain ECF,0.28,in vitro cell-based,13.9,0.101834443931941
brain ECF,0.28,in vitro cell-based,14,0.0992866611231236
brain ECF,0.28,in vitro cell-based,14.1,0.0967985516308124
brain ECF,0.28,in vitro cell-based,14.2,0.0943688888136377
brain ECF,0.28,in vitro cell-based,14.3,0.0919964635519343
brain ECF,0.28,in vitro cell-based,14.4,0.0896800843928069
brain ECF,0.28,in vitro cell-based,14.5,0.0874185776667278
brain ECF,0.28,in vitro cell-based,14.6,0.0852107875784661
brain ECF,0.28,in vitro cell-based,14.7,0.0830555762720498
brain ECF,0.28,in vitro cell-based,14.8,0.0809518238735982
brain ECF,0.28,in vitro cell-based,14.9,0.0788984285118225
brain ECF,0.28,in vitro cell-based,15,0.0768943063184909
brain ECF,0.28,in vitro cell-based,15.1,0.0749383914103232
brain ECF,0.28,in vitro cell-based,15.2,0.073029635851702
brain ECF,0.28,in vitro cell-based,15.3,0.0711670096017929
brain ECF,0.28,in vitro cell-based,15.4,0.0693495004461048
brain ECF,0.28,in vitro cell-based,15.5,0.0675761139133867
brain ECF,0.28,in vitro cell-based,15.6,0.0658458731794943
brain ECF,0.28,in vitro cell-based,15.7,0.0641578189586015
brain ECF,0.28,in vitro cell-based,15.8,0.0625110093829852
brain ECF,0.28,in vitro cell-based,15.9,0.0609045198719233
brain ECF,0.28,in vitro cell-based,16,0.0593374429912035
brain ECF,0.28,in vitro cell-based,16.1,0.0578088883033948
brain ECF,0.28,in vitro cell-based,16.2,0.0563179822099652
brain ECF,0.28,in vitro cell-based,16.3,0.0548638677858131
brain ECF,0.28,in vitro cell-based,16.4,0.0534457046066975
brain ECF,0.28,in vitro cell-based,16.5,0.0520626685705008
brain ECF,0.28,in vitro cell-based,16.6,0.0507139517128891
brain ECF,0.28,in vitro cell-based,16.7,0.0493987620177929
brain ECF,0.28,in vitro cell-based,16.8,0.0481163232232915
brain ECF,0.28,in vitro cell-based,16.9,0.0468658746235259
brain ECF,0.28,in vitro cell-based,17,0.0456466708667921
brain ECF,0.28,in vitro cell-based,17.1,0.044457981750516
brain ECF,0.28,in vitro cell-based,17.2,0.0432990920135358
brain ECF,0.28,in vitro cell-based,17.3,0.0421693011260611
brain ECF,0.28,in vitro cell-based,17.4,0.0410679230776223
brain ECF,0.28,in vitro cell-based,17.5,0.0399942861633753
brain ECF,0.28,in vitro cell-based,17.6,0.0389477327691718
brain ECF,0.28,in vitro cell-based,17.7,0.0379276191555661
brain ECF,0.28,in vitro cell-based,17.8,0.0369333152411476
brain ECF,0.28,in vitro cell-based,17.9,0.0359642043854832
brain ECF,0.28,in vitro cell-based,18,0.0350196831719045
brain ECF,0.28,in vitro cell-based,18.1,0.0340991611903603
brain ECF,0.28,in vitro cell-based,18.2,0.0332020608205647
brain ECF,0.28,in vitro cell-based,18.3,0.0323278170156452
brain ECF,0.28,in vitro cell-based,18.4,0.0314758770865054
brain ECF,0.28,in vitro cell-based,18.5,0.030645700487092
brain ECF,0.28,in vitro cell-based,18.6,0.0298367586006954
brain ECF,0.28,in vitro cell-based,18.7,0.0290485345274804
brain ECF,0.28,in vitro cell-based,18.8,0.0282805228733824
brain ECF,0.28,in vitro cell-based,18.9,0.0275322295405335
brain ECF,0.28,in vitro cell-based,19,0.0268031715191491
brain ECF,0.28,in vitro cell-based,19.1,0.0260928766813136
brain ECF,0.28,in vitro cell-based,19.2,0.0254008835765747
brain ECF,0.28,in vitro cell-based,19.3,0.0247267412294656
brain ECF,0.28,in vitro cell-based,19.4,0.0240700089390352
brain ECF,0.28,in vitro cell-based,19.5,0.0234302560804817
brain ECF,0.28,in vitro cell-based,19.6,0.0228070619089769
brain ECF,0.28,in vitro cell-based,19.7,0.022200015365856
brain ECF,0.28,in vitro cell-based,19.8,0.0216087148867041
brain ECF,0.28,in vitro cell-based,19.9,0.0210327682121449
brain ECF,0.28,in vitro cell-based,20,0.0204717922011989
brain ECF,0.28,in vitro cell-based,20.1,0.0199254126467804
brain ECF,0.28,in vitro cell-based,20.2,0.0193932640937386
brain ECF,0.28,in vitro cell-based,20.3,0.0188749896594259
brain ECF,0.28,in vitro cell-based,20.4,0.0183702408568245
brain ECF,0.28,in vitro cell-based,20.5,0.0178786774205103
brain ECF,0.28,in vitro cell-based,20.6,0.0173999671340594
brain ECF,0.28,in vitro cell-based,20.7,0.0169337856617658
brain ECF,0.28,in vitro cell-based,20.8,0.0164798163818927
brain ECF,0.28,in vitro cell-based,20.9,0.0160377502227451
brain ECF,0.28,in vitro cell-based,21,0.0156072855014645
brain ECF,0.28,in vitro cell-based,21.1,0.0151881277650939
brain ECF,0.28,in vitro cell-based,21.2,0.0147799896345426
brain ECF,0.28,in vitro cell-based,21.3,0.0143825906515807
brain ECF,0.28,in vitro cell-based,21.4,0.0139956571276075
brain ECF,0.28,in vitro cell-based,21.5,0.0136189219955839
brain ECF,0.28,in vitro cell-based,21.6,0.0132521246641192
brain ECF,0.28,in vitro cell-based,21.7,0.0128950108742273
brain ECF,0.28,in vitro cell-based,21.8,0.0125473325596971
brain ECF,0.28,in vitro cell-based,21.9,0.0122088477085202
brain ECF,0.28,in vitro cell-based,22,0.0118793202276701
brain ECF,0.28,in vitro cell-based,22.1,0.011558519809315
brain ECF,0.28,in vitro cell-based,22.2,0.0112462218014068
brain ECF,0.28,in vitro cell-based,22.3,0.0109422070792134
brain ECF,0.28,in vitro cell-based,22.4,0.0106462619200253
brain ECF,0.28,in vitro cell-based,22.5,0.010358177878882
brain ECF,0.28,in vitro cell-based,22.6,0.0100777516687849
brain ECF,0.28,in vitro cell-based,22.7,0.0098047850425518
brain ECF,0.28,in vitro cell-based,22.8,0.00953908467644432
brain ECF,0.28,in vitro cell-based,22.9,0.00928046205526525
brain ECF,0.28,in vitro cell-based,23,0.00902873336212538
brain ECF,0.28,in vitro cell-based,23.1,0.00878371936897479
brain ECF,0.28,in vitro cell-based,23.2,0.00854524532990381
brain ECF,0.28,in vitro cell-based,23.3,0.00831314087386685
brain ECF,0.28,in vitro cell-based,23.4,0.0080872399048041
brain ECF,0.28,in vitro cell-based,23.5,0.00786738050044807
brain ECF,0.28,in vitro cell-based,23.6,0.00765340481210793
brain ECF,0.28,in vitro cell-based,23.7,0.00744515896992759
brain ECF,0.28,in vitro cell-based,23.8,0.00724249298856132
brain ECF,0.28,in vitro cell-based,23.9,0.00704526067388337
brain ECF,0.28,in vitro cell-based,24,0.00685331953179019
brain ECF,0.28,in vitro cell-based,24.1,0.00666653068180401
brain ECF,0.28,in vitro cell-based,24.2,0.00648475876998812
brain ECF,0.28,in vitro cell-based,24.3,0.00630787188101172
brain ECF,0.28,in vitro cell-based,24.4,0.00613574145952902
brain ECF,0.28,in vitro cell-based,24.5,0.00596824222785373
brain ECF,0.28,in vitro cell-based,24.6,0.00580525210347762
brain ECF,0.28,in vitro cell-based,24.7,0.00564665212644779
brain ECF,0.28,in vitro cell-based,24.8,0.00549232638132628
brain ECF,0.28,in vitro cell-based,24.9,0.00534216192055841
brain ECF,0.28,in vitro cell-based,25,0.00519604869638995
brain ECF,0.28,in vitro cell-based,25.1,0.0050538794875591
brain ECF,0.28,in vitro cell-based,25.2,0.0049155498287404
brain ECF,0.28,in vitro cell-based,25.3,0.0047809579463586
brain ECF,0.28,in vitro cell-based,25.4,0.004650004688966
brain ECF,0.28,in vitro cell-based,25.5,0.00452259346329192
brain ECF,0.28,in vitro cell-based,25.6,0.00439863017407163
brain ECF,0.28,in vitro cell-based,25.7,0.00427802315655214
brain ECF,0.28,in vitro cell-based,25.8,0.00416068312190782
brain ECF,0.28,in vitro cell-based,25.9,0.00404652309588221
brain ECF,0.28,in vitro cell-based,26,0.0039354583588222
brain ECF,0.28,in vitro cell-based,26.1,0.00382740639464796
brain ECF,0.28,in vitro cell-based,26.2,0.00372228683056041
brain ECF,0.28,in vitro cell-based,26.3,0.0036200213866339
brain ECF,0.28,in vitro cell-based,26.4,0.00352053382442385
brain ECF,0.28,in vitro cell-based,26.5,0.00342374988962239
brain ECF,0.28,in vitro cell-based,26.6,0.00332959727079789
brain ECF,0.28,in vitro cell-based,26.7,0.00323800554233999
brain ECF,0.28,in vitro cell-based,26.8,0.00314890612306297
brain ECF,0.28,in vitro cell-based,26.9,0.00306223222706378
brain ECF,0.28,in vitro cell-based,27,0.00297791881672978
brain ECF,0.28,in vitro cell-based,27.1,0.00289590256363409
brain ECF,0.28,in vitro cell-based,27.2,0.00281612179775841
brain ECF,0.28,in vitro cell-based,27.3,0.00273851647314553
brain ECF,0.28,in vitro cell-based,27.4,0.00266302812016906
brain ECF,0.28,in vitro cell-based,27.5,0.00258959980927992
brain ECF,0.28,in vitro cell-based,27.6,0.00251817611215715
brain ECF,0.28,in vitro cell-based,27.7,0.00244870305755617
brain ECF,0.28,in vitro cell-based,27.8,0.00238112810378367
brain ECF,0.28,in vitro cell-based,27.9,0.00231540009025104
brain ECF,0.28,in vitro cell-based,28,0.00225146921487568
brain ECF,0.28,in vitro cell-based,28.1,0.00218928698681117
brain ECF,0.28,in vitro cell-based,28.2,0.00212880620427555
brain ECF,0.28,in vitro cell-based,28.3,0.00206998091113465
brain ECF,0.28,in vitro cell-based,28.4,0.0020127663735655
brain ECF,0.28,in vitro cell-based,28.5,0.00195711904132239
brain ECF,0.28,in vitro cell-based,28.6,0.00190299652267778
brain ECF,0.28,in vitro cell-based,28.7,0.00185035755081884
brain ECF,0.28,in vitro cell-based,28.8,0.00179916195638727
brain ECF,0.28,in vitro cell-based,28.9,0.00174937064045196
brain ECF,0.28,in vitro cell-based,29,0.00170094554185005
brain ECF,0.28,in vitro cell-based,29.1,0.0016538496168617
brain ECF,0.28,in vitro cell-based,29.2,0.00160804680611227
brain ECF,0.28,in vitro cell-based,29.3,0.00156350201516529
brain ECF,0.28,in vitro cell-based,29.4,0.00152018108412003
brain ECF,0.28,in vitro cell-based,29.5,0.00147805076770956
brain ECF,0.28,in vitro cell-based,29.6,0.00143707870782361
brain ECF,0.28,in vitro cell-based,29.7,0.0013972334132546
brain ECF,0.28,in vitro cell-based,29.8,0.0013584842346102
brain ECF,0.28,in vitro cell-based,29.9,0.00132080134424807
brain ECF,0.28,in vitro cell-based,30,0.00128415571316262
brain ECF,0.28,in vitro cell-based,30.1,0.00124851909124767
brain ECF,0.28,in vitro cell-based,30.2,0.00121386398610597
brain ECF,0.28,in vitro cell-based,30.3,0.0011801636441741
brain ECF,0.28,in vitro cell-based,30.4,0.00114739203005004
brain ECF,0.28,in vitro cell-based,30.5,0.00111552380671574
brain ECF,0.28,in vitro cell-based,30.6,0.00108453432206125
brain ECF,0.28,in vitro cell-based,30.7,0.00105439958183138
brain ECF,0.28,in vitro cell-based,30.8,0.00102509624478083
brain ECF,0.28,in vitro cell-based,30.9,0.00099660159071006
brain ECF,0.28,in vitro cell-based,31,0.000968893519971724
brain ECF,0.28,in vitro cell-based,31.1,0.000941950521095944
brain ECF,0.28,in vitro cell-based,31.2,0.000915751670057497
brain ECF,0.28,in vitro cell-based,31.3,0.00089027660223293
brain ECF,0.28,in vitro cell-based,31.4,0.000865505506237513
brain ECF,0.28,in vitro cell-based,31.5,0.000841419105310859
brain ECF,0.28,in vitro cell-based,31.6,0.000817998642608422
brain ECF,0.28,in vitro cell-based,31.7,0.000795225871576807
brain ECF,0.28,in vitro cell-based,31.8,0.00077308303564665
brain ECF,0.28,in vitro cell-based,31.9,0.000751552864535416
brain ECF,0.28,in vitro cell-based,32,0.000730618548118715
brain ECF,0.28,in vitro cell-based,32.1,0.000710263740536033
brain ECF,0.28,in vitro cell-based,32.2,0.000690472531953734
brain ECF,0.28,in vitro cell-based,32.3,0.000671229446400647
brain ECF,0.28,in vitro cell-based,32.4,0.000652519431357112
brain ECF,0.28,in vitro cell-based,32.5,0.00063432783611745
brain ECF,0.28,in vitro cell-based,32.6,0.00061664041681147
brain ECF,0.28,in vitro cell-based,32.7,0.000599443308467144
brain ECF,0.28,in vitro cell-based,32.8,0.00058272302797984
brain ECF,0.28,in vitro cell-based,32.9,0.000566466458510369
brain ECF,0.28,in vitro cell-based,33,0.000550660837078511
brain ECF,0.28,in vitro cell-based,33.1,0.000535293753929729
brain ECF,0.28,in vitro cell-based,33.2,0.000520353130375726
brain ECF,0.28,in vitro cell-based,33.3,0.000505827223148439
brain ECF,0.28,in vitro cell-based,33.4,0.000491704604962494
brain ECF,0.28,in vitro cell-based,33.5,0.000477974161138711
brain ECF,0.28,in vitro cell-based,33.6,0.000464625083421961
brain ECF,0.28,in vitro cell-based,33.7,0.000451646851589946
brain ECF,0.28,in vitro cell-based,33.8,0.000439029240035563
brain ECF,0.28,in vitro cell-based,33.9,0.000426762298422499
brain ECF,0.28,in vitro cell-based,34,0.000414836345506396
brain ECF,0.28,in vitro cell-based,34.1,0.000403241973812102
brain ECF,0.28,in vitro cell-based,34.2,0.000391970023316037
brain ECF,0.28,in vitro cell-based,34.3,0.000381011588525292
brain ECF,0.28,in vitro cell-based,34.4,0.000370358011072696
brain ECF,0.28,in vitro cell-based,34.5,0.000360000862587794
brain ECF,0.28,in vitro cell-based,34.6,0.000349931952096286
brain ECF,0.28,in vitro cell-based,34.7,0.000340143309833035
brain ECF,0.28,in vitro cell-based,34.8,0.000330627182366104
brain ECF,0.28,in vitro cell-based,34.9,0.000321376035508279
brain ECF,0.28,in vitro cell-based,35,0.000312382534350202
brain ECF,0.28,in vitro cell-based,35.1,0.000303639548176321
brain ECF,0.28,in vitro cell-based,35.2,0.000295140144557148
brain ECF,0.28,in vitro cell-based,35.3,0.000286877575612885
brain ECF,0.28,in vitro cell-based,35.4,0.000278845285463155
brain ECF,0.28,in vitro cell-based,35.5,0.000271036894124982
brain ECF,0.28,in vitro cell-based,35.6,0.000263446194249785
brain ECF,0.28,in vitro cell-based,35.7,0.00025606715685753
brain ECF,0.28,in vitro cell-based,35.8,0.000248893913051167
brain ECF,0.28,in vitro cell-based,35.9,0.000241920752892845
brain ECF,0.28,in vitro cell-based,36,0.000235142132043459
brain ECF,0.28,in vitro cell-based,36.1,0.000228552652409092
brain ECF,0.28,in vitro cell-based,36.2,0.000222147062758809
brain ECF,0.28,in vitro cell-based,36.3,0.000215920264328417
brain ECF,0.28,in vitro cell-based,36.4,0.000209867292622947
brain ECF,0.28,in vitro cell-based,36.5,0.000203983318852512
brain ECF,0.28,in vitro cell-based,36.6,0.00019826365426904
brain ECF,0.28,in vitro cell-based,36.7,0.000192703733404503
brain ECF,0.28,in vitro cell-based,36.8,0.000187299116013221
brain ECF,0.28,in vitro cell-based,36.9,0.000182045490923242
brain ECF,0.28,in vitro cell-based,37,0.000176938659735751
brain ECF,0.28,in vitro cell-based,37.1,0.000171974539601885
brain ECF,0.28,in vitro cell-based,37.2,0.000167149166942843
brain ECF,0.28,in vitro cell-based,37.3,0.000162458681128937
brain ECF,0.28,in vitro cell-based,37.4,0.00015789932826724
brain ECF,0.28,in vitro cell-based,37.5,0.000153467466062986
brain ECF,0.28,in vitro cell-based,37.6,0.000149159543939074
brain ECF,0.28,in vitro cell-based,37.7,0.000144972110407946
brain ECF,0.28,in vitro cell-based,37.8,0.000140901813789766
brain ECF,0.28,in vitro cell-based,37.9,0.000136945395111529
brain ECF,0.28,in vitro cell-based,38,0.000133099679523766
brain ECF,0.28,in vitro cell-based,38.1,0.000129361582501884
brain ECF,0.28,in vitro cell-based,38.2,0.000125728112445978
brain ECF,0.28,in vitro cell-based,38.3,0.000122196350070087
brain ECF,0.28,in vitro cell-based,38.4,0.000118763458918112
brain ECF,0.28,in vitro cell-based,38.5,0.000115426688412873
brain ECF,0.28,in vitro cell-based,38.6,0.000112183357640916
brain ECF,0.28,in vitro cell-based,38.7,0.000109030859374535
brain ECF,0.28,in vitro cell-based,38.8,0.000105966661674146
brain ECF,0.28,in vitro cell-based,38.9,0.000102988304686756
brain ECF,0.28,in vitro cell-based,39,0.000100093391201206
brain ECF,0.28,in vitro cell-based,39.1,9.72795919980189e-05
brain ECF,0.28,in vitro cell-based,39.2,9.45446485143737e-05
brain ECF,0.28,in vitro cell-based,39.3,9.18863571586252e-05
brain ECF,0.28,in vitro cell-based,39.4,8.93025768574223e-05
brain ECF,0.28,in vitro cell-based,39.5,8.67912303413287e-05
brain ECF,0.28,in vitro cell-based,39.6,8.4350295184862e-05
brain ECF,0.28,in vitro cell-based,39.7,8.19778031108272e-05
brain ECF,0.28,in vitro cell-based,39.8,7.96718432347388e-05
brain ECF,0.28,in vitro cell-based,39.9,7.74305608388835e-05
brain ECF,0.28,in vitro cell-based,40,7.5252145727954e-05
brain ECF,0.28,in vitro cell-based,40.1,7.31348393639549e-05
brain ECF,0.28,in vitro cell-based,40.2,7.1076936002814e-05
brain ECF,0.28,in vitro cell-based,40.3,6.90767784894009e-05
brain ECF,0.28,in vitro cell-based,40.4,6.71327487820346e-05
brain ECF,0.28,in vitro cell-based,40.5,6.52432753983659e-05
brain ECF,0.28,in vitro cell-based,40.6,6.34068364036379e-05
brain ECF,0.28,in vitro cell-based,40.7,6.16219500263232e-05
brain ECF,0.28,in vitro cell-based,40.8,5.98871711702635e-05
brain ECF,0.28,in vitro cell-based,40.9,5.82010961362907e-05
brain ECF,0.28,in vitro cell-based,41,5.65623669187073e-05
brain ECF,0.28,in vitro cell-based,41.1,5.49696581210575e-05
brain ECF,0.28,in vitro cell-based,41.2,5.34216798178695e-05
brain ECF,0.28,in vitro cell-based,41.3,5.19171783769001e-05
brain ECF,0.28,in vitro cell-based,41.4,5.04549420144743e-05
brain ECF,0.28,in vitro cell-based,41.5,4.90337852306347e-05
brain ECF,0.28,in vitro cell-based,41.6,4.76525565952568e-05
brain ECF,0.28,in vitro cell-based,41.7,4.63101366839142e-05
brain ECF,0.28,in vitro cell-based,41.8,4.50054437698762e-05
brain ECF,0.28,in vitro cell-based,41.9,4.37374181425914e-05
brain ECF,0.28,in vitro cell-based,42,4.25050316509563e-05
brain ECF,0.28,in vitro cell-based,42.1,4.13072850855431e-05
brain ECF,0.28,in vitro cell-based,42.2,4.01432121252924e-05
brain ECF,0.28,in vitro cell-based,42.3,3.90118663413181e-05
brain ECF,0.28,in vitro cell-based,42.4,3.79123294849896e-05
brain ECF,0.28,in vitro cell-based,42.5,3.68437103087185e-05
brain ECF,0.28,in vitro cell-based,42.6,3.58051461299893e-05
brain ECF,0.28,in vitro cell-based,42.7,3.47957912247344e-05
brain ECF,0.28,in vitro cell-based,42.8,3.3814825430092e-05
brain ECF,0.28,in vitro cell-based,42.9,3.28614507126834e-05
brain ECF,0.28,in vitro cell-based,43,3.19349002637485e-05
brain ECF,0.28,in vitro cell-based,43.1,3.10344179203328e-05
brain ECF,0.28,in vitro cell-based,43.2,3.01592711981694e-05
brain ECF,0.28,in vitro cell-based,43.3,2.93087476254454e-05
brain ECF,0.28,in vitro cell-based,43.4,2.84821590664047e-05
brain ECF,0.28,in vitro cell-based,43.5,2.7678835678055e-05
brain ECF,0.28,in vitro cell-based,43.6,2.68981217844832e-05
brain ECF,0.28,in vitro cell-based,43.7,2.61393816460337e-05
brain ECF,0.28,in vitro cell-based,43.8,2.54019981692013e-05
brain ECF,0.28,in vitro cell-based,43.9,2.46853765422937e-05
brain ECF,0.28,in vitro cell-based,44,2.39889307269887e-05
brain ECF,0.28,in vitro cell-based,44.1,2.33120934823202e-05
brain ECF,0.28,in vitro cell-based,44.2,2.26543129556725e-05
brain ECF,0.28,in vitro cell-based,44.3,2.20150580149887e-05
brain ECF,0.28,in vitro cell-based,44.4,2.13938068749315e-05
brain ECF,0.28,in vitro cell-based,44.5,2.07900528146513e-05
brain ECF,0.28,in vitro cell-based,44.6,2.02033033819308e-05
brain ECF,0.28,in vitro cell-based,44.7,1.9633082067536e-05
brain ECF,0.28,in vitro cell-based,44.8,1.90789262380216e-05
brain ECF,0.28,in vitro cell-based,44.9,1.85403825619229e-05
brain ECF,0.28,in vitro cell-based,45,1.80170115497591e-05
brain ECF,0.28,in vitro cell-based,45.1,1.75083862253685e-05
brain ECF,0.28,in vitro cell-based,45.2,1.7014095778204e-05
brain ECF,0.28,in vitro cell-based,45.3,1.65337349239463e-05
brain ECF,0.28,in vitro cell-based,45.4,1.60669114928736e-05
brain ECF,0.28,in vitro cell-based,45.5,1.56132439390689e-05
brain ECF,0.28,in vitro cell-based,45.6,1.51723658515302e-05
brain ECF,0.28,in vitro cell-based,45.7,1.47439168192322e-05
brain ECF,0.28,in vitro cell-based,45.8,1.43275460253153e-05
brain ECF,0.28,in vitro cell-based,45.9,1.39229129409335e-05
brain ECF,0.28,in vitro cell-based,46,1.35296861292541e-05
brain ECF,0.28,in vitro cell-based,46.1,1.31475492050576e-05
brain ECF,0.28,in vitro cell-based,46.2,1.27761889758025e-05
brain ECF,0.28,in vitro cell-based,46.3,1.24153007621741e-05
brain ECF,0.28,in vitro cell-based,46.4,1.2064589026152e-05
brain ECF,0.28,in vitro cell-based,46.5,1.17237660899663e-05
brain ECF,0.28,in vitro cell-based,46.6,1.13925582576044e-05
brain ECF,0.28,in vitro cell-based,46.7,1.10706935472937e-05
brain ECF,0.28,in vitro cell-based,46.8,1.07579076918888e-05
brain ECF,0.28,in vitro cell-based,46.9,1.04539444232886e-05
brain ECF,0.28,in vitro cell-based,47,1.01585543254823e-05
brain ECF,0.28,in vitro cell-based,47.1,9.87149994752196e-06
brain ECF,0.28,in vitro cell-based,47.2,9.59254534187266e-06
brain ECF,0.28,in vitro cell-based,47.3,9.32146150191835e-06
brain ECF,0.28,in vitro cell-based,47.4,9.058026265457e-06
brain ECF,0.28,in vitro cell-based,47.5,8.80202343349017e-06
brain ECF,0.28,in vitro cell-based,47.6,8.55324674028048e-06
brain ECF,0.28,in vitro cell-based,47.7,8.31149160910858e-06
brain ECF,0.28,in vitro cell-based,47.8,8.07655958779795e-06
brain ECF,0.28,in vitro cell-based,47.9,7.8482580366407e-06
brain ECF,0.28,in vitro cell-based,48,7.62639948777936e-06
brain ECF,0.039,in vitro PAMPA,0,0
brain ECF,0.039,in vitro PAMPA,0.1,0.0198717903957123
brain ECF,0.039,in vitro PAMPA,0.2,0.0631297224976107
brain ECF,0.039,in vitro PAMPA,0.3,0.110678299378118
brain ECF,0.039,in vitro PAMPA,0.4,0.134356268530661
brain ECF,0.039,in vitro PAMPA,0.5,0.145816311400062
brain ECF,0.039,in vitro PAMPA,0.6,0.152577385217122
brain ECF,0.039,in vitro PAMPA,0.7,0.157448055676893
brain ECF,0.039,in vitro PAMPA,0.8,0.161483194993465
brain ECF,0.039,in vitro PAMPA,0.9,0.165083897934606
brain ECF,0.039,in vitro PAMPA,1,0.168406860488283
brain ECF,0.039,in vitro PAMPA,1.1,0.171516896983227
brain ECF,0.039,in vitro PAMPA,1.2,0.174443873851635
brain ECF,0.039,in vitro PAMPA,1.3,0.177204046847819
brain ECF,0.039,in vitro PAMPA,1.4,0.179808120757255
brain ECF,0.039,in vitro PAMPA,1.5,0.182264341067493
brain ECF,0.039,in vitro PAMPA,1.6,0.184579715214944
brain ECF,0.039,in vitro PAMPA,1.7,0.186760521079184
brain ECF,0.039,in vitro PAMPA,1.8,0.188812537567997
brain ECF,0.039,in vitro PAMPA,1.9,0.190741162242762
brain ECF,0.039,in vitro PAMPA,2,0.192551479746703
brain ECF,0.039,in vitro PAMPA,2.1,0.194248306552543
brain ECF,0.039,in vitro PAMPA,2.2,0.195836222865872
brain ECF,0.039,in vitro PAMPA,2.3,0.197319596706817
brain ECF,0.039,in vitro PAMPA,2.4,0.19870260280437
brain ECF,0.039,in vitro PAMPA,2.5,0.199989237806603
brain ECF,0.039,in vitro PAMPA,2.6,0.201183332819401
brain ECF,0.039,in vitro PAMPA,2.7,0.202288563928643
brain ECF,0.039,in vitro PAMPA,2.8,0.203308461195402
brain ECF,0.039,in vitro PAMPA,2.9,0.20424641647989
brain ECF,0.039,in vitro PAMPA,3,0.205105690349898
brain ECF,0.039,in vitro PAMPA,3.1,0.205889418270739
brain ECF,0.039,in vitro PAMPA,3.2,0.206600616221716
brain ECF,0.039,in vitro PAMPA,3.3,0.207242185849129
brain ECF,0.039,in vitro PAMPA,3.4,0.207816919237742
brain ECF,0.039,in vitro PAMPA,3.5,0.208327503365392
brain ECF,0.039,in vitro PAMPA,3.6,0.208776524286868
brain ECF,0.039,in vitro PAMPA,3.7,0.209166471085175
brain ECF,0.039,in vitro PAMPA,3.8,0.209499739619147
brain ECF,0.039,in vitro PAMPA,3.9,0.209778636088727
brain ECF,0.039,in vitro PAMPA,4,0.210005380436692
brain ECF,0.039,in vitro PAMPA,4.1,0.210182109601062
brain ECF,0.039,in vitro PAMPA,4.2,0.210310880629402
brain ECF,0.039,in vitro PAMPA,4.3,0.210393673664994
brain ECF,0.039,in vitro PAMPA,4.4,0.21043239481308
brain ECF,0.039,in vitro PAMPA,4.5,0.210428878893979
brain ECF,0.039,in vitro PAMPA,4.6,0.210384892089145
brain ECF,0.039,in vitro PAMPA,4.7,0.210302134485656
brain ECF,0.039,in vitro PAMPA,4.8,0.210182242523764
brain ECF,0.039,in vitro PAMPA,4.9,0.210026791351906
brain ECF,0.039,in vitro PAMPA,5,0.209837297093304
brain ECF,0.039,in vitro PAMPA,5.1,0.209615219027734
brain ECF,0.039,in vitro PAMPA,5.2,0.209361961691762
brain ECF,0.039,in vitro PAMPA,5.3,0.209078876901014
brain ECF,0.039,in vitro PAMPA,5.4,0.208767265697382
brain ECF,0.039,in vitro PAMPA,5.5,0.208428380223931
brain ECF,0.039,in vitro PAMPA,5.6,0.208063425530496
brain ECF,0.039,in vitro PAMPA,5.7,0.207673561312566
brain ECF,0.039,in vitro PAMPA,5.8,0.207259903585795
brain ECF,0.039,in vitro PAMPA,5.9,0.206823526298718
brain ECF,0.039,in vitro PAMPA,6,0.206365462885988
brain ECF,0.039,in vitro PAMPA,6.1,0.205886707764303
brain ECF,0.039,in vitro PAMPA,6.2,0.205388217773058
brain ECF,0.039,in vitro PAMPA,6.3,0.204870913561951
brain ECF,0.039,in vitro PAMPA,6.4,0.204335680927498
brain ECF,0.039,in vitro PAMPA,6.5,0.203783372100135
brain ECF,0.039,in vitro PAMPA,6.6,0.203214806983945
brain ECF,0.039,in vitro PAMPA,6.7,0.202630774350734
brain ECF,0.039,in vitro PAMPA,6.8,0.202032032990113
brain ECF,0.039,in vitro PAMPA,6.9,0.201419312817092
brain ECF,0.039,in vitro PAMPA,7,0.200793315938973
brain ECF,0.039,in vitro PAMPA,7.1,0.20015471768294
brain ECF,0.039,in vitro PAMPA,7.2,0.199504167585754
brain ECF,0.039,in vitro PAMPA,7.3,0.198842290346961
brain ECF,0.039,in vitro PAMPA,7.4,0.198169686747033
brain ECF,0.039,in vitro PAMPA,7.5,0.197486934531772
brain ECF,0.039,in vitro PAMPA,7.6,0.196794589263978
brain ECF,0.039,in vitro PAMPA,7.7,0.196093185143808
brain ECF,0.039,in vitro PAMPA,7.8,0.195383235798967
brain ECF,0.039,in vitro PAMPA,7.9,0.194665235045814
brain ECF,0.039,in vitro PAMPA,8,0.193939657622317
brain ECF,0.039,in vitro PAMPA,8.1,0.193206959894181
brain ECF,0.039,in vitro PAMPA,8.2,0.192467580534795
brain ECF,0.039,in vitro PAMPA,8.3,0.191721941180312
brain ECF,0.039,in vitro PAMPA,8.4,0.190970447060458
brain ECF,0.039,in vitro PAMPA,8.5,0.190213487606258
brain ECF,0.039,in vitro PAMPA,8.6,0.189451437035236
brain ECF,0.039,in vitro PAMPA,8.7,0.188684654915191
brain ECF,0.039,in vitro PAMPA,8.8,0.187913486707122
brain ECF,0.039,in vitro PAMPA,8.9,0.187138264288269
brain ECF,0.039,in vitro PAMPA,9,0.186359306455728
brain ECF,0.039,in vitro PAMPA,9.1,0.185576919411696
brain ECF,0.039,in vitro PAMPA,9.2,0.184791397230836
brain ECF,0.039,in vitro PAMPA,9.3,0.184003022310226
brain ECF,0.039,in vitro PAMPA,9.4,0.183212065802941
brain ECF,0.039,in vitro PAMPA,9.5,0.182418788035777
brain ECF,0.039,in vitro PAMPA,9.6,0.181623438911217
brain ECF,0.039,in vitro PAMPA,9.7,0.180826258294936
brain ECF,0.039,in vitro PAMPA,9.8,0.180027476388918
brain ECF,0.039,in vitro PAMPA,9.9,0.179227314090762
brain ECF,0.039,in vitro PAMPA,10,0.178425983340008
brain ECF,0.039,in vitro PAMPA,10.1,0.177623687451316
brain ECF,0.039,in vitro PAMPA,10.2,0.176820621435742
brain ECF,0.039,in vitro PAMPA,10.3,0.176016972310005
brain ECF,0.039,in vitro PAMPA,10.4,0.175212919394365
brain ECF,0.039,in vitro PAMPA,10.5,0.174408634599696
brain ECF,0.039,in vitro PAMPA,10.6,0.173604282703628
brain ECF,0.039,in vitro PAMPA,10.7,0.172800021617004
brain ECF,0.039,in vitro PAMPA,10.8,0.171996002640045
brain ECF,0.039,in vitro PAMPA,10.9,0.171192370709559
brain ECF,0.039,in vitro PAMPA,11,0.17038926463651
brain ECF,0.039,in vitro PAMPA,11.1,0.169586817335375
brain ECF,0.039,in vitro PAMPA,11.2,0.168785156044561
brain ECF,0.039,in vitro PAMPA,11.3,0.167984402539219
brain ECF,0.039,in vitro PAMPA,11.4,0.167184673335658
brain ECF,0.039,in vitro PAMPA,11.5,0.166386079888746
brain ECF,0.039,in vitro PAMPA,11.6,0.165588728781617
brain ECF,0.039,in vitro PAMPA,11.7,0.164792721908686
brain ECF,0.039,in vitro PAMPA,11.8,0.163998156651834
brain ECF,0.039,in vitro PAMPA,11.9,0.163205126049955
brain ECF,0.039,in vitro PAMPA,12,0.162413718962538
brain ECF,0.039,in vitro PAMPA,12.1,0.16162402022686
brain ECF,0.039,in vitro PAMPA,12.2,0.160836110809792
brain ECF,0.039,in vitro PAMPA,12.3,0.160050067953717
brain ECF,0.039,in vitro PAMPA,12.4,0.159265965317092
brain ECF,0.039,in vitro PAMPA,12.5,0.158483873110024
brain ECF,0.039,in vitro PAMPA,12.6,0.157703858224589
brain ECF,0.039,in vitro PAMPA,12.7,0.156925984360521
brain ECF,0.039,in vitro PAMPA,12.8,0.1561503121463
brain ECF,0.039,in vitro PAMPA,12.9,0.155376899255566
brain ECF,0.039,in vitro PAMPA,13,0.154605800519407
brain ECF,0.039,in vitro PAMPA,13.1,0.153837068034515
brain ECF,0.039,in vitro PAMPA,13.2,0.153070751267204
brain ECF,0.039,in vitro PAMPA,13.3,0.152306897153753
brain ECF,0.039,in vitro PAMPA,13.4,0.151545550197013
brain ECF,0.039,in vitro PAMPA,13.5,0.15078675255934
brain ECF,0.039,in vitro PAMPA,13.6,0.150030544152131
brain ECF,0.039,in vitro PAMPA,13.7,0.149276962722226
brain ECF,0.039,in vitro PAMPA,13.8,0.148526043934901
brain ECF,0.039,in vitro PAMPA,13.9,0.147777821453917
brain ECF,0.039,in vitro PAMPA,14,0.147032327018517
brain ECF,0.039,in vitro PAMPA,14.1,0.146289590517727
brain ECF,0.039,in vitro PAMPA,14.2,0.145549640061762
brain ECF,0.039,in vitro PAMPA,14.3,0.144812502050862
brain ECF,0.039,in vitro PAMPA,14.4,0.144078201241553
brain ECF,0.039,in vitro PAMPA,14.5,0.143346760810577
brain ECF,0.039,in vitro PAMPA,14.6,0.142618202416263
brain ECF,0.039,in vitro PAMPA,14.7,0.14189254625775
brain ECF,0.039,in vitro PAMPA,14.8,0.141169811132
brain ECF,0.039,in vitro PAMPA,14.9,0.140450014488642
brain ECF,0.039,in vitro PAMPA,15,0.139733172482957
brain ECF,0.039,in vitro PAMPA,15.1,0.139019300026703
brain ECF,0.039,in vitro PAMPA,15.2,0.138308410837137
brain ECF,0.039,in vitro PAMPA,15.3,0.13760051748422
brain ECF,0.039,in vitro PAMPA,15.4,0.136895631436084
brain ECF,0.039,in vitro PAMPA,15.5,0.136193763102772
brain ECF,0.039,in vitro PAMPA,15.6,0.135494921878437
brain ECF,0.039,in vitro PAMPA,15.7,0.134799116181919
brain ECF,0.039,in vitro PAMPA,15.8,0.134106353495782
brain ECF,0.039,in vitro PAMPA,15.9,0.133416640403949
brain ECF,0.039,in vitro PAMPA,16,0.132729982627944
brain ECF,0.039,in vitro PAMPA,16.1,0.13204638506176
brain ECF,0.039,in vitro PAMPA,16.2,0.131365851805465
brain ECF,0.039,in vitro PAMPA,16.3,0.130688386197541
brain ECF,0.039,in vitro PAMPA,16.4,0.130013990846001
brain ECF,0.039,in vitro PAMPA,16.5,0.129342667658351
brain ECF,0.039,in vitro PAMPA,16.6,0.128674417870471
brain ECF,0.039,in vitro PAMPA,16.7,0.128009242074405
brain ECF,0.039,in vitro PAMPA,16.8,0.127347140245082
brain ECF,0.039,in vitro PAMPA,16.9,0.126688111766104
brain ECF,0.039,in vitro PAMPA,17,0.12603215545452
brain ECF,0.039,in vitro PAMPA,17.1,0.12537926958468
brain ECF,0.039,in vitro PAMPA,17.2,0.124729451911209
brain ECF,0.039,in vitro PAMPA,17.3,0.124082699691131
brain ECF,0.039,in vitro PAMPA,17.4,0.12343900970515
brain ECF,0.039,in vitro PAMPA,17.5,0.122798378278148
brain ECF,0.039,in vitro PAMPA,17.6,0.122160801298918
brain ECF,0.039,in vitro PAMPA,17.7,0.121526274239142
brain ECF,0.039,in vitro PAMPA,17.8,0.120894792171651
brain ECF,0.039,in vitro PAMPA,17.9,0.120266349788017
brain ECF,0.039,in vitro PAMPA,18,0.119640941415486
brain ECF,0.039,in vitro PAMPA,18.1,0.119018561033268
brain ECF,0.039,in vitro PAMPA,18.2,0.118399202288208
brain ECF,0.039,in vitro PAMPA,18.3,0.117782858509898
brain ECF,0.039,in vitro PAMPA,18.4,0.117169522725181
brain ECF,0.039,in vitro PAMPA,18.5,0.116559187672115
brain ECF,0.039,in vitro PAMPA,18.6,0.115951845813422
brain ECF,0.039,in vitro PAMPA,18.7,0.115347489349424
brain ECF,0.039,in vitro PAMPA,18.8,0.114746110230496
brain ECF,0.039,in vitro PAMPA,18.9,0.114147700169033
brain ECF,0.039,in vitro PAMPA,19,0.113552250651004
brain ECF,0.039,in vitro PAMPA,19.1,0.112959752947012
brain ECF,0.039,in vitro PAMPA,19.2,0.112370198122957
brain ECF,0.039,in vitro PAMPA,19.3,0.111783577050293
brain ECF,0.039,in vitro PAMPA,19.4,0.111199880415901
brain ECF,0.039,in vitro PAMPA,19.5,0.110619098731586
brain ECF,0.039,in vitro PAMPA,19.6,0.110041222343204
brain ECF,0.039,in vitro PAMPA,19.7,0.109466241439438
brain ECF,0.039,in vitro PAMPA,19.8,0.108894146060252
brain ECF,0.039,in vitro PAMPA,19.9,0.10832492610503
brain ECF,0.039,in vitro PAMPA,20,0.107758571340366
brain ECF,0.039,in vitro PAMPA,20.1,0.107195071407555
brain ECF,0.039,in vitro PAMPA,20.2,0.106634415829831
brain ECF,0.039,in vitro PAMPA,20.3,0.106076594019313
brain ECF,0.039,in vitro PAMPA,20.4,0.105521595283677
brain ECF,0.039,in vitro PAMPA,20.5,0.104969408832557
brain ECF,0.039,in vitro PAMPA,20.6,0.104420023783741
brain ECF,0.039,in vitro PAMPA,20.7,0.103873429169114
brain ECF,0.039,in vitro PAMPA,20.8,0.103329613940292
brain ECF,0.039,in vitro PAMPA,20.9,0.102788566974126
brain ECF,0.039,in vitro PAMPA,21,0.102250277077966
brain ECF,0.039,in vitro PAMPA,21.1,0.101714732994706
brain ECF,0.039,in vitro PAMPA,21.2,0.101181923407674
brain ECF,0.039,in vitro PAMPA,21.3,0.100651836945258
brain ECF,0.039,in vitro PAMPA,21.4,0.100124462185402
brain ECF,0.039,in vitro PAMPA,21.5,0.0995997876599117
brain ECF,0.039,in vitro PAMPA,21.6,0.0990778018585725
brain ECF,0.039,in vitro PAMPA,21.7,0.09855849323317
brain ECF,0.039,in vitro PAMPA,21.8,0.0980418502012378
brain ECF,0.039,in vitro PAMPA,21.9,0.0975278611497304
brain ECF,0.039,in vitro PAMPA,22,0.0970165144385493
brain ECF,0.039,in vitro PAMPA,22.1,0.0965077984038979
brain ECF,0.039,in vitro PAMPA,22.2,0.0960017013615638
brain ECF,0.039,in vitro PAMPA,22.3,0.0954982116099658
brain ECF,0.039,in vitro PAMPA,22.4,0.0949973174331481
brain ECF,0.039,in vitro PAMPA,22.5,0.0944990071036257
brain ECF,0.039,in vitro PAMPA,22.6,0.0940032688852027
brain ECF,0.039,in vitro PAMPA,22.7,0.0935100910354753
brain ECF,0.039,in vitro PAMPA,22.8,0.0930194618084123
brain ECF,0.039,in vitro PAMPA,22.9,0.0925313694567617
brain ECF,0.039,in vitro PAMPA,23,0.0920458022344151
brain ECF,0.039,in vitro PAMPA,23.1,0.0915627483985329
brain ECF,0.039,in vitro PAMPA,23.2,0.0910821962117043
brain ECF,0.039,in vitro PAMPA,23.3,0.0906041339440261
brain ECF,0.039,in vitro PAMPA,23.4,0.0901285498750266
brain ECF,0.039,in vitro PAMPA,23.5,0.0896554322954817
brain ECF,0.039,in vitro PAMPA,23.6,0.0891847695092298
brain ECF,0.039,in vitro PAMPA,23.7,0.0887165498349486
brain ECF,0.039,in vitro PAMPA,23.8,0.0882507616076679
brain ECF,0.039,in vitro PAMPA,23.9,0.0877873931803872
brain ECF,0.039,in vitro PAMPA,24,0.0873264329256273
brain ECF,0.039,in vitro PAMPA,24.1,0.0868678692367688
brain ECF,0.039,in vitro PAMPA,24.2,0.0864116905294306
brain ECF,0.039,in vitro PAMPA,24.3,0.0859578852428502
brain ECF,0.039,in vitro PAMPA,24.4,0.0855064418410605
brain ECF,0.039,in vitro PAMPA,24.5,0.0850573488140479
brain ECF,0.039,in vitro PAMPA,24.6,0.0846105946789916
brain ECF,0.039,in vitro PAMPA,24.7,0.084166167981245
brain ECF,0.039,in vitro PAMPA,24.8,0.0837240572953752
brain ECF,0.039,in vitro PAMPA,24.9,0.0832842512262281
brain ECF,0.039,in vitro PAMPA,25,0.0828467384097743
brain ECF,0.039,in vitro PAMPA,25.1,0.0824115075140093
brain ECF,0.039,in vitro PAMPA,25.2,0.0819785472398695
brain ECF,0.039,in vitro PAMPA,25.3,0.0815478463219667
brain ECF,0.039,in vitro PAMPA,25.4,0.0811193935293387
brain ECF,0.039,in vitro PAMPA,25.5,0.080693177666311
brain ECF,0.039,in vitro PAMPA,25.6,0.0802691875729889
brain ECF,0.039,in vitro PAMPA,25.7,0.0798474121260643
brain ECF,0.039,in vitro PAMPA,25.8,0.0794278402393752
brain ECF,0.039,in vitro PAMPA,25.9,0.0790104608644525
brain ECF,0.039,in vitro PAMPA,26,0.0785952629911907
brain ECF,0.039,in vitro PAMPA,26.1,0.0781822356482491
brain ECF,0.039,in vitro PAMPA,26.2,0.0777713679036014
brain ECF,0.039,in vitro PAMPA,26.3,0.0773626488650425
brain ECF,0.039,in vitro PAMPA,26.4,0.0769560676805168
brain ECF,0.039,in vitro PAMPA,26.5,0.0765516135386773
brain ECF,0.039,in vitro PAMPA,26.6,0.0761492756691453
brain ECF,0.039,in vitro PAMPA,26.7,0.0757490433429399
brain ECF,0.039,in vitro PAMPA,26.8,0.0753509058728354
brain ECF,0.039,in vitro PAMPA,26.9,0.0749548526135812
brain ECF,0.039,in vitro PAMPA,27,0.0745608729623551
brain ECF,0.039,in vitro PAMPA,27.1,0.0741689563588719
brain ECF,0.039,in vitro PAMPA,27.2,0.0737790922857821
brain ECF,0.039,in vitro PAMPA,27.3,0.073391270268822
brain ECF,0.039,in vitro PAMPA,27.4,0.0730054798770532
brain ECF,0.039,in vitro PAMPA,27.5,0.0726217107231175
brain ECF,0.039,in vitro PAMPA,27.6,0.0722399524633063
brain ECF,0.039,in vitro PAMPA,27.7,0.0718601947978977
brain ECF,0.039,in vitro PAMPA,27.8,0.071482427471121
brain ECF,0.039,in vitro PAMPA,27.9,0.0711066402714824
brain ECF,0.039,in vitro PAMPA,28,0.0707328230317154
brain ECF,0.039,in vitro PAMPA,28.1,0.0703609656290404
brain ECF,0.039,in vitro PAMPA,28.2,0.0699910579851455
brain ECF,0.039,in vitro PAMPA,28.3,0.0696230900663525
brain ECF,0.039,in vitro PAMPA,28.4,0.0692570518836503
brain ECF,0.039,in vitro PAMPA,28.5,0.0688929334927545
brain ECF,0.039,in vitro PAMPA,28.6,0.068530724994204
brain ECF,0.039,in vitro PAMPA,28.7,0.0681704165333097
brain ECF,0.039,in vitro PAMPA,28.8,0.0678119983003108
brain ECF,0.039,in vitro PAMPA,28.9,0.0674554605302391
brain ECF,0.039,in vitro PAMPA,29,0.0671007935031099
brain ECF,0.039,in vitro PAMPA,29.1,0.0667479875437253
brain ECF,0.039,in vitro PAMPA,29.2,0.0663970330218727
brain ECF,0.039,in vitro PAMPA,29.3,0.0660479203520979
brain ECF,0.039,in vitro PAMPA,29.4,0.0657006399938863
brain ECF,0.039,in vitro PAMPA,29.5,0.0653551824514349
brain ECF,0.039,in vitro PAMPA,29.6,0.0650115382737975
brain ECF,0.039,in vitro PAMPA,29.7,0.0646696980546669
brain ECF,0.039,in vitro PAMPA,29.8,0.064329652432485
brain ECF,0.039,in vitro PAMPA,29.9,0.0639913920902287
brain ECF,0.039,in vitro PAMPA,30,0.0636549077554948
brain ECF,0.039,in vitro PAMPA,30.1,0.0633201902002826
brain ECF,0.039,in vitro PAMPA,30.2,0.0629872302410592
brain ECF,0.039,in vitro PAMPA,30.3,0.0626560187385297
brain ECF,0.039,in vitro PAMPA,30.4,0.0623265465977096
brain ECF,0.039,in vitro PAMPA,30.5,0.0619988047676877
brain ECF,0.039,in vitro PAMPA,30.6,0.0616727842416296
brain ECF,0.039,in vitro PAMPA,30.7,0.061348476056632
brain ECF,0.039,in vitro PAMPA,30.8,0.0610258712936048
brain ECF,0.039,in vitro PAMPA,30.9,0.0607049610772197
brain ECF,0.039,in vitro PAMPA,31,0.0603857365757071
brain ECF,0.039,in vitro PAMPA,31.1,0.0600681890008481
brain ECF,0.039,in vitro PAMPA,31.2,0.0597523096077357
brain ECF,0.039,in vitro PAMPA,31.3,0.0594380896947742
brain ECF,0.039,in vitro PAMPA,31.4,0.0591255206034278
brain ECF,0.039,in vitro PAMPA,31.5,0.0588145937182106
brain ECF,0.039,in vitro PAMPA,31.6,0.0585053004664523
brain ECF,0.039,in vitro PAMPA,31.7,0.058197632318232
brain ECF,0.039,in vitro PAMPA,31.8,0.0578915807862012
brain ECF,0.039,in vitro PAMPA,31.9,0.0575871374254531
brain ECF,0.039,in vitro PAMPA,32,0.0572842938334137
brain ECF,0.039,in vitro PAMPA,32.1,0.0569830416496105
brain ECF,0.039,in vitro PAMPA,32.2,0.0566833725556468
brain ECF,0.039,in vitro PAMPA,32.3,0.0563852782749309
brain ECF,0.039,in vitro PAMPA,32.4,0.0560887505726108
brain ECF,0.039,in vitro PAMPA,32.5,0.0557937812553931
brain ECF,0.039,in vitro PAMPA,32.6,0.0555003621713563
brain ECF,0.039,in vitro PAMPA,32.7,0.0552084852098698
brain ECF,0.039,in vitro PAMPA,32.8,0.0549181423013436
brain ECF,0.039,in vitro PAMPA,32.9,0.0546293254171607
brain ECF,0.039,in vitro PAMPA,33,0.0543420265694538
brain ECF,0.039,in vitro PAMPA,33.1,0.0540562378109621
brain ECF,0.039,in vitro PAMPA,33.2,0.0537719512348928
brain ECF,0.039,in vitro PAMPA,33.3,0.0534891589747064
brain ECF,0.039,in vitro PAMPA,33.4,0.053207853204016
brain ECF,0.039,in vitro PAMPA,33.5,0.0529280261363608
brain ECF,0.039,in vitro PAMPA,33.6,0.0526496700250855
brain ECF,0.039,in vitro PAMPA,33.7,0.0523727771631661
brain ECF,0.039,in vitro PAMPA,33.8,0.0520973398829999
brain ECF,0.039,in vitro PAMPA,33.9,0.051823350556309
brain ECF,0.039,in vitro PAMPA,34,0.0515508015939179
brain ECF,0.039,in vitro PAMPA,34.1,0.0512796854455883
brain ECF,0.039,in vitro PAMPA,34.2,0.0510099945998873
brain ECF,0.039,in vitro PAMPA,34.3,0.050741721583968
brain ECF,0.039,in vitro PAMPA,34.4,0.0504748589634351
brain ECF,0.039,in vitro PAMPA,34.5,0.050209399342166
brain ECF,0.039,in vitro PAMPA,34.6,0.0499453353621212
brain ECF,0.039,in vitro PAMPA,34.7,0.0496826597032046
brain ECF,0.039,in vitro PAMPA,34.8,0.0494213650830694
brain ECF,0.039,in vitro PAMPA,34.9,0.0491614442569502
brain ECF,0.039,in vitro PAMPA,35,0.0489028900175038
brain ECF,0.039,in vitro PAMPA,35.1,0.0486456951946203
brain ECF,0.039,in vitro PAMPA,35.2,0.0483898526552649
brain ECF,0.039,in vitro PAMPA,35.3,0.0481353553033023
brain ECF,0.039,in vitro PAMPA,35.4,0.0478821960793203
brain ECF,0.039,in vitro PAMPA,35.5,0.0476303679604669
brain ECF,0.039,in vitro PAMPA,35.6,0.0473798639602737
brain ECF,0.039,in vitro PAMPA,35.7,0.0471306771284854
brain ECF,0.039,in vitro PAMPA,35.8,0.0468828005508887
brain ECF,0.039,in vitro PAMPA,35.9,0.0466362273491421
brain ECF,0.039,in vitro PAMPA,36,0.0463909506806091
brain ECF,0.039,in vitro PAMPA,36.1,0.046146963738177
brain ECF,0.039,in vitro PAMPA,36.2,0.0459042597500961
brain ECF,0.039,in vitro PAMPA,36.3,0.0456628319798155
brain ECF,0.039,in vitro PAMPA,36.4,0.0454226737257928
brain ECF,0.039,in vitro PAMPA,36.5,0.0451837783213422
brain ECF,0.039,in vitro PAMPA,36.6,0.0449461391344724
brain ECF,0.039,in vitro PAMPA,36.7,0.0447097495676891
brain ECF,0.039,in vitro PAMPA,36.8,0.0444746030578516
brain ECF,0.039,in vitro PAMPA,36.9,0.0442406930760106
brain ECF,0.039,in vitro PAMPA,37,0.0440080131272078
brain ECF,0.039,in vitro PAMPA,37.1,0.0437765567503383
brain ECF,0.039,in vitro PAMPA,37.2,0.0435463175179887
brain ECF,0.039,in vitro PAMPA,37.3,0.0433172890362345
brain ECF,0.039,in vitro PAMPA,37.4,0.0430894649445114
brain ECF,0.039,in vitro PAMPA,37.5,0.0428628389154515
brain ECF,0.039,in vitro PAMPA,37.6,0.042637404654671
brain ECF,0.039,in vitro PAMPA,37.7,0.0424131559006432
brain ECF,0.039,in vitro PAMPA,37.8,0.0421900864245824
brain ECF,0.039,in vitro PAMPA,37.9,0.0419681900301656
brain ECF,0.039,in vitro PAMPA,38,0.0417474605534439
brain ECF,0.039,in vitro PAMPA,38.1,0.0415278918627059
brain ECF,0.039,in vitro PAMPA,38.2,0.0413094778582662
brain ECF,0.039,in vitro PAMPA,38.3,0.0410922124722901
brain ECF,0.039,in vitro PAMPA,38.4,0.0408760896686825
brain ECF,0.039,in vitro PAMPA,38.5,0.0406611034429463
brain ECF,0.039,in vitro PAMPA,38.6,0.0404472478219215
brain ECF,0.039,in vitro PAMPA,38.7,0.0402345168637005
brain ECF,0.039,in vitro PAMPA,38.8,0.0400229046575269
brain ECF,0.039,in vitro PAMPA,38.9,0.0398124053234954
brain ECF,0.039,in vitro PAMPA,39,0.0396030130124819
brain ECF,0.039,in vitro PAMPA,39.1,0.0393947219060082
brain ECF,0.039,in vitro PAMPA,39.2,0.0391875262160531
brain ECF,0.039,in vitro PAMPA,39.3,0.0389814201848573
brain ECF,0.039,in vitro PAMPA,39.4,0.0387763980848293
brain ECF,0.039,in vitro PAMPA,39.5,0.0385724542184249
brain ECF,0.039,in vitro PAMPA,39.6,0.0383695829178659
brain ECF,0.039,in vitro PAMPA,39.7,0.0381677785450769
brain ECF,0.039,in vitro PAMPA,39.8,0.0379670354916062
brain ECF,0.039,in vitro PAMPA,39.9,0.0377673481782959
brain ECF,0.039,in vitro PAMPA,40,0.0375687110552272
brain ECF,0.039,in vitro PAMPA,40.1,0.0373711186015633
brain ECF,0.039,in vitro PAMPA,40.2,0.0371745653255443
brain ECF,0.039,in vitro PAMPA,40.3,0.0369790457640221
brain ECF,0.039,in vitro PAMPA,40.4,0.0367845544825317
brain ECF,0.039,in vitro PAMPA,40.5,0.036591086075108
brain ECF,0.039,in vitro PAMPA,40.6,0.0363986351642612
brain ECF,0.039,in vitro PAMPA,40.7,0.0362071964005213
brain ECF,0.039,in vitro PAMPA,40.8,0.0360167644625202
brain ECF,0.039,in vitro PAMPA,40.9,0.0358273340568281
brain ECF,0.039,in vitro PAMPA,41,0.0356388999178687
brain ECF,0.039,in vitro PAMPA,41.1,0.0354514568075381
brain ECF,0.039,in vitro PAMPA,41.2,0.0352649995152524
brain ECF,0.039,in vitro PAMPA,41.3,0.0350795228578142
brain ECF,0.039,in vitro PAMPA,41.4,0.0348950216792626
brain ECF,0.039,in vitro PAMPA,41.5,0.0347114908505774
brain ECF,0.039,in vitro PAMPA,41.6,0.0345289252696838
brain ECF,0.039,in vitro PAMPA,41.7,0.0343473198613575
brain ECF,0.039,in vitro PAMPA,41.8,0.0341666695769997
brain ECF,0.039,in vitro PAMPA,41.9,0.0339869693944307
brain ECF,0.039,in vitro PAMPA,42,0.0338082143178525
brain ECF,0.039,in vitro PAMPA,42.1,0.0336303993777982
brain ECF,0.039,in vitro PAMPA,42.2,0.0334535196308164
brain ECF,0.039,in vitro PAMPA,42.3,0.0332775701593702
brain ECF,0.039,in vitro PAMPA,42.4,0.0331025460717499
brain ECF,0.039,in vitro PAMPA,42.5,0.0329284425021187
brain ECF,0.039,in vitro PAMPA,42.6,0.0327552546099753
brain ECF,0.039,in vitro PAMPA,42.7,0.0325829775802633
brain ECF,0.039,in vitro PAMPA,42.8,0.0324116066232072
brain ECF,0.039,in vitro PAMPA,42.9,0.0322411369742672
brain ECF,0.039,in vitro PAMPA,43,0.0320715638940404
brain ECF,0.039,in vitro PAMPA,43.1,0.0319028826677432
brain ECF,0.039,in vitro PAMPA,43.2,0.0317350886054412
brain ECF,0.039,in vitro PAMPA,43.3,0.0315681770418104
brain ECF,0.039,in vitro PAMPA,43.4,0.0314021433363366
brain ECF,0.039,in vitro PAMPA,43.5,0.0312369828725607
brain ECF,0.039,in vitro PAMPA,43.6,0.0310726910583039
brain ECF,0.039,in vitro PAMPA,43.7,0.0309092633255231
brain ECF,0.039,in vitro PAMPA,43.8,0.0307466951302543
brain ECF,0.039,in vitro PAMPA,43.9,0.0305849819525515
brain ECF,0.039,in vitro PAMPA,44,0.0304241192959119
brain ECF,0.039,in vitro PAMPA,44.1,0.0302641026875582
brain ECF,0.039,in vitro PAMPA,44.2,0.0301049276781938
brain ECF,0.039,in vitro PAMPA,44.3,0.0299465898421538
brain ECF,0.039,in vitro PAMPA,44.4,0.0297890847767749
brain ECF,0.039,in vitro PAMPA,44.5,0.0296324081025321
brain ECF,0.039,in vitro PAMPA,44.6,0.029476555462929
brain ECF,0.039,in vitro PAMPA,44.7,0.0293215225244259
brain ECF,0.039,in vitro PAMPA,44.8,0.0291673049764054
brain ECF,0.039,in vitro PAMPA,44.9,0.0290138985306124
brain ECF,0.039,in vitro PAMPA,45,0.0288612989214206
brain ECF,0.039,in vitro PAMPA,45.1,0.0287095019056009
brain ECF,0.039,in vitro PAMPA,45.2,0.0285585032624676
brain ECF,0.039,in vitro PAMPA,45.3,0.0284082987932891
brain ECF,0.039,in vitro PAMPA,45.4,0.028258884321384
brain ECF,0.039,in vitro PAMPA,45.5,0.0281102556920436
brain ECF,0.039,in vitro PAMPA,45.6,0.027962408772487
brain ECF,0.039,in vitro PAMPA,45.7,0.0278153394518641
brain ECF,0.039,in vitro PAMPA,45.8,0.0276690436404874
brain ECF,0.039,in vitro PAMPA,45.9,0.0275235172703213
brain ECF,0.039,in vitro PAMPA,46,0.0273787562946873
brain ECF,0.039,in vitro PAMPA,46.1,0.027234756688146
brain ECF,0.039,in vitro PAMPA,46.2,0.0270915144470109
brain ECF,0.039,in vitro PAMPA,46.3,0.0269490255879371
brain ECF,0.039,in vitro PAMPA,46.4,0.026807286148637
brain ECF,0.039,in vitro PAMPA,46.5,0.0266662921876816
brain ECF,0.039,in vitro PAMPA,46.6,0.0265260397843293
brain ECF,0.039,in vitro PAMPA,46.7,0.0263865250387417
brain ECF,0.039,in vitro PAMPA,46.8,0.0262477440716731
brain ECF,0.039,in vitro PAMPA,46.9,0.0261096930237117
brain ECF,0.039,in vitro PAMPA,47,0.025972368055967
brain ECF,0.039,in vitro PAMPA,47.1,0.025835765349704
brain ECF,0.039,in vitro PAMPA,47.2,0.0256998811062606
brain ECF,0.039,in vitro PAMPA,47.3,0.0255647115476383
brain ECF,0.039,in vitro PAMPA,47.4,0.025430252914726
brain ECF,0.039,in vitro PAMPA,47.5,0.0252965014685127
brain ECF,0.039,in vitro PAMPA,47.6,0.0251634534896237
brain ECF,0.039,in vitro PAMPA,47.7,0.0250311052782118
brain ECF,0.039,in vitro PAMPA,47.8,0.0248994531539939
brain ECF,0.039,in vitro PAMPA,47.9,0.0247684934561106
brain ECF,0.039,in vitro PAMPA,48,0.024638222542887
brain ECF,0.052,in silico perfusion,0,0
brain ECF,0.052,in silico perfusion,0.1,0.025870180780088
brain ECF,0.052,in silico perfusion,0.2,0.0804881368108487
brain ECF,0.052,in silico perfusion,0.3,0.138294222454217
brain ECF,0.052,in silico perfusion,0.4,0.163847890342033
brain ECF,0.052,in silico perfusion,0.5,0.174415597482278
brain ECF,0.052,in silico perfusion,0.6,0.180216210374235
brain ECF,0.052,in silico perfusion,0.7,0.18472882135296
brain ECF,0.052,in silico perfusion,0.8,0.189032901152498
brain ECF,0.052,in silico perfusion,0.9,0.193387436950756
brain ECF,0.052,in silico perfusion,1,0.197794707950989
brain ECF,0.052,in silico perfusion,1.1,0.202194122335903
brain ECF,0.052,in silico perfusion,1.2,0.20652363272039
brain ECF,0.052,in silico perfusion,1.3,0.21073537845301
brain ECF,0.052,in silico perfusion,1.4,0.214796647482569
brain ECF,0.052,in silico perfusion,1.5,0.218686958991189
brain ECF,0.052,in silico perfusion,1.6,0.222394769892028
brain ECF,0.052,in silico perfusion,1.7,0.225914761315052
brain ECF,0.052,in silico perfusion,1.8,0.229245826691327
brain ECF,0.052,in silico perfusion,1.9,0.232389648729777
brain ECF,0.052,in silico perfusion,2,0.235349716755532
brain ECF,0.052,in silico perfusion,2.1,0.238130657196484
brain ECF,0.052,in silico perfusion,2.2,0.240737781259415
brain ECF,0.052,in silico perfusion,2.3,0.243176781476523
brain ECF,0.052,in silico perfusion,2.4,0.245453529178521
brain ECF,0.052,in silico perfusion,2.5,0.24757394074324
brain ECF,0.052,in silico perfusion,2.6,0.249543889823386
brain ECF,0.052,in silico perfusion,2.7,0.25136915087563
brain ECF,0.052,in silico perfusion,2.8,0.253055363630289
brain ECF,0.052,in silico perfusion,2.9,0.254608011573053
brain ECF,0.052,in silico perfusion,3,0.256032409863001
brain ECF,0.052,in silico perfusion,3.1,0.257333699495962
brain ECF,0.052,in silico perfusion,3.2,0.258516845611926
brain ECF,0.052,in silico perfusion,3.3,0.259586638510931
brain ECF,0.052,in silico perfusion,3.4,0.260547696423151
brain ECF,0.052,in silico perfusion,3.5,0.26140446937927
brain ECF,0.052,in silico perfusion,3.6,0.262161243756114
brain ECF,0.052,in silico perfusion,3.7,0.262822147202469
brain ECF,0.052,in silico perfusion,3.8,0.263391153753856
brain ECF,0.052,in silico perfusion,3.9,0.263872089009187
brain ECF,0.052,in silico perfusion,4,0.264268635284334
brain ECF,0.052,in silico perfusion,4.1,0.264584336689285
brain ECF,0.052,in silico perfusion,4.2,0.264822604094194
brain ECF,0.052,in silico perfusion,4.3,0.264986719963378
brain ECF,0.052,in silico perfusion,4.4,0.265079843045444
brain ECF,0.052,in silico perfusion,4.5,0.265105012913291
brain ECF,0.052,in silico perfusion,4.6,0.265065154351828
brain ECF,0.052,in silico perfusion,4.7,0.264963081594009
brain ECF,0.052,in silico perfusion,4.8,0.264801502407128
brain ECF,0.052,in silico perfusion,4.9,0.264583022032553
brain ECF,0.052,in silico perfusion,5,0.264310146983008
brain ECF,0.052,in silico perfusion,5.1,0.263985288701411
brain ECF,0.052,in silico perfusion,5.2,0.263610767085425
brain ECF,0.052,in silico perfusion,5.3,0.263188813882733
brain ECF,0.052,in silico perfusion,5.4,0.262721575961252
brain ECF,0.052,in silico perfusion,5.5,0.262211118458494
brain ECF,0.052,in silico perfusion,5.6,0.261659427814747
brain ECF,0.052,in silico perfusion,5.7,0.261068414694247
brain ECF,0.052,in silico perfusion,5.8,0.260439916798138
brain ECF,0.052,in silico perfusion,5.9,0.25977570157343
brain ECF,0.052,in silico perfusion,6,0.259077468821819
brain ECF,0.052,in silico perfusion,6.1,0.258346853211987
brain ECF,0.052,in silico perfusion,6.2,0.257585426698736
brain ECF,0.052,in silico perfusion,6.3,0.256794700852767
brain ECF,0.052,in silico perfusion,6.4,0.255976129104328
brain ECF,0.052,in silico perfusion,6.5,0.255131108903612
brain ECF,0.052,in silico perfusion,6.6,0.254260983801304
brain ECF,0.052,in silico perfusion,6.7,0.253367045452203
brain ECF,0.052,in silico perfusion,6.8,0.252450535544726
brain ECF,0.052,in silico perfusion,6.9,0.251512647658832
brain ECF,0.052,in silico perfusion,7,0.250554529055371
brain ECF,0.052,in silico perfusion,7.1,0.249577282399256
brain ECF,0.052,in silico perfusion,7.2,0.248581967418804
brain ECF,0.052,in silico perfusion,7.3,0.247569602503655
brain ECF,0.052,in silico perfusion,7.4,0.246541166243641
brain ECF,0.052,in silico perfusion,7.5,0.245497598910892
brain ECF,0.052,in silico perfusion,7.6,0.244439803886815
brain ECF,0.052,in silico perfusion,7.7,0.243368649036416
brain ECF,0.052,in silico perfusion,7.8,0.242284968031867
brain ECF,0.052,in silico perfusion,7.9,0.241189561627122
brain ECF,0.052,in silico perfusion,8,0.240083198885231
brain ECF,0.052,in silico perfusion,8.1,0.238966618360484
brain ECF,0.052,in silico perfusion,8.2,0.237840529236586
brain ECF,0.052,in silico perfusion,8.3,0.23670561242301
brain ECF,0.052,in silico perfusion,8.4,0.235562521610541
brain ECF,0.052,in silico perfusion,8.5,0.234411884288058
brain ECF,0.052,in silico perfusion,8.6,0.233254302721433
brain ECF,0.052,in silico perfusion,8.7,0.232090354896459
brain ECF,0.052,in silico perfusion,8.8,0.230920595426755
brain ECF,0.052,in silico perfusion,8.9,0.229745556428252
brain ECF,0.052,in silico perfusion,9,0.228565748361082
brain ECF,0.052,in silico perfusion,9.1,0.227381660840609
brain ECF,0.052,in silico perfusion,9.2,0.226193763418463
brain ECF,0.052,in silico perfusion,9.3,0.225002506334302
brain ECF,0.052,in silico perfusion,9.4,0.223808321240151
brain ECF,0.052,in silico perfusion,9.5,0.222611621898104
brain ECF,0.052,in silico perfusion,9.6,0.221412804851588
brain ECF,0.052,in silico perfusion,9.7,0.220212250072384
brain ECF,0.052,in silico perfusion,9.8,0.219010321583498
brain ECF,0.052,in silico perfusion,9.9,0.217807368058871
brain ECF,0.052,in silico perfusion,10,0.216603723401351
brain ECF,0.052,in silico perfusion,10.1,0.215399707298573
brain ECF,0.052,in silico perfusion,10.2,0.214195625758941
brain ECF,0.052,in silico perfusion,10.3,0.212991771627426
brain ECF,0.052,in silico perfusion,10.4,0.211788425082342
brain ECF,0.052,in silico perfusion,10.5,0.210585854113938
brain ECF,0.052,in silico perfusion,10.6,0.209384314984752
brain ECF,0.052,in silico perfusion,10.7,0.208184052673689
brain ECF,0.052,in silico perfusion,10.8,0.206985301302884
brain ECF,0.052,in silico perfusion,10.9,0.205788284549559
brain ECF,0.052,in silico perfusion,11,0.204593216041734
brain ECF,0.052,in silico perfusion,11.1,0.203400299740204
brain ECF,0.052,in silico perfusion,11.2,0.202209730305524
brain ECF,0.052,in silico perfusion,11.3,0.201021693452292
brain ECF,0.052,in silico perfusion,11.4,0.199836366289373
brain ECF,0.052,in silico perfusion,11.5,0.198653917648349
brain ECF,0.052,in silico perfusion,11.6,0.197474508399165
brain ECF,0.052,in silico perfusion,11.7,0.196298291754501
brain ECF,0.052,in silico perfusion,11.8,0.195125413562787
brain ECF,0.052,in silico perfusion,11.9,0.193956012590073
brain ECF,0.052,in silico perfusion,12,0.192790220791938
brain ECF,0.052,in silico perfusion,12.1,0.191628163574723
brain ECF,0.052,in silico perfusion,12.2,0.190469960047736
brain ECF,0.052,in silico perfusion,12.3,0.189315723265643
brain ECF,0.052,in silico perfusion,12.4,0.188165560461883
brain ECF,0.052,in silico perfusion,12.5,0.187019573273764
brain ECF,0.052,in silico perfusion,12.6,0.185877857958774
brain ECF,0.052,in silico perfusion,12.7,0.184740505603138
brain ECF,0.052,in silico perfusion,12.8,0.183607602322721
brain ECF,0.052,in silico perfusion,12.9,0.182479229456094
brain ECF,0.052,in silico perfusion,13,0.18135546375073
brain ECF,0.052,in silico perfusion,13.1,0.180236377542282
brain ECF,0.052,in silico perfusion,13.2,0.179122038926971
brain ECF,0.052,in silico perfusion,13.3,0.178012511927819
brain ECF,0.052,in silico perfusion,13.4,0.176907856654668
brain ECF,0.052,in silico perfusion,13.5,0.175808129458042
brain ECF,0.052,in silico perfusion,13.6,0.174713383077364
brain ECF,0.052,in silico perfusion,13.7,0.173623666783921
brain ECF,0.052,in silico perfusion,13.8,0.172539026518166
brain ECF,0.052,in silico perfusion,13.9,0.17145950502209
brain ECF,0.052,in silico perfusion,14,0.170385141966505
brain ECF,0.052,in silico perfusion,14.1,0.169315974073848
brain ECF,0.052,in silico perfusion,14.2,0.168252035236135
brain ECF,0.052,in silico perfusion,14.3,0.167193356628647
brain ECF,0.052,in silico perfusion,14.4,0.166139966819321
brain ECF,0.052,in silico perfusion,14.5,0.165091891874236
brain ECF,0.052,in silico perfusion,14.6,0.164049155458874
brain ECF,0.052,in silico perfusion,14.7,0.16301177893576
brain ECF,0.052,in silico perfusion,14.8,0.161979781458453
brain ECF,0.052,in silico perfusion,14.9,0.160953180061902
brain ECF,0.052,in silico perfusion,15,0.159931989749712
brain ECF,0.052,in silico perfusion,15.1,0.158916223577822
brain ECF,0.052,in silico perfusion,15.2,0.157905892735167
brain ECF,0.052,in silico perfusion,15.3,0.156901006621327
brain ECF,0.052,in silico perfusion,15.4,0.155901572921278
brain ECF,0.052,in silico perfusion,15.5,0.154907597677261
brain ECF,0.052,in silico perfusion,15.6,0.153919085358102
brain ECF,0.052,in silico perfusion,15.7,0.152936038925823
brain ECF,0.052,in silico perfusion,15.8,0.151958459899695
brain ECF,0.052,in silico perfusion,15.9,0.150986348417961
brain ECF,0.052,in silico perfusion,16,0.150019703297231
brain ECF,0.052,in silico perfusion,16.1,0.149058522089611
brain ECF,0.052,in silico perfusion,16.2,0.14810280113772
brain ECF,0.052,in silico perfusion,16.3,0.147152535627606
brain ECF,0.052,in silico perfusion,16.4,0.146207719639626
brain ECF,0.052,in silico perfusion,16.5,0.145268346197428
brain ECF,0.052,in silico perfusion,16.6,0.144334407315098
brain ECF,0.052,in silico perfusion,16.7,0.143405894042533
brain ECF,0.052,in silico perfusion,16.8,0.142482796509024
brain ECF,0.052,in silico perfusion,16.9,0.141565103965283
brain ECF,0.052,in silico perfusion,17,0.1406528048238
brain ECF,0.052,in silico perfusion,17.1,0.13974588669766
brain ECF,0.052,in silico perfusion,17.2,0.138844336437911
brain ECF,0.052,in silico perfusion,17.3,0.137948140169518
brain ECF,0.052,in silico perfusion,17.4,0.137057283325916
brain ECF,0.052,in silico perfusion,17.5,0.136171750682266
brain ECF,0.052,in silico perfusion,17.6,0.135291526387449
brain ECF,0.052,in silico perfusion,17.7,0.134416593994795
brain ECF,0.052,in silico perfusion,17.8,0.133546936491635
brain ECF,0.052,in silico perfusion,17.9,0.132682536327743
brain ECF,0.052,in silico perfusion,18,0.131823375442682
brain ECF,0.052,in silico perfusion,18.1,0.130969435292085
brain ECF,0.052,in silico perfusion,18.2,0.130120696872922
brain ECF,0.052,in silico perfusion,18.3,0.129277140747828
brain ECF,0.052,in silico perfusion,18.4,0.128438747068432
brain ECF,0.052,in silico perfusion,18.5,0.127605495597795
brain ECF,0.052,in silico perfusion,18.6,0.126777365731984
brain ECF,0.052,in silico perfusion,18.7,0.125954336520819
brain ECF,0.052,in silico perfusion,18.8,0.125136386687797
brain ECF,0.052,in silico perfusion,18.9,0.124323494649235
brain ECF,0.052,in silico perfusion,19,0.123515638532712
brain ECF,0.052,in silico perfusion,19.1,0.122712796194711
brain ECF,0.052,in silico perfusion,19.2,0.121914945237594
brain ECF,0.052,in silico perfusion,19.3,0.12112206302591
brain ECF,0.052,in silico perfusion,19.4,0.120334126702077
brain ECF,0.052,in silico perfusion,19.5,0.119551113201431
brain ECF,0.052,in silico perfusion,19.6,0.118772999266673
brain ECF,0.052,in silico perfusion,19.7,0.117999761461739
brain ECF,0.052,in silico perfusion,19.8,0.117231376185131
brain ECF,0.052,in silico perfusion,19.9,0.116467819682743
brain ECF,0.052,in silico perfusion,20,0.11570906806009
brain ECF,0.052,in silico perfusion,20.1,0.114955097294067
brain ECF,0.052,in silico perfusion,20.2,0.114205883244287
brain ECF,0.052,in silico perfusion,20.3,0.113461401663928
brain ECF,0.052,in silico perfusion,20.4,0.112721628210139
brain ECF,0.052,in silico perfusion,20.5,0.111986538453996
brain ECF,0.052,in silico perfusion,20.6,0.111256107890135
brain ECF,0.052,in silico perfusion,20.7,0.110530311945938
brain ECF,0.052,in silico perfusion,20.8,0.109809125990251
brain ECF,0.052,in silico perfusion,20.9,0.10909252534186
brain ECF,0.052,in silico perfusion,21,0.108380485277585
brain ECF,0.052,in silico perfusion,21.1,0.107672981040016
brain ECF,0.052,in silico perfusion,21.2,0.106969987844995
brain ECF,0.052,in silico perfusion,21.3,0.106271480888651
brain ECF,0.052,in silico perfusion,21.4,0.105577435354252
brain ECF,0.052,in silico perfusion,21.5,0.104887826418716
brain ECF,0.052,in silico perfusion,21.6,0.104202629258836
brain ECF,0.052,in silico perfusion,21.7,0.103521819057334
brain ECF,0.052,in silico perfusion,21.8,0.102845371008473
brain ECF,0.052,in silico perfusion,21.9,0.10217326032355
brain ECF,0.052,in silico perfusion,22,0.101505462236144
brain ECF,0.052,in silico perfusion,22.1,0.100841952007097
brain ECF,0.052,in silico perfusion,22.2,0.100182704929356
brain ECF,0.052,in silico perfusion,22.3,0.09952769633245
brain ECF,0.052,in silico perfusion,22.4,0.0988769015868793
brain ECF,0.052,in silico perfusion,22.5,0.098230296108254
brain ECF,0.052,in silico perfusion,22.6,0.0975878553613987
brain ECF,0.052,in silico perfusion,22.7,0.0969495548639342
brain ECF,0.052,in silico perfusion,22.8,0.0963153701899965
brain ECF,0.052,in silico perfusion,22.9,0.0956852769736742
brain ECF,0.052,in silico perfusion,23,0.0950592509123599
brain ECF,0.052,in silico perfusion,23.1,0.0944372677697389
brain ECF,0.052,in silico perfusion,23.2,0.0938193033788179
brain ECF,0.052,in silico perfusion,23.3,0.0932053336448345
brain ECF,0.052,in silico perfusion,23.4,0.0925953345478989
brain ECF,0.052,in silico perfusion,23.5,0.091989282145482
brain ECF,0.052,in silico perfusion,23.6,0.0913871525748981
brain ECF,0.052,in silico perfusion,23.7,0.0907889220557057
brain ECF,0.052,in silico perfusion,23.8,0.0901945668917138
brain ECF,0.052,in silico perfusion,23.9,0.0896040634731386
brain ECF,0.052,in silico perfusion,24,0.0890173882786605
brain ECF,0.052,in silico perfusion,24.1,0.0884345178771337
brain ECF,0.052,in silico perfusion,24.2,0.0878554289293688
brain ECF,0.052,in silico perfusion,24.3,0.0872800981899167
brain ECF,0.052,in silico perfusion,24.4,0.0867085025085166
brain ECF,0.052,in silico perfusion,24.5,0.0861406188315313
brain ECF,0.052,in silico perfusion,24.6,0.0855764242035042
brain ECF,0.052,in silico perfusion,24.7,0.0850158957682983
brain ECF,0.052,in silico perfusion,24.8,0.0844590107703434
brain ECF,0.052,in silico perfusion,24.9,0.0839057465559153
brain ECF,0.052,in silico perfusion,25,0.0833560805740638
brain ECF,0.052,in silico perfusion,25.1,0.0828099903776381
brain ECF,0.052,in silico perfusion,25.2,0.0822674536243308
brain ECF,0.052,in silico perfusion,25.3,0.0817284480774314
brain ECF,0.052,in silico perfusion,25.4,0.0811929516066172
brain ECF,0.052,in silico perfusion,25.5,0.0806609421889098
brain ECF,0.052,in silico perfusion,25.6,0.0801323979090523
brain ECF,0.052,in silico perfusion,25.7,0.0796072969603905
brain ECF,0.052,in silico perfusion,25.8,0.0790856176453469
brain ECF,0.052,in silico perfusion,25.9,0.0785673383758988
brain ECF,0.052,in silico perfusion,26,0.0780524376742346
brain ECF,0.052,in silico perfusion,26.1,0.0775408941729927
brain ECF,0.052,in silico perfusion,26.2,0.0770326866157425
brain ECF,0.052,in silico perfusion,26.3,0.076527793857379
brain ECF,0.052,in silico perfusion,26.4,0.0760261948642621
brain ECF,0.052,in silico perfusion,26.5,0.0755278687147043
brain ECF,0.052,in silico perfusion,26.6,0.0750327945989895
brain ECF,0.052,in silico perfusion,26.7,0.0745409518196743
brain ECF,0.052,in silico perfusion,26.8,0.0740523197917498
brain ECF,0.052,in silico perfusion,26.9,0.0735668780426239
brain ECF,0.052,in silico perfusion,27,0.0730846062124389
brain ECF,0.052,in silico perfusion,27.1,0.0726054840538725
brain ECF,0.052,in silico perfusion,27.2,0.0721294914323836
brain ECF,0.052,in silico perfusion,27.3,0.0716566083260697
brain ECF,0.052,in silico perfusion,27.4,0.0711868148256801
brain ECF,0.052,in silico perfusion,27.5,0.0707200911346265
brain ECF,0.052,in silico perfusion,27.6,0.0702564175687408
brain ECF,0.052,in silico perfusion,27.7,0.0697957745564189
brain ECF,0.052,in silico perfusion,27.8,0.0693381426382123
brain ECF,0.052,in silico perfusion,27.9,0.0688835024669611
brain ECF,0.052,in silico perfusion,28,0.0684318348073655
brain ECF,0.052,in silico perfusion,28.1,0.0679831205360217
brain ECF,0.052,in silico perfusion,28.2,0.0675373406410385
brain ECF,0.052,in silico perfusion,28.3,0.0670944762219388
brain ECF,0.052,in silico perfusion,28.4,0.0666545084893514
brain ECF,0.052,in silico perfusion,28.5,0.0662174187647635
brain ECF,0.052,in silico perfusion,28.6,0.0657831884802997
brain ECF,0.052,in silico perfusion,28.7,0.0653517991783174
brain ECF,0.052,in silico perfusion,28.8,0.064923232511277
brain ECF,0.052,in silico perfusion,28.9,0.0644974702412117
brain ECF,0.052,in silico perfusion,29,0.0640744942396504
brain ECF,0.052,in silico perfusion,29.1,0.063654286487004
brain ECF,0.052,in silico perfusion,29.2,0.0632368290724974
brain ECF,0.052,in silico perfusion,29.3,0.0628221041935177
brain ECF,0.052,in silico perfusion,29.4,0.06241009415552
brain ECF,0.052,in silico perfusion,29.5,0.0620007813713793
brain ECF,0.052,in silico perfusion,29.6,0.0615941483612438
brain ECF,0.052,in silico perfusion,29.7,0.0611901777519066
brain ECF,0.052,in silico perfusion,29.8,0.0607888522766079
brain ECF,0.052,in silico perfusion,29.9,0.0603901547744174
brain ECF,0.052,in silico perfusion,30,0.0599940681900004
brain ECF,0.052,in silico perfusion,30.1,0.0596005755730002
brain ECF,0.052,in silico perfusion,30.2,0.0592096600777765
brain ECF,0.052,in silico perfusion,30.3,0.058821304962778
brain ECF,0.052,in silico perfusion,30.4,0.0584354935902836
brain ECF,0.052,in silico perfusion,30.5,0.0580522094257757
brain ECF,0.052,in silico perfusion,30.6,0.0576714360375879
brain ECF,0.052,in silico perfusion,30.7,0.0572931570963972
brain ECF,0.052,in silico perfusion,30.8,0.0569173563747277
brain ECF,0.052,in silico perfusion,30.9,0.0565440177465491
brain ECF,0.052,in silico perfusion,31,0.0561731251866903
brain ECF,0.052,in silico perfusion,31.1,0.0558046627704796
brain ECF,0.052,in silico perfusion,31.2,0.05543861467313
brain ECF,0.052,in silico perfusion,31.3,0.0550749651693772
brain ECF,0.052,in silico perfusion,31.4,0.0547136986328623
brain ECF,0.052,in silico perfusion,31.5,0.0543547995357532
brain ECF,0.052,in silico perfusion,31.6,0.053998252448152
brain ECF,0.052,in silico perfusion,31.7,0.0536440420376553
brain ECF,0.052,in silico perfusion,31.8,0.0532921530688234
brain ECF,0.052,in silico perfusion,31.9,0.0529425704026794
brain ECF,0.052,in silico perfusion,32,0.0525952789962367
brain ECF,0.052,in silico perfusion,32.1,0.052250263901921
brain ECF,0.052,in silico perfusion,32.2,0.0519075102671565
brain ECF,0.052,in silico perfusion,32.3,0.0515670033337699
brain ECF,0.052,in silico perfusion,32.4,0.0512287284375352
brain ECF,0.052,in silico perfusion,32.5,0.0508926710076508
brain ECF,0.052,in silico perfusion,32.6,0.0505588165662055
brain ECF,0.052,in silico perfusion,32.7,0.0502271507277094
brain ECF,0.052,in silico perfusion,32.8,0.0498976591985398
brain ECF,0.052,in silico perfusion,32.9,0.0495703277764637
brain ECF,0.052,in silico perfusion,33,0.0492451423501071
brain ECF,0.052,in silico perfusion,33.1,0.0489220888984474
brain ECF,0.052,in silico perfusion,33.2,0.0486011534903073
brain ECF,0.052,in silico perfusion,33.3,0.0482823222838385
brain ECF,0.052,in silico perfusion,33.4,0.0479655815260127
brain ECF,0.052,in silico perfusion,33.5,0.0476509175521171
brain ECF,0.052,in silico perfusion,33.6,0.0473383167852361
brain ECF,0.052,in silico perfusion,33.7,0.0470277657357439
brain ECF,0.052,in silico perfusion,33.8,0.0467192510008178
brain ECF,0.052,in silico perfusion,33.9,0.0464127592638919
brain ECF,0.052,in silico perfusion,34,0.0461082772941853
brain ECF,0.052,in silico perfusion,34.1,0.0458057919461979
brain ECF,0.052,in silico perfusion,34.2,0.0455052901591671
brain ECF,0.052,in silico perfusion,34.3,0.0452067589566291
brain ECF,0.052,in silico perfusion,34.4,0.0449101854458631
brain ECF,0.052,in silico perfusion,34.5,0.0446155568174025
brain ECF,0.052,in silico perfusion,34.6,0.044322860344592
brain ECF,0.052,in silico perfusion,34.7,0.0440320833829945
brain ECF,0.052,in silico perfusion,34.8,0.0437432133699728
brain ECF,0.052,in silico perfusion,34.9,0.0434562378241904
brain ECF,0.052,in silico perfusion,35,0.0431711443450543
brain ECF,0.052,in silico perfusion,35.1,0.0428879206123269
brain ECF,0.052,in silico perfusion,35.2,0.0426065543855496
brain ECF,0.052,in silico perfusion,35.3,0.0423270335035802
brain ECF,0.052,in silico perfusion,35.4,0.0420493458841894
brain ECF,0.052,in silico perfusion,35.5,0.041773479523415
brain ECF,0.052,in silico perfusion,35.6,0.0414994224951939
brain ECF,0.052,in silico perfusion,35.7,0.0412271629509523
brain ECF,0.052,in silico perfusion,35.8,0.0409566891189144
brain ECF,0.052,in silico perfusion,35.9,0.0406879893037856
brain ECF,0.052,in silico perfusion,36,0.040421051886348
brain ECF,0.052,in silico perfusion,36.1,0.0401558653227476
brain ECF,0.052,in silico perfusion,36.2,0.0398924181442089
brain ECF,0.052,in silico perfusion,36.3,0.0396306989566239
brain ECF,0.052,in silico perfusion,36.4,0.0393706964398491
brain ECF,0.052,in silico perfusion,36.5,0.0391123993474299
brain ECF,0.052,in silico perfusion,36.6,0.0388557965061855
brain ECF,0.052,in silico perfusion,36.7,0.0386008768155215
brain ECF,0.052,in silico perfusion,36.8,0.0383476292471613
brain ECF,0.052,in silico perfusion,36.9,0.0380960428447309
brain ECF,0.052,in silico perfusion,37,0.0378461067230801
brain ECF,0.052,in silico perfusion,37.1,0.0375978100680278
brain ECF,0.052,in silico perfusion,37.2,0.0373511421359447
brain ECF,0.052,in silico perfusion,37.3,0.0371060922530826
brain ECF,0.052,in silico perfusion,37.4,0.0368626498153474
brain ECF,0.052,in silico perfusion,37.5,0.0366208042878721
brain ECF,0.052,in silico perfusion,37.6,0.0363805452043122
brain ECF,0.052,in silico perfusion,37.7,0.036141862166611
brain ECF,0.052,in silico perfusion,37.8,0.0359047448448086
brain ECF,0.052,in silico perfusion,37.9,0.0356691829760296
brain ECF,0.052,in silico perfusion,38,0.0354351663644268
brain ECF,0.052,in silico perfusion,38.1,0.0352026848808563
brain ECF,0.052,in silico perfusion,38.2,0.034971728462252
brain ECF,0.052,in silico perfusion,38.3,0.0347422871111035
brain ECF,0.052,in silico perfusion,38.4,0.034514350895271
brain ECF,0.052,in silico perfusion,38.5,0.0342879099476613
brain ECF,0.052,in silico perfusion,38.6,0.0340629544653496
brain ECF,0.052,in silico perfusion,38.7,0.0338394747095
brain ECF,0.052,in silico perfusion,38.8,0.0336174610051691
brain ECF,0.052,in silico perfusion,38.9,0.0333969037403497
brain ECF,0.052,in silico perfusion,39,0.0331777933658801
brain ECF,0.052,in silico perfusion,39.1,0.0329601203951342
brain ECF,0.052,in silico perfusion,39.2,0.03274387540351
brain ECF,0.052,in silico perfusion,39.3,0.0325290490278439
brain ECF,0.052,in silico perfusion,39.4,0.0323156319662602
brain ECF,0.052,in silico perfusion,39.5,0.0321036149779177
brain ECF,0.052,in silico perfusion,39.6,0.0318929888821071
brain ECF,0.052,in silico perfusion,39.7,0.0316837445582137
brain ECF,0.052,in silico perfusion,39.8,0.0314758729455844
brain ECF,0.052,in silico perfusion,39.9,0.0312693650425205
brain ECF,0.052,in silico perfusion,40,0.0310642119061983
brain ECF,0.052,in silico perfusion,40.1,0.0308604046522825
brain ECF,0.052,in silico perfusion,40.2,0.0306579344550967
brain ECF,0.052,in silico perfusion,40.3,0.0304567925460614
brain ECF,0.052,in silico perfusion,40.4,0.0302569702141367
brain ECF,0.052,in silico perfusion,40.5,0.0300584588053017
brain ECF,0.052,in silico perfusion,40.6,0.0298612497226603
brain ECF,0.052,in silico perfusion,40.7,0.0296653344249294
brain ECF,0.052,in silico perfusion,40.8,0.0294707044269055
brain ECF,0.052,in silico perfusion,40.9,0.0292773512990129
brain ECF,0.052,in silico perfusion,41,0.0290852666671943
brain ECF,0.052,in silico perfusion,41.1,0.0288944422116776
brain ECF,0.052,in silico perfusion,41.2,0.0287048696673064
brain ECF,0.052,in silico perfusion,41.3,0.0285165408231919
brain ECF,0.052,in silico perfusion,41.4,0.0283294475223771
brain ECF,0.052,in silico perfusion,41.5,0.0281435816609124
brain ECF,0.052,in silico perfusion,41.6,0.0279589351880238
brain ECF,0.052,in silico perfusion,41.7,0.0277755001058929
brain ECF,0.052,in silico perfusion,41.8,0.0275932684690807
brain ECF,0.052,in silico perfusion,41.9,0.0274122323838965
brain ECF,0.052,in silico perfusion,42,0.0272323840084261
brain ECF,0.052,in silico perfusion,42.1,0.0270537155524523
brain ECF,0.052,in silico perfusion,42.2,0.0268762192765923
brain ECF,0.052,in silico perfusion,42.3,0.0266998874920037
brain ECF,0.052,in silico perfusion,42.4,0.0265247125602533
brain ECF,0.052,in silico perfusion,42.5,0.0263506868935347
brain ECF,0.052,in silico perfusion,42.6,0.0261778029531244
brain ECF,0.052,in silico perfusion,42.7,0.0260060532497292
brain ECF,0.052,in silico perfusion,42.8,0.0258354303431267
brain ECF,0.052,in silico perfusion,42.9,0.025665926842078
brain ECF,0.052,in silico perfusion,43,0.0254975354042098
brain ECF,0.052,in silico perfusion,43.1,0.0253302487343401
brain ECF,0.052,in silico perfusion,43.2,0.0251640595853825
brain ECF,0.052,in silico perfusion,43.3,0.0249989607576674
brain ECF,0.052,in silico perfusion,43.4,0.0248349450996261
brain ECF,0.052,in silico perfusion,43.5,0.024672005505652
brain ECF,0.052,in silico perfusion,43.6,0.024510134916716
brain ECF,0.052,in silico perfusion,43.7,0.0243493263201164
brain ECF,0.052,in silico perfusion,43.8,0.0241895727493336
brain ECF,0.052,in silico perfusion,43.9,0.0240308672840368
brain ECF,0.052,in silico perfusion,44,0.0238732030482551
brain ECF,0.052,in silico perfusion,44.1,0.0237165732114172
brain ECF,0.052,in silico perfusion,44.2,0.0235609709876643
brain ECF,0.052,in silico perfusion,44.3,0.0234063896363588
brain ECF,0.052,in silico perfusion,44.4,0.0232528224603684
brain ECF,0.052,in silico perfusion,44.5,0.023100262806401
brain ECF,0.052,in silico perfusion,44.6,0.0229487040648473
brain ECF,0.052,in silico perfusion,44.7,0.0227981396695946
brain ECF,0.052,in silico perfusion,44.8,0.0226485630980948
brain ECF,0.052,in silico perfusion,44.9,0.0224999678696298
brain ECF,0.052,in silico perfusion,45,0.0223523475462648
brain ECF,0.052,in silico perfusion,45.1,0.022205695732211
brain ECF,0.052,in silico perfusion,45.2,0.022060006074306
brain ECF,0.052,in silico perfusion,45.3,0.0219152722604487
brain ECF,0.052,in silico perfusion,45.4,0.0217714880197957
brain ECF,0.052,in silico perfusion,45.5,0.0216286471227023
brain ECF,0.052,in silico perfusion,45.6,0.0214867433806004
brain ECF,0.052,in silico perfusion,45.7,0.0213457706462236
brain ECF,0.052,in silico perfusion,45.8,0.0212057228112047
brain ECF,0.052,in silico perfusion,45.9,0.0210665938077157
brain ECF,0.052,in silico perfusion,46,0.0209283776076398
brain ECF,0.052,in silico perfusion,46.1,0.0207910682222929
brain ECF,0.052,in silico perfusion,46.2,0.0206546597039308
brain ECF,0.052,in silico perfusion,46.3,0.020519146141945
brain ECF,0.052,in silico perfusion,46.4,0.0203845216646521
brain ECF,0.052,in silico perfusion,46.5,0.020250780439014
brain ECF,0.052,in silico perfusion,46.6,0.0201179166701493
brain ECF,0.052,in silico perfusion,46.7,0.0199859246019515
brain ECF,0.052,in silico perfusion,46.8,0.0198547985165371
brain ECF,0.052,in silico perfusion,46.9,0.019724532731709
brain ECF,0.052,in silico perfusion,47,0.0195951216032618
brain ECF,0.052,in silico perfusion,47.1,0.019466559523929
brain ECF,0.052,in silico perfusion,47.2,0.0193388409231435
brain ECF,0.052,in silico perfusion,47.3,0.0192119602690347
brain ECF,0.052,in silico perfusion,47.4,0.0190859120630624
brain ECF,0.052,in silico perfusion,47.5,0.0189606908437575
brain ECF,0.052,in silico perfusion,47.6,0.0188362911854082
brain ECF,0.052,in silico perfusion,47.7,0.0187127076978082
brain ECF,0.052,in silico perfusion,47.8,0.0185899350263831
brain ECF,0.052,in silico perfusion,47.9,0.018467967851957
brain ECF,0.052,in silico perfusion,48,0.0183468008900343
brain ECF,0.0081,in silico PAMPA,0,0
brain ECF,0.0081,in silico PAMPA,0.1,0.00437855417059668
brain ECF,0.0081,in silico PAMPA,0.2,0.014719603950555
brain ECF,0.0081,in silico PAMPA,0.3,0.0273864869897758
brain ECF,0.0081,in silico PAMPA,0.4,0.0359066446125892
brain ECF,0.0081,in silico PAMPA,0.5,0.0419423407666431
brain ECF,0.0081,in silico PAMPA,0.6,0.0467754044418646
brain ECF,0.0081,in silico PAMPA,0.7,0.050903821372969
brain ECF,0.0081,in silico PAMPA,0.8,0.0545326086915502
brain ECF,0.0081,in silico PAMPA,0.9,0.0577564391263094
brain ECF,0.0081,in silico PAMPA,1,0.0606276424142052
brain ECF,0.0081,in silico PAMPA,1.1,0.063181580344166
brain ECF,0.0081,in silico PAMPA,1.2,0.0654461660705597
brain ECF,0.0081,in silico PAMPA,1.3,0.067445482146004
brain ECF,0.0081,in silico PAMPA,1.4,0.0692011989870971
brain ECF,0.0081,in silico PAMPA,1.5,0.0707331705258493
brain ECF,0.0081,in silico PAMPA,1.6,0.0720597192935709
brain ECF,0.0081,in silico PAMPA,1.7,0.0731978017145601
brain ECF,0.0081,in silico PAMPA,1.8,0.0741631248358867
brain ECF,0.0081,in silico PAMPA,1.9,0.0749702412473229
brain ECF,0.0081,in silico PAMPA,2,0.0756326323916562
brain ECF,0.0081,in silico PAMPA,2.1,0.07616278429326
brain ECF,0.0081,in silico PAMPA,2.2,0.0765722574241525
brain ECF,0.0081,in silico PAMPA,2.3,0.0768717515449526
brain ECF,0.0081,in silico PAMPA,2.4,0.0770711660403214
brain ECF,0.0081,in silico PAMPA,2.5,0.0771796560901932
brain ECF,0.0081,in silico PAMPA,2.6,0.0772056850076861
brain ECF,0.0081,in silico PAMPA,2.7,0.0771570729916193
brain ECF,0.0081,in silico PAMPA,2.8,0.0770410425419434
brain ECF,0.0081,in silico PAMPA,2.9,0.0768642607714349
brain ECF,0.0081,in silico PAMPA,3,0.0766328788173412
brain ECF,0.0081,in silico PAMPA,3.1,0.0763525685494136
brain ECF,0.0081,in silico PAMPA,3.2,0.0760285567591115
brain ECF,0.0081,in silico PAMPA,3.3,0.0756656569995137
brain ECF,0.0081,in silico PAMPA,3.4,0.0752682992304482
brain ECF,0.0081,in silico PAMPA,3.5,0.0748405574275119
brain ECF,0.0081,in silico PAMPA,3.6,0.0743861752804994
brain ECF,0.0081,in silico PAMPA,3.7,0.0739085901176407
brain ECF,0.0081,in silico PAMPA,3.8,0.0734109551785599
brain ECF,0.0081,in silico PAMPA,3.9,0.0728961603387483
brain ECF,0.0081,in silico PAMPA,4,0.0723668513976652
brain ECF,0.0081,in silico PAMPA,4.1,0.0718254480282116
brain ECF,0.0081,in silico PAMPA,4.2,0.0712741604735975
brain ECF,0.0081,in silico PAMPA,4.3,0.0707150050803238
brain ECF,0.0081,in silico PAMPA,4.4,0.0701498187463959
brain ECF,0.0081,in silico PAMPA,4.5,0.0695802723576705
brain ECF,0.0081,in silico PAMPA,4.6,0.0690078832808956
brain ECF,0.0081,in silico PAMPA,4.7,0.0684340269793952
brain ECF,0.0081,in silico PAMPA,4.8,0.0678599478096892
brain ECF,0.0081,in silico PAMPA,4.9,0.0672867690553379
brain ECF,0.0081,in silico PAMPA,5,0.0667155022516443
brain ECF,0.0081,in silico PAMPA,5.1,0.0661470558481461
brain ECF,0.0081,in silico PAMPA,5.2,0.0655822432539053
brain ECF,0.0081,in silico PAMPA,5.3,0.0650217903098811
brain ECF,0.0081,in silico PAMPA,5.4,0.0644663422266878
brain ECF,0.0081,in silico PAMPA,5.5,0.0639164700236356
brain ECF,0.0081,in silico PAMPA,5.6,0.0633726765049004
brain ECF,0.0081,in silico PAMPA,5.7,0.0628354018044556
brain ECF,0.0081,in silico PAMPA,5.8,0.0623050285284543
brain ECF,0.0081,in silico PAMPA,5.9,0.061781886523913
brain ECF,0.0081,in silico PAMPA,6,0.0612662572996362
brain ECF,0.0081,in silico PAMPA,6.1,0.0607583781231808
brain ECF,0.0081,in silico PAMPA,6.2,0.0602584458157897
brain ECF,0.0081,in silico PAMPA,6.3,0.059766620267458
brain ECF,0.0081,in silico PAMPA,6.4,0.0592830276913859
brain ECF,0.0081,in silico PAMPA,6.5,0.0588077636350136
brain ECF,0.0081,in silico PAMPA,6.6,0.058340895765768
brain ECF,0.0081,in silico PAMPA,6.7,0.0578824664471391
brain ECF,0.0081,in silico PAMPA,6.8,0.0574324951196436
brain ECF,0.0081,in silico PAMPA,6.9,0.0569909804999895
brain ECF,0.0081,in silico PAMPA,7,0.0565579026121443
brain ECF,0.0081,in silico PAMPA,7.1,0.0561332246618379
brain ECF,0.0081,in silico PAMPA,7.2,0.0557168947653094
brain ECF,0.0081,in silico PAMPA,7.3,0.0553088475428897
brain ECF,0.0081,in silico PAMPA,7.4,0.0549090055872239
brain ECF,0.0081,in silico PAMPA,7.5,0.0545172808152049
brain ECF,0.0081,in silico PAMPA,7.6,0.054133575711241
brain ECF,0.0081,in silico PAMPA,7.7,0.0537577844702909
brain ECF,0.0081,in silico PAMPA,7.8,0.0533897940479856
brain ECF,0.0081,in silico PAMPA,7.9,0.0530294851243472
brain ECF,0.0081,in silico PAMPA,8,0.0526767329870911
brain ECF,0.0081,in silico PAMPA,8.1,0.0523314083411142
brain ECF,0.0081,in silico PAMPA,8.2,0.0519933780487392
brain ECF,0.0081,in silico PAMPA,8.3,0.0516625058066237
brain ECF,0.0081,in silico PAMPA,8.4,0.0513386527632697
brain ECF,0.0081,in silico PAMPA,8.5,0.0510216780822433
brain ECF,0.0081,in silico PAMPA,8.6,0.050711439454493
brain ECF,0.0081,in silico PAMPA,8.7,0.0504077935641346
brain ECF,0.0081,in silico PAMPA,8.8,0.0501105965107734
brain ECF,0.0081,in silico PAMPA,8.9,0.049819704192156
brain ECF,0.0081,in silico PAMPA,9,0.0495349726494413
brain ECF,0.0081,in silico PAMPA,9.1,0.0492562583788091
brain ECF,0.0081,in silico PAMPA,9.2,0.0489834186115086
brain ECF,0.0081,in silico PAMPA,9.3,0.0487163115645526
brain ECF,0.0081,in silico PAMPA,9.4,0.048454796665023
brain ECF,0.0081,in silico PAMPA,9.5,0.0481987347498724
brain ECF,0.0081,in silico PAMPA,9.6,0.0479479882424668
brain ECF,0.0081,in silico PAMPA,9.7,0.047702421308772
brain ECF,0.0081,in silico PAMPA,9.8,0.0474618999942357
brain ECF,0.0081,in silico PAMPA,9.9,0.0472262923428941
brain ECF,0.0081,in silico PAMPA,10,0.0469954685006865
brain ECF,0.0081,in silico PAMPA,10.1,0.0467693008034503
brain ECF,0.0081,in silico PAMPA,10.2,0.0465476638517985
brain ECF,0.0081,in silico PAMPA,10.3,0.0463304345733948
brain ECF,0.0081,in silico PAMPA,10.4,0.046117492273859
brain ECF,0.0081,in silico PAMPA,10.5,0.0459087186775269
brain ECF,0.0081,in silico PAMPA,10.6,0.0457039979584185
brain ECF,0.0081,in silico PAMPA,10.7,0.0455032167630876
brain ECF,0.0081,in silico PAMPA,10.8,0.0453062642252675
brain ECF,0.0081,in silico PAMPA,10.9,0.0451130319738249
brain ECF,0.0081,in silico PAMPA,11,0.0449234141339277
brain ECF,0.0081,in silico PAMPA,11.1,0.0447373073228348
brain ECF,0.0081,in silico PAMPA,11.2,0.0445546106401488
brain ECF,0.0081,in silico PAMPA,11.3,0.0443752256537248
brain ECF,0.0081,in silico PAMPA,11.4,0.0441990563810672
brain ECF,0.0081,in silico PAMPA,11.5,0.0440260092672808
brain ECF,0.0081,in silico PAMPA,11.6,0.0438559931594887
brain ECF,0.0081,in silico PAMPA,11.7,0.0436889192784651
brain ECF,0.0081,in silico PAMPA,11.8,0.0435247011876169
brain ECF,0.0081,in silico PAMPA,11.9,0.0433632547596675
brain ECF,0.0081,in silico PAMPA,12,0.0432044981414574
brain ECF,0.0081,in silico PAMPA,12.1,0.0430483517169446
brain ECF,0.0081,in silico PAMPA,12.2,0.0428947380688683
brain ECF,0.0081,in silico PAMPA,12.3,0.0427435819391035
brain ECF,0.0081,in silico PAMPA,12.4,0.0425948101880251
brain ECF,0.0081,in silico PAMPA,12.5,0.0424483517530769
brain ECF,0.0081,in silico PAMPA,12.6,0.0423041376066514
brain ECF,0.0081,in silico PAMPA,12.7,0.042162100713507
brain ECF,0.0081,in silico PAMPA,12.8,0.0420221759878299
brain ECF,0.0081,in silico PAMPA,12.9,0.0418843002500653
brain ECF,0.0081,in silico PAMPA,13,0.041748412183664
brain ECF,0.0081,in silico PAMPA,13.1,0.0416144522918325
brain ECF,0.0081,in silico PAMPA,13.2,0.0414823628543887
brain ECF,0.0081,in silico PAMPA,13.3,0.0413520878848058
brain ECF,0.0081,in silico PAMPA,13.4,0.0412235730875224
brain ECF,0.0081,in silico PAMPA,13.5,0.0410967658156003
brain ECF,0.0081,in silico PAMPA,13.6,0.040971615028786
brain ECF,0.0081,in silico PAMPA,13.7,0.0408480712520078
brain ECF,0.0081,in silico PAMPA,13.8,0.0407260865344015
brain ECF,0.0081,in silico PAMPA,13.9,0.0406056144088706
brain ECF,0.0081,in silico PAMPA,14,0.0404866098522478
brain ECF,0.0081,in silico PAMPA,14.1,0.0403690292460482
brain ECF,0.0081,in silico PAMPA,14.2,0.0402528303378972
brain ECF,0.0081,in silico PAMPA,14.3,0.0401379722036182
brain ECF,0.0081,in silico PAMPA,14.4,0.0400244152100143
brain ECF,0.0081,in silico PAMPA,14.5,0.0399121209783261
brain ECF,0.0081,in silico PAMPA,14.6,0.0398010523484636
brain ECF,0.0081,in silico PAMPA,14.7,0.0396911733439362
brain ECF,0.0081,in silico PAMPA,14.8,0.0395824491375252
brain ECF,0.0081,in silico PAMPA,14.9,0.039474846017721
brain ECF,0.0081,in silico PAMPA,15,0.0393683313558466
brain ECF,0.0081,in silico PAMPA,15.1,0.0392628735740007
brain ECF,0.0081,in silico PAMPA,15.2,0.0391584421137204
brain ECF,0.0081,in silico PAMPA,15.3,0.0390550074053881
brain ECF,0.0081,in silico PAMPA,15.4,0.0389525408383781
brain ECF,0.0081,in silico PAMPA,15.5,0.0388510147319607
brain ECF,0.0081,in silico PAMPA,15.6,0.0387504023068873
brain ECF,0.0081,in silico PAMPA,15.7,0.0386506776577458
brain ECF,0.0081,in silico PAMPA,15.8,0.0385518157260295
brain ECF,0.0081,in silico PAMPA,15.9,0.0384537922738977
brain ECF,0.0081,in silico PAMPA,16,0.0383565838586335
brain ECF,0.0081,in silico PAMPA,16.1,0.0382601678077983
brain ECF,0.0081,in silico PAMPA,16.2,0.0381645221950444
brain ECF,0.0081,in silico PAMPA,16.3,0.0380696258166044
brain ECF,0.0081,in silico PAMPA,16.4,0.0379754581684419
brain ECF,0.0081,in silico PAMPA,16.5,0.0378819994240418
brain ECF,0.0081,in silico PAMPA,16.6,0.0377892304128063
brain ECF,0.0081,in silico PAMPA,16.7,0.0376971325990898
brain ECF,0.0081,in silico PAMPA,16.8,0.0376056880618377
brain ECF,0.0081,in silico PAMPA,16.9,0.0375148794747914
brain ECF,0.0081,in silico PAMPA,17,0.0374246900872987
brain ECF,0.0081,in silico PAMPA,17.1,0.0373351037056864
brain ECF,0.0081,in silico PAMPA,17.2,0.0372461046751775
brain ECF,0.0081,in silico PAMPA,17.3,0.0371576778623447
brain ECF,0.0081,in silico PAMPA,17.4,0.037069808638098
brain ECF,0.0081,in silico PAMPA,17.5,0.0369824828611797
brain ECF,0.0081,in silico PAMPA,17.6,0.0368956868621542
brain ECF,0.0081,in silico PAMPA,17.7,0.0368094074279037
brain ECF,0.0081,in silico PAMPA,17.8,0.0367236317865966
brain ECF,0.0081,in silico PAMPA,17.9,0.0366383475931119
brain ECF,0.0081,in silico PAMPA,18,0.0365535429149133
brain ECF,0.0081,in silico PAMPA,18.1,0.0364692062183699
brain ECF,0.0081,in silico PAMPA,18.2,0.0363853263555003
brain ECF,0.0081,in silico PAMPA,18.3,0.0363018925511225
brain ECF,0.0081,in silico PAMPA,18.4,0.0362188943904276
brain ECF,0.0081,in silico PAMPA,18.5,0.0361363218069435
brain ECF,0.0081,in silico PAMPA,18.6,0.0360541650708757
brain ECF,0.0081,in silico PAMPA,18.7,0.0359724147778157
brain ECF,0.0081,in silico PAMPA,18.8,0.0358910618378145
brain ECF,0.0081,in silico PAMPA,18.9,0.0358100974648164
brain ECF,0.0081,in silico PAMPA,19,0.0357295131663887
brain ECF,0.0081,in silico PAMPA,19.1,0.0356493007338434
brain ECF,0.0081,in silico PAMPA,19.2,0.035569452232652
brain ECF,0.0081,in silico PAMPA,19.3,0.0354899599931724
brain ECF,0.0081,in silico PAMPA,19.4,0.0354108166016728
brain ECF,0.0081,in silico PAMPA,19.5,0.0353320148916495
brain ECF,0.0081,in silico PAMPA,19.6,0.0352535479354353
brain ECF,0.0081,in silico PAMPA,19.7,0.0351754090360804
brain ECF,0.0081,in silico PAMPA,19.8,0.0350975917194933
brain ECF,0.0081,in silico PAMPA,19.9,0.0350200897268401
brain ECF,0.0081,in silico PAMPA,20,0.0349428970072022
brain ECF,0.0081,in silico PAMPA,20.1,0.0348660077105031
brain ECF,0.0081,in silico PAMPA,20.2,0.0347894161806239
brain ECF,0.0081,in silico PAMPA,20.3,0.0347131169487653
brain ECF,0.0081,in silico PAMPA,20.4,0.0346371047270338
brain ECF,0.0081,in silico PAMPA,20.5,0.0345613744022487
brain ECF,0.0081,in silico PAMPA,20.6,0.0344859210299325
brain ECF,0.0081,in silico PAMPA,20.7,0.0344107398284903
brain ECF,0.0081,in silico PAMPA,20.8,0.034335826173673
brain ECF,0.0081,in silico PAMPA,20.9,0.0342611755931381
brain ECF,0.0081,in silico PAMPA,21,0.0341867837612189
brain ECF,0.0081,in silico PAMPA,21.1,0.0341126464938775
brain ECF,0.0081,in silico PAMPA,21.2,0.0340387597437986
brain ECF,0.0081,in silico PAMPA,21.3,0.033965119595699
brain ECF,0.0081,in silico PAMPA,21.4,0.0338917222617581
brain ECF,0.0081,in silico PAMPA,21.5,0.033818564077219
brain ECF,0.0081,in silico PAMPA,21.6,0.0337456414961419
brain ECF,0.0081,in silico PAMPA,21.7,0.033672951087258
brain ECF,0.0081,in silico PAMPA,21.8,0.0336004895300428
brain ECF,0.0081,in silico PAMPA,21.9,0.0335282536108799
brain ECF,0.0081,in silico PAMPA,22,0.0334562402193423
brain ECF,0.0081,in silico PAMPA,22.1,0.0333844463446299
brain ECF,0.0081,in silico PAMPA,22.2,0.0333128690720731
brain ECF,0.0081,in silico PAMPA,22.3,0.0332415055798428
brain ECF,0.0081,in silico PAMPA,22.4,0.0331703531357191
brain ECF,0.0081,in silico PAMPA,22.5,0.0330994090939882
brain ECF,0.0081,in silico PAMPA,22.6,0.0330286708923675
brain ECF,0.0081,in silico PAMPA,22.7,0.0329581360492113
brain ECF,0.0081,in silico PAMPA,22.8,0.0328878021606575
brain ECF,0.0081,in silico PAMPA,22.9,0.0328176668979364
brain ECF,0.0081,in silico PAMPA,23,0.0327477280046949
brain ECF,0.0081,in silico PAMPA,23.1,0.0326779832945744
brain ECF,0.0081,in silico PAMPA,23.2,0.0326084306487365
brain ECF,0.0081,in silico PAMPA,23.3,0.0325390680134799
brain ECF,0.0081,in silico PAMPA,23.4,0.0324698933979775
brain ECF,0.0081,in silico PAMPA,23.5,0.0324009048721454
brain ECF,0.0081,in silico PAMPA,23.6,0.0323321005644993
brain ECF,0.0081,in silico PAMPA,23.7,0.0322634786600417
brain ECF,0.0081,in silico PAMPA,23.8,0.0321950373984098
brain ECF,0.0081,in silico PAMPA,23.9,0.0321267750719226
brain ECF,0.0081,in silico PAMPA,24,0.032058690023692
brain ECF,0.0081,in silico PAMPA,24.1,0.0319907806459291
brain ECF,0.0081,in silico PAMPA,24.2,0.0319230453782255
brain ECF,0.0081,in silico PAMPA,24.3,0.0318554827058341
brain ECF,0.0081,in silico PAMPA,24.4,0.0317880911581258
brain ECF,0.0081,in silico PAMPA,24.5,0.031720869307094
brain ECF,0.0081,in silico PAMPA,24.6,0.0316538157657666
brain ECF,0.0081,in silico PAMPA,24.7,0.03158692918686
brain ECF,0.0081,in silico PAMPA,24.8,0.0315202082613983
brain ECF,0.0081,in silico PAMPA,24.9,0.0314536517172967
brain ECF,0.0081,in silico PAMPA,25,0.031387258318154
brain ECF,0.0081,in silico PAMPA,25.1,0.0313210268620081
brain ECF,0.0081,in silico PAMPA,25.2,0.0312549561800689
brain ECF,0.0081,in silico PAMPA,25.3,0.0311890451356226
brain ECF,0.0081,in silico PAMPA,25.4,0.0311232926229401
brain ECF,0.0081,in silico PAMPA,25.5,0.0310576975660605
brain ECF,0.0081,in silico PAMPA,25.6,0.0309922589179456
brain ECF,0.0081,in silico PAMPA,25.7,0.0309269756593351
brain ECF,0.0081,in silico PAMPA,25.8,0.030861846797822
brain ECF,0.0081,in silico PAMPA,25.9,0.0307968713669737
brain ECF,0.0081,in silico PAMPA,26,0.0307320484253096
brain ECF,0.0081,in silico PAMPA,26.1,0.0306673770555497
brain ECF,0.0081,in silico PAMPA,26.2,0.0306028563637376
brain ECF,0.0081,in silico PAMPA,26.3,0.0305384854783672
brain ECF,0.0081,in silico PAMPA,26.4,0.0304742635497337
brain ECF,0.0081,in silico PAMPA,26.5,0.0304101897490281
brain ECF,0.0081,in silico PAMPA,26.6,0.0303462632677328
brain ECF,0.0081,in silico PAMPA,26.7,0.0302824833168734
brain ECF,0.0081,in silico PAMPA,26.8,0.0302188491262995
brain ECF,0.0081,in silico PAMPA,26.9,0.0301553599441579
brain ECF,0.0081,in silico PAMPA,27,0.0300920150360902
brain ECF,0.0081,in silico PAMPA,27.1,0.0300288136848016
brain ECF,0.0081,in silico PAMPA,27.2,0.029965755189333
brain ECF,0.0081,in silico PAMPA,27.3,0.0299028388645767
brain ECF,0.0081,in silico PAMPA,27.4,0.0298400640407303
brain ECF,0.0081,in silico PAMPA,27.5,0.0297774300626909
brain ECF,0.0081,in silico PAMPA,27.6,0.0297149362896916
brain ECF,0.0081,in silico PAMPA,27.7,0.0296525820946239
brain ECF,0.0081,in silico PAMPA,27.8,0.0295903668637692
brain ECF,0.0081,in silico PAMPA,27.9,0.0295282899961472
brain ECF,0.0081,in silico PAMPA,28,0.029466350903257
brain ECF,0.0081,in silico PAMPA,28.1,0.0294045490085037
brain ECF,0.0081,in silico PAMPA,28.2,0.0293428837469026
brain ECF,0.0081,in silico PAMPA,28.3,0.0292813545646146
brain ECF,0.0081,in silico PAMPA,28.4,0.0292199609185882
brain ECF,0.0081,in silico PAMPA,28.5,0.0291587022762195
brain ECF,0.0081,in silico PAMPA,28.6,0.0290975781149205
brain ECF,0.0081,in silico PAMPA,28.7,0.0290365879219018
brain ECF,0.0081,in silico PAMPA,28.8,0.0289757311936875
brain ECF,0.0081,in silico PAMPA,28.9,0.0289150074359781
brain ECF,0.0081,in silico PAMPA,29,0.0288544161631366
brain ECF,0.0081,in silico PAMPA,29.1,0.0287939568981208
brain ECF,0.0081,in silico PAMPA,29.2,0.0287336291719584
brain ECF,0.0081,in silico PAMPA,29.3,0.02867343252372
brain ECF,0.0081,in silico PAMPA,29.4,0.0286133665000106
brain ECF,0.0081,in silico PAMPA,29.5,0.0285534306549487
brain ECF,0.0081,in silico PAMPA,29.6,0.0284936245496974
brain ECF,0.0081,in silico PAMPA,29.7,0.0284339477524356
brain ECF,0.0081,in silico PAMPA,29.8,0.0283743998379295
brain ECF,0.0081,in silico PAMPA,29.9,0.028314980387502
brain ECF,0.0081,in silico PAMPA,30,0.0282556889886333
brain ECF,0.0081,in silico PAMPA,30.1,0.0281965252349379
brain ECF,0.0081,in silico PAMPA,30.2,0.0281374887257877
brain ECF,0.0081,in silico PAMPA,30.3,0.028078579066307
brain ECF,0.0081,in silico PAMPA,30.4,0.0280197958669827
brain ECF,0.0081,in silico PAMPA,30.5,0.027961138743683
brain ECF,0.0081,in silico PAMPA,30.6,0.0279026073173333
brain ECF,0.0081,in silico PAMPA,30.7,0.0278442012138372
brain ECF,0.0081,in silico PAMPA,30.8,0.0277859200639069
brain ECF,0.0081,in silico PAMPA,30.9,0.0277277635028528
brain ECF,0.0081,in silico PAMPA,31,0.0276697311705402
brain ECF,0.0081,in silico PAMPA,31.1,0.0276118227111083
brain ECF,0.0081,in silico PAMPA,31.2,0.0275540377729879
brain ECF,0.0081,in silico PAMPA,31.3,0.0274963760086005
brain ECF,0.0081,in silico PAMPA,31.4,0.0274388370744037
brain ECF,0.0081,in silico PAMPA,31.5,0.0273814206305933
brain ECF,0.0081,in silico PAMPA,31.6,0.0273241263411408
brain ECF,0.0081,in silico PAMPA,31.7,0.0272669538735563
brain ECF,0.0081,in silico PAMPA,31.8,0.0272099028988596
brain ECF,0.0081,in silico PAMPA,31.9,0.0271529730914348
brain ECF,0.0081,in silico PAMPA,32,0.0270961641288935
brain ECF,0.0081,in silico PAMPA,32.1,0.027039475692095
brain ECF,0.0081,in silico PAMPA,32.2,0.0269829074648649
brain ECF,0.0081,in silico PAMPA,32.3,0.0269264591341047
brain ECF,0.0081,in silico PAMPA,32.4,0.0268701303895388
brain ECF,0.0081,in silico PAMPA,32.5,0.0268139209237042
brain ECF,0.0081,in silico PAMPA,32.6,0.0267578304318993
brain ECF,0.0081,in silico PAMPA,32.7,0.0267018586119878
brain ECF,0.0081,in silico PAMPA,32.8,0.02664600516448
brain ECF,0.0081,in silico PAMPA,32.9,0.0265902697922919
brain ECF,0.0081,in silico PAMPA,33,0.0265346522007973
brain ECF,0.0081,in silico PAMPA,33.1,0.0264791520977125
brain ECF,0.0081,in silico PAMPA,33.2,0.0264237691929953
brain ECF,0.0081,in silico PAMPA,33.3,0.0263685031988752
brain ECF,0.0081,in silico PAMPA,33.4,0.0263133538296614
brain ECF,0.0081,in silico PAMPA,33.5,0.0262583208018218
brain ECF,0.0081,in silico PAMPA,33.6,0.0262034038338056
brain ECF,0.0081,in silico PAMPA,33.7,0.0261486026460257
brain ECF,0.0081,in silico PAMPA,33.8,0.0260939169608908
brain ECF,0.0081,in silico PAMPA,33.9,0.0260393465025846
brain ECF,0.0081,in silico PAMPA,34,0.025984890997155
brain ECF,0.0081,in silico PAMPA,34.1,0.0259305501724427
brain ECF,0.0081,in silico PAMPA,34.2,0.0258763237579433
brain ECF,0.0081,in silico PAMPA,34.3,0.0258222114849081
brain ECF,0.0081,in silico PAMPA,34.4,0.0257682130861702
brain ECF,0.0081,in silico PAMPA,34.5,0.0257143282961515
brain ECF,0.0081,in silico PAMPA,34.6,0.02566055685088
brain ECF,0.0081,in silico PAMPA,34.7,0.0256068984878288
brain ECF,0.0081,in silico PAMPA,34.8,0.025553352945979
brain ECF,0.0081,in silico PAMPA,34.9,0.0254999199657611
brain ECF,0.0081,in silico PAMPA,35,0.025446599288962
brain ECF,0.0081,in silico PAMPA,35.1,0.0253933906587956
brain ECF,0.0081,in silico PAMPA,35.2,0.025340293819767
brain ECF,0.0081,in silico PAMPA,35.3,0.025287308517689
brain ECF,0.0081,in silico PAMPA,35.4,0.025234434499695
brain ECF,0.0081,in silico PAMPA,35.5,0.0251816715140955
brain ECF,0.0081,in silico PAMPA,35.6,0.025129019310436
brain ECF,0.0081,in silico PAMPA,35.7,0.0250764776395022
brain ECF,0.0081,in silico PAMPA,35.8,0.0250240462531638
brain ECF,0.0081,in silico PAMPA,35.9,0.0249717249044524
brain ECF,0.0081,in silico PAMPA,36,0.024919513347561
brain ECF,0.0081,in silico PAMPA,36.1,0.0248674113376961
brain ECF,0.0081,in silico PAMPA,36.2,0.0248154186311558
brain ECF,0.0081,in silico PAMPA,36.3,0.0247635349853203
brain ECF,0.0081,in silico PAMPA,36.4,0.0247117601585294
brain ECF,0.0081,in silico PAMPA,36.5,0.0246600939101475
brain ECF,0.0081,in silico PAMPA,36.6,0.0246085360005486
brain ECF,0.0081,in silico PAMPA,36.7,0.0245570861910174
brain ECF,0.0081,in silico PAMPA,36.8,0.0245057442438026
brain ECF,0.0081,in silico PAMPA,36.9,0.0244545099221007
brain ECF,0.0081,in silico PAMPA,37,0.024403382989971
brain ECF,0.0081,in silico PAMPA,37.1,0.0243523632123834
brain ECF,0.0081,in silico PAMPA,37.2,0.024301450355202
brain ECF,0.0081,in silico PAMPA,37.3,0.0242506441851087
brain ECF,0.0081,in silico PAMPA,37.4,0.0241999444696535
brain ECF,0.0081,in silico PAMPA,37.5,0.0241493509772304
brain ECF,0.0081,in silico PAMPA,37.6,0.0240988634770039
brain ECF,0.0081,in silico PAMPA,37.7,0.0240484817389478
brain ECF,0.0081,in silico PAMPA,37.8,0.0239982055338823
brain ECF,0.0081,in silico PAMPA,37.9,0.0239480346333273
brain ECF,0.0081,in silico PAMPA,38,0.0238979688095785
brain ECF,0.0081,in silico PAMPA,38.1,0.0238480078357232
brain ECF,0.0081,in silico PAMPA,38.2,0.0237981514855635
brain ECF,0.0081,in silico PAMPA,38.3,0.0237483995336082
brain ECF,0.0081,in silico PAMPA,38.4,0.023698751755103
brain ECF,0.0081,in silico PAMPA,38.5,0.0236492079260265
brain ECF,0.0081,in silico PAMPA,38.6,0.0235997678230062
brain ECF,0.0081,in silico PAMPA,38.7,0.0235504312233669
brain ECF,0.0081,in silico PAMPA,38.8,0.0235011979051545
brain ECF,0.0081,in silico PAMPA,38.9,0.0234520676470315
brain ECF,0.0081,in silico PAMPA,39,0.0234030402283302
brain ECF,0.0081,in silico PAMPA,39.1,0.0233541154290543
brain ECF,0.0081,in silico PAMPA,39.2,0.0233052930298435
brain ECF,0.0081,in silico PAMPA,39.3,0.0232565728119535
brain ECF,0.0081,in silico PAMPA,39.4,0.023207954557278
brain ECF,0.0081,in silico PAMPA,39.5,0.023159438048353
brain ECF,0.0081,in silico PAMPA,39.6,0.0231110230682908
brain ECF,0.0081,in silico PAMPA,39.7,0.0230627094008156
brain ECF,0.0081,in silico PAMPA,39.8,0.0230144968302917
brain ECF,0.0081,in silico PAMPA,39.9,0.0229663851416258
brain ECF,0.0081,in silico PAMPA,40,0.0229183741203187
brain ECF,0.0081,in silico PAMPA,40.1,0.0228704635524498
brain ECF,0.0081,in silico PAMPA,40.2,0.022822653224721
brain ECF,0.0081,in silico PAMPA,40.3,0.0227749429243374
brain ECF,0.0081,in silico PAMPA,40.4,0.0227273324390821
brain ECF,0.0081,in silico PAMPA,40.5,0.0226798215573001
brain ECF,0.0081,in silico PAMPA,40.6,0.0226324100679249
brain ECF,0.0081,in silico PAMPA,40.7,0.0225850977603805
brain ECF,0.0081,in silico PAMPA,40.8,0.0225378844246472
brain ECF,0.0081,in silico PAMPA,40.9,0.0224907698512521
brain ECF,0.0081,in silico PAMPA,41,0.0224437538312733
brain ECF,0.0081,in silico PAMPA,41.1,0.022396836156278
brain ECF,0.0081,in silico PAMPA,41.2,0.022350016618367
brain ECF,0.0081,in silico PAMPA,41.3,0.0223032950101735
brain ECF,0.0081,in silico PAMPA,41.4,0.0222566711248486
brain ECF,0.0081,in silico PAMPA,41.5,0.0222101447560315
brain ECF,0.0081,in silico PAMPA,41.6,0.0221637156978738
brain ECF,0.0081,in silico PAMPA,41.7,0.0221173837450472
brain ECF,0.0081,in silico PAMPA,41.8,0.0220711486927147
brain ECF,0.0081,in silico PAMPA,41.9,0.022025010336522
brain ECF,0.0081,in silico PAMPA,42,0.0219789684726103
brain ECF,0.0081,in silico PAMPA,42.1,0.0219330228976314
brain ECF,0.0081,in silico PAMPA,42.2,0.0218871734087027
brain ECF,0.0081,in silico PAMPA,42.3,0.0218414198034212
brain ECF,0.0081,in silico PAMPA,42.4,0.0217957618798634
brain ECF,0.0081,in silico PAMPA,42.5,0.0217501994366157
brain ECF,0.0081,in silico PAMPA,42.6,0.0217047322726945
brain ECF,0.0081,in silico PAMPA,42.7,0.0216593601875974
brain ECF,0.0081,in silico PAMPA,42.8,0.0216140829812867
brain ECF,0.0081,in silico PAMPA,42.9,0.0215689004542044
brain ECF,0.0081,in silico PAMPA,43,0.0215238124072634
brain ECF,0.0081,in silico PAMPA,43.1,0.0214788186418026
brain ECF,0.0081,in silico PAMPA,43.2,0.0214339189596286
brain ECF,0.0081,in silico PAMPA,43.3,0.0213891131629994
brain ECF,0.0081,in silico PAMPA,43.4,0.0213444010546676
brain ECF,0.0081,in silico PAMPA,43.5,0.0212997824377847
brain ECF,0.0081,in silico PAMPA,43.6,0.0212552571159616
brain ECF,0.0081,in silico PAMPA,43.7,0.021210824893254
brain ECF,0.0081,in silico PAMPA,43.8,0.0211664855741714
brain ECF,0.0081,in silico PAMPA,43.9,0.0211222389636736
brain ECF,0.0081,in silico PAMPA,44,0.0210780848671317
brain ECF,0.0081,in silico PAMPA,44.1,0.021034023090363
brain ECF,0.0081,in silico PAMPA,44.2,0.0209900534396176
brain ECF,0.0081,in silico PAMPA,44.3,0.0209461757216029
brain ECF,0.0081,in silico PAMPA,44.4,0.0209023897434287
brain ECF,0.0081,in silico PAMPA,44.5,0.0208586953126392
brain ECF,0.0081,in silico PAMPA,44.6,0.0208150922372058
brain ECF,0.0081,in silico PAMPA,44.7,0.0207715803255315
brain ECF,0.0081,in silico PAMPA,44.8,0.0207281593864502
brain ECF,0.0081,in silico PAMPA,44.9,0.0206848292291982
brain ECF,0.0081,in silico PAMPA,45,0.0206415896634386
brain ECF,0.0081,in silico PAMPA,45.1,0.0205984404992512
brain ECF,0.0081,in silico PAMPA,45.2,0.0205553815471517
brain ECF,0.0081,in silico PAMPA,45.3,0.0205124126180497
brain ECF,0.0081,in silico PAMPA,45.4,0.0204695335232717
brain ECF,0.0081,in silico PAMPA,45.5,0.0204267440745567
brain ECF,0.0081,in silico PAMPA,45.6,0.0203840440840617
brain ECF,0.0081,in silico PAMPA,45.7,0.0203414333643605
brain ECF,0.0081,in silico PAMPA,45.8,0.0202989117284118
brain ECF,0.0081,in silico PAMPA,45.9,0.0202564789895888
brain ECF,0.0081,in silico PAMPA,46,0.0202141349616681
brain ECF,0.0081,in silico PAMPA,46.1,0.0201718794588284
brain ECF,0.0081,in silico PAMPA,46.2,0.0201297122956852
brain ECF,0.0081,in silico PAMPA,46.3,0.0200876332872084
brain ECF,0.0081,in silico PAMPA,46.4,0.0200456422487814
brain ECF,0.0081,in silico PAMPA,46.5,0.0200037389961854
brain ECF,0.0081,in silico PAMPA,46.6,0.0199619233455969
brain ECF,0.0081,in silico PAMPA,46.7,0.0199201951136048
brain ECF,0.0081,in silico PAMPA,46.8,0.0198785541171887
brain ECF,0.0081,in silico PAMPA,46.9,0.019837000173702
brain ECF,0.0081,in silico PAMPA,47,0.0197955331008994
brain ECF,0.0081,in silico PAMPA,47.1,0.0197541527169252
brain ECF,0.0081,in silico PAMPA,47.2,0.0197128588403151
brain ECF,0.0081,in silico PAMPA,47.3,0.0196716512900148
brain ECF,0.0081,in silico PAMPA,47.4,0.0196305298853243
brain ECF,0.0081,in silico PAMPA,47.5,0.0195894944459415
brain ECF,0.0081,in silico PAMPA,47.6,0.0195485447919486
brain ECF,0.0081,in silico PAMPA,47.7,0.0195076807438112
brain ECF,0.0081,in silico PAMPA,47.8,0.0194669021223821
brain ECF,0.0081,in silico PAMPA,47.9,0.0194262087488965
brain ECF,0.0081,in silico PAMPA,48,0.0193856004449692
brain ECF,0.0238321946701172,optimized,0,0
brain ECF,0.0238321946701172,optimized,0.1,0.012495637590138
brain ECF,0.0238321946701172,optimized,0.2,0.0407628362049937
brain ECF,0.0238321946701172,optimized,0.3,0.0734231818739297
brain ECF,0.0238321946701172,optimized,0.4,0.092233692410621
brain ECF,0.0238321946701172,optimized,0.5,0.10323690648687
brain ECF,0.0238321946701172,optimized,0.6,0.11071202507077
brain ECF,0.0238321946701172,optimized,0.7,0.116351040567182
brain ECF,0.0238321946701172,optimized,0.8,0.120867194163335
brain ECF,0.0238321946701172,optimized,0.9,0.124595846974141
brain ECF,0.0238321946701172,optimized,1,0.127720233867227
brain ECF,0.0238321946701172,optimized,1.1,0.130357347582088
brain ECF,0.0238321946701172,optimized,1.2,0.132591490052634
brain ECF,0.0238321946701172,optimized,1.3,0.13448809405767
brain ECF,0.0238321946701172,optimized,1.4,0.136099983327096
brain ECF,0.0238321946701172,optimized,1.5,0.137470633338242
brain ECF,0.0238321946701172,optimized,1.6,0.138636160627773
brain ECF,0.0238321946701172,optimized,1.7,0.139626709258364
brain ECF,0.0238321946701172,optimized,1.8,0.140467504858914
brain ECF,0.0238321946701172,optimized,1.9,0.141179694931387
brain ECF,0.0238321946701172,optimized,2,0.141781034660505
brain ECF,0.0238321946701172,optimized,2.1,0.142286452819631
brain ECF,0.0238321946701172,optimized,2.2,0.142708521130059
brain ECF,0.0238321946701172,optimized,2.3,0.143057844365998
brain ECF,0.0238321946701172,optimized,2.4,0.143343385132458
brain ECF,0.0238321946701172,optimized,2.5,0.143572734100225
brain ECF,0.0238321946701172,optimized,2.6,0.143752335256574
brain ECF,0.0238321946701172,optimized,2.7,0.143887673479374
brain ECF,0.0238321946701172,optimized,2.8,0.143983430812784
brain ECF,0.0238321946701172,optimized,2.9,0.144043616761332
brain ECF,0.0238321946701172,optimized,3,0.144071676871948
brain ECF,0.0238321946701172,optimized,3.1,0.144070583268896
brain ECF,0.0238321946701172,optimized,3.2,0.144042910160383
brain ECF,0.0238321946701172,optimized,3.3,0.143990896832655
brain ECF,0.0238321946701172,optimized,3.4,0.143916500203035
brain ECF,0.0238321946701172,optimized,3.5,0.143821438721232
brain ECF,0.0238321946701172,optimized,3.6,0.143707229014301
brain ECF,0.0238321946701172,optimized,3.7,0.14357521651672
brain ECF,0.0238321946701172,optimized,3.8,0.143426601094045
brain ECF,0.0238321946701172,optimized,3.9,0.143262458468681
brain ECF,0.0238321946701172,optimized,4,0.143083758169465
brain ECF,0.0238321946701172,optimized,4.1,0.142891378580547
brain ECF,0.0238321946701172,optimized,4.2,0.142686119562957
brain ECF,0.0238321946701172,optimized,4.3,0.142468713059458
brain ECF,0.0238321946701172,optimized,4.4,0.142239832016568
brain ECF,0.0238321946701172,optimized,4.5,0.142000097900461
brain ECF,0.0238321946701172,optimized,4.6,0.141750087039528
brain ECF,0.0238321946701172,optimized,4.7,0.141490335988466
brain ECF,0.0238321946701172,optimized,4.8,0.141221346073229
brain ECF,0.0238321946701172,optimized,4.9,0.140943587251775
brain ECF,0.0238321946701172,optimized,5,0.140657501403464
brain ECF,0.0238321946701172,optimized,5.1,0.140363505138821
brain ECF,0.0238321946701172,optimized,5.2,0.140061992207288
brain ECF,0.0238321946701172,optimized,5.3,0.139753335569169
brain ECF,0.0238321946701172,optimized,5.4,0.139437889184696
brain ECF,0.0238321946701172,optimized,5.5,0.139115989564991
brain ECF,0.0238321946701172,optimized,5.6,0.138787957123329
brain ECF,0.0238321946701172,optimized,5.7,0.138454097357693
brain ECF,0.0238321946701172,optimized,5.8,0.13811470189045
brain ECF,0.0238321946701172,optimized,5.9,0.137770049387448
brain ECF,0.0238321946701172,optimized,6,0.137420406374777
brain ECF,0.0238321946701172,optimized,6.1,0.13706602796831
brain ECF,0.0238321946701172,optimized,6.2,0.136707158528742
brain ECF,0.0238321946701172,optimized,6.3,0.136344032253133
brain ECF,0.0238321946701172,optimized,6.4,0.135976873711801
brain ECF,0.0238321946701172,optimized,6.5,0.135605898337921
brain ECF,0.0238321946701172,optimized,6.6,0.135231312876414
brain ECF,0.0238321946701172,optimized,6.7,0.134853315797375
brain ECF,0.0238321946701172,optimized,6.8,0.134472097678514
brain ECF,0.0238321946701172,optimized,6.9,0.134087841560328
brain ECF,0.0238321946701172,optimized,7,0.133700723277365
brain ECF,0.0238321946701172,optimized,7.1,0.13331091176822
brain ECF,0.0238321946701172,optimized,7.2,0.132918569366533
brain ECF,0.0238321946701172,optimized,7.3,0.132523852075012
brain ECF,0.0238321946701172,optimized,7.4,0.132126909824159
brain ECF,0.0238321946701172,optimized,7.5,0.131727886717176
brain ECF,0.0238321946701172,optimized,7.6,0.13132692126218
brain ECF,0.0238321946701172,optimized,7.7,0.130924146592904
brain ECF,0.0238321946701172,optimized,7.8,0.130519690678814
brain ECF,0.0238321946701172,optimized,7.9,0.130113676525413
brain ECF,0.0238321946701172,optimized,8,0.129706222365431
brain ECF,0.0238321946701172,optimized,8.1,0.129297441841606
brain ECF,0.0238321946701172,optimized,8.2,0.128887444181502
brain ECF,0.0238321946701172,optimized,8.3,0.128476334364969
brain ECF,0.0238321946701172,optimized,8.4,0.128064213284582
brain ECF,0.0238321946701172,optimized,8.5,0.12765117789955
brain ECF,0.0238321946701172,optimized,8.6,0.127237321383369
brain ECF,0.0238321946701172,optimized,8.7,0.126822733265607
brain ECF,0.0238321946701172,optimized,8.8,0.126407499568075
brain ECF,0.0238321946701172,optimized,8.9,0.125991702935709
brain ECF,0.0238321946701172,optimized,9,0.125575422762321
brain ECF,0.0238321946701172,optimized,9.1,0.125158735311572
brain ECF,0.0238321946701172,optimized,9.2,0.124741713833309
brain ECF,0.0238321946701172,optimized,9.3,0.124324428675429
brain ECF,0.0238321946701172,optimized,9.4,0.123906947391563
brain ECF,0.0238321946701172,optimized,9.5,0.123489334844731
brain ECF,0.0238321946701172,optimized,9.6,0.123071653307018
brain ECF,0.0238321946701172,optimized,9.7,0.122653962555593
brain ECF,0.0238321946701172,optimized,9.8,0.122236319965134
brain ECF,0.0238321946701172,optimized,9.9,0.121818780596785
brain ECF,0.0238321946701172,optimized,10,0.121401397283872
brain ECF,0.0238321946701172,optimized,10.1,0.120984220714352
brain ECF,0.0238321946701172,optimized,10.2,0.120567299510292
brain ECF,0.0238321946701172,optimized,10.3,0.120150680304377
brain ECF,0.0238321946701172,optimized,10.4,0.119734407813579
brain ECF,0.0238321946701172,optimized,10.5,0.119318524910166
brain ECF,0.0238321946701172,optimized,10.6,0.118903072689996
brain ECF,0.0238321946701172,optimized,10.7,0.118488090538416
brain ECF,0.0238321946701172,optimized,10.8,0.118073616193626
brain ECF,0.0238321946701172,optimized,10.9,0.117659685807821
brain ECF,0.0238321946701172,optimized,11,0.117246334005958
brain ECF,0.0238321946701172,optimized,11.1,0.1168335939425
brain ECF,0.0238321946701172,optimized,11.2,0.116421497355945
brain ECF,0.0238321946701172,optimized,11.3,0.116010074621492
brain ECF,0.0238321946701172,optimized,11.4,0.115599354801623
brain ECF,0.0238321946701172,optimized,11.5,0.115189365694964
brain ECF,0.0238321946701172,optimized,11.6,0.114780133883246
brain ECF,0.0238321946701172,optimized,11.7,0.114371684776619
brain ECF,0.0238321946701172,optimized,11.8,0.113964042657273
brain ECF,0.0238321946701172,optimized,11.9,0.113557230721437
brain ECF,0.0238321946701172,optimized,12,0.113151271119893
brain ECF,0.0238321946701172,optimized,12.1,0.112746184996923
brain ECF,0.0238321946701172,optimized,12.2,0.112341992527926
brain ECF,0.0238321946701172,optimized,12.3,0.111938712955578
brain ECF,0.0238321946701172,optimized,12.4,0.111536364624682
brain ECF,0.0238321946701172,optimized,12.5,0.111134965015777
brain ECF,0.0238321946701172,optimized,12.6,0.110734530777453
brain ECF,0.0238321946701172,optimized,12.7,0.11033507775753
brain ECF,0.0238321946701172,optimized,12.8,0.109936621033092
brain ECF,0.0238321946701172,optimized,12.9,0.109539174939373
brain ECF,0.0238321946701172,optimized,13,0.109142753097629
brain ECF,0.0238321946701172,optimized,13.1,0.108747368441978
brain ECF,0.0238321946701172,optimized,13.2,0.108353033245228
brain ECF,0.0238321946701172,optimized,13.3,0.107959759143795
brain ECF,0.0238321946701172,optimized,13.4,0.107567557161699
brain ECF,0.0238321946701172,optimized,13.5,0.107176437733649
brain ECF,0.0238321946701172,optimized,13.6,0.106786410727294
brain ECF,0.0238321946701172,optimized,13.7,0.106397485464694
brain ECF,0.0238321946701172,optimized,13.8,0.106009670742957
brain ECF,0.0238321946701172,optimized,13.9,0.105622974854135
brain ECF,0.0238321946701172,optimized,14,0.105237405604381
brain ECF,0.0238321946701172,optimized,14.1,0.104852970332428
brain ECF,0.0238321946701172,optimized,14.2,0.104469675927358
brain ECF,0.0238321946701172,optimized,14.3,0.104087528845733
brain ECF,0.0238321946701172,optimized,14.4,0.103706535128087
brain ECF,0.0238321946701172,optimized,14.5,0.10332670041485
brain ECF,0.0238321946701172,optimized,14.6,0.102948029961629
brain ECF,0.0238321946701172,optimized,14.7,0.102570528653959
brain ECF,0.0238321946701172,optimized,14.8,0.102194201021517
brain ECF,0.0238321946701172,optimized,14.9,0.101819051251783
brain ECF,0.0238321946701172,optimized,15,0.101445083203256
brain ECF,0.0238321946701172,optimized,15.1,0.101072300418123
brain ECF,0.0238321946701172,optimized,15.2,0.100700706134492
brain ECF,0.0238321946701172,optimized,15.3,0.100330303298164
brain ECF,0.0238321946701172,optimized,15.4,0.0999610945739882
brain ECF,0.0238321946701172,optimized,15.5,0.0995930823567726
brain ECF,0.0238321946701172,optimized,15.6,0.0992262687818293
brain ECF,0.0238321946701172,optimized,15.7,0.0988606557351047
brain ECF,0.0238321946701172,optimized,15.8,0.0984962448629358
brain ECF,0.0238321946701172,optimized,15.9,0.0981330375814564
brain ECF,0.0238321946701172,optimized,16,0.0977710350856575
brain ECF,0.0238321946701172,optimized,16.1,0.097410238358107
brain ECF,0.0238321946701172,optimized,16.2,0.0970506481773581
brain ECF,0.0238321946701172,optimized,16.3,0.0966922651260413
brain ECF,0.0238321946701172,optimized,16.4,0.0963350895986533
brain ECF,0.0238321946701172,optimized,16.5,0.0959791218090618
brain ECF,0.0238321946701172,optimized,16.6,0.0956243617977397
brain ECF,0.0238321946701172,optimized,16.7,0.0952708094387274
brain ECF,0.0238321946701172,optimized,16.8,0.0949184644463335
brain ECF,0.0238321946701172,optimized,16.9,0.0945673263816009
brain ECF,0.0238321946701172,optimized,17,0.0942173946585215
brain ECF,0.0238321946701172,optimized,17.1,0.0938686685500231
brain ECF,0.0238321946701172,optimized,17.2,0.0935211471937373
brain ECF,0.0238321946701172,optimized,17.3,0.0931748295975564
brain ECF,0.0238321946701172,optimized,17.4,0.092829714644981
brain ECF,0.0238321946701172,optimized,17.5,0.0924858011002714
brain ECF,0.0238321946701172,optimized,17.6,0.0921430876134123
brain ECF,0.0238321946701172,optimized,17.7,0.0918015727248852
brain ECF,0.0238321946701172,optimized,17.8,0.0914612548702666
brain ECF,0.0238321946701172,optimized,17.9,0.0911221323846573
brain ECF,0.0238321946701172,optimized,18,0.0907842035069488
brain ECF,0.0238321946701172,optimized,18.1,0.090447466383929
brain ECF,0.0238321946701172,optimized,18.2,0.0901119190742361
brain ECF,0.0238321946701172,optimized,18.3,0.0897775595521698
brain ECF,0.0238321946701172,optimized,18.4,0.0894443857113542
brain ECF,0.0238321946701172,optimized,18.5,0.0891123953682651
brain ECF,0.0238321946701172,optimized,18.6,0.0887815862656285
brain ECF,0.0238321946701172,optimized,18.7,0.0884519560756931
brain ECF,0.0238321946701172,optimized,18.8,0.0881235024033803
brain ECF,0.0238321946701172,optimized,18.9,0.0877962227893141
brain ECF,0.0238321946701172,optimized,19,0.0874701147127497
brain ECF,0.0238321946701172,optimized,19.1,0.0871451755943758
brain ECF,0.0238321946701172,optimized,19.2,0.0868214027990204
brain ECF,0.0238321946701172,optimized,19.3,0.0864987936382543
brain ECF,0.0238321946701172,optimized,19.4,0.0861773453728991
brain ECF,0.0238321946701172,optimized,19.5,0.0858570552154419
brain ECF,0.0238321946701172,optimized,19.6,0.0855379203323564
brain ECF,0.0238321946701172,optimized,19.7,0.085219937846338
brain ECF,0.0238321946701172,optimized,19.8,0.0849031048384579
brain ECF,0.0238321946701172,optimized,19.9,0.0845874183502369
brain ECF,0.0238321946701172,optimized,20,0.084272875385636
brain ECF,0.0238321946701172,optimized,20.1,0.083959472912968
brain ECF,0.0238321946701172,optimized,20.2,0.0836472078667489
brain ECF,0.0238321946701172,optimized,20.3,0.083336077149475
brain ECF,0.0238321946701172,optimized,20.4,0.0830260776333313
brain ECF,0.0238321946701172,optimized,20.5,0.0827172061618339
brain ECF,0.0238321946701172,optimized,20.6,0.0824094595514182
brain ECF,0.0238321946701172,optimized,20.7,0.0821028345929673
brain ECF,0.0238321946701172,optimized,20.8,0.0817973280532607
brain ECF,0.0238321946701172,optimized,20.9,0.0814929366763905
brain ECF,0.0238321946701172,optimized,21,0.0811896571851191
brain ECF,0.0238321946701172,optimized,21.1,0.0808874862821806
brain ECF,0.0238321946701172,optimized,21.2,0.0805864206515437
brain ECF,0.0238321946701172,optimized,21.3,0.0802864569596095
brain ECF,0.0238321946701172,optimized,21.4,0.0799875918563759
brain ECF,0.0238321946701172,optimized,21.5,0.0796898219765532
brain ECF,0.0238321946701172,optimized,21.6,0.0793931439406349
brain ECF,0.0238321946701172,optimized,21.7,0.0790975543559421
brain ECF,0.0238321946701172,optimized,21.8,0.0788030498176014
brain ECF,0.0238321946701172,optimized,21.9,0.0785096269095023
brain ECF,0.0238321946701172,optimized,22,0.0782172822052181
brain ECF,0.0238321946701172,optimized,22.1,0.0779260122688844
brain ECF,0.0238321946701172,optimized,22.2,0.0776358136560592
brain ECF,0.0238321946701172,optimized,22.3,0.0773466829145236
brain ECF,0.0238321946701172,optimized,22.4,0.0770586165850696
brain ECF,0.0238321946701172,optimized,22.5,0.0767716112022498
brain ECF,0.0238321946701172,optimized,22.6,0.0764856632951208
brain ECF,0.0238321946701172,optimized,22.7,0.0762007693879077
brain ECF,0.0238321946701172,optimized,22.8,0.0759169260006877
brain ECF,0.0238321946701172,optimized,22.9,0.0756341296500278
brain ECF,0.0238321946701172,optimized,23,0.0753523768496174
brain ECF,0.0238321946701172,optimized,23.1,0.0750716641108341
brain ECF,0.0238321946701172,optimized,23.2,0.0747919879433229
brain ECF,0.0238321946701172,optimized,23.3,0.0745133448555517
brain ECF,0.0238321946701172,optimized,23.4,0.0742357313553315
brain ECF,0.0238321946701172,optimized,23.5,0.0739591439503057
brain ECF,0.0238321946701172,optimized,23.6,0.0736835791484398
brain ECF,0.0238321946701172,optimized,23.7,0.0734090334585046
brain ECF,0.0238321946701172,optimized,23.8,0.0731355033904883
brain ECF,0.0238321946701172,optimized,23.9,0.0728629854560379
brain ECF,0.0238321946701172,optimized,24,0.0725914761688824
brain ECF,0.0238321946701172,optimized,24.1,0.0723209720452039
brain ECF,0.0238321946701172,optimized,24.2,0.0720514696040167
brain ECF,0.0238321946701172,optimized,24.3,0.0717829653675473
brain ECF,0.0238321946701172,optimized,24.4,0.0715154558615652
brain ECF,0.0238321946701172,optimized,24.5,0.0712489376157051
brain ECF,0.0238321946701172,optimized,24.6,0.0709834071638118
brain ECF,0.0238321946701172,optimized,24.7,0.0707188610442208
brain ECF,0.0238321946701172,optimized,24.8,0.0704552958000509
brain ECF,0.0238321946701172,optimized,24.9,0.0701927079795049
brain ECF,0.0238321946701172,optimized,25,0.0699310941361147
brain ECF,0.0238321946701172,optimized,25.1,0.0696704508289993
brain ECF,0.0238321946701172,optimized,25.2,0.0694107746231272
brain ECF,0.0238321946701172,optimized,25.3,0.0691520620895332
brain ECF,0.0238321946701172,optimized,25.4,0.068894309805538
brain ECF,0.0238321946701172,optimized,25.5,0.0686375143549968
brain ECF,0.0238321946701172,optimized,25.6,0.0683816723284544
brain ECF,0.0238321946701172,optimized,25.7,0.0681267803233777
brain ECF,0.0238321946701172,optimized,25.8,0.0678728349443299
brain ECF,0.0238321946701172,optimized,25.9,0.0676198328031363
brain ECF,0.0238321946701172,optimized,26,0.0673677705190844
brain ECF,0.0238321946701172,optimized,26.1,0.0671166447190557
brain ECF,0.0238321946701172,optimized,26.2,0.066866452037692
brain ECF,0.0238321946701172,optimized,26.3,0.0666171891175562
brain ECF,0.0238321946701172,optimized,26.4,0.0663688526092416
brain ECF,0.0238321946701172,optimized,26.5,0.0661214391715433
brain ECF,0.0238321946701172,optimized,26.6,0.0658749454715537
brain ECF,0.0238321946701172,optimized,26.7,0.0656293681847975
brain ECF,0.0238321946701172,optimized,26.8,0.0653847039953539
brain ECF,0.0238321946701172,optimized,26.9,0.0651409495959376
brain ECF,0.0238321946701172,optimized,27,0.0648981016880436
brain ECF,0.0238321946701172,optimized,27.1,0.0646561569820022
brain ECF,0.0238321946701172,optimized,27.2,0.0644151121971072
brain ECF,0.0238321946701172,optimized,27.3,0.0641749640616835
brain ECF,0.0238321946701172,optimized,27.4,0.0639357093131722
brain ECF,0.0238321946701172,optimized,27.5,0.0636973446982263
brain ECF,0.0238321946701172,optimized,27.6,0.0634598669727525
brain ECF,0.0238321946701172,optimized,27.7,0.0632232729020254
brain ECF,0.0238321946701172,optimized,27.8,0.0629875592607045
brain ECF,0.0238321946701172,optimized,27.9,0.062752722832944
brain ECF,0.0238321946701172,optimized,28,0.0625187604124069
brain ECF,0.0238321946701172,optimized,28.1,0.0622856688023566
brain ECF,0.0238321946701172,optimized,28.2,0.0620534448156791
brain ECF,0.0238321946701172,optimized,28.3,0.0618220852749502
brain ECF,0.0238321946701172,optimized,28.4,0.0615915870124715
brain ECF,0.0238321946701172,optimized,28.5,0.061361946870309
brain ECF,0.0238321946701172,optimized,28.6,0.061133161700346
brain ECF,0.0238321946701172,optimized,28.7,0.0609052283642928
brain ECF,0.0238321946701172,optimized,28.8,0.060678143733754
brain ECF,0.0238321946701172,optimized,28.9,0.0604519046902169
brain ECF,0.0238321946701172,optimized,29,0.0602265081251275
brain ECF,0.0238321946701172,optimized,29.1,0.0600019509398629
brain ECF,0.0238321946701172,optimized,29.2,0.0597782300458086
brain ECF,0.0238321946701172,optimized,29.3,0.0595553423643228
brain ECF,0.0238321946701172,optimized,29.4,0.0593332848268099
brain ECF,0.0238321946701172,optimized,29.5,0.0591120543746833
brain ECF,0.0238321946701172,optimized,29.6,0.0588916479594298
brain ECF,0.0238321946701172,optimized,29.7,0.0586720625425744
brain ECF,0.0238321946701172,optimized,29.8,0.0584532950957361
brain ECF,0.0238321946701172,optimized,29.9,0.0582353426005926
brain ECF,0.0238321946701172,optimized,30,0.0580182020489295
brain ECF,0.0238321946701172,optimized,30.1,0.0578018704426047
brain ECF,0.0238321946701172,optimized,30.2,0.0575863447935909
brain ECF,0.0238321946701172,optimized,30.3,0.0573716221239372
brain ECF,0.0238321946701172,optimized,30.4,0.0571576994658139
brain ECF,0.0238321946701172,optimized,30.5,0.0569445738614704
brain ECF,0.0238321946701172,optimized,30.6,0.0567322423632632
brain ECF,0.0238321946701172,optimized,30.7,0.0565207020336371
brain ECF,0.0238321946701172,optimized,30.8,0.0563099499451195
brain ECF,0.0238321946701172,optimized,30.9,0.0560999831803292
brain ECF,0.0238321946701172,optimized,31,0.055890798831945
brain ECF,0.0238321946701172,optimized,31.1,0.055682394002728
brain ECF,0.0238321946701172,optimized,31.2,0.0554747658054786
brain ECF,0.0238321946701172,optimized,31.3,0.0552679113630623
brain ECF,0.0238321946701172,optimized,31.4,0.0550618278083619
brain ECF,0.0238321946701172,optimized,31.5,0.0548565122843011
brain ECF,0.0238321946701172,optimized,31.6,0.0546519619438007
brain ECF,0.0238321946701172,optimized,31.7,0.0544481739497871
brain ECF,0.0238321946701172,optimized,31.8,0.0542451454751638
brain ECF,0.0238321946701172,optimized,31.9,0.0540428737028014
brain ECF,0.0238321946701172,optimized,32,0.05384135582553
brain ECF,0.0238321946701172,optimized,32.1,0.0536405890460971
brain ECF,0.0238321946701172,optimized,32.2,0.053440570577187
brain ECF,0.0238321946701172,optimized,32.3,0.0532412976413645
brain ECF,0.0238321946701172,optimized,32.4,0.0530427674710844
brain ECF,0.0238321946701172,optimized,32.5,0.0528449773086614
brain ECF,0.0238321946701172,optimized,32.6,0.0526479244062412
brain ECF,0.0238321946701172,optimized,32.7,0.0524516060258034
brain ECF,0.0238321946701172,optimized,32.8,0.0522560194391101
brain ECF,0.0238321946701172,optimized,32.9,0.0520611619277154
brain ECF,0.0238321946701172,optimized,33,0.0518670307829211
brain ECF,0.0238321946701172,optimized,33.1,0.0516736233057611
brain ECF,0.0238321946701172,optimized,33.2,0.0514809368069868
brain ECF,0.0238321946701172,optimized,33.3,0.0512889686070251
brain ECF,0.0238321946701172,optimized,33.4,0.0510977160359785
brain ECF,0.0238321946701172,optimized,33.5,0.0509071764335772
brain ECF,0.0238321946701172,optimized,33.6,0.0507173471491738
brain ECF,0.0238321946701172,optimized,33.7,0.0505282255417139
brain ECF,0.0238321946701172,optimized,33.8,0.0503398089796951
brain ECF,0.0238321946701172,optimized,33.9,0.0501520948411705
brain ECF,0.0238321946701172,optimized,34,0.0499650805137005
brain ECF,0.0238321946701172,optimized,34.1,0.0497787633943292
brain ECF,0.0238321946701172,optimized,34.2,0.0495931408895747
brain ECF,0.0238321946701172,optimized,34.3,0.0494082104153787
brain ECF,0.0238321946701172,optimized,34.4,0.0492239693970998
brain ECF,0.0238321946701172,optimized,34.5,0.0490404152694801
brain ECF,0.0238321946701172,optimized,34.6,0.0488575454766091
brain ECF,0.0238321946701172,optimized,34.7,0.0486753574719144
brain ECF,0.0238321946701172,optimized,34.8,0.04849384871812
brain ECF,0.0238321946701172,optimized,34.9,0.0483130166872213
brain ECF,0.0238321946701172,optimized,35,0.0481328588604663
brain ECF,0.0238321946701172,optimized,35.1,0.0479533727283132
brain ECF,0.0238321946701172,optimized,35.2,0.0477745557904154
brain ECF,0.0238321946701172,optimized,35.3,0.0475964055555885
brain ECF,0.0238321946701172,optimized,35.4,0.0474189195417752
brain ECF,0.0238321946701172,optimized,35.5,0.0472420952760319
brain ECF,0.0238321946701172,optimized,35.6,0.0470659302944897
brain ECF,0.0238321946701172,optimized,35.7,0.0468904221423215
brain ECF,0.0238321946701172,optimized,35.8,0.046715568373729
brain ECF,0.0238321946701172,optimized,35.9,0.0465413665519019
brain ECF,0.0238321946701172,optimized,36,0.0463678142489866
brain ECF,0.0238321946701172,optimized,36.1,0.0461949090460704
brain ECF,0.0238321946701172,optimized,36.2,0.0460226485331424
brain ECF,0.0238321946701172,optimized,36.3,0.0458510303090634
brain ECF,0.0238321946701172,optimized,36.4,0.0456800519815459
brain ECF,0.0238321946701172,optimized,36.5,0.0455097111671177
brain ECF,0.0238321946701172,optimized,36.6,0.0453400054910927
brain ECF,0.0238321946701172,optimized,36.7,0.0451709325875475
brain ECF,0.0238321946701172,optimized,36.8,0.0450024900992874
brain ECF,0.0238321946701172,optimized,36.9,0.0448346756778168
brain ECF,0.0238321946701172,optimized,37,0.0446674869833144
brain ECF,0.0238321946701172,optimized,37.1,0.0445009216846005
brain ECF,0.0238321946701172,optimized,37.2,0.0443349774591075
brain ECF,0.0238321946701172,optimized,37.3,0.0441696519928535
brain ECF,0.0238321946701172,optimized,37.4,0.0440049429804109
brain ECF,0.0238321946701172,optimized,37.5,0.043840848124877
brain ECF,0.0238321946701172,optimized,37.6,0.0436773651378469
brain ECF,0.0238321946701172,optimized,37.7,0.0435144917393825
brain ECF,0.0238321946701172,optimized,37.8,0.0433522256579836
brain ECF,0.0238321946701172,optimized,37.9,0.0431905646305595
brain ECF,0.0238321946701172,optimized,38,0.0430295064023988
brain ECF,0.0238321946701172,optimized,38.1,0.042869048727142
brain ECF,0.0238321946701172,optimized,38.2,0.0427091893667507
brain ECF,0.0238321946701172,optimized,38.3,0.0425499260914787
brain ECF,0.0238321946701172,optimized,38.4,0.0423912566798442
brain ECF,0.0238321946701172,optimized,38.5,0.0422331789186016
brain ECF,0.0238321946701172,optimized,38.6,0.0420756906027088
brain ECF,0.0238321946701172,optimized,38.7,0.0419187895353006
brain ECF,0.0238321946701172,optimized,38.8,0.0417624735276645
brain ECF,0.0238321946701172,optimized,38.9,0.0416067403992025
brain ECF,0.0238321946701172,optimized,39,0.0414515879774081
brain ECF,0.0238321946701172,optimized,39.1,0.0412970140978392
brain ECF,0.0238321946701172,optimized,39.2,0.0411430166040868
brain ECF,0.0238321946701172,optimized,39.3,0.040989593347744
brain ECF,0.0238321946701172,optimized,39.4,0.0408367421883815
brain ECF,0.0238321946701172,optimized,39.5,0.040684460993522
brain ECF,0.0238321946701172,optimized,39.6,0.0405327476386014
brain ECF,0.0238321946701172,optimized,39.7,0.040381600006948
brain ECF,0.0238321946701172,optimized,39.8,0.0402310159897607
brain ECF,0.0238321946701172,optimized,39.9,0.0400809934860639
brain ECF,0.0238321946701172,optimized,40,0.0399315304026894
brain ECF,0.0238321946701172,optimized,40.1,0.039782624654247
brain ECF,0.0238321946701172,optimized,40.2,0.0396342741631096
brain ECF,0.0238321946701172,optimized,40.3,0.0394864768593561
brain ECF,0.0238321946701172,optimized,40.4,0.0393392306807637
brain ECF,0.0238321946701172,optimized,40.5,0.0391925335727775
brain ECF,0.0238321946701172,optimized,40.6,0.0390463834884935
brain ECF,0.0238321946701172,optimized,40.7,0.0389007783886016
brain ECF,0.0238321946701172,optimized,40.8,0.0387557162413797
brain ECF,0.0238321946701172,optimized,40.9,0.0386111950226654
brain ECF,0.0238321946701172,optimized,41,0.0384672127158333
brain ECF,0.0238321946701172,optimized,41.1,0.0383237673117437
brain ECF,0.0238321946701172,optimized,41.2,0.0381808568087353
brain ECF,0.0238321946701172,optimized,41.3,0.0380384792125995
brain ECF,0.0238321946701172,optimized,41.4,0.0378966325365506
brain ECF,0.0238321946701172,optimized,41.5,0.0377553148011834
brain ECF,0.0238321946701172,optimized,41.6,0.0376145240344614
brain ECF,0.0238321946701172,optimized,41.7,0.0374742582716962
brain ECF,0.0238321946701172,optimized,41.8,0.0373345155555084
brain ECF,0.0238321946701172,optimized,41.9,0.0371952939357955
brain ECF,0.0238321946701172,optimized,42,0.0370565914697152
brain ECF,0.0238321946701172,optimized,42.1,0.036918406221671
brain ECF,0.0238321946701172,optimized,42.2,0.036780736263261
brain ECF,0.0238321946701172,optimized,42.3,0.0366435796732589
brain ECF,0.0238321946701172,optimized,42.4,0.0365069345375917
brain ECF,0.0238321946701172,optimized,42.5,0.0363707989493373
brain ECF,0.0238321946701172,optimized,42.6,0.0362351710086442
brain ECF,0.0238321946701172,optimized,42.7,0.0361000488227411
brain ECF,0.0238321946701172,optimized,42.8,0.0359654305059029
brain ECF,0.0238321946701172,optimized,42.9,0.0358313141794388
brain ECF,0.0238321946701172,optimized,43,0.0356976979716654
brain ECF,0.0238321946701172,optimized,43.1,0.035564580017838
brain ECF,0.0238321946701172,optimized,43.2,0.0354319584601668
brain ECF,0.0238321946701172,optimized,43.3,0.0352998314477785
brain ECF,0.0238321946701172,optimized,43.4,0.0351681971367346
brain ECF,0.0238321946701172,optimized,43.5,0.0350370536899188
brain ECF,0.0238321946701172,optimized,43.6,0.0349063992770655
brain ECF,0.0238321946701172,optimized,43.7,0.0347762320747273
brain ECF,0.0238321946701172,optimized,43.8,0.0346465502662617
brain ECF,0.0238321946701172,optimized,43.9,0.0345173520418094
brain ECF,0.0238321946701172,optimized,44,0.0343886355982161
brain ECF,0.0238321946701172,optimized,44.1,0.0342603991390578
brain ECF,0.0238321946701172,optimized,44.2,0.0341326408746005
brain ECF,0.0238321946701172,optimized,44.3,0.0340053590218149
brain ECF,0.0238321946701172,optimized,44.4,0.0338785518042756
brain ECF,0.0238321946701172,optimized,44.5,0.0337522174521807
brain ECF,0.0238321946701172,optimized,44.6,0.0336263542023237
brain ECF,0.0238321946701172,optimized,44.7,0.0335009602980781
brain ECF,0.0238321946701172,optimized,44.8,0.0333760339893802
brain ECF,0.0238321946701172,optimized,44.9,0.0332515735326502
brain ECF,0.0238321946701172,optimized,45,0.0331275771908179
brain ECF,0.0238321946701172,optimized,45.1,0.0330040432332831
brain ECF,0.0238321946701172,optimized,45.2,0.0328809699359309
brain ECF,0.0238321946701172,optimized,45.3,0.0327583555810345
brain ECF,0.0238321946701172,optimized,45.4,0.0326361984572707
brain ECF,0.0238321946701172,optimized,45.5,0.0325144968596954
brain ECF,0.0238321946701172,optimized,45.6,0.0323932490897338
brain ECF,0.0238321946701172,optimized,45.7,0.032272453455165
brain ECF,0.0238321946701172,optimized,45.8,0.0321521082700175
brain ECF,0.0238321946701172,optimized,45.9,0.0320322118546238
brain ECF,0.0238321946701172,optimized,46,0.0319127625355731
brain ECF,0.0238321946701172,optimized,46.1,0.0317937586456871
brain ECF,0.0238321946701172,optimized,46.2,0.0316751985240907
brain ECF,0.0238321946701172,optimized,46.3,0.0315570805159868
brain ECF,0.0238321946701172,optimized,46.4,0.0314394029727736
brain ECF,0.0238321946701172,optimized,46.5,0.0313221642519956
brain ECF,0.0238321946701172,optimized,46.6,0.0312053627173147
brain ECF,0.0238321946701172,optimized,46.7,0.0310889967385391
brain ECF,0.0238321946701172,optimized,46.8,0.0309730646915548
brain ECF,0.0238321946701172,optimized,46.9,0.0308575649582311
brain ECF,0.0238321946701172,optimized,47,0.0307424959264997
brain ECF,0.0238321946701172,optimized,47.1,0.0306278559902979
brain ECF,0.0238321946701172,optimized,47.2,0.030513643549553
brain ECF,0.0238321946701172,optimized,47.3,0.0303998570102491
brain ECF,0.0238321946701172,optimized,47.4,0.0302864947841774
brain ECF,0.0238321946701172,optimized,47.5,0.0301735552890967
brain ECF,0.0238321946701172,optimized,47.6,0.0300610369486613
brain ECF,0.0238321946701172,optimized,47.7,0.0299489381923975
brain ECF,0.0238321946701172,optimized,47.8,0.0298372574557056
brain ECF,0.0238321946701172,optimized,47.9,0.0297259931798252
brain ECF,0.0238321946701172,optimized,48,0.0296151438117993
brain ECF,10000000000,perfusion-limited,0,0
brain ECF,10000000000,perfusion-limited,0.1,1.5270669819534
brain ECF,10000000000,perfusion-limited,0.2,3.32350278965389
brain ECF,10000000000,perfusion-limited,0.3,4.10740998095146
brain ECF,10000000000,perfusion-limited,0.4,3.22450910210521
brain ECF,10000000000,perfusion-limited,0.5,2.59176431304063
brain ECF,10000000000,perfusion-limited,0.6,2.26723727753165
brain ECF,10000000000,perfusion-limited,0.7,2.09284281407863
brain ECF,10000000000,perfusion-limited,0.8,1.98133745733622
brain ECF,10000000000,perfusion-limited,0.9,1.89572850929007
brain ECF,10000000000,perfusion-limited,1,1.82149017788094
brain ECF,10000000000,perfusion-limited,1.1,1.7530503544986
brain ECF,10000000000,perfusion-limited,1.2,1.6882627933495
brain ECF,10000000000,perfusion-limited,1.3,1.62627208660281
brain ECF,10000000000,perfusion-limited,1.4,1.56670715095966
brain ECF,10000000000,perfusion-limited,1.5,1.50937928278101
brain ECF,10000000000,perfusion-limited,1.6,1.4541695022363
brain ECF,10000000000,perfusion-limited,1.7,1.4009865475368
brain ECF,10000000000,perfusion-limited,1.8,1.34975118302059
brain ECF,10000000000,perfusion-limited,1.9,1.30039030047312
brain ECF,10000000000,perfusion-limited,2,1.25283466515528
brain ECF,10000000000,perfusion-limited,2.1,1.20701801944128
brain ECF,10000000000,perfusion-limited,2.2,1.16287669330809
brain ECF,10000000000,perfusion-limited,2.3,1.12034940549116
brain ECF,10000000000,perfusion-limited,2.4,1.07937713735183
brain ECF,10000000000,perfusion-limited,2.5,1.03990303583199
brain ECF,10000000000,perfusion-limited,2.6,1.00187232891922
brain ECF,10000000000,perfusion-limited,2.7,0.965232247651267
brain ECF,10000000000,perfusion-limited,2.8,0.929931952173052
brain ECF,10000000000,perfusion-limited,2.9,0.89592246097946
brain ECF,10000000000,perfusion-limited,3,0.863156582911924
brain ECF,10000000000,perfusion-limited,3.1,0.831588851702298
brain ECF,10000000000,perfusion-limited,3.2,0.801175462932965
brain ECF,10000000000,perfusion-limited,3.3,0.771874213306374
brain ECF,10000000000,perfusion-limited,3.4,0.743644442139048
brain ECF,10000000000,perfusion-limited,3.5,0.716446974990216
brain ECF,10000000000,perfusion-limited,3.6,0.690244069352809
brain ECF,10000000000,perfusion-limited,3.7,0.664999362328462
brain ECF,10000000000,perfusion-limited,3.8,0.640677820210694
brain ECF,10000000000,perfusion-limited,3.9,0.617245689913794
brain ECF,10000000000,perfusion-limited,4,0.594670452174265
brain ECF,10000000000,perfusion-limited,4.1,0.572920776461019
brain ECF,10000000000,perfusion-limited,4.2,0.55196647753398
brain ECF,10000000000,perfusion-limited,4.3,0.531778473589589
brain ECF,10000000000,perfusion-limited,4.4,0.512328745934492
brain ECF,10000000000,perfusion-limited,4.5,0.493590300133962
brain ECF,10000000000,perfusion-limited,4.6,0.475537128577904
brain ECF,10000000000,perfusion-limited,4.7,0.458144174415162
brain ECF,10000000000,perfusion-limited,4.8,0.441387296806577
brain ECF,10000000000,perfusion-limited,4.9,0.42524323744668
brain ECF,10000000000,perfusion-limited,5,0.409689588307661
brain ECF,10000000000,perfusion-limited,5.1,0.394704760562785
brain ECF,10000000000,perfusion-limited,5.2,0.380267954646105
brain ECF,10000000000,perfusion-limited,5.3,0.366359131404272
brain ECF,10000000000,perfusion-limited,5.4,0.352958984303439
brain ECF,10000000000,perfusion-limited,5.5,0.340048912652283
brain ECF,10000000000,perfusion-limited,5.6,0.327610995802266
brain ECF,10000000000,perfusion-limited,5.7,0.315627968290499
brain ECF,10000000000,perfusion-limited,5.8,0.304083195892549
brain ECF,10000000000,perfusion-limited,5.9,0.29296065254908
brain ECF,10000000000,perfusion-limited,6,0.282244898134793
brain ECF,10000000000,perfusion-limited,6.1,0.271921057041601
brain ECF,10000000000,perfusion-limited,6.2,0.261974797543736
brain ECF,10000000000,perfusion-limited,6.3,0.252392311916288
brain ECF,10000000000,perfusion-limited,6.4,0.243160297280261
brain ECF,10000000000,perfusion-limited,6.5,0.234265937149166
brain ECF,10000000000,perfusion-limited,6.6,0.225696883648668
brain ECF,10000000000,perfusion-limited,6.7,0.21744124038539
brain ECF,10000000000,perfusion-limited,6.8,0.209487545943429
brain ECF,10000000000,perfusion-limited,6.9,0.201824757983424
brain ECF,10000000000,perfusion-limited,7,0.194442237922277
brain ECF,10000000000,perfusion-limited,7.1,0.187329736172497
brain ECF,10000000000,perfusion-limited,7.2,0.180477377922476
brain ECF,10000000000,perfusion-limited,7.3,0.173875649435396
brain ECF,10000000000,perfusion-limited,7.4,0.167515384849079
brain ECF,10000000000,perfusion-limited,7.5,0.161387753456965
brain ECF,10000000000,perfusion-limited,7.6,0.155484247457232
brain ECF,10000000000,perfusion-limited,7.7,0.14979667014704
brain ECF,10000000000,perfusion-limited,7.8,0.144317124548446
brain ECF,10000000000,perfusion-limited,7.9,0.139038002450812
brain ECF,10000000000,perfusion-limited,8,0.133951973853794
brain ECF,10000000000,perfusion-limited,8.1,0.129051976795438
brain ECF,10000000000,perfusion-limited,8.2,0.124331207552632
brain ECF,10000000000,perfusion-limited,8.3,0.11978311119971
brain ECF,10000000000,perfusion-limited,8.4,0.115401372512605
brain ECF,10000000000,perfusion-limited,8.5,0.111179907203743
brain ECF,10000000000,perfusion-limited,8.6,0.107112853479418
brain ECF,10000000000,perfusion-limited,8.7,0.103194563904931
brain ECF,10000000000,perfusion-limited,8.8,0.0994195975669092
brain ECF,10000000000,perfusion-limited,8.9,0.0957827125220261
brain ECF,10000000000,perfusion-limited,9,0.0922788585225541
brain ECF,10000000000,perfusion-limited,9.1,0.0889031700071435
brain ECF,10000000000,perfusion-limited,9.2,0.0856509593469681
brain ECF,10000000000,perfusion-limited,9.3,0.0825177103419102
brain ECF,10000000000,perfusion-limited,9.4,0.0794990719512329
brain ECF,10000000000,perfusion-limited,9.5,0.0765908522528696
brain ECF,10000000000,perfusion-limited,9.6,0.0737890126287518
brain ECF,10000000000,perfusion-limited,9.7,0.0710896621566891
brain ECF,10000000000,perfusion-limited,9.8,0.0684890522105204
brain ECF,10000000000,perfusion-limited,9.9,0.0659835712574694
brain ECF,10000000000,perfusion-limited,10,0.0635697398433714
brain ECF,10000000000,perfusion-limited,10.1,0.0612442057659732
brain ECF,10000000000,perfusion-limited,10.2,0.0590037394194159
brain ECF,10000000000,perfusion-limited,10.3,0.0568452293119649
brain ECF,10000000000,perfusion-limited,10.4,0.0547656777471796
brain ECF,10000000000,perfusion-limited,10.5,0.0527621966620439
brain ECF,10000000000,perfusion-limited,10.6,0.0508320036197839
brain ECF,10000000000,perfusion-limited,10.7,0.0489724179443793
brain ECF,10000000000,perfusion-limited,10.8,0.0471808570024036
brain ECF,10000000000,perfusion-limited,10.9,0.0454548326147113
brain ECF,10000000000,perfusion-limited,11,0.0437919476060223
brain ECF,10000000000,perfusion-limited,11.1,0.0421898924733682
brain ECF,10000000000,perfusion-limited,11.2,0.040646442183311
brain ECF,10000000000,perfusion-limited,11.3,0.0391594530792713
brain ECF,10000000000,perfusion-limited,11.4,0.0377268599094531
brain ECF,10000000000,perfusion-limited,11.5,0.0363466729568377
brain ECF,10000000000,perfusion-limited,11.6,0.0350169752785607
brain ECF,10000000000,perfusion-limited,11.7,0.0337359200435437
brain ECF,10000000000,perfusion-limited,11.8,0.0325017279680173
brain ECF,10000000000,perfusion-limited,11.9,0.0313126848475422
brain ECF,10000000000,perfusion-limited,12,0.0301671391740519
brain ECF,10000000000,perfusion-limited,12.1,0.0290634998460278
brain ECF,10000000000,perfusion-limited,12.2,0.0280002339564462
brain ECF,10000000000,perfusion-limited,12.3,0.0269758646657376
brain ECF,10000000000,perfusion-limited,12.4,0.0259889691527094
brain ECF,10000000000,perfusion-limited,12.5,0.0250381766364115
brain ECF,10000000000,perfusion-limited,12.6,0.0241221664750299
brain ECF,10000000000,perfusion-limited,12.7,0.0232396663313452
brain ECF,10000000000,perfusion-limited,12.8,0.022389450405114
brain ECF,10000000000,perfusion-limited,12.9,0.0215703377329318
brain ECF,10000000000,perfusion-limited,13,0.0207811905478639
brain ECF,10000000000,perfusion-limited,13.1,0.0200209126986638
brain ECF,10000000000,perfusion-limited,13.2,0.0192884481287099
brain ECF,10000000000,perfusion-limited,13.3,0.0185827794095547
brain ECF,10000000000,perfusion-limited,13.4,0.0179029263271944
brain ECF,10000000000,perfusion-limited,13.5,0.0172479445220348
brain ECF,10000000000,perfusion-limited,13.6,0.0166169241780153
brain ECF,10000000000,perfusion-limited,13.7,0.0160089887577261
brain ECF,10000000000,perfusion-limited,13.8,0.0154232937856765
brain ECF,10000000000,perfusion-limited,13.9,0.0148590256759496
brain ECF,10000000000,perfusion-limited,14,0.0143154006033471
brain ECF,10000000000,perfusion-limited,14.1,0.0137916634130157
brain ECF,10000000000,perfusion-limited,14.2,0.0132870865731183
brain ECF,10000000000,perfusion-limited,14.3,0.0128009691640195
brain ECF,10000000000,perfusion-limited,14.4,0.0123326359052215
brain ECF,10000000000,perfusion-limited,14.5,0.0118814362172908
brain ECF,10000000000,perfusion-limited,14.6,0.0114467433185058
brain ECF,10000000000,perfusion-limited,14.7,0.0110279533545499
brain ECF,10000000000,perfusion-limited,14.8,0.0106244845600018
brain ECF,10000000000,perfusion-limited,14.9,0.010235776450284
brain ECF,10000000000,perfusion-limited,15,0.00986128904295979
brain ECF,10000000000,perfusion-limited,15.1,0.00950050210802831
brain ECF,10000000000,perfusion-limited,15.2,0.00915291444579296
brain ECF,10000000000,perfusion-limited,15.3,0.00881804319048971
brain ECF,10000000000,perfusion-limited,15.4,0.0084954231399126
brain ECF,10000000000,perfusion-limited,15.5,0.00818460610893925
brain ECF,10000000000,perfusion-limited,15.6,0.00788516030746608
brain ECF,10000000000,perfusion-limited,15.7,0.00759666974015016
brain ECF,10000000000,perfusion-limited,15.8,0.00731873362941787
brain ECF,10000000000,perfusion-limited,15.9,0.00705096585847567
brain ECF,10000000000,perfusion-limited,16,0.00679299443516079
brain ECF,10000000000,perfusion-limited,16.1,0.00654446097512974
brain ECF,10000000000,perfusion-limited,16.2,0.00630502020394772
brain ECF,10000000000,perfusion-limited,16.3,0.00607433947784334
brain ECF,10000000000,perfusion-limited,16.4,0.00585209832176724
brain ECF,10000000000,perfusion-limited,16.5,0.00563798798416344
brain ECF,10000000000,perfusion-limited,16.6,0.00543171100826634
brain ECF,10000000000,perfusion-limited,16.7,0.00523298081866066
brain ECF,10000000000,perfusion-limited,16.8,0.00504152132325822
brain ECF,10000000000,perfusion-limited,16.9,0.00485706652987683
brain ECF,10000000000,perfusion-limited,17,0.00467936017699073
brain ECF,10000000000,perfusion-limited,17.1,0.00450815537777349
brain ECF,10000000000,perfusion-limited,17.2,0.00434321427706392
brain ECF,10000000000,perfusion-limited,17.3,0.00418430772103186
brain ECF,10000000000,perfusion-limited,17.4,0.00403121493891236
brain ECF,10000000000,perfusion-limited,17.5,0.00388372323606627
brain ECF,10000000000,perfusion-limited,17.6,0.00374162769876598
brain ECF,10000000000,perfusion-limited,17.7,0.00360473090969824
brain ECF,10000000000,perfusion-limited,17.8,0.00347284267370547
brain ECF,10000000000,perfusion-limited,17.9,0.00334577975350693
brain ECF,10000000000,perfusion-limited,18,0.00322336561522184
brain ECF,10000000000,perfusion-limited,18.1,0.00310543018318689
brain ECF,10000000000,perfusion-limited,18.2,0.00299180960344254
brain ECF,10000000000,perfusion-limited,18.3,0.00288234601630801
brain ECF,10000000000,perfusion-limited,18.4,0.00277688733722867
brain ECF,10000000000,perfusion-limited,18.5,0.0026752870455068
brain ECF,10000000000,perfusion-limited,18.6,0.00257740398069095
brain ECF,10000000000,perfusion-limited,18.7,0.002483102146489
brain ECF,10000000000,perfusion-limited,18.8,0.00239225052207913
brain ECF,10000000000,perfusion-limited,18.9,0.00230472287941703
brain ECF,10000000000,perfusion-limited,19,0.00222039760843076
brain ECF,10000000000,perfusion-limited,19.1,0.00213915754810856
brain ECF,10000000000,perfusion-limited,19.2,0.00206088982375162
brain ECF,10000000000,perfusion-limited,19.3,0.00198548569009983
brain ECF,10000000000,perfusion-limited,19.4,0.001912840380222
brain ECF,10000000000,perfusion-limited,19.5,0.00184285296004824
brain ECF,10000000000,perfusion-limited,19.6,0.00177542618815599
brain ECF,10000000000,perfusion-limited,19.7,0.00171046638049588
brain ECF,10000000000,perfusion-limited,19.8,0.00164788328054303
brain ECF,10000000000,perfusion-limited,19.9,0.00158758993332311
brain ECF,10000000000,perfusion-limited,20,0.00152950256547542
brain ECF,10000000000,perfusion-limited,20.1,0.00147354046849204
brain ECF,10000000000,perfusion-limited,20.2,0.00141962588653001
brain ECF,10000000000,perfusion-limited,20.3,0.00136768390846444
brain ECF,10000000000,perfusion-limited,20.4,0.00131764236383434
brain ECF,10000000000,perfusion-limited,20.5,0.0012694317226097
brain ECF,10000000000,perfusion-limited,20.6,0.00122298499796555
brain ECF,10000000000,perfusion-limited,20.7,0.00117823765404325
brain ECF,10000000000,perfusion-limited,20.8,0.00113512751625807
brain ECF,10000000000,perfusion-limited,20.9,0.00109359468468672
brain ECF,10000000000,perfusion-limited,21,0.00105358145083782
brain ECF,10000000000,perfusion-limited,21.1,0.00101503221765673
brain ECF,10000000000,perfusion-limited,21.2,0.000977893421880006
brain ECF,10000000000,perfusion-limited,21.3,0.000942113459799002
brain ECF,10000000000,perfusion-limited,21.4,0.000907642615810449
brain ECF,10000000000,perfusion-limited,21.5,0.000874432993183115
brain ECF,10000000000,perfusion-limited,21.6,0.00084243844776377
brain ECF,10000000000,perfusion-limited,21.7,0.000811614522972535
brain ECF,10000000000,perfusion-limited,21.8,0.000781918389220037
brain ECF,10000000000,perfusion-limited,21.9,0.000753308783861423
brain ECF,10000000000,perfusion-limited,22,0.000725745953887805
brain ECF,10000000000,perfusion-limited,22.1,0.000699191600962752
brain ECF,10000000000,perfusion-limited,22.2,0.000673608827051519
brain ECF,10000000000,perfusion-limited,22.3,0.000648962084682969
brain ECF,10000000000,perfusion-limited,22.4,0.000625217126983064
brain ECF,10000000000,perfusion-limited,22.5,0.000602340959984349
brain ECF,10000000000,perfusion-limited,22.6,0.000580301796393728
brain ECF,10000000000,perfusion-limited,22.7,0.00055906901247883
brain ECF,10000000000,perfusion-limited,22.8,0.000538613104907659
brain ECF,10000000000,perfusion-limited,22.9,0.000518905649638687
brain ECF,10000000000,perfusion-limited,23,0.000499919262318539
brain ECF,10000000000,perfusion-limited,23.1,0.000481627560788008
brain ECF,10000000000,perfusion-limited,23.2,0.000464005128404178
brain ECF,10000000000,perfusion-limited,23.3,0.000447027477535871
brain ECF,10000000000,perfusion-limited,23.4,0.000430671016947484
brain ECF,10000000000,perfusion-limited,23.5,0.00041491301884824
brain ECF,10000000000,perfusion-limited,23.6,0.000399731586798892
brain ECF,10000000000,perfusion-limited,23.7,0.00038510562505856
brain ECF,10000000000,perfusion-limited,23.8,0.000371014810265828
brain ECF,10000000000,perfusion-limited,23.9,0.00035743956274849
brain ECF,10000000000,perfusion-limited,24,0.000344361018547556
brain ECF,10000000000,perfusion-limited,24.1,0.000331761004230534
brain ECF,10000000000,perfusion-limited,24.2,0.000319622011741564
brain ECF,10000000000,perfusion-limited,24.3,0.000307927172443268
brain ECF,10000000000,perfusion-limited,24.4,0.00029666023563601
brain ECF,10000000000,perfusion-limited,24.5,0.000285805545527836
brain ECF,10000000000,perfusion-limited,24.6,0.000275348018188647
brain ECF,10000000000,perfusion-limited,24.7,0.000265273122230108
brain ECF,10000000000,perfusion-limited,24.8,0.000255566858189679
brain ECF,10000000000,perfusion-limited,24.9,0.000246215737918594
brain ECF,10000000000,perfusion-limited,25,0.00023720676738417
brain ECF,10000000000,perfusion-limited,25.1,0.000228527428404827
brain ECF,10000000000,perfusion-limited,25.2,0.000220165659541442
brain ECF,10000000000,perfusion-limited,25.3,0.000212109841638834
brain ECF,10000000000,perfusion-limited,25.4,0.000204348780566131
brain ECF,10000000000,perfusion-limited,25.5,0.000196871690966892
brain ECF,10000000000,perfusion-limited,25.6,0.000189668183284898
brain ECF,10000000000,perfusion-limited,25.7,0.000182728247167275
brain ECF,10000000000,perfusion-limited,25.8,0.000176042238865158
brain ECF,10000000000,perfusion-limited,25.9,0.000169600867947847
brain ECF,10000000000,perfusion-limited,26,0.000163395182851229
brain ECF,10000000000,perfusion-limited,26.1,0.000157416560412698
brain ECF,10000000000,perfusion-limited,26.2,0.000151656692976442
brain ECF,10000000000,perfusion-limited,26.3,0.000146107575952625
brain ECF,10000000000,perfusion-limited,26.4,0.000140761498935937
brain ECF,10000000000,perfusion-limited,26.5,0.000135611032095306
brain ECF,10000000000,perfusion-limited,26.6,0.000130649018767997
brain ECF,10000000000,perfusion-limited,26.7,0.000125868563372157
brain ECF,10000000000,perfusion-limited,26.8,0.000121263022768922
brain ECF,10000000000,perfusion-limited,26.9,0.000116825997531834
brain ECF,10000000000,perfusion-limited,27,0.000112551321181285
brain ECF,10000000000,perfusion-limited,27.1,0.000108433054104093
brain ECF,10000000000,perfusion-limited,27.2,0.000104465472997959
brain ECF,10000000000,perfusion-limited,27.3,0.000100643064565979
brain ECF,10000000000,perfusion-limited,27.4,9.69605173754425e-05
brain ECF,10000000000,perfusion-limited,27.5,9.3412713439593e-05
brain ECF,10000000000,perfusion-limited,27.6,8.99947233785439e-05
brain ECF,10000000000,perfusion-limited,27.7,8.67017964574543e-05
brain ECF,10000000000,perfusion-limited,27.8,8.35293575175078e-05
brain ECF,10000000000,perfusion-limited,27.9,8.04729971995646e-05
brain ECF,10000000000,perfusion-limited,28,7.75284689232919e-05
brain ECF,10000000000,perfusion-limited,28.1,7.46916803016314e-05
brain ECF,10000000000,perfusion-limited,28.2,7.19586896309597e-05
brain ECF,10000000000,perfusion-limited,28.3,6.93256987499661e-05
brain ECF,10000000000,perfusion-limited,28.4,6.67890488438132e-05
brain ECF,10000000000,perfusion-limited,28.5,6.43452148993431e-05
brain ECF,10000000000,perfusion-limited,28.6,6.19908005829167e-05
brain ECF,10000000000,perfusion-limited,28.7,5.97225347163143e-05
brain ECF,10000000000,perfusion-limited,28.8,5.75372643806509e-05
brain ECF,10000000000,perfusion-limited,28.9,5.54319536194969e-05
brain ECF,10000000000,perfusion-limited,29,5.34036758502519e-05
brain ECF,10000000000,perfusion-limited,29.1,5.14496132859246e-05
brain ECF,10000000000,perfusion-limited,29.2,4.95670495780988e-05
brain ECF,10000000000,perfusion-limited,29.3,4.77533693851993e-05
brain ECF,10000000000,perfusion-limited,29.4,4.60060515517878e-05
brain ECF,10000000000,perfusion-limited,29.5,4.4322668614622e-05
brain ECF,10000000000,perfusion-limited,29.6,4.27008805535758e-05
brain ECF,10000000000,perfusion-limited,29.7,4.11384342957569e-05
brain ECF,10000000000,perfusion-limited,29.8,3.96331578978486e-05
brain ECF,10000000000,perfusion-limited,29.9,3.81829601563108e-05
brain ECF,10000000000,perfusion-limited,30,3.67858251408365e-05
brain ECF,10000000000,perfusion-limited,30.1,3.543981207258e-05
brain ECF,10000000000,perfusion-limited,30.2,3.41430497063874e-05
brain ECF,10000000000,perfusion-limited,30.3,3.28937364387768e-05
brain ECF,10000000000,perfusion-limited,30.4,3.16901358294554e-05
brain ECF,10000000000,perfusion-limited,30.5,3.05305752339891e-05
brain ECF,10000000000,perfusion-limited,30.6,2.94134434126419e-05
brain ECF,10000000000,perfusion-limited,30.7,2.83371875429153e-05
brain ECF,10000000000,perfusion-limited,30.8,2.73003124255551e-05
brain ECF,10000000000,perfusion-limited,30.9,2.63013766248629e-05
brain ECF,10000000000,perfusion-limited,31,2.53389924973887e-05
brain ECF,10000000000,perfusion-limited,31.1,2.44118220573939e-05
brain ECF,10000000000,perfusion-limited,31.2,2.3518577432144e-05
brain ECF,10000000000,perfusion-limited,31.3,2.26580166760478e-05
brain ECF,10000000000,perfusion-limited,31.4,2.18289444816894e-05
brain ECF,10000000000,perfusion-limited,31.5,2.10302081822841e-05
brain ECF,10000000000,perfusion-limited,31.6,2.02606982211885e-05
brain ECF,10000000000,perfusion-limited,31.7,1.95193450408291e-05
brain ECF,10000000000,perfusion-limited,31.8,1.88051181553631e-05
brain ECF,10000000000,perfusion-limited,31.9,1.81170255107231e-05
brain ECF,10000000000,perfusion-limited,32,1.74541101112487e-05
brain ECF,10000000000,perfusion-limited,32.1,1.68154515064969e-05
brain ECF,10000000000,perfusion-limited,32.2,1.62001615055818e-05
brain ECF,10000000000,perfusion-limited,32.3,1.56073852495878e-05
brain ECF,10000000000,perfusion-limited,32.4,1.50362990813653e-05
brain ECF,10000000000,perfusion-limited,32.5,1.44861090093381e-05
brain ECF,10000000000,perfusion-limited,32.6,1.39560509489631e-05
brain ECF,10000000000,perfusion-limited,32.7,1.34453877298791e-05
brain ECF,10000000000,perfusion-limited,32.8,1.29534102256043e-05
brain ECF,10000000000,perfusion-limited,32.9,1.24794343766536e-05
brain ECF,10000000000,perfusion-limited,33,1.20228015084908e-05
brain ECF,10000000000,perfusion-limited,33.1,1.15828772674801e-05
brain ECF,10000000000,perfusion-limited,33.2,1.11590499248838e-05
brain ECF,10000000000,perfusion-limited,33.3,1.07507310815516e-05
brain ECF,10000000000,perfusion-limited,33.4,1.03573527641843e-05
brain ECF,10000000000,perfusion-limited,33.5,9.9783683907537e-06
brain ECF,10000000000,perfusion-limited,33.6,9.61325156986676e-06
brain ECF,10000000000,perfusion-limited,33.7,9.26149424879143e-06
brain ECF,10000000000,perfusion-limited,33.8,8.92260831265305e-06
brain ECF,10000000000,perfusion-limited,33.9,8.59612235941441e-06
brain ECF,10000000000,perfusion-limited,34,8.28158249809118e-06
brain ECF,10000000000,perfusion-limited,34.1,7.97855213028406e-06
brain ECF,10000000000,perfusion-limited,34.2,7.68660965369479e-06
brain ECF,10000000000,perfusion-limited,34.3,7.40534957961445e-06
brain ECF,10000000000,perfusion-limited,34.4,7.13438111673464e-06
brain ECF,10000000000,perfusion-limited,34.5,6.87332734637636e-06
brain ECF,10000000000,perfusion-limited,34.6,6.62182599385528e-06
brain ECF,10000000000,perfusion-limited,34.7,6.37952717944926e-06
brain ECF,10000000000,perfusion-limited,34.8,6.14609415818388e-06
brain ECF,10000000000,perfusion-limited,34.9,5.92120281654898e-06
brain ECF,10000000000,perfusion-limited,35,5.7045402371261e-06
brain ECF,10000000000,perfusion-limited,35.1,5.49580575419586e-06
brain ECF,10000000000,perfusion-limited,35.2,5.29470913729902e-06
brain ECF,10000000000,perfusion-limited,35.3,5.10097053857769e-06
brain ECF,10000000000,perfusion-limited,35.4,4.91432133548358e-06
brain ECF,10000000000,perfusion-limited,35.5,4.73450180522962e-06
brain ECF,10000000000,perfusion-limited,35.6,4.5612616767194e-06
brain ECF,10000000000,perfusion-limited,35.7,4.39436091108337e-06
brain ECF,10000000000,perfusion-limited,35.8,4.2335671202172e-06
brain ECF,10000000000,perfusion-limited,35.9,4.07865660570528e-06
brain ECF,10000000000,perfusion-limited,36,3.92941467954975e-06
brain ECF,10000000000,perfusion-limited,36.1,3.78563357099723e-06
brain ECF,10000000000,perfusion-limited,36.2,3.64711330826335e-06
brain ECF,10000000000,perfusion-limited,36.3,3.5136618620092e-06
brain ECF,10000000000,perfusion-limited,36.4,3.38509345977878e-06
brain ECF,10000000000,perfusion-limited,36.5,3.26122931870445e-06
brain ECF,10000000000,perfusion-limited,36.6,3.14189770017832e-06
brain ECF,10000000000,perfusion-limited,36.7,3.02693247064668e-06
brain ECF,10000000000,perfusion-limited,36.8,2.91617378581648e-06
brain ECF,10000000000,perfusion-limited,36.9,2.80946806089607e-06
brain ECF,10000000000,perfusion-limited,37,2.70666672281823e-06
brain ECF,10000000000,perfusion-limited,37.1,2.60762691736292e-06
brain ECF,10000000000,perfusion-limited,37.2,2.51221135058148e-06
brain ECF,10000000000,perfusion-limited,37.3,2.42028709825882e-06
brain ECF,10000000000,perfusion-limited,37.4,2.33172620810381e-06
brain ECF,10000000000,perfusion-limited,37.5,2.24640621753027e-06
brain ECF,10000000000,perfusion-limited,37.6,2.16420815452996e-06
brain ECF,10000000000,perfusion-limited,37.7,2.0850175603784e-06
brain ECF,10000000000,perfusion-limited,37.8,2.00872475500854e-06
brain ECF,10000000000,perfusion-limited,37.9,1.93522367662956e-06
brain ECF,10000000000,perfusion-limited,38,1.86441191705084e-06
brain ECF,10000000000,perfusion-limited,38.1,1.79619112796918e-06
brain ECF,10000000000,perfusion-limited,38.2,1.73046678346799e-06
brain ECF,10000000000,perfusion-limited,38.3,1.66714727224033e-06
brain ECF,10000000000,perfusion-limited,38.4,1.60614450524544e-06
brain ECF,10000000000,perfusion-limited,38.5,1.54737409561903e-06
brain ECF,10000000000,perfusion-limited,38.6,1.49075412143582e-06
brain ECF,10000000000,perfusion-limited,38.7,1.43620576394839e-06
brain ECF,10000000000,perfusion-limited,38.8,1.38365352627793e-06
brain ECF,10000000000,perfusion-limited,38.9,1.33302426512715e-06
brain ECF,10000000000,perfusion-limited,39,1.28424747611283e-06
brain ECF,10000000000,perfusion-limited,39.1,1.2372554672356e-06
brain ECF,10000000000,perfusion-limited,39.2,1.19198306349073e-06
brain ECF,10000000000,perfusion-limited,39.3,1.1483671609907e-06
brain ECF,10000000000,perfusion-limited,39.4,1.10634713161148e-06
brain ECF,10000000000,perfusion-limited,39.5,1.06586491718264e-06
brain ECF,10000000000,perfusion-limited,39.6,1.02686400317416e-06
brain ECF,10000000000,perfusion-limited,39.7,9.89290054328384e-07
brain ECF,10000000000,perfusion-limited,39.8,9.53090963742961e-07
brain ECF,10000000000,perfusion-limited,39.9,9.18216671104583e-07
brain ECF,10000000000,perfusion-limited,40,8.84618430743161e-07
brain ECF,10000000000,perfusion-limited,40.1,8.52249390170319e-07
brain ECF,10000000000,perfusion-limited,40.2,8.21064851245388e-07
brain ECF,10000000000,perfusion-limited,40.3,7.91021507763246e-07
brain ECF,10000000000,perfusion-limited,40.4,7.62077406153101e-07
brain ECF,10000000000,perfusion-limited,40.5,7.34192181170252e-07
brain ECF,10000000000,perfusion-limited,40.6,7.07327495375172e-07
brain ECF,10000000000,perfusion-limited,40.7,6.81445823231558e-07
brain ECF,10000000000,perfusion-limited,40.8,6.56511107678824e-07
brain ECF,10000000000,perfusion-limited,40.9,6.32488637107712e-07
brain ECF,10000000000,perfusion-limited,41,6.09345348957153e-07
brain ECF,10000000000,perfusion-limited,41.1,5.8704888532732e-07
brain ECF,10000000000,perfusion-limited,41.2,5.65568194548895e-07
brain ECF,10000000000,perfusion-limited,41.3,5.44873443670547e-07
brain ECF,10000000000,perfusion-limited,41.4,5.24936075344611e-07
brain ECF,10000000000,perfusion-limited,41.5,5.05728220758372e-07
brain ECF,10000000000,perfusion-limited,41.6,4.87223112038287e-07
brain ECF,10000000000,perfusion-limited,41.7,4.69395131523777e-07
brain ECF,10000000000,perfusion-limited,41.8,4.52219590905622e-07
brain ECF,10000000000,perfusion-limited,41.9,4.35672493122687e-07
brain ECF,10000000000,perfusion-limited,42,4.19730765903926e-07
brain ECF,10000000000,perfusion-limited,42.1,4.04372518910078e-07
brain ECF,10000000000,perfusion-limited,42.2,3.89576341695983e-07
brain ECF,10000000000,perfusion-limited,42.3,3.75321566477194e-07
brain ECF,10000000000,perfusion-limited,42.4,3.61588291825925e-07
brain ECF,10000000000,perfusion-limited,42.5,3.48357497478203e-07
brain ECF,10000000000,perfusion-limited,42.6,3.35611055640582e-07
brain ECF,10000000000,perfusion-limited,42.7,3.23331019825878e-07
brain ECF,10000000000,perfusion-limited,42.8,3.11500245221017e-07
brain ECF,10000000000,perfusion-limited,42.9,3.00102168274958e-07
brain ECF,10000000000,perfusion-limited,43,2.89121418216342e-07
brain ECF,10000000000,perfusion-limited,43.1,2.78542464343646e-07
brain ECF,10000000000,perfusion-limited,43.2,2.68350553483151e-07
brain ECF,10000000000,perfusion-limited,43.3,2.58531443287374e-07
brain ECF,10000000000,perfusion-limited,43.4,2.49071621755637e-07
brain ECF,10000000000,perfusion-limited,43.5,2.39958051193354e-07
brain ECF,10000000000,perfusion-limited,43.6,2.3117792912014e-07
brain ECF,10000000000,perfusion-limited,43.7,2.22719008769708e-07
brain ECF,10000000000,perfusion-limited,43.8,2.14569508803075e-07
brain ECF,10000000000,perfusion-limited,43.9,2.06718346322725e-07
brain ECF,10000000000,perfusion-limited,44,1.99154461071952e-07
brain ECF,10000000000,perfusion-limited,44.1,1.91867311607058e-07
brain ECF,10000000000,perfusion-limited,44.2,1.84846719422868e-07
brain ECF,10000000000,perfusion-limited,44.3,1.78083077485492e-07
brain ECF,10000000000,perfusion-limited,44.4,1.71566977837651e-07
brain ECF,10000000000,perfusion-limited,44.5,1.65289295091422e-07
brain ECF,10000000000,perfusion-limited,44.6,1.5924126365074e-07
brain ECF,10000000000,perfusion-limited,44.7,1.534144949407e-07
brain ECF,10000000000,perfusion-limited,44.8,1.47801037273271e-07
brain ECF,10000000000,perfusion-limited,44.9,1.42392977584299e-07
brain ECF,10000000000,perfusion-limited,45,1.37182769738269e-07
brain ECF,10000000000,perfusion-limited,45.1,1.32163124615684e-07
brain ECF,10000000000,perfusion-limited,45.2,1.27327325254716e-07
brain ECF,10000000000,perfusion-limited,45.3,1.22668520305567e-07
brain ECF,10000000000,perfusion-limited,45.4,1.1818019283046e-07
brain ECF,10000000000,perfusion-limited,45.5,1.13856061955538e-07
brain ECF,10000000000,perfusion-limited,45.6,1.09690053156066e-07
brain ECF,10000000000,perfusion-limited,45.7,1.05676566382576e-07
brain ECF,10000000000,perfusion-limited,45.8,1.01810060521994e-07
brain ECF,10000000000,perfusion-limited,45.9,9.80850357520114e-08
brain ECF,10000000000,perfusion-limited,46,9.44962737359902e-08
brain ECF,10000000000,perfusion-limited,46.1,9.10387266305123e-08
brain ECF,10000000000,perfusion-limited,46.2,8.77076509653353e-08
brain ECF,10000000000,perfusion-limited,46.3,8.44986235748855e-08
brain ECF,10000000000,perfusion-limited,46.4,8.14070100429362e-08
brain ECF,10000000000,perfusion-limited,46.5,7.84284868328536e-08
brain ECF,10000000000,perfusion-limited,46.6,7.55588747728545e-08
brain ECF,10000000000,perfusion-limited,46.7,7.27941574945906e-08
brain ECF,10000000000,perfusion-limited,46.8,7.01307504452217e-08
brain ECF,10000000000,perfusion-limited,46.9,6.75647920973286e-08
brain ECF,10000000000,perfusion-limited,47,6.50927023678364e-08
brain ECF,10000000000,perfusion-limited,47.1,6.27110228795192e-08
brain ECF,10000000000,perfusion-limited,47.2,6.04164099730792e-08
brain ECF,10000000000,perfusion-limited,47.3,5.82058277335186e-08
brain ECF,10000000000,perfusion-limited,47.4,5.60761602117123e-08
brain ECF,10000000000,perfusion-limited,47.5,5.40244104602318e-08
brain ECF,10000000000,perfusion-limited,47.6,5.20477106659422e-08
brain ECF,10000000000,perfusion-limited,47.7,5.01432880620127e-08
brain ECF,10000000000,perfusion-limited,47.8,4.83084957822713e-08
brain ECF,10000000000,perfusion-limited,47.9,4.65408199309233e-08
brain ECF,10000000000,perfusion-limited,48,4.48378140056618e-08
scsf,0.046,in situ perfusion,0,0
scsf,0.046,in situ perfusion,0.1,0.000385931491236515
scsf,0.046,in situ perfusion,0.2,0.00255000328878172
scsf,0.046,in situ perfusion,0.3,0.00714694217299149
scsf,0.046,in situ perfusion,0.4,0.0133550655821968
scsf,0.046,in situ perfusion,0.5,0.0200536913353061
scsf,0.046,in situ perfusion,0.6,0.0268216629295528
scsf,0.046,in situ perfusion,0.7,0.0335188280253187
scsf,0.046,in situ perfusion,0.8,0.0401035032296234
scsf,0.046,in situ perfusion,0.9,0.0465665020194735
scsf,0.046,in situ perfusion,1,0.0529079366256325
scsf,0.046,in situ perfusion,1.1,0.0591295244027688
scsf,0.046,in situ perfusion,1.2,0.0652323772634366
scsf,0.046,in situ perfusion,1.3,0.0712166312927507
scsf,0.046,in situ perfusion,1.4,0.077081620841677
scsf,0.046,in situ perfusion,1.5,0.0828261568245555
scsf,0.046,in situ perfusion,1.6,0.0884487747928411
scsf,0.046,in situ perfusion,1.7,0.0939479234494109
scsf,0.046,in situ perfusion,1.8,0.0993220972531683
scsf,0.046,in situ perfusion,1.9,0.104569924729043
scsf,0.046,in situ perfusion,2,0.109690224025864
scsf,0.046,in situ perfusion,2.1,0.11468203509621
scsf,0.046,in situ perfusion,2.2,0.119544635559698
scsf,0.046,in situ perfusion,2.3,0.124277545368353
scsf,0.046,in situ perfusion,2.4,0.128880523960852
scsf,0.046,in situ perfusion,2.5,0.133353562454439
scsf,0.046,in situ perfusion,2.6,0.137696872729059
scsf,0.046,in situ perfusion,2.7,0.14191087463607
scsf,0.046,in situ perfusion,2.8,0.145996182217807
scsf,0.046,in situ perfusion,2.9,0.149953589536823
scsf,0.046,in situ perfusion,3,0.153784056515044
scsf,0.046,in situ perfusion,3.1,0.157488695055999
scsf,0.046,in situ perfusion,3.2,0.161068755623143
scsf,0.046,in situ perfusion,3.3,0.164525614383088
scsf,0.046,in situ perfusion,3.4,0.167860760977662
scsf,0.046,in situ perfusion,3.5,0.171075786952599
scsf,0.046,in situ perfusion,3.6,0.174172374855537
scsf,0.046,in situ perfusion,3.7,0.177152287996399
scsf,0.046,in situ perfusion,3.8,0.180017360853288
scsf,0.046,in situ perfusion,3.9,0.182769490106576
scsf,0.046,in situ perfusion,4,0.185410626273252
scsf,0.046,in situ perfusion,4.1,0.187942765914232
scsf,0.046,in situ perfusion,4.2,0.190367944388289
scsf,0.046,in situ perfusion,4.3,0.192688229123047
scsf,0.046,in situ perfusion,4.4,0.194905713374688
scsf,0.046,in situ perfusion,4.5,0.197022510449623
scsf,0.046,in situ perfusion,4.6,0.199040748361533
scsf,0.046,in situ perfusion,4.7,0.200962564897863
scsf,0.046,in situ perfusion,4.8,0.202790103071933
scsf,0.046,in situ perfusion,4.9,0.204525506937353
scsf,0.046,in situ perfusion,5,0.206170917742024
scsf,0.046,in situ perfusion,5.1,0.207728470401298
scsf,0.046,in situ perfusion,5.2,0.209200290270938
scsf,0.046,in situ perfusion,5.3,0.210588490199871
scsf,0.046,in situ perfusion,5.4,0.211895167845579
scsf,0.046,in situ perfusion,5.5,0.213122403235749
scsf,0.046,in situ perfusion,5.6,0.214272256559534
scsf,0.046,in situ perfusion,5.7,0.215346766173613
scsf,0.046,in situ perfusion,5.8,0.216347946809468
scsf,0.046,in situ perfusion,5.9,0.217277787968027
scsf,0.046,in situ perfusion,6,0.218138252489084
scsf,0.046,in situ perfusion,6.1,0.218931275283826
scsf,0.046,in situ perfusion,6.2,0.219658762219617
scsf,0.046,in situ perfusion,6.3,0.220322589145926
scsf,0.046,in situ perfusion,6.4,0.22092460105167
scsf,0.046,in situ perfusion,6.5,0.221466611345175
scsf,0.046,in situ perfusion,6.6,0.221950401247427
scsf,0.046,in situ perfusion,6.7,0.222377719290485
scsf,0.046,in situ perfusion,6.8,0.222750280913399
scsf,0.046,in situ perfusion,6.9,0.223069768148581
scsf,0.046,in situ perfusion,7,0.223337829391333
scsf,0.046,in situ perfusion,7.1,0.223556079246313
scsf,0.046,in situ perfusion,7.2,0.223726098445059
scsf,0.046,in situ perfusion,7.3,0.223849433828792
scsf,0.046,in situ perfusion,7.4,0.223927598391114
scsf,0.046,in situ perfusion,7.5,0.223962071375562
scsf,0.046,in situ perfusion,7.6,0.223954298423774
scsf,0.046,in situ perfusion,7.7,0.223905691769478
scsf,0.046,in situ perfusion,7.8,0.223817630474272
scsf,0.046,in situ perfusion,7.9,0.223691460701459
scsf,0.046,in situ perfusion,8,0.223528496024454
scsf,0.046,in situ perfusion,8.1,0.223330017766133
scsf,0.046,in situ perfusion,8.2,0.223097275366332
scsf,0.046,in situ perfusion,8.3,0.222831486774234
scsf,0.046,in situ perfusion,8.4,0.222533838863252
scsf,0.046,in situ perfusion,8.5,0.222205487865555
scsf,0.046,in situ perfusion,8.6,0.221847559824175
scsf,0.046,in situ perfusion,8.7,0.221461151060229
scsf,0.046,in situ perfusion,8.8,0.221047328653391
scsf,0.046,in situ perfusion,8.9,0.220607130933587
scsf,0.046,in situ perfusion,9,0.220141567982279
scsf,0.046,in situ perfusion,9.1,0.219651622141531
scsf,0.046,in situ perfusion,9.2,0.219138248529461
scsf,0.046,in situ perfusion,9.3,0.218602375560701
scsf,0.046,in situ perfusion,9.4,0.218044905470415
scsf,0.046,in situ perfusion,9.5,0.217466714840791
scsf,0.046,in situ perfusion,9.6,0.21686865512893
scsf,0.046,in situ perfusion,9.7,0.216251553194997
scsf,0.046,in situ perfusion,9.8,0.215616211829799
scsf,0.046,in situ perfusion,9.9,0.214963410280877
scsf,0.046,in situ perfusion,10,0.214293904776393
scsf,0.046,in situ perfusion,10.1,0.213608429045979
scsf,0.046,in situ perfusion,10.2,0.212907694838034
scsf,0.046,in situ perfusion,10.3,0.212192392432777
scsf,0.046,in situ perfusion,10.4,0.21146319115054
scsf,0.046,in situ perfusion,10.5,0.210720739854901
scsf,0.046,in situ perfusion,10.6,0.209965667449975
scsf,0.046,in situ perfusion,10.7,0.209198583371881
scsf,0.046,in situ perfusion,10.8,0.208420078073532
scsf,0.046,in situ perfusion,10.9,0.207630723503015
scsf,0.046,in situ perfusion,11,0.206831073574588
scsf,0.046,in situ perfusion,11.1,0.206021664632859
scsf,0.046,in situ perfusion,11.2,0.205203015909111
scsf,0.046,in situ perfusion,11.3,0.204375629970484
scsf,0.046,in situ perfusion,11.4,0.203539993160856
scsf,0.046,in situ perfusion,11.5,0.202696576034347
scsf,0.046,in situ perfusion,11.6,0.201845833780397
scsf,0.046,in situ perfusion,11.7,0.200988206641083
scsf,0.046,in situ perfusion,11.8,0.200124120320249
scsf,0.046,in situ perfusion,11.9,0.199253986384265
scsf,0.046,in situ perfusion,12,0.198378202654957
scsf,0.046,in situ perfusion,12.1,0.19749715359389
scsf,0.046,in situ perfusion,12.2,0.196611210678984
scsf,0.046,in situ perfusion,12.3,0.195720732772601
scsf,0.046,in situ perfusion,12.4,0.194826066481497
scsf,0.046,in situ perfusion,12.5,0.193927546509008
scsf,0.046,in situ perfusion,12.6,0.193025495998796
scsf,0.046,in situ perfusion,12.7,0.192120226870895
scsf,0.046,in situ perfusion,12.8,0.191212040149963
scsf,0.046,in situ perfusion,12.9,0.190301226285334
scsf,0.046,in situ perfusion,13,0.189388065463654
scsf,0.046,in situ perfusion,13.1,0.188472827913903
scsf,0.046,in situ perfusion,13.2,0.18755577420461
scsf,0.046,in situ perfusion,13.3,0.186637155533949
scsf,0.046,in situ perfusion,13.4,0.185717214012471
scsf,0.046,in situ perfusion,13.5,0.184796182938388
scsf,0.046,in situ perfusion,13.6,0.183874287065844
scsf,0.046,in situ perfusion,13.7,0.182951742866559
scsf,0.046,in situ perfusion,13.8,0.182028758784174
scsf,0.046,in situ perfusion,13.9,0.181105535482112
scsf,0.046,in situ perfusion,14,0.180182266084615
scsf,0.046,in situ perfusion,14.1,0.179259136411648
scsf,0.046,in situ perfusion,14.2,0.178336325207092
scsf,0.046,in situ perfusion,14.3,0.177414004360858
scsf,0.046,in situ perfusion,14.4,0.176492339124849
scsf,0.046,in situ perfusion,14.5,0.175571488323196
scsf,0.046,in situ perfusion,14.6,0.174651604556212
scsf,0.046,in situ perfusion,14.7,0.173732834398876
scsf,0.046,in situ perfusion,14.8,0.17281531859371
scsf,0.046,in situ perfusion,14.9,0.171899192238004
scsf,0.046,in situ perfusion,15,0.170984584966147
scsf,0.046,in situ perfusion,15.1,0.170071621126228
scsf,0.046,in situ perfusion,15.2,0.169160419951711
scsf,0.046,in situ perfusion,15.3,0.168251095728161
scsf,0.046,in situ perfusion,15.4,0.167343757955117
scsf,0.046,in situ perfusion,15.5,0.166438511503099
scsf,0.046,in situ perfusion,15.6,0.16553545676625
scsf,0.046,in situ perfusion,15.7,0.164634689810263
scsf,0.046,in situ perfusion,15.8,0.163736302515844
scsf,0.046,in situ perfusion,15.9,0.162840382718017
scsf,0.046,in situ perfusion,16,0.161947014341243
scsf,0.046,in situ perfusion,16.1,0.161056277530417
scsf,0.046,in situ perfusion,16.2,0.160168248777993
scsf,0.046,in situ perfusion,16.3,0.159283001047202
scsf,0.046,in situ perfusion,16.4,0.15840060389144
scsf,0.046,in situ perfusion,16.5,0.157521123570045
scsf,0.046,in situ perfusion,16.6,0.156644623160583
scsf,0.046,in situ perfusion,16.7,0.15577116266765
scsf,0.046,in situ perfusion,16.8,0.154900799128215
scsf,0.046,in situ perfusion,16.9,0.154033586713866
scsf,0.046,in situ perfusion,17,0.153169576829727
scsf,0.046,in situ perfusion,17.1,0.152308818210285
scsf,0.046,in situ perfusion,17.2,0.151451357012259
scsf,0.046,in situ perfusion,17.3,0.150597236904568
scsf,0.046,in situ perfusion,17.4,0.149746499155418
scsf,0.046,in situ perfusion,17.5,0.148899182716656
scsf,0.046,in situ perfusion,17.6,0.148055324305498
scsf,0.046,in situ perfusion,17.7,0.147214958483547
scsf,0.046,in situ perfusion,17.8,0.146378117733312
scsf,0.046,in situ perfusion,17.9,0.145544832532311
scsf,0.046,in situ perfusion,18,0.144715131424809
scsf,0.046,in situ perfusion,18.1,0.143889041091208
scsf,0.046,in situ perfusion,18.2,0.143066586415213
scsf,0.046,in situ perfusion,18.3,0.142247790548881
scsf,0.046,in situ perfusion,18.4,0.141432674975466
scsf,0.046,in situ perfusion,18.5,0.140621259570223
scsf,0.046,in situ perfusion,18.6,0.139813562659258
scsf,0.046,in situ perfusion,18.7,0.139009601076481
scsf,0.046,in situ perfusion,18.8,0.138209390218651
scsf,0.046,in situ perfusion,18.9,0.137412944098619
scsf,0.046,in situ perfusion,19,0.13662027539693
scsf,0.046,in situ perfusion,19.1,0.135831395511528
scsf,0.046,in situ perfusion,19.2,0.135046314605891
scsf,0.046,in situ perfusion,19.3,0.134265041655579
scsf,0.046,in situ perfusion,19.4,0.133487584493252
scsf,0.046,in situ perfusion,19.5,0.132713949852192
scsf,0.046,in situ perfusion,19.6,0.13194414340833
scsf,0.046,in situ perfusion,19.7,0.131178169820883
scsf,0.046,in situ perfusion,19.8,0.130416032771651
scsf,0.046,in situ perfusion,19.9,0.129657735003063
scsf,0.046,in situ perfusion,20,0.128903278354753
scsf,0.046,in situ perfusion,20.1,0.128152663798934
scsf,0.046,in situ perfusion,20.2,0.127405891474716
scsf,0.046,in situ perfusion,20.3,0.126662960721184
scsf,0.046,in situ perfusion,20.4,0.125923870109351
scsf,0.046,in situ perfusion,20.5,0.125188617472956
scsf,0.046,in situ perfusion,20.6,0.124457199938414
scsf,0.046,in situ perfusion,20.7,0.123729613953644
scsf,0.046,in situ perfusion,20.8,0.123005855315631
scsf,0.046,in situ perfusion,20.9,0.122285919197391
scsf,0.046,in situ perfusion,21,0.121569800173907
scsf,0.046,in situ perfusion,21.1,0.12085749224711
scsf,0.046,in situ perfusion,21.2,0.120148988870212
scsf,0.046,in situ perfusion,21.3,0.119444282970822
scsf,0.046,in situ perfusion,21.4,0.118743366973571
scsf,0.046,in situ perfusion,21.5,0.118046232821815
scsf,0.046,in situ perfusion,21.6,0.117352871998562
scsf,0.046,in situ perfusion,21.7,0.116663275546937
scsf,0.046,in situ perfusion,21.8,0.115977434089425
scsf,0.046,in situ perfusion,21.9,0.115295337846789
scsf,0.046,in situ perfusion,22,0.11461697665631
scsf,0.046,in situ perfusion,22.1,0.113942339989266
scsf,0.046,in situ perfusion,22.2,0.113271416968055
scsf,0.046,in situ perfusion,22.3,0.112604196382271
scsf,0.046,in situ perfusion,22.4,0.111940666704518
scsf,0.046,in situ perfusion,22.5,0.111280816105541
scsf,0.046,in situ perfusion,22.6,0.110624632469236
scsf,0.046,in situ perfusion,22.7,0.109972103406186
scsf,0.046,in situ perfusion,22.8,0.109323216267562
scsf,0.046,in situ perfusion,22.9,0.10867795815822
scsf,0.046,in situ perfusion,23,0.108036315949566
scsf,0.046,in situ perfusion,23.1,0.107398276291335
scsf,0.046,in situ perfusion,23.2,0.106763825623505
scsf,0.046,in situ perfusion,23.3,0.106132950187836
scsf,0.046,in situ perfusion,23.4,0.105505636038658
scsf,0.046,in situ perfusion,23.5,0.104881869053161
scsf,0.046,in situ perfusion,23.6,0.104261634941674
scsf,0.046,in situ perfusion,23.7,0.103644919257727
scsf,0.046,in situ perfusion,23.8,0.103031707406892
scsf,0.046,in situ perfusion,23.9,0.102421984656084
scsf,0.046,in situ perfusion,24,0.101815736142567
scsf,0.046,in situ perfusion,24.1,0.101212946881902
scsf,0.046,in situ perfusion,24.2,0.100613601776101
scsf,0.046,in situ perfusion,24.3,0.100017685621787
scsf,0.046,in situ perfusion,24.4,0.0994251831173381
scsf,0.046,in situ perfusion,24.5,0.0988360788699598
scsf,0.046,in situ perfusion,24.6,0.0982503574031416
scsf,0.046,in situ perfusion,24.7,0.0976680031628277
scsf,0.046,in situ perfusion,24.8,0.0970890005238904
scsf,0.046,in situ perfusion,24.9,0.0965133337967207
scsf,0.046,in situ perfusion,25,0.0959409872327131
scsf,0.046,in situ perfusion,25.1,0.0953719450300339
scsf,0.046,in situ perfusion,25.2,0.0948061913394618
scsf,0.046,in situ perfusion,25.3,0.0942437102693009
scsf,0.046,in situ perfusion,25.4,0.0936844858903886
scsf,0.046,in situ perfusion,25.5,0.0931285022416571
scsf,0.046,in situ perfusion,25.6,0.0925757433338059
scsf,0.046,in situ perfusion,25.7,0.0920261931545973
scsf,0.046,in situ perfusion,25.8,0.0914798356728515
scsf,0.046,in situ perfusion,25.9,0.0909366548424088
scsf,0.046,in situ perfusion,26,0.0903966346067069
scsf,0.046,in situ perfusion,26.1,0.0898597589019648
scsf,0.046,in situ perfusion,26.2,0.0893260116611491
scsf,0.046,in situ perfusion,26.3,0.088795376817689
scsf,0.046,in situ perfusion,26.4,0.088267838308283
scsf,0.046,in situ perfusion,26.5,0.0877433800769074
scsf,0.046,in situ perfusion,26.6,0.0872219860772291
scsf,0.046,in situ perfusion,26.7,0.0867036402759512
scsf,0.046,in situ perfusion,26.8,0.0861883266557251
scsf,0.046,in situ perfusion,26.9,0.0856760292173797
scsf,0.046,in situ perfusion,27,0.0851667319833624
scsf,0.046,in situ perfusion,27.1,0.0846604189993407
scsf,0.046,in situ perfusion,27.2,0.0841570743373736
scsf,0.046,in situ perfusion,27.3,0.0836566820977145
scsf,0.046,in situ perfusion,27.4,0.0831592264111348
scsf,0.046,in situ perfusion,27.5,0.0826646914412853
scsf,0.046,in situ perfusion,27.6,0.0821730613860848
scsf,0.046,in situ perfusion,27.7,0.0816843204805534
scsf,0.046,in situ perfusion,27.8,0.0811984529975949
scsf,0.046,in situ perfusion,27.9,0.0807154432507847
scsf,0.046,in situ perfusion,28,0.0802352755950624
scsf,0.046,in situ perfusion,28.1,0.0797579344291576
scsf,0.046,in situ perfusion,28.2,0.079283404196444
scsf,0.046,in situ perfusion,28.3,0.0788116693868458
scsf,0.046,in situ perfusion,28.4,0.0783427145379783
scsf,0.046,in situ perfusion,28.5,0.0778765242364639
scsf,0.046,in situ perfusion,28.6,0.0774130831194183
scsf,0.046,in situ perfusion,28.7,0.0769523758751335
scsf,0.046,in situ perfusion,28.8,0.0764943872449226
scsf,0.046,in situ perfusion,28.9,0.0760391020232919
scsf,0.046,in situ perfusion,29,0.0755865050600003
scsf,0.046,in situ perfusion,29.1,0.0751365812598698
scsf,0.046,in situ perfusion,29.2,0.0746893155848961
scsf,0.046,in situ perfusion,29.3,0.0742446930538691
scsf,0.046,in situ perfusion,29.4,0.0738026987443932
scsf,0.046,in situ perfusion,29.5,0.0733633177924891
scsf,0.046,in situ perfusion,29.6,0.0729265353944097
scsf,0.046,in situ perfusion,29.7,0.0724923368062917
scsf,0.046,in situ perfusion,29.8,0.0720607073457695
scsf,0.046,in situ perfusion,29.9,0.0716316323916376
scsf,0.046,in situ perfusion,30,0.0712050973853226
scsf,0.046,in situ perfusion,30.1,0.0707810878305144
scsf,0.046,in situ perfusion,30.2,0.0703595892945246
scsf,0.046,in situ perfusion,30.3,0.0699405874078327
scsf,0.046,in situ perfusion,30.4,0.0695240678654938
scsf,0.046,in situ perfusion,30.5,0.0691100164266402
scsf,0.046,in situ perfusion,30.6,0.068698418915446
scsf,0.046,in situ perfusion,30.7,0.0682892612212101
scsf,0.046,in situ perfusion,30.8,0.0678825292985569
scsf,0.046,in situ perfusion,30.9,0.0674782091681048
scsf,0.046,in situ perfusion,31,0.0670762869161275
scsf,0.046,in situ perfusion,31.1,0.066676748695501
scsf,0.046,in situ perfusion,31.2,0.0662795807251267
scsf,0.046,in situ perfusion,31.3,0.065884769290933
scsf,0.046,in situ perfusion,31.4,0.0654923007452039
scsf,0.046,in situ perfusion,31.5,0.0651021615075268
scsf,0.046,in situ perfusion,31.6,0.0647143380642293
scsf,0.046,in situ perfusion,31.7,0.0643288169689423
scsf,0.046,in situ perfusion,31.8,0.0639455848424308
scsf,0.046,in situ perfusion,31.9,0.0635646283727091
scsf,0.046,in situ perfusion,32,0.0631859343153456
scsf,0.046,in situ perfusion,32.1,0.0628094894928689
scsf,0.046,in situ perfusion,32.2,0.0624352807956592
scsf,0.046,in situ perfusion,32.3,0.062063295181073
scsf,0.046,in situ perfusion,32.4,0.0616935196740404
scsf,0.046,in situ perfusion,32.5,0.0613259413668483
scsf,0.046,in situ perfusion,32.6,0.0609605474188386
scsf,0.046,in situ perfusion,32.7,0.0605973250569381
scsf,0.046,in situ perfusion,32.8,0.0602362615748588
scsf,0.046,in situ perfusion,32.9,0.0598773443337504
scsf,0.046,in situ perfusion,33,0.059520560761604
scsf,0.046,in situ perfusion,33.1,0.0591658983532843
scsf,0.046,in situ perfusion,33.2,0.0588133446706386
scsf,0.046,in situ perfusion,33.3,0.0584628873419223
scsf,0.046,in situ perfusion,33.4,0.0581145140622353
scsf,0.046,in situ perfusion,33.5,0.0577682125928335
scsf,0.046,in situ perfusion,33.6,0.0574239707613897
scsf,0.046,in situ perfusion,33.7,0.0570817764617876
scsf,0.046,in situ perfusion,33.8,0.0567416176535302
scsf,0.046,in situ perfusion,33.9,0.0564034823622887
scsf,0.046,in situ perfusion,34,0.0560673586791798
scsf,0.046,in situ perfusion,34.1,0.0557332347606145
scsf,0.046,in situ perfusion,34.2,0.0554010988285278
scsf,0.046,in situ perfusion,34.3,0.0550709391696172
scsf,0.046,in situ perfusion,34.4,0.0547427441355633
scsf,0.046,in situ perfusion,34.5,0.0544165021427389
scsf,0.046,in situ perfusion,34.6,0.0540922016717108
scsf,0.046,in situ perfusion,34.7,0.053769831267501
scsf,0.046,in situ perfusion,34.8,0.0534493795390069
scsf,0.046,in situ perfusion,34.9,0.0531308351588158
scsf,0.046,in situ perfusion,35,0.0528141868632186
scsf,0.046,in situ perfusion,35.1,0.0524994234516143
scsf,0.046,in situ perfusion,35.2,0.0521865337865694
scsf,0.046,in situ perfusion,35.3,0.051875506793489
scsf,0.046,in situ perfusion,35.4,0.0515663314601656
scsf,0.046,in situ perfusion,35.5,0.0512589968369413
scsf,0.046,in situ perfusion,35.6,0.0509534920361732
scsf,0.046,in situ perfusion,35.7,0.0506498062318483
scsf,0.046,in situ perfusion,35.8,0.0503479286597654
scsf,0.046,in situ perfusion,35.9,0.0500478486169512
scsf,0.046,in situ perfusion,36,0.0497495554613002
scsf,0.046,in situ perfusion,36.1,0.0494530386117086
scsf,0.046,in situ perfusion,36.2,0.0491582875475088
scsf,0.046,in situ perfusion,36.3,0.0488652918081477
scsf,0.046,in situ perfusion,36.4,0.0485740409932152
scsf,0.046,in situ perfusion,36.5,0.0482845247619434
scsf,0.046,in situ perfusion,36.6,0.0479967328329048
scsf,0.046,in situ perfusion,36.7,0.0477106549839524
scsf,0.046,in situ perfusion,36.8,0.047426281051772
scsf,0.046,in situ perfusion,36.9,0.0471436009315861
scsf,0.046,in situ perfusion,37,0.0468626045770439
scsf,0.046,in situ perfusion,37.1,0.0465832819998008
scsf,0.046,in situ perfusion,37.2,0.0463056232692273
scsf,0.046,in situ perfusion,37.3,0.0460296185122644
scsf,0.046,in situ perfusion,37.4,0.0457552579130185
scsf,0.046,in situ perfusion,37.5,0.0454825317124812
scsf,0.046,in situ perfusion,37.6,0.0452114302083663
scsf,0.046,in situ perfusion,37.7,0.0449419437547344
scsf,0.046,in situ perfusion,37.8,0.0446740627616368
scsf,0.046,in situ perfusion,37.9,0.044407777695024
scsf,0.046,in situ perfusion,38,0.0441430790763366
scsf,0.046,in situ perfusion,38.1,0.0438799574822102
scsf,0.046,in situ perfusion,38.2,0.0436184035442366
scsf,0.046,in situ perfusion,38.3,0.0433584079486971
scsf,0.046,in situ perfusion,38.4,0.0430999614362388
scsf,0.046,in situ perfusion,38.5,0.0428430548015911
scsf,0.046,in situ perfusion,38.6,0.0425876788933185
scsf,0.046,in situ perfusion,38.7,0.0423338246135101
scsf,0.046,in situ perfusion,38.8,0.0420814829175148
scsf,0.046,in situ perfusion,38.9,0.0418306448136391
scsf,0.046,in situ perfusion,39,0.0415813013628766
scsf,0.046,in situ perfusion,39.1,0.0413334436786409
scsf,0.046,in situ perfusion,39.2,0.041087062926472
scsf,0.046,in situ perfusion,39.3,0.0408421503237372
scsf,0.046,in situ perfusion,39.4,0.0405986971393799
scsf,0.046,in situ perfusion,39.5,0.040356694693663
scsf,0.046,in situ perfusion,39.6,0.0401161343578124
scsf,0.046,in situ perfusion,39.7,0.0398770075537924
scsf,0.046,in situ perfusion,39.8,0.0396393057540911
scsf,0.046,in situ perfusion,39.9,0.0394030204813031
scsf,0.046,in situ perfusion,40,0.0391681433079247
scsf,0.046,in situ perfusion,40.1,0.0389346658560759
scsf,0.046,in situ perfusion,40.2,0.0387025797973725
scsf,0.046,in situ perfusion,40.3,0.0384718768523357
scsf,0.046,in situ perfusion,40.4,0.0382425487903374
scsf,0.046,in situ perfusion,40.5,0.0380145874292941
scsf,0.046,in situ perfusion,40.6,0.0377879846355416
scsf,0.046,in situ perfusion,40.7,0.0375627323232044
scsf,0.046,in situ perfusion,40.8,0.0373388224541896
scsf,0.046,in situ perfusion,40.9,0.0371162470379003
scsf,0.046,in situ perfusion,41,0.0368949981310562
scsf,0.046,in situ perfusion,41.1,0.0366750678371048
scsf,0.046,in situ perfusion,41.2,0.036456448306211
scsf,0.046,in situ perfusion,41.3,0.0362391317350099
scsf,0.046,in situ perfusion,41.4,0.0360231103663411
scsf,0.046,in situ perfusion,41.5,0.0358083764887497
scsf,0.046,in situ perfusion,41.6,0.0355949224364421
scsf,0.046,in situ perfusion,41.7,0.0353827405890938
scsf,0.046,in situ perfusion,41.8,0.0351718233714714
scsf,0.046,in situ perfusion,41.9,0.0349621632530544
scsf,0.046,in situ perfusion,42,0.0347537527479409
scsf,0.046,in situ perfusion,42.1,0.0345465844147258
scsf,0.046,in situ perfusion,42.2,0.0343406508559765
scsf,0.046,in situ perfusion,42.3,0.0341359447180149
scsf,0.046,in situ perfusion,42.4,0.0339324586907532
scsf,0.046,in situ perfusion,42.5,0.0337301855077333
scsf,0.046,in situ perfusion,42.6,0.0335291179452314
scsf,0.046,in situ perfusion,42.7,0.0333292488223807
scsf,0.046,in situ perfusion,42.8,0.0331305710008895
scsf,0.046,in situ perfusion,42.9,0.0329330773849321
scsf,0.046,in situ perfusion,43,0.0327367609209872
scsf,0.046,in situ perfusion,43.1,0.0325416145968944
scsf,0.046,in situ perfusion,43.2,0.0323476314422491
scsf,0.046,in situ perfusion,43.3,0.0321548045279671
scsf,0.046,in situ perfusion,43.4,0.0319631269666131
scsf,0.046,in situ perfusion,43.5,0.0317725919110965
scsf,0.046,in situ perfusion,43.6,0.0315831925549998
scsf,0.046,in situ perfusion,43.7,0.031394922132343
scsf,0.046,in situ perfusion,43.8,0.0312077739174592
scsf,0.046,in situ perfusion,43.9,0.031021741224912
scsf,0.046,in situ perfusion,44,0.0308368174083977
scsf,0.046,in situ perfusion,44.1,0.0306529958612794
scsf,0.046,in situ perfusion,44.2,0.0304702700161295
scsf,0.046,in situ perfusion,44.3,0.0302886333450034
scsf,0.046,in situ perfusion,44.4,0.0301080793582988
scsf,0.046,in situ perfusion,44.5,0.0299286016049595
scsf,0.046,in situ perfusion,44.6,0.029750193672302
scsf,0.046,in situ perfusion,44.7,0.0295728491858689
scsf,0.046,in situ perfusion,44.8,0.0293965618093996
scsf,0.046,in situ perfusion,44.9,0.0292213252437276
scsf,0.046,in situ perfusion,45,0.0290471332273165
scsf,0.046,in situ perfusion,45.1,0.0288739795358179
scsf,0.046,in situ perfusion,45.2,0.0287018579823474
scsf,0.046,in situ perfusion,45.3,0.0285307624164033
scsf,0.046,in situ perfusion,45.4,0.0283606867240003
scsf,0.046,in situ perfusion,45.5,0.0281916248275607
scsf,0.046,in situ perfusion,45.6,0.0280235706858166
scsf,0.046,in situ perfusion,45.7,0.0278565182938752
scsf,0.046,in situ perfusion,45.8,0.0276904616816697
scsf,0.046,in situ perfusion,45.9,0.0275253949149574
scsf,0.046,in situ perfusion,46,0.0273613120947492
scsf,0.046,in situ perfusion,46.1,0.0271982073570888
scsf,0.046,in situ perfusion,46.2,0.0270360748740438
scsf,0.046,in situ perfusion,46.3,0.0268749088510538
scsf,0.046,in situ perfusion,46.4,0.026714703528205
scsf,0.046,in situ perfusion,46.5,0.0265554531799368
scsf,0.046,in situ perfusion,46.6,0.0263971521146983
scsf,0.046,in situ perfusion,46.7,0.026239794675359
scsf,0.046,in situ perfusion,46.8,0.0260833752387146
scsf,0.046,in situ perfusion,46.9,0.0259278882138594
scsf,0.046,in situ perfusion,47,0.0257733280436423
scsf,0.046,in situ perfusion,47.1,0.0256196892039388
scsf,0.046,in situ perfusion,47.2,0.0254669662034772
scsf,0.046,in situ perfusion,47.3,0.0253151535851174
scsf,0.046,in situ perfusion,47.4,0.0251642459222128
scsf,0.046,in situ perfusion,47.5,0.0250142378211098
scsf,0.046,in situ perfusion,47.6,0.0248651239202232
scsf,0.046,in situ perfusion,47.7,0.0247168988898355
scsf,0.046,in situ perfusion,47.8,0.0245695574321718
scsf,0.046,in situ perfusion,47.9,0.0244230942811764
scsf,0.046,in situ perfusion,48,0.0242775042020134
scsf,0.28,in vitro cell-based,0,0
scsf,0.28,in vitro cell-based,0.1,0.00179398745322247
scsf,0.28,in vitro cell-based,0.2,0.0100589651966436
scsf,0.28,in vitro cell-based,0.3,0.0254575392684912
scsf,0.28,in vitro cell-based,0.4,0.0440168987837037
scsf,0.28,in vitro cell-based,0.5,0.06331006988591
scsf,0.28,in vitro cell-based,0.6,0.083336911817824
scsf,0.28,in vitro cell-based,0.7,0.10412899481597
scsf,0.28,in vitro cell-based,0.8,0.125604020478333
scsf,0.28,in vitro cell-based,0.9,0.147630410239559
scsf,0.28,in vitro cell-based,1,0.170065482590649
scsf,0.28,in vitro cell-based,1.1,0.19277085048957
scsf,0.28,in vitro cell-based,1.2,0.215617771775281
scsf,0.28,in vitro cell-based,1.3,0.238488599797395
scsf,0.28,in vitro cell-based,1.4,0.261276793752728
scsf,0.28,in vitro cell-based,1.5,0.28388642312775
scsf,0.28,in vitro cell-based,1.6,0.306231514540194
scsf,0.28,in vitro cell-based,1.7,0.32823536906415
scsf,0.28,in vitro cell-based,1.8,0.349829896042999
scsf,0.28,in vitro cell-based,1.9,0.37095497892792
scsf,0.28,in vitro cell-based,2,0.391557877432862
scsf,0.28,in vitro cell-based,2.1,0.411592666196113
scsf,0.28,in vitro cell-based,2.2,0.431019708678384
scsf,0.28,in vitro cell-based,2.3,0.44980516460829
scsf,0.28,in vitro cell-based,2.4,0.467920529051391
scsf,0.28,in vitro cell-based,2.5,0.485342201459842
scsf,0.28,in vitro cell-based,2.6,0.502051082797381
scsf,0.28,in vitro cell-based,2.7,0.518032199171046
scsf,0.28,in vitro cell-based,2.8,0.533274350491178
scsf,0.28,in vitro cell-based,2.9,0.547769782492716
scsf,0.28,in vitro cell-based,3,0.561513880908318
scsf,0.28,in vitro cell-based,3.1,0.574504886352376
scsf,0.28,in vitro cell-based,3.2,0.586743628753195
scsf,0.28,in vitro cell-based,3.3,0.598233280089419
scsf,0.28,in vitro cell-based,3.4,0.608979124396696
scsf,0.28,in vitro cell-based,3.5,0.618988343925978
scsf,0.28,in vitro cell-based,3.6,0.628269820506943
scsf,0.28,in vitro cell-based,3.7,0.636833951192209
scsf,0.28,in vitro cell-based,3.8,0.64469247725976
scsf,0.28,in vitro cell-based,3.9,0.651858325785307
scsf,0.28,in vitro cell-based,4,0.658345462993952
scsf,0.28,in vitro cell-based,4.1,0.664168758634967
scsf,0.28,in vitro cell-based,4.2,0.669343860696917
scsf,0.28,in vitro cell-based,4.3,0.673887079822199
scsf,0.28,in vitro cell-based,4.4,0.677815282771704
scsf,0.28,in vitro cell-based,4.5,0.681145794390016
scsf,0.28,in vitro cell-based,4.6,0.683896307494343
scsf,0.28,in vitro cell-based,4.7,0.686084800193492
scsf,0.28,in vitro cell-based,4.8,0.687729460138792
scsf,0.28,in vitro cell-based,4.9,0.688848615257457
scsf,0.28,in vitro cell-based,5,0.68946067052718
scsf,0.28,in vitro cell-based,5.1,0.689584050391002
scsf,0.28,in vitro cell-based,5.2,0.689237146442172
scsf,0.28,in vitro cell-based,5.3,0.688438270005928
scsf,0.28,in vitro cell-based,5.4,0.687205609283874
scsf,0.28,in vitro cell-based,5.5,0.685557190756158
scsf,0.28,in vitro cell-based,5.6,0.683510844530103
scsf,0.28,in vitro cell-based,5.7,0.681084173358568
scsf,0.28,in vitro cell-based,5.8,0.678294525073737
scsf,0.28,in vitro cell-based,5.9,0.675158968183654
scsf,0.28,in vitro cell-based,6,0.671694270398161
scsf,0.28,in vitro cell-based,6.1,0.667916879870799
scsf,0.28,in vitro cell-based,6.2,0.663842908958359
scsf,0.28,in vitro cell-based,6.3,0.659488120297624
scsf,0.28,in vitro cell-based,6.4,0.654867915023836
scsf,0.28,in vitro cell-based,6.5,0.649997322970372
scsf,0.28,in vitro cell-based,6.6,0.644890994685774
scsf,0.28,in vitro cell-based,6.7,0.639563195122204
scsf,0.28,in vitro cell-based,6.8,0.634027798859776
scsf,0.28,in vitro cell-based,6.9,0.628298286742229
scsf,0.28,in vitro cell-based,7,0.622387743797306
scsf,0.28,in vitro cell-based,7.1,0.616308858333114
scsf,0.28,in vitro cell-based,7.2,0.61007392210735
scsf,0.28,in vitro cell-based,7.3,0.60369483147211
scsf,0.28,in vitro cell-based,7.4,0.597183089399642
scsf,0.28,in vitro cell-based,7.5,0.590549808306926
scsf,0.28,in vitro cell-based,7.6,0.583805713603402
scsf,0.28,in vitro cell-based,7.7,0.576961147883068
scsf,0.28,in vitro cell-based,7.8,0.570026075695099
scsf,0.28,in vitro cell-based,7.9,0.563010088829607
scsf,0.28,in vitro cell-based,8,0.555922412060185
scsf,0.28,in vitro cell-based,8.1,0.548771909289329
scsf,0.28,in vitro cell-based,8.2,0.541567090043307
scsf,0.28,in vitro cell-based,8.3,0.534316116271665
scsf,0.28,in vitro cell-based,8.4,0.527026809408704
scsf,0.28,in vitro cell-based,8.5,0.519706657655584
scsf,0.28,in vitro cell-based,8.6,0.512362823446932
scsf,0.28,in vitro cell-based,8.7,0.505002151066869
scsf,0.28,in vitro cell-based,8.8,0.497631174384481
scsf,0.28,in vitro cell-based,8.9,0.490256124679761
scsf,0.28,in vitro cell-based,9,0.482882938532498
scsf,0.28,in vitro cell-based,9.1,0.475517265750817
scsf,0.28,in vitro cell-based,9.2,0.468164477317656
scsf,0.28,in vitro cell-based,9.3,0.460829673334014
scsf,0.28,in vitro cell-based,9.4,0.453517690941083
scsf,0.28,in vitro cell-based,9.5,0.446233112205034
scsf,0.28,in vitro cell-based,9.6,0.438980271948137
scsf,0.28,in vitro cell-based,9.7,0.431763265514366
scsf,0.28,in vitro cell-based,9.8,0.42458595645504
scsf,0.28,in vitro cell-based,9.9,0.417451984125168
scsf,0.28,in vitro cell-based,10,0.410364771181606
scsf,0.28,in vitro cell-based,10.1,0.40332753096926
scsf,0.28,in vitro cell-based,10.2,0.396343274795485
scsf,0.28,in vitro cell-based,10.3,0.389414819077851
scsf,0.28,in vitro cell-based,10.4,0.382544792366739
scsf,0.28,in vitro cell-based,10.5,0.375735642231255
scsf,0.28,in vitro cell-based,10.6,0.368989642008064
scsf,0.28,in vitro cell-based,10.7,0.362308897409492
scsf,0.28,in vitro cell-based,10.8,0.355695352984494
scsf,0.28,in vitro cell-based,10.9,0.349150798436842
scsf,0.28,in vitro cell-based,11,0.342676874787814
scsf,0.28,in vitro cell-based,11.1,0.336275080395487
scsf,0.28,in vitro cell-based,11.2,0.329946776816371
scsf,0.28,in vitro cell-based,11.3,0.323693194521943
scsf,0.28,in vitro cell-based,11.4,0.317515438457449
scsf,0.28,in vitro cell-based,11.5,0.311414493451658
scsf,0.28,in vitro cell-based,11.6,0.30539122947658
scsf,0.28,in vitro cell-based,11.7,0.299446406753487
scsf,0.28,in vitro cell-based,11.8,0.293580680716538
scsf,0.28,in vitro cell-based,11.9,0.287794606818994
scsf,0.28,in vitro cell-based,12,0.282088645203463
scsf,0.28,in vitro cell-based,12.1,0.276463165219343
scsf,0.28,in vitro cell-based,12.2,0.270918449802327
scsf,0.28,in vitro cell-based,12.3,0.265454699715242
scsf,0.28,in vitro cell-based,12.4,0.260072037642777
scsf,0.28,in vitro cell-based,12.5,0.254770512160413
scsf,0.28,in vitro cell-based,12.6,0.249550101562109
scsf,0.28,in vitro cell-based,12.7,0.244410717558471
scsf,0.28,in vitro cell-based,12.8,0.23935220885275
scsf,0.28,in vitro cell-based,12.9,0.234374364582618
scsf,0.28,in vitro cell-based,13,0.229476917641015
scsf,0.28,in vitro cell-based,13.1,0.22465954788226
scsf,0.28,in vitro cell-based,13.2,0.219921885203428
scsf,0.28,in vitro cell-based,13.3,0.215263512513297
scsf,0.28,in vitro cell-based,13.4,0.210683968594057
scsf,0.28,in vitro cell-based,13.5,0.206182750845993
scsf,0.28,in vitro cell-based,13.6,0.201759317929448
scsf,0.28,in vitro cell-based,13.7,0.197413092304099
scsf,0.28,in vitro cell-based,13.8,0.193143462667646
scsf,0.28,in vitro cell-based,13.9,0.188949786294978
scsf,0.28,in vitro cell-based,14,0.184831391280808
scsf,0.28,in vitro cell-based,14.1,0.180787578692669
scsf,0.28,in vitro cell-based,14.2,0.176817624633487
scsf,0.28,in vitro cell-based,14.3,0.172920782215042
scsf,0.28,in vitro cell-based,14.4,0.169096283448887
scsf,0.28,in vitro cell-based,14.5,0.16534334105408
scsf,0.28,in vitro cell-based,14.6,0.161661150187584
scsf,0.28,in vitro cell-based,14.7,0.158048890094095
scsf,0.28,in vitro cell-based,14.8,0.15450572568456
scsf,0.28,in vitro cell-based,14.9,0.151030809040914
scsf,0.28,in vitro cell-based,15,0.14762328085225
scsf,0.28,in vitro cell-based,15.1,0.144282271785404
scsf,0.28,in vitro cell-based,15.2,0.141006903785721
scsf,0.28,in vitro cell-based,15.3,0.137796291318403
scsf,0.28,in vitro cell-based,15.4,0.134649542548959
scsf,0.28,in vitro cell-based,15.5,0.131565760464171
scsf,0.28,in vitro cell-based,15.6,0.128544043938077
scsf,0.28,in vitro cell-based,15.7,0.125583488742578
scsf,0.28,in vitro cell-based,15.8,0.122683188505977
scsf,0.28,in vitro cell-based,15.9,0.119842235619777
scsf,0.28,in vitro cell-based,16,0.117059722098637
scsf,0.28,in vitro cell-based,16.1,0.114334740392555
scsf,0.28,in vitro cell-based,16.2,0.111666384154732
scsf,0.28,in vitro cell-based,16.3,0.109053748966096
scsf,0.28,in vitro cell-based,16.4,0.106495933017176
scsf,0.28,in vitro cell-based,16.5,0.103992037750545
scsf,0.28,in vitro cell-based,16.6,0.101541168465316
scsf,0.28,in vitro cell-based,16.7,0.0991424348844405
scsf,0.28,in vitro cell-based,16.8,0.0967949516866417
scsf,0.28,in vitro cell-based,16.9,0.0944978390054601
scsf,0.28,in vitro cell-based,17,0.0922502228941586
scsf,0.28,in vitro cell-based,17.1,0.0900512357597987
scsf,0.28,in vitro cell-based,17.2,0.0879000167678425
scsf,0.28,in vitro cell-based,17.3,0.0857957122184277
scsf,0.28,in vitro cell-based,17.4,0.083737475895006
scsf,0.28,in vitro cell-based,17.5,0.0817244693866606
scsf,0.28,in vitro cell-based,17.6,0.079755862386368
scsf,0.28,in vitro cell-based,17.7,0.0778308329641531
scsf,0.28,in vitro cell-based,17.8,0.0759485678175674
scsf,0.28,in vitro cell-based,17.9,0.0741082625007754
scsf,0.28,in vitro cell-based,18,0.0723091216330134
scsf,0.28,in vitro cell-based,18.1,0.0705503590870161
scsf,0.28,in vitro cell-based,18.2,0.068831198158309
scsf,0.28,in vitro cell-based,18.3,0.067150871717492
scsf,0.28,in vitro cell-based,18.4,0.0655086223443471
scsf,0.28,in vitro cell-based,18.5,0.0639037024455928
scsf,0.28,in vitro cell-based,18.6,0.0623353743578542
scsf,0.28,in vitro cell-based,18.7,0.0608029104356675
scsf,0.28,in vitro cell-based,18.8,0.0593055931255021
scsf,0.28,in vitro cell-based,18.9,0.0578427150261732
scsf,0.28,in vitro cell-based,19,0.0564135789380243
scsf,0.28,in vitro cell-based,19.1,0.0550174978987492
scsf,0.28,in vitro cell-based,19.2,0.0536537952083122
scsf,0.28,in vitro cell-based,19.3,0.0523218044433469
scsf,0.28,in vitro cell-based,19.4,0.0510208694616457
scsf,0.28,in vitro cell-based,19.5,0.0497503443971617
scsf,0.28,in vitro cell-based,19.6,0.0485095936459633
scsf,0.28,in vitro cell-based,19.7,0.0472979918432885
scsf,0.28,in vitro cell-based,19.8,0.0461149238342456
scsf,0.28,in vitro cell-based,19.9,0.0449597846355714
scsf,0.28,in vitro cell-based,20,0.043831979390034
scsf,0.28,in vitro cell-based,20.1,0.042730923315387
scsf,0.28,in vitro cell-based,20.2,0.0416560416469405
scsf,0.28,in vitro cell-based,20.3,0.0406067695743444
scsf,0.28,in vitro cell-based,20.4,0.0395825521729609
scsf,0.28,in vitro cell-based,20.5,0.0385828443297406
scsf,0.28,in vitro cell-based,20.6,0.0376071106666414
scsf,0.28,in vitro cell-based,20.7,0.0366548254563918
scsf,0.28,in vitro cell-based,20.8,0.0357254725365033
scsf,0.28,in vitro cell-based,20.9,0.0348185452191529
scsf,0.28,in vitro cell-based,21,0.0339335461975635
scsf,0.28,in vitro cell-based,21.1,0.033069987449742
scsf,0.28,in vitro cell-based,21.2,0.0322273901389492
scsf,0.28,in vitro cell-based,21.3,0.0314052845112184
scsf,0.28,in vitro cell-based,21.4,0.0306032097914523
scsf,0.28,in vitro cell-based,21.5,0.0298207140768248
scsf,0.28,in vitro cell-based,21.6,0.0290573542286713
scsf,0.28,in vitro cell-based,21.7,0.0283126957624626
scsf,0.28,in vitro cell-based,21.8,0.0275863127357064
scsf,0.28,in vitro cell-based,21.9,0.0268777876356726
scsf,0.28,in vitro cell-based,22,0.0261867112653822
scsf,0.28,in vitro cell-based,22.1,0.0255126826291246
scsf,0.28,in vitro cell-based,22.2,0.0248553088163209
scsf,0.28,in vitro cell-based,22.3,0.0242142048854938
scsf,0.28,in vitro cell-based,22.4,0.0235889937474938
scsf,0.28,in vitro cell-based,22.5,0.0229793060486295
scsf,0.28,in vitro cell-based,22.6,0.0223847800529994
scsf,0.28,in vitro cell-based,22.7,0.0218050615251391
scsf,0.28,in vitro cell-based,22.8,0.021239803612727
scsf,0.28,in vitro cell-based,22.9,0.0206886667292376
scsf,0.28,in vitro cell-based,23,0.0201513184368144
scsf,0.28,in vitro cell-based,23.1,0.0196274333295756
scsf,0.28,in vitro cell-based,23.2,0.0191166929173538
scsf,0.28,in vitro cell-based,23.3,0.0186187855093725
scsf,0.28,in vitro cell-based,23.4,0.0181334060993435
scsf,0.28,in vitro cell-based,23.5,0.0176602562508437
scsf,0.28,in vitro cell-based,23.6,0.0171990439828383
scsf,0.28,in vitro cell-based,23.7,0.0167494836568449
scsf,0.28,in vitro cell-based,23.8,0.0163112958647604
scsf,0.28,in vitro cell-based,23.9,0.0158842073170732
scsf,0.28,in vitro cell-based,24,0.0154679507318895
scsf,0.28,in vitro cell-based,24.1,0.0150622647263108
scsf,0.28,in vitro cell-based,24.2,0.0146668937078122
scsf,0.28,in vitro cell-based,24.3,0.0142815877650238
scsf,0.28,in vitro cell-based,24.4,0.0139061025635576
scsf,0.28,in vitro cell-based,24.5,0.0135401992402968
scsf,0.28,in vitro cell-based,24.6,0.0131836442972783
scsf,0.28,in vitro cell-based,24.7,0.0128362095018324
scsf,0.28,in vitro cell-based,24.8,0.0124976717837498
scsf,0.28,in vitro cell-based,24.9,0.0121678131330027
scsf,0.28,in vitro cell-based,25,0.0118464205037375
scsf,0.28,in vitro cell-based,25.1,0.0115332857147714
scsf,0.28,in vitro cell-based,25.2,0.011228205351932
scsf,0.28,in vitro cell-based,25.3,0.0109309806755639
scsf,0.28,in vitro cell-based,25.4,0.0106414175239317
scsf,0.28,in vitro cell-based,25.5,0.0103593262210315
scsf,0.28,in vitro cell-based,25.6,0.0100845214880354
scsf,0.28,in vitro cell-based,25.7,0.00981682234831576
scsf,0.28,in vitro cell-based,25.8,0.00955605204388951
scsf,0.28,in vitro cell-based,25.9,0.00930203794619996
scsf,0.28,in vitro cell-based,26,0.00905461146779936
scsf,0.28,in vitro cell-based,26.1,0.00881360798290364
scsf,0.28,in vitro cell-based,26.2,0.00857886673898939
scsf,0.28,in vitro cell-based,26.3,0.00835023077808014
scsf,0.28,in vitro cell-based,26.4,0.00812754685743875
scsf,0.28,in vitro cell-based,26.5,0.00791066536387359
scsf,0.28,in vitro cell-based,26.6,0.00769944024509108
scsf,0.28,in vitro cell-based,26.7,0.00749372892440212
scsf,0.28,in vitro cell-based,26.8,0.00729339223217519
scsf,0.28,in vitro cell-based,26.9,0.00709829432923764
scsf,0.28,in vitro cell-based,27,0.00690830263229227
scsf,0.28,in vitro cell-based,27.1,0.00672328774875981
scsf,0.28,in vitro cell-based,27.2,0.00654312339793685
scsf,0.28,in vitro cell-based,27.3,0.00636768635155046
scsf,0.28,in vitro cell-based,27.4,0.00619685635853281
scsf,0.28,in vitro cell-based,27.5,0.00603051608346829
scsf,0.28,in vitro cell-based,27.6,0.0058685510422353
scsf,0.28,in vitro cell-based,27.7,0.00571084953078754
scsf,0.28,in vitro cell-based,27.8,0.00555730257504683
scsf,0.28,in vitro cell-based,27.9,0.00540780385422998
scsf,0.28,in vitro cell-based,28,0.00526224965732293
scsf,0.28,in vitro cell-based,28.1,0.0051205388077442
scsf,0.28,in vitro cell-based,28.2,0.004982572620774
scsf,0.28,in vitro cell-based,28.3,0.00484825483305932
scsf,0.28,in vitro cell-based,28.4,0.00471749155886769
scsf,0.28,in vitro cell-based,28.5,0.00459019122571556
scsf,0.28,in vitro cell-based,28.6,0.00446626452853819
scsf,0.28,in vitro cell-based,28.7,0.00434562437229648
scsf,0.28,in vitro cell-based,28.8,0.00422818582295574
scsf,0.28,in vitro cell-based,28.9,0.00411386605935733
scsf,0.28,in vitro cell-based,29,0.00400258431687125
scsf,0.28,in vitro cell-based,29.1,0.00389426184892701
scsf,0.28,in vitro cell-based,29.2,0.00378882186999962
scsf,0.28,in vitro cell-based,29.3,0.00368618951867031
scsf,0.28,in vitro cell-based,29.4,0.00358629180445091
scsf,0.28,in vitro cell-based,29.5,0.00348905757032433
scsf,0.28,in vitro cell-based,29.6,0.00339441744383267
scsf,0.28,in vitro cell-based,29.7,0.00330230379924724
scsf,0.28,in vitro cell-based,29.8,0.00321265071223851
scsf,0.28,in vitro cell-based,29.9,0.00312539392241466
scsf,0.28,in vitro cell-based,30,0.00304047079103372
scsf,0.28,in vitro cell-based,30.1,0.00295782026410026
scsf,0.28,in vitro cell-based,30.2,0.00287738283308349
scsf,0.28,in vitro cell-based,30.3,0.00279910049944067
scsf,0.28,in vitro cell-based,30.4,0.00272291673615319
scsf,0.28,in vitro cell-based,30.5,0.00264877645084299
scsf,0.28,in vitro cell-based,30.6,0.00257662595885048
scsf,0.28,in vitro cell-based,30.7,0.00250641293465882
scsf,0.28,in vitro cell-based,30.8,0.00243808639905407
scsf,0.28,in vitro cell-based,30.9,0.00237159666240244
scsf,0.28,in vitro cell-based,31,0.00230689531925155
scsf,0.28,in vitro cell-based,31.1,0.00224393519059838
scsf,0.28,in vitro cell-based,31.2,0.00218267031850607
scsf,0.28,in vitro cell-based,31.3,0.00212305591525546
scsf,0.28,in vitro cell-based,31.4,0.00206504834916822
scsf,0.28,in vitro cell-based,31.5,0.00200860510945865
scsf,0.28,in vitro cell-based,31.6,0.00195368477774528
scsf,0.28,in vitro cell-based,31.7,0.00190024700814593
scsf,0.28,in vitro cell-based,31.8,0.00184825248924504
scsf,0.28,in vitro cell-based,31.9,0.00179766293446275
scsf,0.28,in vitro cell-based,32,0.00174844103384246
scsf,0.28,in vitro cell-based,32.1,0.00170055045816629
scsf,0.28,in vitro cell-based,32.2,0.00165395580686339
scsf,0.28,in vitro cell-based,32.3,0.00160862260140954
scsf,0.28,in vitro cell-based,32.4,0.00156451726432881
scsf,0.28,in vitro cell-based,32.5,0.00152160707844239
scsf,0.28,in vitro cell-based,32.6,0.00147986019325396
scsf,0.28,in vitro cell-based,32.7,0.00143924557278475
scsf,0.28,in vitro cell-based,32.8,0.00139973299858517
scsf,0.28,in vitro cell-based,32.9,0.00136129303947156
scsf,0.28,in vitro cell-based,33,0.00132389702701434
scsf,0.28,in vitro cell-based,33.1,0.00128751705234579
scsf,0.28,in vitro cell-based,33.2,0.00125212592385844
scsf,0.28,in vitro cell-based,33.3,0.00121769717325211
scsf,0.28,in vitro cell-based,33.4,0.00118420501806999
scsf,0.28,in vitro cell-based,33.5,0.00115162435372026
scsf,0.28,in vitro cell-based,33.6,0.00111993074034206
scsf,0.28,in vitro cell-based,33.7,0.0010891003670986
scsf,0.28,in vitro cell-based,33.8,0.00105911006281255
scsf,0.28,in vitro cell-based,33.9,0.00102993725835385
scsf,0.28,in vitro cell-based,34,0.00100155997358546
scsf,0.28,in vitro cell-based,34.1,0.000973956824721587
scsf,0.28,in vitro cell-based,34.2,0.000947106973404894
scsf,0.28,in vitro cell-based,34.3,0.00092099013870238
scsf,0.28,in vitro cell-based,34.4,0.000895586581822261
scsf,0.28,in vitro cell-based,34.5,0.000870877072286757
scsf,0.28,in vitro cell-based,34.6,0.000846842900899638
scsf,0.28,in vitro cell-based,34.7,0.000823465847570702
scsf,0.28,in vitro cell-based,34.8,0.000800728170852908
scsf,0.28,in vitro cell-based,34.9,0.000778612612546182
scsf,0.28,in vitro cell-based,35,0.00075710235804322
scsf,0.28,in vitro cell-based,35.1,0.00073618104487752
scsf,0.28,in vitro cell-based,35.2,0.000715832750305345
scsf,0.28,in vitro cell-based,35.3,0.000696041963620517
scsf,0.28,in vitro cell-based,35.4,0.000676793599839762
scsf,0.28,in vitro cell-based,35.5,0.000658072967279849
scsf,0.28,in vitro cell-based,35.6,0.000639865760309242
scsf,0.28,in vitro cell-based,35.7,0.000622158069890829
scsf,0.28,in vitro cell-based,35.8,0.000604936346684828
scsf,0.28,in vitro cell-based,35.9,0.000588187398061259
scsf,0.28,in vitro cell-based,36,0.000571898400604654
scsf,0.28,in vitro cell-based,36.1,0.000556056860902073
scsf,0.28,in vitro cell-based,36.2,0.000540650616081748
scsf,0.28,in vitro cell-based,36.3,0.000525667844446353
scsf,0.28,in vitro cell-based,36.4,0.000511097028321851
scsf,0.28,in vitro cell-based,36.5,0.000496926956336101
scsf,0.28,in vitro cell-based,36.6,0.000483146731678097
scsf,0.28,in vitro cell-based,36.7,0.000469745737600692
scsf,0.28,in vitro cell-based,36.8,0.00045671364083205
scsf,0.28,in vitro cell-based,36.9,0.000444040398959455
scsf,0.28,in vitro cell-based,37,0.000431716226706433
scsf,0.28,in vitro cell-based,37.1,0.000419731601122064
scsf,0.28,in vitro cell-based,37.2,0.000408077268772483
scsf,0.28,in vitro cell-based,37.3,0.000396744211853098
scsf,0.28,in vitro cell-based,37.4,0.000385723655512225
scsf,0.28,in vitro cell-based,37.5,0.000375007077501744
scsf,0.28,in vitro cell-based,37.6,0.000364586166772837
scsf,0.28,in vitro cell-based,37.7,0.000354452838290844
scsf,0.28,in vitro cell-based,37.8,0.000344599234200681
scsf,0.28,in vitro cell-based,37.9,0.000335017708737074
scsf,0.28,in vitro cell-based,38,0.00032570081005657
scsf,0.28,in vitro cell-based,38.1,0.000316641292782361
scsf,0.28,in vitro cell-based,38.2,0.000307832123147325
scsf,0.28,in vitro cell-based,38.3,0.0002992664356327
scsf,0.28,in vitro cell-based,38.4,0.000290937554616715
scsf,0.28,in vitro cell-based,38.5,0.000282839000576028
scsf,0.28,in vitro cell-based,38.6,0.000274964455682315
scsf,0.28,in vitro cell-based,38.7,0.000267307771997902
scsf,0.28,in vitro cell-based,38.8,0.000259862974638887
scsf,0.28,in vitro cell-based,38.9,0.000252624254764344
scsf,0.28,in vitro cell-based,39,0.000245585949306425
scsf,0.28,in vitro cell-based,39.1,0.000238742552100189
scsf,0.28,in vitro cell-based,39.2,0.000232088719383282
scsf,0.28,in vitro cell-based,39.3,0.000225619236135418
scsf,0.28,in vitro cell-based,39.4,0.000219329031970276
scsf,0.28,in vitro cell-based,39.5,0.000213213183717251
scsf,0.28,in vitro cell-based,39.6,0.000207266896050606
scsf,0.28,in vitro cell-based,39.7,0.000201485499811105
scsf,0.28,in vitro cell-based,39.8,0.000195864458796828
scsf,0.28,in vitro cell-based,39.9,0.000190399366968076
scsf,0.28,in vitro cell-based,40,0.00018508592321281
scsf,0.28,in vitro cell-based,40.1,0.000179919946539443
scsf,0.28,in vitro cell-based,40.2,0.00017489737841609
scsf,0.28,in vitro cell-based,40.3,0.000170014273523398
scsf,0.28,in vitro cell-based,40.4,0.000165266779102035
scsf,0.28,in vitro cell-based,40.5,0.000160651150917858
scsf,0.28,in vitro cell-based,40.6,0.000156163759664845
scsf,0.28,in vitro cell-based,40.7,0.000151801070418666
scsf,0.28,in vitro cell-based,40.8,0.000147559634918841
scsf,0.28,in vitro cell-based,40.9,0.000143436101711715
scsf,0.28,in vitro cell-based,41,0.000139427225485252
scsf,0.28,in vitro cell-based,41.1,0.00013552983829788
scsf,0.28,in vitro cell-based,41.2,0.000131740855738617
scsf,0.28,in vitro cell-based,41.3,0.000128057278619459
scsf,0.28,in vitro cell-based,41.4,0.000124476205159513
scsf,0.28,in vitro cell-based,41.5,0.000120994796557651
scsf,0.28,in vitro cell-based,41.6,0.000117610294079904
scsf,0.28,in vitro cell-based,41.7,0.000114320014419245
scsf,0.28,in vitro cell-based,41.8,0.000111121362231589
scsf,0.28,in vitro cell-based,41.9,0.000108011795311855
scsf,0.28,in vitro cell-based,42,0.000104988845659759
scsf,0.28,in vitro cell-based,42.1,0.000102050113607192
scsf,0.28,in vitro cell-based,42.2,9.91932765150959e-05
scsf,0.28,in vitro cell-based,42.3,9.64160598237788e-05
scsf,0.28,in vitro cell-based,42.4,9.3716255396214e-05
scsf,0.28,in vitro cell-based,42.5,9.10917188467661e-05
scsf,0.28,in vitro cell-based,42.6,8.85403729693387e-05
scsf,0.28,in vitro cell-based,42.7,8.60601817648818e-05
scsf,0.28,in vitro cell-based,42.8,8.36491695819728e-05
scsf,0.28,in vitro cell-based,42.9,8.13054133930257e-05
scsf,0.28,in vitro cell-based,43,7.90270631398375e-05
scsf,0.28,in vitro cell-based,43.1,7.68122955220417e-05
scsf,0.28,in vitro cell-based,43.2,7.46593431748141e-05
scsf,0.28,in vitro cell-based,43.3,7.25664863913441e-05
scsf,0.28,in vitro cell-based,43.4,7.05320628227407e-05
scsf,0.28,in vitro cell-based,43.5,6.85544538119656e-05
scsf,0.28,in vitro cell-based,43.6,6.6632075049436e-05
scsf,0.28,in vitro cell-based,43.7,6.47633895284453e-05
scsf,0.28,in vitro cell-based,43.8,6.29469046105291e-05
scsf,0.28,in vitro cell-based,43.9,6.11811802274504e-05
scsf,0.28,in vitro cell-based,44,5.94647982264569e-05
scsf,0.28,in vitro cell-based,44.1,5.77963850512575e-05
scsf,0.28,in vitro cell-based,44.2,5.61746039774263e-05
scsf,0.28,in vitro cell-based,44.3,5.45981672337317e-05
scsf,0.28,in vitro cell-based,44.4,5.30658100496917e-05
scsf,0.28,in vitro cell-based,44.5,5.15763036556101e-05
scsf,0.28,in vitro cell-based,44.6,5.01284534377944e-05
scsf,0.28,in vitro cell-based,44.7,4.87211027443359e-05
scsf,0.28,in vitro cell-based,44.8,4.73531281307786e-05
scsf,0.28,in vitro cell-based,44.9,4.60234288736331e-05
scsf,0.28,in vitro cell-based,45,4.47309373254665e-05
scsf,0.28,in vitro cell-based,45.1,4.34746158531792e-05
scsf,0.28,in vitro cell-based,45.2,4.22534651863706e-05
scsf,0.28,in vitro cell-based,45.3,4.10665000021885e-05
scsf,0.28,in vitro cell-based,45.4,3.99127662971004e-05
scsf,0.28,in vitro cell-based,45.5,3.87913356523007e-05
scsf,0.28,in vitro cell-based,45.6,3.77013155962641e-05
scsf,0.28,in vitro cell-based,45.7,3.66418285578209e-05
scsf,0.28,in vitro cell-based,45.8,3.56120201182076e-05
scsf,0.28,in vitro cell-based,45.9,3.46110605873246e-05
scsf,0.28,in vitro cell-based,46,3.36381422300792e-05
scsf,0.28,in vitro cell-based,46.1,3.26924930189214e-05
scsf,0.28,in vitro cell-based,46.2,3.17733492152791e-05
scsf,0.28,in vitro cell-based,46.3,3.08799676455165e-05
scsf,0.28,in vitro cell-based,46.4,3.00116271345533e-05
scsf,0.28,in vitro cell-based,46.5,2.91676255283346e-05
scsf,0.28,in vitro cell-based,46.6,2.83472938765306e-05
scsf,0.28,in vitro cell-based,46.7,2.75499679658539e-05
scsf,0.28,in vitro cell-based,46.8,2.6775002221849e-05
scsf,0.28,in vitro cell-based,46.9,2.60217703537189e-05
scsf,0.28,in vitro cell-based,47,2.52896626793961e-05
scsf,0.28,in vitro cell-based,47.1,2.45780980278553e-05
scsf,0.28,in vitro cell-based,47.2,2.38864993496956e-05
scsf,0.28,in vitro cell-based,47.3,2.32143063756775e-05
scsf,0.28,in vitro cell-based,47.4,2.25609753799962e-05
scsf,0.28,in vitro cell-based,47.5,2.19259771150483e-05
scsf,0.28,in vitro cell-based,47.6,2.13088060973116e-05
scsf,0.28,in vitro cell-based,47.7,2.07089612958236e-05
scsf,0.28,in vitro cell-based,47.8,2.01259565078623e-05
scsf,0.28,in vitro cell-based,47.9,1.95593196190505e-05
scsf,0.28,in vitro cell-based,48,1.90085910942385e-05
scsf,0.039,in vitro PAMPA,0,0
scsf,0.039,in vitro PAMPA,0.1,0.000330364379760788
scsf,0.039,in vitro PAMPA,0.2,0.00220179486601347
scsf,0.039,in vitro PAMPA,0.3,0.00621943004571032
scsf,0.039,in vitro PAMPA,0.4,0.0117167768421404
scsf,0.039,in vitro PAMPA,0.5,0.0177291627830023
scsf,0.039,in vitro PAMPA,0.6,0.0238680907427692
scsf,0.039,in vitro PAMPA,0.7,0.0299851813633781
scsf,0.039,in vitro PAMPA,0.8,0.0360220622558024
scsf,0.039,in vitro PAMPA,0.9,0.0419544276601995
scsf,0.039,in vitro PAMPA,1,0.0477711406900425
scsf,0.039,in vitro PAMPA,1.1,0.0534663860668806
scsf,0.039,in vitro PAMPA,1.2,0.0590366910491281
scsf,0.039,in vitro PAMPA,1.3,0.0644797683897074
scsf,0.039,in vitro PAMPA,1.4,0.0697940458604578
scsf,0.039,in vitro PAMPA,1.5,0.0749784580406789
scsf,0.039,in vitro PAMPA,1.6,0.0800323410228891
scsf,0.039,in vitro PAMPA,1.7,0.0849553695998759
scsf,0.039,in vitro PAMPA,1.8,0.0897475135676372
scsf,0.039,in vitro PAMPA,1.9,0.0944090037813183
scsf,0.039,in vitro PAMPA,2,0.0989403039707353
scsf,0.039,in vitro PAMPA,2.1,0.103342086440498
scsf,0.039,in vitro PAMPA,2.2,0.107615210657562
scsf,0.039,in vitro PAMPA,2.3,0.111760704127438
scsf,0.039,in vitro PAMPA,2.4,0.115779745149564
scsf,0.039,in vitro PAMPA,2.5,0.119673647170657
scsf,0.039,in vitro PAMPA,2.6,0.123443844504217
scsf,0.039,in vitro PAMPA,2.7,0.127091879251781
scsf,0.039,in vitro PAMPA,2.8,0.130619389286801
scsf,0.039,in vitro PAMPA,2.9,0.134028097186322
scsf,0.039,in vitro PAMPA,3,0.137319800020975
scsf,0.039,in vitro PAMPA,3.1,0.140496359924457
scsf,0.039,in vitro PAMPA,3.2,0.143559695376286
scsf,0.039,in vitro PAMPA,3.3,0.146511773140371
scsf,0.039,in vitro PAMPA,3.4,0.14935460081069
scsf,0.039,in vitro PAMPA,3.5,0.152090219916821
scsf,0.039,in vitro PAMPA,3.6,0.154720699552736
scsf,0.039,in vitro PAMPA,3.7,0.157248130491252
scsf,0.039,in vitro PAMPA,3.8,0.159674619750348
scsf,0.039,in vitro PAMPA,3.9,0.162002285584032
scsf,0.039,in vitro PAMPA,4,0.164233252867928
scsf,0.039,in vitro PAMPA,4.1,0.166369648853969
scsf,0.039,in vitro PAMPA,4.2,0.168413599271495
scsf,0.039,in vitro PAMPA,4.3,0.170367224751676
scsf,0.039,in vitro PAMPA,4.4,0.172232637554288
scsf,0.039,in vitro PAMPA,4.5,0.174011938577735
scsf,0.039,in vitro PAMPA,4.6,0.175707214633972
scsf,0.039,in vitro PAMPA,4.7,0.177320535970844
scsf,0.039,in vitro PAMPA,4.8,0.178853954026055
scsf,0.039,in vitro PAMPA,4.9,0.180309499397515
scsf,0.039,in vitro PAMPA,5,0.181689180015405
scsf,0.039,in vitro PAMPA,5.1,0.182994979502885
scsf,0.039,in vitro PAMPA,5.2,0.184228855713047
scsf,0.039,in vitro PAMPA,5.3,0.185392739429546
scsf,0.039,in vitro PAMPA,5.4,0.186488533220057
scsf,0.039,in vitro PAMPA,5.5,0.187518110432275
scsf,0.039,in vitro PAMPA,5.6,0.18848331432209
scsf,0.039,in vitro PAMPA,5.7,0.189385957304695
scsf,0.039,in vitro PAMPA,5.8,0.190227820320183
scsf,0.039,in vitro PAMPA,5.9,0.19101065230506
scsf,0.039,in vitro PAMPA,6,0.191736169761917
scsf,0.039,in vitro PAMPA,6.1,0.192406056420069
scsf,0.039,in vitro PAMPA,6.2,0.19302196298046
scsf,0.039,in vitro PAMPA,6.3,0.193585506938081
scsf,0.039,in vitro PAMPA,6.4,0.194098272475931
scsf,0.039,in vitro PAMPA,6.5,0.194561810425152
scsf,0.039,in vitro PAMPA,6.6,0.194977638285678
scsf,0.039,in vitro PAMPA,6.7,0.195347240302495
scsf,0.039,in vitro PAMPA,6.8,0.195672067592861
scsf,0.039,in vitro PAMPA,6.9,0.19595353832024
scsf,0.039,in vitro PAMPA,7,0.196193037910587
scsf,0.039,in vitro PAMPA,7.1,0.196391919307267
scsf,0.039,in vitro PAMPA,7.2,0.196551503261084
scsf,0.039,in vitro PAMPA,7.3,0.196673078651992
scsf,0.039,in vitro PAMPA,7.4,0.196757902839311
scsf,0.039,in vitro PAMPA,7.5,0.196807202037509
scsf,0.039,in vitro PAMPA,7.6,0.196822171714974
scsf,0.039,in vitro PAMPA,7.7,0.196803977013059
scsf,0.039,in vitro PAMPA,7.8,0.196753753183038
scsf,0.039,in vitro PAMPA,7.9,0.196672606038791
scsf,0.039,in vitro PAMPA,8,0.196561612423218
scsf,0.039,in vitro PAMPA,8.1,0.196421820686333
scsf,0.039,in vitro PAMPA,8.2,0.196254251173387
scsf,0.039,in vitro PAMPA,8.3,0.196059896721262
scsf,0.039,in vitro PAMPA,8.4,0.195839723161694
scsf,0.039,in vitro PAMPA,8.5,0.195594669829835
scsf,0.039,in vitro PAMPA,8.6,0.195325650076902
scsf,0.039,in vitro PAMPA,8.7,0.195033551785658
scsf,0.039,in vitro PAMPA,8.8,0.194719237887638
scsf,0.039,in vitro PAMPA,8.9,0.194383546881074
scsf,0.039,in vitro PAMPA,9,0.194027293348581
scsf,0.039,in vitro PAMPA,9.1,0.193651268473728
scsf,0.039,in vitro PAMPA,9.2,0.19325624055573
scsf,0.039,in vitro PAMPA,9.3,0.19284295552147
scsf,0.039,in vitro PAMPA,9.4,0.192412137434242
scsf,0.039,in vitro PAMPA,9.5,0.191964488998648
scsf,0.039,in vitro PAMPA,9.6,0.191500692060951
scsf,0.039,in vitro PAMPA,9.7,0.191021408104568
scsf,0.039,in vitro PAMPA,9.8,0.190527278740159
scsf,0.039,in vitro PAMPA,9.9,0.190018926189883
scsf,0.039,in vitro PAMPA,10,0.189496953765637
scsf,0.039,in vitro PAMPA,10.1,0.188961946340637
scsf,0.039,in vitro PAMPA,10.2,0.188414470814438
scsf,0.039,in vitro PAMPA,10.3,0.187855076570872
scsf,0.039,in vitro PAMPA,10.4,0.187284295928778
scsf,0.039,in vitro PAMPA,10.5,0.186702644585457
scsf,0.039,in vitro PAMPA,10.6,0.186110622052331
scsf,0.039,in vitro PAMPA,10.7,0.185508712083262
scsf,0.039,in vitro PAMPA,10.8,0.184897383094745
scsf,0.039,in vitro PAMPA,10.9,0.184277088578605
scsf,0.039,in vitro PAMPA,11,0.183648267506306
scsf,0.039,in vitro PAMPA,11.1,0.183011344725765
scsf,0.039,in vitro PAMPA,11.2,0.18236673134969
scsf,0.039,in vitro PAMPA,11.3,0.181714825136405
scsf,0.039,in vitro PAMPA,11.4,0.1810560108621
scsf,0.039,in vitro PAMPA,11.5,0.180390660685603
scsf,0.039,in vitro PAMPA,11.6,0.179719134504739
scsf,0.039,in vitro PAMPA,11.7,0.179041780305068
scsf,0.039,in vitro PAMPA,11.8,0.178358934500658
scsf,0.039,in vitro PAMPA,11.9,0.177670922266854
scsf,0.039,in vitro PAMPA,12,0.17697805786563
scsf,0.039,in vitro PAMPA,12.1,0.176280644962815
scsf,0.039,in vitro PAMPA,12.2,0.175578976938236
scsf,0.039,in vitro PAMPA,12.3,0.174873337187976
scsf,0.039,in vitro PAMPA,12.4,0.174163999419247
scsf,0.039,in vitro PAMPA,12.5,0.17345122793821
scsf,0.039,in vitro PAMPA,12.6,0.172735277930228
scsf,0.039,in vitro PAMPA,12.7,0.172016395733257
scsf,0.039,in vitro PAMPA,12.8,0.171294819104313
scsf,0.039,in vitro PAMPA,12.9,0.170570777478731
scsf,0.039,in vitro PAMPA,13,0.169844492222936
scsf,0.039,in vitro PAMPA,13.1,0.169116176880565
scsf,0.039,in vitro PAMPA,13.2,0.168386037411851
scsf,0.039,in vitro PAMPA,13.3,0.167654272426864
scsf,0.039,in vitro PAMPA,13.4,0.166921073412421
scsf,0.039,in vitro PAMPA,13.5,0.166186624952655
scsf,0.039,in vitro PAMPA,13.6,0.165451104943614
scsf,0.039,in vitro PAMPA,13.7,0.164714684802244
scsf,0.039,in vitro PAMPA,13.8,0.163977529669221
scsf,0.039,in vitro PAMPA,13.9,0.163239798606324
scsf,0.039,in vitro PAMPA,14,0.162501644788103
scsf,0.039,in vitro PAMPA,14.1,0.161763215688417
scsf,0.039,in vitro PAMPA,14.2,0.161024653261397
scsf,0.039,in vitro PAMPA,14.3,0.160286094117362
scsf,0.039,in vitro PAMPA,14.4,0.159547669693643
scsf,0.039,in vitro PAMPA,14.5,0.158809506420697
scsf,0.039,in vitro PAMPA,14.6,0.158071725883038
scsf,0.039,in vitro PAMPA,14.7,0.157334444975691
scsf,0.039,in vitro PAMPA,14.8,0.15659777605606
scsf,0.039,in vitro PAMPA,14.9,0.155861827091168
scsf,0.039,in vitro PAMPA,15,0.155126701800939
scsf,0.039,in vitro PAMPA,15.1,0.15439249979679
scsf,0.039,in vitro PAMPA,15.2,0.153659316716252
scsf,0.039,in vitro PAMPA,15.3,0.152927244353579
scsf,0.039,in vitro PAMPA,15.4,0.152196370786444
scsf,0.039,in vitro PAMPA,15.5,0.151466780498701
scsf,0.039,in vitro PAMPA,15.6,0.150738554499654
scsf,0.039,in vitro PAMPA,15.7,0.150011770439521
scsf,0.039,in vitro PAMPA,15.8,0.149286502721335
scsf,0.039,in vitro PAMPA,15.9,0.148562822609505
scsf,0.039,in vitro PAMPA,16,0.147840798335048
scsf,0.039,in vitro PAMPA,16.1,0.147120495197518
scsf,0.039,in vitro PAMPA,16.2,0.146401975663866
scsf,0.039,in vitro PAMPA,16.3,0.145685299464179
scsf,0.039,in vitro PAMPA,16.4,0.144970523684388
scsf,0.039,in vitro PAMPA,16.5,0.144257702856109
scsf,0.039,in vitro PAMPA,16.6,0.143546889043723
scsf,0.039,in vitro PAMPA,16.7,0.142838131928696
scsf,0.039,in vitro PAMPA,16.8,0.142131478891167
scsf,0.039,in vitro PAMPA,16.9,0.1414269750891
scsf,0.039,in vitro PAMPA,17,0.140724663534808
scsf,0.039,in vitro PAMPA,17.1,0.140024585169042
scsf,0.039,in vitro PAMPA,17.2,0.139326778932767
scsf,0.039,in vitro PAMPA,17.3,0.138631281836646
scsf,0.039,in vitro PAMPA,17.4,0.137938129028272
scsf,0.039,in vitro PAMPA,17.5,0.137247353857263
scsf,0.039,in vitro PAMPA,17.6,0.136558987938289
scsf,0.039,in vitro PAMPA,17.7,0.135873061211993
scsf,0.039,in vitro PAMPA,17.8,0.13518960200395
scsf,0.039,in vitro PAMPA,17.9,0.134508637081751
scsf,0.039,in vitro PAMPA,18,0.133830191710229
scsf,0.039,in vitro PAMPA,18.1,0.133154289704869
scsf,0.039,in vitro PAMPA,18.2,0.132480953483481
scsf,0.039,in vitro PAMPA,18.3,0.131810204116227
scsf,0.039,in vitro PAMPA,18.4,0.131142061373933
scsf,0.039,in vitro PAMPA,18.5,0.130476543774823
scsf,0.039,in vitro PAMPA,18.6,0.12981366862973
scsf,0.039,in vitro PAMPA,18.7,0.129153452085842
scsf,0.039,in vitro PAMPA,18.8,0.128495909168965
scsf,0.039,in vitro PAMPA,18.9,0.127841053824391
scsf,0.039,in vitro PAMPA,19,0.127188898956507
scsf,0.039,in vitro PAMPA,19.1,0.126539456466923
scsf,0.039,in vitro PAMPA,19.2,0.125892737291394
scsf,0.039,in vitro PAMPA,19.3,0.125248751435517
scsf,0.039,in vitro PAMPA,19.4,0.12460750800925
scsf,0.039,in vitro PAMPA,19.5,0.123969015260268
scsf,0.039,in vitro PAMPA,19.6,0.123333280606182
scsf,0.039,in vitro PAMPA,19.7,0.12270031066567
scsf,0.039,in vitro PAMPA,19.8,0.122070111288594
scsf,0.039,in vitro PAMPA,19.9,0.121442687585135
scsf,0.039,in vitro PAMPA,20,0.120818043953824
scsf,0.039,in vitro PAMPA,20.1,0.120196184108622
scsf,0.039,in vitro PAMPA,20.2,0.119577111105204
scsf,0.039,in vitro PAMPA,20.3,0.118960827366292
scsf,0.039,in vitro PAMPA,20.4,0.118347334706118
scsf,0.039,in vitro PAMPA,20.5,0.117736634354006
scsf,0.039,in vitro PAMPA,20.6,0.117128726977296
scsf,0.039,in vitro PAMPA,20.7,0.116523612703425
scsf,0.039,in vitro PAMPA,20.8,0.115921291141023
scsf,0.039,in vitro PAMPA,20.9,0.115321761400553
scsf,0.039,in vitro PAMPA,21,0.114725022114171
scsf,0.039,in vitro PAMPA,21.1,0.114131071454855
scsf,0.039,in vitro PAMPA,21.2,0.113539907155026
scsf,0.039,in vitro PAMPA,21.3,0.11295152652426
scsf,0.039,in vitro PAMPA,21.4,0.112365926466606
scsf,0.039,in vitro PAMPA,21.5,0.111783103497209
scsf,0.039,in vitro PAMPA,21.6,0.111203053758334
scsf,0.039,in vitro PAMPA,21.7,0.110625773035048
scsf,0.039,in vitro PAMPA,21.8,0.11005125676996
scsf,0.039,in vitro PAMPA,21.9,0.109479500077719
scsf,0.039,in vitro PAMPA,22,0.108910497758991
scsf,0.039,in vitro PAMPA,22.1,0.108344244313851
scsf,0.039,in vitro PAMPA,22.2,0.107780733954924
scsf,0.039,in vitro PAMPA,22.3,0.107219960619703
scsf,0.039,in vitro PAMPA,22.4,0.106661917982684
scsf,0.039,in vitro PAMPA,22.5,0.106106599466974
scsf,0.039,in vitro PAMPA,22.6,0.105553998255806
scsf,0.039,in vitro PAMPA,22.7,0.105004107302943
scsf,0.039,in vitro PAMPA,22.8,0.104456919343347
scsf,0.039,in vitro PAMPA,22.9,0.103912426903232
scsf,0.039,in vitro PAMPA,23,0.103370622309968
scsf,0.039,in vitro PAMPA,23.1,0.102831497701128
scsf,0.039,in vitro PAMPA,23.2,0.102295045033655
scsf,0.039,in vitro PAMPA,23.3,0.101761256092732
scsf,0.039,in vitro PAMPA,23.4,0.101230122500103
scsf,0.039,in vitro PAMPA,23.5,0.100701635721988
scsf,0.039,in vitro PAMPA,23.6,0.100175787077003
scsf,0.039,in vitro PAMPA,23.7,0.0996525677439313
scsf,0.039,in vitro PAMPA,23.8,0.0991319687685311
scsf,0.039,in vitro PAMPA,23.9,0.0986139810707259
scsf,0.039,in vitro PAMPA,24,0.0980985954515481
scsf,0.039,in vitro PAMPA,24.1,0.0975858025992978
scsf,0.039,in vitro PAMPA,24.2,0.0970755930958449
scsf,0.039,in vitro PAMPA,24.3,0.0965679574229349
scsf,0.039,in vitro PAMPA,24.4,0.0960628859677415
scsf,0.039,in vitro PAMPA,24.5,0.0955603690283389
scsf,0.039,in vitro PAMPA,24.6,0.0950603968194818
scsf,0.039,in vitro PAMPA,24.7,0.0945629594774142
scsf,0.039,in vitro PAMPA,24.8,0.0940680470648915
scsf,0.039,in vitro PAMPA,24.9,0.0935756495763011
scsf,0.039,in vitro PAMPA,25,0.0930857569419497
scsf,0.039,in vitro PAMPA,25.1,0.0925983590325525
scsf,0.039,in vitro PAMPA,25.2,0.0921134456637837
scsf,0.039,in vitro PAMPA,25.3,0.0916310066001309
scsf,0.039,in vitro PAMPA,25.4,0.0911510315588054
scsf,0.039,in vitro PAMPA,25.5,0.0906735102140845
scsf,0.039,in vitro PAMPA,25.6,0.0901984322002209
scsf,0.039,in vitro PAMPA,25.7,0.0897257871155693
scsf,0.039,in vitro PAMPA,25.8,0.0892555645257519
scsf,0.039,in vitro PAMPA,25.9,0.0887877539667715
scsf,0.039,in vitro PAMPA,26,0.0883223449486071
scsf,0.039,in vitro PAMPA,26.1,0.0878593269577546
scsf,0.039,in vitro PAMPA,26.2,0.0873986894603417
scsf,0.039,in vitro PAMPA,26.3,0.0869404219050832
scsf,0.039,in vitro PAMPA,26.4,0.0864845137255174
scsf,0.039,in vitro PAMPA,26.5,0.0860309543431661
scsf,0.039,in vitro PAMPA,26.6,0.0855797331694949
scsf,0.039,in vitro PAMPA,26.7,0.0851308396085524
scsf,0.039,in vitro PAMPA,26.8,0.0846842630593199
scsf,0.039,in vitro PAMPA,26.9,0.0842399929175038
scsf,0.039,in vitro PAMPA,27,0.0837980185782715
scsf,0.039,in vitro PAMPA,27.1,0.0833583294375869
scsf,0.039,in vitro PAMPA,27.2,0.0829209148947275
scsf,0.039,in vitro PAMPA,27.3,0.0824857643537817
scsf,0.039,in vitro PAMPA,27.4,0.0820528672255124
scsf,0.039,in vitro PAMPA,27.5,0.0816222129292858
scsf,0.039,in vitro PAMPA,27.6,0.0811937908942275
scsf,0.039,in vitro PAMPA,27.7,0.0807675905614936
scsf,0.039,in vitro PAMPA,27.8,0.080343601384984
scsf,0.039,in vitro PAMPA,27.9,0.0799218128335683
scsf,0.039,in vitro PAMPA,28,0.0795022143917345
scsf,0.039,in vitro PAMPA,28.1,0.0790847955615367
scsf,0.039,in vitro PAMPA,28.2,0.0786695458633698
scsf,0.039,in vitro PAMPA,28.3,0.0782564548375178
scsf,0.039,in vitro PAMPA,28.4,0.0778455120451496
scsf,0.039,in vitro PAMPA,28.5,0.0774367070694144
scsf,0.039,in vitro PAMPA,28.6,0.077030029516703
scsf,0.039,in vitro PAMPA,28.7,0.076625469017263
scsf,0.039,in vitro PAMPA,28.8,0.0762230152267224
scsf,0.039,in vitro PAMPA,28.9,0.0758226578263285
scsf,0.039,in vitro PAMPA,29,0.0754243865246269
scsf,0.039,in vitro PAMPA,29.1,0.0750281910574258
scsf,0.039,in vitro PAMPA,29.2,0.0746340611895144
scsf,0.039,in vitro PAMPA,29.3,0.0742419867144809
scsf,0.039,in vitro PAMPA,29.4,0.0738519574563628
scsf,0.039,in vitro PAMPA,29.5,0.0734639632694487
scsf,0.039,in vitro PAMPA,29.6,0.0730779940397739
scsf,0.039,in vitro PAMPA,29.7,0.0726940396849578
scsf,0.039,in vitro PAMPA,29.8,0.0723120901555465
scsf,0.039,in vitro PAMPA,29.9,0.0719321354348568
scsf,0.039,in vitro PAMPA,30,0.0715541655402102
scsf,0.039,in vitro PAMPA,30.1,0.0711781705227525
scsf,0.039,in vitro PAMPA,30.2,0.0708041404686006
scsf,0.039,in vitro PAMPA,30.3,0.0704320654985957
scsf,0.039,in vitro PAMPA,30.4,0.0700619357694912
scsf,0.039,in vitro PAMPA,30.5,0.0696937414736605
scsf,0.039,in vitro PAMPA,30.6,0.0693274728399609
scsf,0.039,in vitro PAMPA,30.7,0.0689631201338753
scsf,0.039,in vitro PAMPA,30.8,0.0686006736577881
scsf,0.039,in vitro PAMPA,30.9,0.0682401237515859
scsf,0.039,in vitro PAMPA,31,0.067881460792507
scsf,0.039,in vitro PAMPA,31.1,0.0675246751959659
scsf,0.039,in vitro PAMPA,31.2,0.0671697574152106
scsf,0.039,in vitro PAMPA,31.3,0.0668166979421951
scsf,0.039,in vitro PAMPA,31.4,0.0664654873071577
scsf,0.039,in vitro PAMPA,31.5,0.0661161160794576
scsf,0.039,in vitro PAMPA,31.6,0.0657685748672272
scsf,0.039,in vitro PAMPA,31.7,0.0654228543179227
scsf,0.039,in vitro PAMPA,31.8,0.0650789451182716
scsf,0.039,in vitro PAMPA,31.9,0.0647368379944768
scsf,0.039,in vitro PAMPA,32,0.0643965237125385
scsf,0.039,in vitro PAMPA,32.1,0.064057993077894
scsf,0.039,in vitro PAMPA,32.2,0.0637212369362119
scsf,0.039,in vitro PAMPA,32.3,0.0633862461727917
scsf,0.039,in vitro PAMPA,32.4,0.0630530117131497
scsf,0.039,in vitro PAMPA,32.5,0.0627215245229224
scsf,0.039,in vitro PAMPA,32.6,0.0623917756077389
scsf,0.039,in vitro PAMPA,32.7,0.0620637560137288
scsf,0.039,in vitro PAMPA,32.8,0.0617374568269853
scsf,0.039,in vitro PAMPA,32.9,0.0614128691741822
scsf,0.039,in vitro PAMPA,33,0.061089984222188
scsf,0.039,in vitro PAMPA,33.1,0.0607687931781965
scsf,0.039,in vitro PAMPA,33.2,0.0604492872899011
scsf,0.039,in vitro PAMPA,33.3,0.0601314578451345
scsf,0.039,in vitro PAMPA,33.4,0.0598152961723155
scsf,0.039,in vitro PAMPA,33.5,0.0595007936399826
scsf,0.039,in vitro PAMPA,33.6,0.0591879416571161
scsf,0.039,in vitro PAMPA,33.7,0.0588767316730517
scsf,0.039,in vitro PAMPA,33.8,0.0585671551771042
scsf,0.039,in vitro PAMPA,33.9,0.0582592036991119
scsf,0.039,in vitro PAMPA,34,0.0579528688089363
scsf,0.039,in vitro PAMPA,34.1,0.0576481421164448
scsf,0.039,in vitro PAMPA,34.2,0.057345015271791
scsf,0.039,in vitro PAMPA,34.3,0.057043479964879
scsf,0.039,in vitro PAMPA,34.4,0.0567435279256598
scsf,0.039,in vitro PAMPA,34.5,0.0564451509239733
scsf,0.039,in vitro PAMPA,34.6,0.0561483407692365
scsf,0.039,in vitro PAMPA,34.7,0.0558530893107661
scsf,0.039,in vitro PAMPA,34.8,0.0555593884373835
scsf,0.039,in vitro PAMPA,34.9,0.0552672300773659
scsf,0.039,in vitro PAMPA,35,0.0549766061985572
scsf,0.039,in vitro PAMPA,35.1,0.0546875088079556
scsf,0.039,in vitro PAMPA,35.2,0.0543999299518824
scsf,0.039,in vitro PAMPA,35.3,0.0541138617157884
scsf,0.039,in vitro PAMPA,35.4,0.0538292962239738
scsf,0.039,in vitro PAMPA,35.5,0.0535462256398385
scsf,0.039,in vitro PAMPA,35.6,0.0532646421655155
scsf,0.039,in vitro PAMPA,35.7,0.0529845380416399
scsf,0.039,in vitro PAMPA,35.8,0.0527059055476258
scsf,0.039,in vitro PAMPA,35.9,0.0524287370012482
scsf,0.039,in vitro PAMPA,36,0.0521530247584323
scsf,0.039,in vitro PAMPA,36.1,0.0518787612134951
scsf,0.039,in vitro PAMPA,36.2,0.0516059387987369
scsf,0.039,in vitro PAMPA,36.3,0.0513345499842611
scsf,0.039,in vitro PAMPA,36.4,0.0510645872781301
scsf,0.039,in vitro PAMPA,36.5,0.0507960432260064
scsf,0.039,in vitro PAMPA,36.6,0.0505289104109894
scsf,0.039,in vitro PAMPA,36.7,0.0502631814536963
scsf,0.039,in vitro PAMPA,36.8,0.0499988490119453
scsf,0.039,in vitro PAMPA,36.9,0.0497359057805963
scsf,0.039,in vitro PAMPA,37,0.0494743444915898
scsf,0.039,in vitro PAMPA,37.1,0.0492141579136493
scsf,0.039,in vitro PAMPA,37.2,0.0489553388521263
scsf,0.039,in vitro PAMPA,37.3,0.0486978801490095
scsf,0.039,in vitro PAMPA,37.4,0.0484417746826333
scsf,0.039,in vitro PAMPA,37.5,0.0481870153675352
scsf,0.039,in vitro PAMPA,37.6,0.0479335951544556
scsf,0.039,in vitro PAMPA,37.7,0.0476815070300734
scsf,0.039,in vitro PAMPA,37.8,0.0474307440167497
scsf,0.039,in vitro PAMPA,37.9,0.0471812991726536
scsf,0.039,in vitro PAMPA,38,0.0469331655914323
scsf,0.039,in vitro PAMPA,38.1,0.0466863364020264
scsf,0.039,in vitro PAMPA,38.2,0.0464408047686066
scsf,0.039,in vitro PAMPA,38.3,0.0461965638904465
scsf,0.039,in vitro PAMPA,38.4,0.0459536070016923
scsf,0.039,in vitro PAMPA,38.5,0.045711927371193
scsf,0.039,in vitro PAMPA,38.6,0.0454715183024708
scsf,0.039,in vitro PAMPA,38.7,0.0452323731334772
scsf,0.039,in vitro PAMPA,38.8,0.0449944852364055
scsf,0.039,in vitro PAMPA,38.9,0.0447578480176447
scsf,0.039,in vitro PAMPA,39,0.0445224549175597
scsf,0.039,in vitro PAMPA,39.1,0.0442882994103323
scsf,0.039,in vitro PAMPA,39.2,0.0440553750038236
scsf,0.039,in vitro PAMPA,39.3,0.0438236752394396
scsf,0.039,in vitro PAMPA,39.4,0.0435931936919496
scsf,0.039,in vitro PAMPA,39.5,0.0433639239693231
scsf,0.039,in vitro PAMPA,39.6,0.0431358597126178
scsf,0.039,in vitro PAMPA,39.7,0.0429089945957953
scsf,0.039,in vitro PAMPA,39.8,0.042683322325563
scsf,0.039,in vitro PAMPA,39.9,0.042458836641242
scsf,0.039,in vitro PAMPA,40,0.0422355313146017
scsf,0.039,in vitro PAMPA,40.1,0.0420134001497062
scsf,0.039,in vitro PAMPA,40.2,0.0417924369827666
scsf,0.039,in vitro PAMPA,40.3,0.0415726356819783
scsf,0.039,in vitro PAMPA,40.4,0.0413539901473734
scsf,0.039,in vitro PAMPA,40.5,0.0411364943106703
scsf,0.039,in vitro PAMPA,40.6,0.0409201421351415
scsf,0.039,in vitro PAMPA,40.7,0.040704927615408
scsf,0.039,in vitro PAMPA,40.8,0.0404908447773262
scsf,0.039,in vitro PAMPA,40.9,0.040277887677839
scsf,0.039,in vitro PAMPA,41,0.0400660504048444
scsf,0.039,in vitro PAMPA,41.1,0.0398553270769657
scsf,0.039,in vitro PAMPA,41.2,0.0396457118434632
scsf,0.039,in vitro PAMPA,41.3,0.039437198884096
scsf,0.039,in vitro PAMPA,41.4,0.0392297824089675
scsf,0.039,in vitro PAMPA,41.5,0.0390234566583039
scsf,0.039,in vitro PAMPA,41.6,0.0388182159023725
scsf,0.039,in vitro PAMPA,41.7,0.0386140544413614
scsf,0.039,in vitro PAMPA,41.8,0.0384109666051841
scsf,0.039,in vitro PAMPA,41.9,0.0382089467532943
scsf,0.039,in vitro PAMPA,42,0.0380079892745936
scsf,0.039,in vitro PAMPA,42.1,0.037808088587338
scsf,0.039,in vitro PAMPA,42.2,0.0376092391388843
scsf,0.039,in vitro PAMPA,42.3,0.0374114354055646
scsf,0.039,in vitro PAMPA,42.4,0.0372146718925693
scsf,0.039,in vitro PAMPA,42.5,0.0370189431339243
scsf,0.039,in vitro PAMPA,42.6,0.0368242436920766
scsf,0.039,in vitro PAMPA,42.7,0.0366305681579127
scsf,0.039,in vitro PAMPA,42.8,0.0364379111505934
scsf,0.039,in vitro PAMPA,42.9,0.0362462673174744
scsf,0.039,in vitro PAMPA,43,0.0360556313339876
scsf,0.039,in vitro PAMPA,43.1,0.0358659979032192
scsf,0.039,in vitro PAMPA,43.2,0.0356773617560285
scsf,0.039,in vitro PAMPA,43.3,0.0354897176508273
scsf,0.039,in vitro PAMPA,43.4,0.0353030603736936
scsf,0.039,in vitro PAMPA,43.5,0.0351173847377472
scsf,0.039,in vitro PAMPA,43.6,0.034932685583283
scsf,0.039,in vitro PAMPA,43.7,0.0347489577776185
scsf,0.039,in vitro PAMPA,43.8,0.0345661962150155
scsf,0.039,in vitro PAMPA,43.9,0.0343843958165961
scsf,0.039,in vitro PAMPA,44,0.0342035515298315
scsf,0.039,in vitro PAMPA,44.1,0.0340236583287435
scsf,0.039,in vitro PAMPA,44.2,0.0338447112136682
scsf,0.039,in vitro PAMPA,44.3,0.0336667052113641
scsf,0.039,in vitro PAMPA,44.4,0.0334896353744267
scsf,0.039,in vitro PAMPA,44.5,0.0333134967813841
scsf,0.039,in vitro PAMPA,44.6,0.0331382845365735
scsf,0.039,in vitro PAMPA,44.7,0.0329639937700547
scsf,0.039,in vitro PAMPA,44.8,0.0327906196375555
scsf,0.039,in vitro PAMPA,44.9,0.0326181573199365
scsf,0.039,in vitro PAMPA,45,0.0324466020234133
scsf,0.039,in vitro PAMPA,45.1,0.0322759489793217
scsf,0.039,in vitro PAMPA,45.2,0.0321061934442345
scsf,0.039,in vitro PAMPA,45.3,0.0319373306993907
scsf,0.039,in vitro PAMPA,45.4,0.0317693560507652
scsf,0.039,in vitro PAMPA,45.5,0.0316022648289765
scsf,0.039,in vitro PAMPA,45.6,0.0314360523892275
scsf,0.039,in vitro PAMPA,45.7,0.0312707141112917
scsf,0.039,in vitro PAMPA,45.8,0.0311062453987582
scsf,0.039,in vitro PAMPA,45.9,0.030942641679485
scsf,0.039,in vitro PAMPA,46,0.0307798984052987
scsf,0.039,in vitro PAMPA,46.1,0.0306180110518644
scsf,0.039,in vitro PAMPA,46.2,0.0304569751191759
scsf,0.039,in vitro PAMPA,46.3,0.0302967861301554
scsf,0.039,in vitro PAMPA,46.4,0.030137439631342
scsf,0.039,in vitro PAMPA,46.5,0.0299789311926826
scsf,0.039,in vitro PAMPA,46.6,0.0298212564073485
scsf,0.039,in vitro PAMPA,46.7,0.0296644108919405
scsf,0.039,in vitro PAMPA,46.8,0.0295083902861652
scsf,0.039,in vitro PAMPA,46.9,0.0293531902520629
scsf,0.039,in vitro PAMPA,47,0.0291988064746843
scsf,0.039,in vitro PAMPA,47.1,0.0290452346617119
scsf,0.039,in vitro PAMPA,47.2,0.0288924705433657
scsf,0.039,in vitro PAMPA,47.3,0.0287405098730001
scsf,0.039,in vitro PAMPA,47.4,0.0285893484252723
scsf,0.039,in vitro PAMPA,47.5,0.0284389819973769
scsf,0.039,in vitro PAMPA,47.6,0.0282894064085608
scsf,0.039,in vitro PAMPA,47.7,0.0281406175000025
scsf,0.039,in vitro PAMPA,47.8,0.0279926111348421
scsf,0.039,in vitro PAMPA,47.9,0.0278453831980284
scsf,0.039,in vitro PAMPA,48,0.027698929596061
scsf,0.052,in silico perfusion,0,0
scsf,0.052,in silico perfusion,0.1,0.000432724478138119
scsf,0.052,in silico perfusion,0.2,0.00283874633080835
scsf,0.052,in silico perfusion,0.3,0.00790594856592453
scsf,0.052,in silico perfusion,0.4,0.01467825394169
scsf,0.052,in silico perfusion,0.5,0.0219107744209347
scsf,0.052,in silico perfusion,0.6,0.0291645585010708
scsf,0.052,in silico perfusion,0.7,0.0363129072350755
scsf,0.052,in silico perfusion,0.8,0.0433312373043353
scsf,0.052,in silico perfusion,0.9,0.0502236935181061
scsf,0.052,in silico perfusion,1,0.0569990531708158
scsf,0.052,in silico perfusion,1.1,0.0636639091095976
scsf,0.052,in silico perfusion,1.2,0.0702215697187535
scsf,0.052,in silico perfusion,1.3,0.0766726074120378
scsf,0.052,in silico perfusion,1.4,0.0830156985353906
scsf,0.052,in silico perfusion,1.5,0.0892483551312371
scsf,0.052,in silico perfusion,1.6,0.0953674709017335
scsf,0.052,in silico perfusion,1.7,0.101369700333296
scsf,0.052,in silico perfusion,1.8,0.107251710304898
scsf,0.052,in silico perfusion,1.9,0.113010340562059
scsf,0.052,in silico perfusion,2,0.118642701249979
scsf,0.052,in silico perfusion,2.1,0.124146227865295
scsf,0.052,in silico perfusion,2.2,0.129518707847804
scsf,0.052,in silico perfusion,2.3,0.134758288542101
scsf,0.052,in silico perfusion,2.4,0.139863473185339
scsf,0.052,in silico perfusion,2.5,0.144833109321843
scsf,0.052,in silico perfusion,2.6,0.149666372698099
scsf,0.052,in silico perfusion,2.7,0.154362748581861
scsf,0.052,in silico perfusion,2.8,0.158922011843654
scsf,0.052,in silico perfusion,2.9,0.163344206662143
scsf,0.052,in silico perfusion,3,0.167629626403799
scsf,0.052,in silico perfusion,3.1,0.171778794033277
scsf,0.052,in silico perfusion,3.2,0.175792443266474
scsf,0.052,in silico perfusion,3.3,0.179671500589388
scsf,0.052,in silico perfusion,3.4,0.183417068206909
scsf,0.052,in silico perfusion,3.5,0.187030407939398
scsf,0.052,in silico perfusion,3.6,0.190512926068387
scsf,0.052,in silico perfusion,3.7,0.19386615910925
scsf,0.052,in silico perfusion,3.8,0.197091760478065
scsf,0.052,in silico perfusion,3.9,0.200191488022092
scsf,0.052,in silico perfusion,4,0.20316719237048
scsf,0.052,in silico perfusion,4.1,0.20602080606456
scsf,0.052,in silico perfusion,4.2,0.208754333429346
scsf,0.052,in silico perfusion,4.3,0.211369841144614
scsf,0.052,in silico perfusion,4.4,0.213869449476073
scsf,0.052,in silico perfusion,4.5,0.216255324129971
scsf,0.052,in silico perfusion,4.6,0.21852966869483
scsf,0.052,in silico perfusion,4.7,0.220694717635426
scsf,0.052,in silico perfusion,4.8,0.222752729806906
scsf,0.052,in silico perfusion,4.9,0.224705982457873
scsf,0.052,in silico perfusion,5,0.226556765692093
scsf,0.052,in silico perfusion,5.1,0.228307377361635
scsf,0.052,in silico perfusion,5.2,0.229960118365706
scsf,0.052,in silico perfusion,5.3,0.231517288328598
scsf,0.052,in silico perfusion,5.4,0.232981181633949
scsf,0.052,in silico perfusion,5.5,0.234354083793602
scsf,0.052,in silico perfusion,5.6,0.235638268128971
scsf,0.052,in silico perfusion,5.7,0.236835992745212
scsf,0.052,in silico perfusion,5.8,0.237949497780206
scsf,0.052,in silico perfusion,5.9,0.238981002909939
scsf,0.052,in silico perfusion,6,0.23993270509354
scsf,0.052,in silico perfusion,6.1,0.240806776542459
scsf,0.052,in silico perfusion,6.2,0.241605362899361
scsf,0.052,in silico perfusion,6.3,0.242330581611915
scsf,0.052,in silico perfusion,6.4,0.242984520488513
scsf,0.052,in silico perfusion,6.5,0.2435692364242
scsf,0.052,in silico perfusion,6.6,0.244086754284349
scsf,0.052,in silico perfusion,6.7,0.244539065935206
scsf,0.052,in silico perfusion,6.8,0.244928129411078
scsf,0.052,in silico perfusion,6.9,0.245255868208717
scsf,0.052,in silico perfusion,7,0.245524170699117
scsf,0.052,in silico perfusion,7.1,0.24573488964836
scsf,0.052,in silico perfusion,7.2,0.245889841839634
scsf,0.052,in silico perfusion,7.3,0.245990807788639
scsf,0.052,in silico perfusion,7.4,0.246039531545123
scsf,0.052,in silico perfusion,7.5,0.246037720573727
scsf,0.052,in silico perfusion,7.6,0.245987045708461
scsf,0.052,in silico perfusion,7.7,0.245889141174291
scsf,0.052,in silico perfusion,7.8,0.245745604670372
scsf,0.052,in silico perfusion,7.9,0.245557997509852
scsf,0.052,in silico perfusion,8,0.245327844811557
scsf,0.052,in silico perfusion,8.1,0.245056635738547
scsf,0.052,in silico perfusion,8.2,0.244745823779787
scsf,0.052,in silico perfusion,8.3,0.244396827070427
scsf,0.052,in silico perfusion,8.4,0.244011028747455
scsf,0.052,in silico perfusion,8.5,0.243589777336771
scsf,0.052,in silico perfusion,8.6,0.243134387168874
scsf,0.052,in silico perfusion,8.7,0.24264613881972
scsf,0.052,in silico perfusion,8.8,0.242126279574219
scsf,0.052,in silico perfusion,8.9,0.241576023909508
scsf,0.052,in silico perfusion,9,0.240996553995786
scsf,0.052,in silico perfusion,9.1,0.24038902021212
scsf,0.052,in silico perfusion,9.2,0.239754541675301
scsf,0.052,in silico perfusion,9.3,0.239094206779868
scsf,0.052,in silico perfusion,9.4,0.238409073747153
scsf,0.052,in silico perfusion,9.5,0.237700171181832
scsf,0.052,in silico perfusion,9.6,0.236968498634567
scsf,0.052,in silico perfusion,9.7,0.236215027168953
scsf,0.052,in silico perfusion,9.8,0.235440699931666
scsf,0.052,in silico perfusion,9.9,0.234646432724498
scsf,0.052,in silico perfusion,10,0.233833114577127
scsf,0.052,in silico perfusion,10.1,0.23300160831962
scsf,0.052,in silico perfusion,10.2,0.232152751153645
scsf,0.052,in silico perfusion,10.3,0.231287355221562
scsf,0.052,in silico perfusion,10.4,0.230406208172556
scsf,0.052,in silico perfusion,10.5,0.229510073725142
scsf,0.052,in silico perfusion,10.6,0.228599692225195
scsf,0.052,in silico perfusion,10.7,0.227675781199212
scsf,0.052,in silico perfusion,10.8,0.226739035901861
scsf,0.052,in silico perfusion,10.9,0.225790129857798
scsf,0.052,in silico perfusion,11,0.224829715396704
scsf,0.052,in silico perfusion,11.1,0.223858424181867
scsf,0.052,in silico perfusion,11.2,0.222876867731188
scsf,0.052,in silico perfusion,11.3,0.221885637931142
scsf,0.052,in silico perfusion,11.4,0.220885307542467
scsf,0.052,in silico perfusion,11.5,0.219876430698323
scsf,0.052,in silico perfusion,11.6,0.218859543393844
scsf,0.052,in silico perfusion,11.7,0.217835163967585
scsf,0.052,in silico perfusion,11.8,0.216803793574406
scsf,0.052,in silico perfusion,11.9,0.215765916649486
scsf,0.052,in silico perfusion,12,0.214722001363991
scsf,0.052,in silico perfusion,12.1,0.213672500071431
scsf,0.052,in silico perfusion,12.2,0.212617849745738
scsf,0.052,in silico perfusion,12.3,0.21155847241005
scsf,0.052,in silico perfusion,12.4,0.210494775556596
scsf,0.052,in silico perfusion,12.5,0.209427152558029
scsf,0.052,in silico perfusion,12.6,0.208355983069429
scsf,0.052,in silico perfusion,12.7,0.207281633421754
scsf,0.052,in silico perfusion,12.8,0.206204457006606
scsf,0.052,in silico perfusion,12.9,0.20512479465181
scsf,0.052,in silico perfusion,13,0.204042974988664
scsf,0.052,in silico perfusion,13.1,0.202959314810607
scsf,0.052,in silico perfusion,13.2,0.201874119423066
scsf,0.052,in silico perfusion,13.3,0.200787682985212
scsf,0.052,in silico perfusion,13.4,0.199700288843359
scsf,0.052,in silico perfusion,13.5,0.198612209855868
scsf,0.052,in silico perfusion,13.6,0.197523708710019
scsf,0.052,in silico perfusion,13.7,0.196435038231315
scsf,0.052,in silico perfusion,13.8,0.195346441684377
scsf,0.052,in silico perfusion,13.9,0.19425815306641
scsf,0.052,in silico perfusion,14,0.193170397392766
scsf,0.052,in silico perfusion,14.1,0.192083390975448
scsf,0.052,in silico perfusion,14.2,0.19099734169384
scsf,0.052,in silico perfusion,14.3,0.189912449258384
scsf,0.052,in silico perfusion,14.4,0.188828905467123
scsf,0.052,in silico perfusion,14.5,0.187746894455566
scsf,0.052,in silico perfusion,14.6,0.186666592939269
scsf,0.052,in silico perfusion,14.7,0.185588170450002
scsf,0.052,in silico perfusion,14.8,0.184511789565387
scsf,0.052,in silico perfusion,14.9,0.183437606131916
scsf,0.052,in silico perfusion,15,0.182365769482237
scsf,0.052,in silico perfusion,15.1,0.181296422645737
scsf,0.052,in silico perfusion,15.2,0.180229702553324
scsf,0.052,in silico perfusion,15.3,0.179165740236403
scsf,0.052,in silico perfusion,15.4,0.178104661020139
scsf,0.052,in silico perfusion,15.5,0.177046584711
scsf,0.052,in silico perfusion,15.6,0.175991625779128
scsf,0.052,in silico perfusion,15.7,0.174939893535185
scsf,0.052,in silico perfusion,15.8,0.173891492301901
scsf,0.052,in silico perfusion,15.9,0.172846521580706
scsf,0.052,in silico perfusion,16,0.171805076213426
scsf,0.052,in silico perfusion,16.1,0.170767246539087
scsf,0.052,in silico perfusion,16.2,0.169733118546134
scsf,0.052,in silico perfusion,16.3,0.168702774020012
scsf,0.052,in silico perfusion,16.4,0.167676290686214
scsf,0.052,in silico perfusion,16.5,0.166653742349029
scsf,0.052,in silico perfusion,16.6,0.165635199026139
scsf,0.052,in silico perfusion,16.7,0.16462072707909
scsf,0.052,in silico perfusion,16.8,0.163610389339627
scsf,0.052,in silico perfusion,16.9,0.162604245232354
scsf,0.052,in silico perfusion,17,0.161602350893423
scsf,0.052,in silico perfusion,17.1,0.160604759285538
scsf,0.052,in silico perfusion,17.2,0.159611520309436
scsf,0.052,in silico perfusion,17.3,0.158622680911898
scsf,0.052,in silico perfusion,17.4,0.157638285190325
scsf,0.052,in silico perfusion,17.5,0.156658374494053
scsf,0.052,in silico perfusion,17.6,0.155682987522514
scsf,0.052,in silico perfusion,17.7,0.154712160420175
scsf,0.052,in silico perfusion,17.8,0.153745926868472
scsf,0.052,in silico perfusion,17.9,0.152784318174862
scsf,0.052,in silico perfusion,18,0.151827363359034
scsf,0.052,in silico perfusion,18.1,0.150875089236319
scsf,0.052,in silico perfusion,18.2,0.149927520498416
scsf,0.052,in silico perfusion,18.3,0.148984679791603
scsf,0.052,in silico perfusion,18.4,0.148046587792284
scsf,0.052,in silico perfusion,18.5,0.147113263280094
scsf,0.052,in silico perfusion,18.6,0.146184723208669
scsf,0.052,in silico perfusion,18.7,0.145260982774119
scsf,0.052,in silico perfusion,18.8,0.144342055481219
scsf,0.052,in silico perfusion,18.9,0.143427953207443
scsf,0.052,in silico perfusion,19,0.142518686265005
scsf,0.052,in silico perfusion,19.1,0.141614263460638
scsf,0.052,in silico perfusion,19.2,0.140714692153476
scsf,0.052,in silico perfusion,19.3,0.139819978311027
scsf,0.052,in silico perfusion,19.4,0.13893012656331
scsf,0.052,in silico perfusion,19.5,0.138045140255179
scsf,0.052,in silico perfusion,19.6,0.137165021496864
scsf,0.052,in silico perfusion,19.7,0.136289771212819
scsf,0.052,in silico perfusion,19.8,0.135419389188976
scsf,0.052,in silico perfusion,19.9,0.134553874118475
scsf,0.052,in silico perfusion,20,0.133693223645627
scsf,0.052,in silico perfusion,20.1,0.132837434408434
scsf,0.052,in silico perfusion,20.2,0.131986502079823
scsf,0.052,in silico perfusion,20.3,0.131140421407406
scsf,0.052,in silico perfusion,20.4,0.130299186251854
scsf,0.052,in silico perfusion,20.5,0.129462789623901
scsf,0.052,in silico perfusion,20.6,0.128631223720324
scsf,0.052,in silico perfusion,20.7,0.127804479958538
scsf,0.052,in silico perfusion,20.8,0.126982549009711
scsf,0.052,in silico perfusion,20.9,0.126165420831121
scsf,0.052,in silico perfusion,21,0.125353084697281
scsf,0.052,in silico perfusion,21.1,0.12454552922992
scsf,0.052,in silico perfusion,21.2,0.12374274242717
scsf,0.052,in silico perfusion,21.3,0.122944711691282
scsf,0.052,in silico perfusion,21.4,0.122151423855759
scsf,0.052,in silico perfusion,21.5,0.121362865211365
scsf,0.052,in silico perfusion,21.6,0.120579021531202
scsf,0.052,in silico perfusion,21.7,0.119799878095234
scsf,0.052,in silico perfusion,21.8,0.119025419713311
scsf,0.052,in silico perfusion,21.9,0.118255630747827
scsf,0.052,in silico perfusion,22,0.117490495135543
scsf,0.052,in silico perfusion,22.1,0.116729996408506
scsf,0.052,in silico perfusion,22.2,0.115974117714502
scsf,0.052,in silico perfusion,22.3,0.115222841836284
scsf,0.052,in silico perfusion,22.4,0.114476151210464
scsf,0.052,in silico perfusion,22.5,0.113734027945577
scsf,0.052,in silico perfusion,22.6,0.112996453840004
scsf,0.052,in silico perfusion,22.7,0.112263410398106
scsf,0.052,in silico perfusion,22.8,0.111534878846812
scsf,0.052,in silico perfusion,22.9,0.110810840151226
scsf,0.052,in silico perfusion,23,0.11009127502994
scsf,0.052,in silico perfusion,23.1,0.109376163969066
scsf,0.052,in silico perfusion,23.2,0.108665487236398
scsf,0.052,in silico perfusion,23.3,0.10795922489515
scsf,0.052,in silico perfusion,23.4,0.107257356816752
scsf,0.052,in silico perfusion,23.5,0.106559862693071
scsf,0.052,in silico perfusion,23.6,0.105866722048624
scsf,0.052,in silico perfusion,23.7,0.105177914252484
scsf,0.052,in silico perfusion,23.8,0.104493418528763
scsf,0.052,in silico perfusion,23.9,0.103813213967624
scsf,0.052,in silico perfusion,24,0.103137279535935
scsf,0.052,in silico perfusion,24.1,0.102465594086648
scsf,0.052,in silico perfusion,24.2,0.10179813636843
scsf,0.052,in silico perfusion,24.3,0.101134885035308
scsf,0.052,in silico perfusion,24.4,0.100475818655057
scsf,0.052,in silico perfusion,24.5,0.0998209157175375
scsf,0.052,in silico perfusion,24.6,0.0991701546434779
scsf,0.052,in silico perfusion,24.7,0.098523513791697
scsf,0.052,in silico perfusion,24.8,0.0978809714667103
scsf,0.052,in silico perfusion,24.9,0.0972425059264688
scsf,0.052,in silico perfusion,25,0.0966080953887517
scsf,0.052,in silico perfusion,25.1,0.0959777180379212
scsf,0.052,in silico perfusion,25.2,0.0953513520317549
scsf,0.052,in silico perfusion,25.3,0.0947289755071477
scsf,0.052,in silico perfusion,25.4,0.0941105665859492
scsf,0.052,in silico perfusion,25.5,0.0934961033814559
scsf,0.052,in silico perfusion,25.6,0.09288556400262
scsf,0.052,in silico perfusion,25.7,0.092278926560237
scsf,0.052,in silico perfusion,25.8,0.09167616917153
scsf,0.052,in silico perfusion,25.9,0.0910772699647313
scsf,0.052,in silico perfusion,26,0.0904822070843851
scsf,0.052,in silico perfusion,26.1,0.0898909586949648
scsf,0.052,in silico perfusion,26.2,0.0893035029854622
scsf,0.052,in silico perfusion,26.3,0.0887198181736292
scsf,0.052,in silico perfusion,26.4,0.0881398825091687
scsf,0.052,in silico perfusion,26.5,0.0875636742783533
scsf,0.052,in silico perfusion,26.6,0.08699117180671
scsf,0.052,in silico perfusion,26.7,0.0864223534628652
scsf,0.052,in silico perfusion,26.8,0.0858571976618166
scsf,0.052,in silico perfusion,26.9,0.0852956828674337
scsf,0.052,in silico perfusion,27,0.0847377875963851
scsf,0.052,in silico perfusion,27.1,0.0841834904198595
scsf,0.052,in silico perfusion,27.2,0.0836327699671866
scsf,0.052,in silico perfusion,27.3,0.0830856049277886
scsf,0.052,in silico perfusion,27.4,0.082541974053794
scsf,0.052,in silico perfusion,27.5,0.0820018561626504
scsf,0.052,in silico perfusion,27.6,0.0814652301386135
scsf,0.052,in silico perfusion,27.7,0.0809320749359455
scsf,0.052,in silico perfusion,27.8,0.0804023695796535
scsf,0.052,in silico perfusion,27.9,0.0798760931686485
scsf,0.052,in silico perfusion,28,0.0793532248763694
scsf,0.052,in silico perfusion,28.1,0.0788337439535133
scsf,0.052,in silico perfusion,28.2,0.0783176297288479
scsf,0.052,in silico perfusion,28.3,0.0778048616113257
scsf,0.052,in silico perfusion,28.4,0.0772954190912344
scsf,0.052,in silico perfusion,28.5,0.0767892817416101
scsf,0.052,in silico perfusion,28.6,0.0762864292197977
scsf,0.052,in silico perfusion,28.7,0.0757868412681064
scsf,0.052,in silico perfusion,28.8,0.075290497715808
scsf,0.052,in silico perfusion,28.9,0.0747973784791681
scsf,0.052,in silico perfusion,29,0.0743074635637158
scsf,0.052,in silico perfusion,29.1,0.0738207330638339
scsf,0.052,in silico perfusion,29.2,0.0733371671650937
scsf,0.052,in silico perfusion,29.3,0.0728567461436201
scsf,0.052,in silico perfusion,29.4,0.0723794503683167
scsf,0.052,in silico perfusion,29.5,0.0719052603002124
scsf,0.052,in silico perfusion,29.6,0.0714341564944405
scsf,0.052,in silico perfusion,29.7,0.0709661195996482
scsf,0.052,in silico perfusion,29.8,0.0705011303597338
scsf,0.052,in silico perfusion,29.9,0.0700391696132716
scsf,0.052,in silico perfusion,30,0.0695802182950789
scsf,0.052,in silico perfusion,30.1,0.0691242574356078
scsf,0.052,in silico perfusion,30.2,0.0686712681623751
scsf,0.052,in silico perfusion,30.3,0.0682212316992561
scsf,0.052,in silico perfusion,30.4,0.0677741293679694
scsf,0.052,in silico perfusion,30.5,0.0673299425873313
scsf,0.052,in silico perfusion,30.6,0.0668886528741966
scsf,0.052,in silico perfusion,30.7,0.066450241843417
scsf,0.052,in silico perfusion,30.8,0.0660146912078802
scsf,0.052,in silico perfusion,30.9,0.0655819827791483
scsf,0.052,in silico perfusion,31,0.0651520984668769
scsf,0.052,in silico perfusion,31.1,0.0647250202797677
scsf,0.052,in silico perfusion,31.2,0.0643007303247217
scsf,0.052,in silico perfusion,31.3,0.0638792108078445
scsf,0.052,in silico perfusion,31.4,0.0634604440334997
scsf,0.052,in silico perfusion,31.5,0.0630444124052435
scsf,0.052,in silico perfusion,31.6,0.0626310984250161
scsf,0.052,in silico perfusion,31.7,0.0622204846936131
scsf,0.052,in silico perfusion,31.8,0.0618125539103491
scsf,0.052,in silico perfusion,31.9,0.0614072888730063
scsf,0.052,in silico perfusion,32,0.0610046724780411
scsf,0.052,in silico perfusion,32.1,0.0606046877197275
scsf,0.052,in silico perfusion,32.2,0.0602073176910222
scsf,0.052,in silico perfusion,32.3,0.0598125455824098
scsf,0.052,in silico perfusion,32.4,0.0594203546824012
scsf,0.052,in silico perfusion,32.5,0.0590307283771523
scsf,0.052,in silico perfusion,32.6,0.0586436501499403
scsf,0.052,in silico perfusion,32.7,0.0582591035816148
scsf,0.052,in silico perfusion,32.8,0.0578770723495291
scsf,0.052,in silico perfusion,32.9,0.0574975402281133
scsf,0.052,in silico perfusion,33,0.0571204910880505
scsf,0.052,in silico perfusion,33.1,0.0567459088961407
scsf,0.052,in silico perfusion,33.2,0.0563737777152731
scsf,0.052,in silico perfusion,33.3,0.0560040817036183
scsf,0.052,in silico perfusion,33.4,0.0556368051149528
scsf,0.052,in silico perfusion,33.5,0.0552719322977426
scsf,0.052,in silico perfusion,33.6,0.0549094476952533
scsf,0.052,in silico perfusion,33.7,0.0545493358451785
scsf,0.052,in silico perfusion,33.8,0.0541915813788203
scsf,0.052,in silico perfusion,33.9,0.0538361690215264
scsf,0.052,in silico perfusion,34,0.0534830835917464
scsf,0.052,in silico perfusion,34.1,0.0531323100006954
scsf,0.052,in silico perfusion,34.2,0.0527838332524433
scsf,0.052,in silico perfusion,34.3,0.0524376384429391
scsf,0.052,in silico perfusion,34.4,0.0520937107600628
scsf,0.052,in silico perfusion,34.5,0.0517520354831662
scsf,0.052,in silico perfusion,34.6,0.0514125979823758
scsf,0.052,in silico perfusion,34.7,0.0510753837186916
scsf,0.052,in silico perfusion,34.8,0.0507403782432221
scsf,0.052,in silico perfusion,34.9,0.0504075671968145
scsf,0.052,in silico perfusion,35,0.0500769363098966
scsf,0.052,in silico perfusion,35.1,0.0497484714017044
scsf,0.052,in silico perfusion,35.2,0.0494221583801514
scsf,0.052,in silico perfusion,35.3,0.0490979832413335
scsf,0.052,in silico perfusion,35.4,0.0487759320689
scsf,0.052,in silico perfusion,35.5,0.0484559910340239
scsf,0.052,in silico perfusion,35.6,0.0481381463947047
scsf,0.052,in silico perfusion,35.7,0.0478223844952133
scsf,0.052,in silico perfusion,35.8,0.0475086917660683
scsf,0.052,in silico perfusion,35.9,0.0471970547233015
scsf,0.052,in silico perfusion,36,0.0468874599679344
scsf,0.052,in silico perfusion,36.1,0.0465798941858918
scsf,0.052,in silico perfusion,36.2,0.0462743441473001
scsf,0.052,in silico perfusion,36.3,0.045970796706004
scsf,0.052,in silico perfusion,36.4,0.0456692387993672
scsf,0.052,in silico perfusion,36.5,0.0453696574476454
scsf,0.052,in silico perfusion,36.6,0.0450720397535247
scsf,0.052,in silico perfusion,36.7,0.044776372901829
scsf,0.052,in silico perfusion,36.8,0.0444826441589555
scsf,0.052,in silico perfusion,36.9,0.0441908408724185
scsf,0.052,in silico perfusion,37,0.0439009504705055
scsf,0.052,in silico perfusion,37.1,0.0436129604617476
scsf,0.052,in silico perfusion,37.2,0.043326858434468
scsf,0.052,in silico perfusion,37.3,0.0430426320564034
scsf,0.052,in silico perfusion,37.4,0.0427602690742006
scsf,0.052,in silico perfusion,37.5,0.042479757312975
scsf,0.052,in silico perfusion,37.6,0.0422010846758976
scsf,0.052,in silico perfusion,37.7,0.0419242391437224
scsf,0.052,in silico perfusion,37.8,0.0416492087743504
scsf,0.052,in silico perfusion,37.9,0.0413759817023777
scsf,0.052,in silico perfusion,38,0.0411045461386544
scsf,0.052,in silico perfusion,38.1,0.0408348903698661
scsf,0.052,in silico perfusion,38.2,0.040567002758063
scsf,0.052,in silico perfusion,38.3,0.0403008717402025
scsf,0.052,in silico perfusion,38.4,0.0400364858277505
scsf,0.052,in silico perfusion,38.5,0.039773833606276
scsf,0.052,in silico perfusion,38.6,0.0395129037348797
scsf,0.052,in silico perfusion,38.7,0.0392536849458502
scsf,0.052,in silico perfusion,38.8,0.0389961660443277
scsf,0.052,in silico perfusion,38.9,0.0387403359076422
scsf,0.052,in silico perfusion,39,0.0384861834850092
scsf,0.052,in silico perfusion,39.1,0.0382336977971485
scsf,0.052,in silico perfusion,39.2,0.0379828679357993
scsf,0.052,in silico perfusion,39.3,0.0377336830631984
scsf,0.052,in silico perfusion,39.4,0.0374861324117755
scsf,0.052,in silico perfusion,39.5,0.0372402052838073
scsf,0.052,in silico perfusion,39.6,0.0369958910507119
scsf,0.052,in silico perfusion,39.7,0.0367531791528184
scsf,0.052,in silico perfusion,39.8,0.0365120590991072
scsf,0.052,in silico perfusion,39.9,0.0362725204664068
scsf,0.052,in silico perfusion,40,0.0360345528991613
scsf,0.052,in silico perfusion,40.1,0.0357981461090097
scsf,0.052,in silico perfusion,40.2,0.0355632898747407
scsf,0.052,in silico perfusion,40.3,0.0353299740410827
scsf,0.052,in silico perfusion,40.4,0.0350981885188395
scsf,0.052,in silico perfusion,40.5,0.0348679232843841
scsf,0.052,in silico perfusion,40.6,0.0346391683795946
scsf,0.052,in silico perfusion,40.7,0.0344119139106173
scsf,0.052,in silico perfusion,40.8,0.0341861500480652
scsf,0.052,in silico perfusion,40.9,0.0339618670265584
scsf,0.052,in silico perfusion,41,0.0337390551445213
scsf,0.052,in silico perfusion,41.1,0.0335177047630948
scsf,0.052,in silico perfusion,41.2,0.0332978063062796
scsf,0.052,in silico perfusion,41.3,0.0330793502605572
scsf,0.052,in silico perfusion,41.4,0.0328623271745107
scsf,0.052,in silico perfusion,41.5,0.0326467276579481
scsf,0.052,in silico perfusion,41.6,0.0324325423819493
scsf,0.052,in silico perfusion,41.7,0.0322197620785937
scsf,0.052,in silico perfusion,41.8,0.0320083775403709
scsf,0.052,in silico perfusion,41.9,0.0317983796195435
scsf,0.052,in silico perfusion,42,0.0315897592280874
scsf,0.052,in silico perfusion,42.1,0.0313825073375481
scsf,0.052,in silico perfusion,42.2,0.0311766149781879
scsf,0.052,in silico perfusion,42.3,0.0309720732386454
scsf,0.052,in silico perfusion,42.4,0.0307688732657422
scsf,0.052,in silico perfusion,42.5,0.0305670062646223
scsf,0.052,in silico perfusion,42.6,0.0303664634972505
scsf,0.052,in silico perfusion,42.7,0.0301672362826702
scsf,0.052,in silico perfusion,42.8,0.0299693159966032
scsf,0.052,in silico perfusion,42.9,0.0297726940713121
scsf,0.052,in silico perfusion,43,0.0295773619954299
scsf,0.052,in silico perfusion,43.1,0.0293833113123039
scsf,0.052,in silico perfusion,43.2,0.0291905336208025
scsf,0.052,in silico perfusion,43.3,0.0289990205746104
scsf,0.052,in silico perfusion,43.4,0.0288087638828495
scsf,0.052,in silico perfusion,43.5,0.0286197553079349
scsf,0.052,in silico perfusion,43.6,0.0284319866661292
scsf,0.052,in silico perfusion,43.7,0.0282454498272481
scsf,0.052,in silico perfusion,43.8,0.0280601367144784
scsf,0.052,in silico perfusion,43.9,0.0278760393043444
scsf,0.052,in silico perfusion,44,0.0276931496248249
scsf,0.052,in silico perfusion,44.1,0.0275114597563612
scsf,0.052,in silico perfusion,44.2,0.027330961831125
scsf,0.052,in silico perfusion,44.3,0.027151648033513
scsf,0.052,in silico perfusion,44.4,0.0269735105983403
scsf,0.052,in silico perfusion,44.5,0.0267965418111554
scsf,0.052,in silico perfusion,44.6,0.0266207340080457
scsf,0.052,in silico perfusion,44.7,0.026446079575417
scsf,0.052,in silico perfusion,44.8,0.0262725709500375
scsf,0.052,in silico perfusion,44.9,0.0261002006171912
scsf,0.052,in silico perfusion,45,0.0259289611116506
scsf,0.052,in silico perfusion,45.1,0.0257588450169811
scsf,0.052,in silico perfusion,45.2,0.0255898449660249
scsf,0.052,in silico perfusion,45.3,0.0254219536392204
scsf,0.052,in silico perfusion,45.4,0.0252551637647857
scsf,0.052,in silico perfusion,45.5,0.0250894681186316
scsf,0.052,in silico perfusion,45.6,0.0249248595242119
scsf,0.052,in silico perfusion,45.7,0.0247613308527435
scsf,0.052,in silico perfusion,45.8,0.0245988750206129
scsf,0.052,in silico perfusion,45.9,0.024437484991111
scsf,0.052,in silico perfusion,46,0.0242771537735269
scsf,0.052,in silico perfusion,46.1,0.0241178744228275
scsf,0.052,in silico perfusion,46.2,0.0239596400412715
scsf,0.052,in silico perfusion,46.3,0.0238024437742747
scsf,0.052,in silico perfusion,46.4,0.0236462788123295
scsf,0.052,in silico perfusion,46.5,0.0234911383906836
scsf,0.052,in silico perfusion,46.6,0.0233370157887939
scsf,0.052,in silico perfusion,46.7,0.0231839043309868
scsf,0.052,in silico perfusion,46.8,0.0230317973858408
scsf,0.052,in silico perfusion,46.9,0.0228806883633999
scsf,0.052,in silico perfusion,47,0.022730570717678
scsf,0.052,in silico perfusion,47.1,0.0225814379454927
scsf,0.052,in silico perfusion,47.2,0.0224332835861903
scsf,0.052,in silico perfusion,47.3,0.0222861012238399
scsf,0.052,in silico perfusion,47.4,0.022139884481293
scsf,0.052,in silico perfusion,47.5,0.0219946270243051
scsf,0.052,in silico perfusion,47.6,0.021850322560072
scsf,0.052,in silico perfusion,47.7,0.0217069648369408
scsf,0.052,in silico perfusion,47.8,0.0215645476445405
scsf,0.052,in silico perfusion,47.9,0.0214230648135134
scsf,0.052,in silico perfusion,48,0.0212825102147052
scsf,0.0081,in silico PAMPA,0,0
scsf,0.0081,in silico PAMPA,0.1,7.16790887536378e-05
scsf,0.0081,in silico PAMPA,0.2,0.00049814999759572
scsf,0.0081,in silico PAMPA,0.3,0.00146528936187651
scsf,0.0081,in silico PAMPA,0.4,0.0028865183360797
scsf,0.0081,in silico PAMPA,0.5,0.0045724393494914
scsf,0.0081,in silico PAMPA,0.6,0.00642980618639071
scsf,0.0081,in silico PAMPA,0.7,0.00840806687234122
scsf,0.0081,in silico PAMPA,0.8,0.0104742430827248
scsf,0.0081,in silico PAMPA,0.9,0.0126034424402818
scsf,0.0081,in silico PAMPA,1,0.0147751950649031
scsf,0.0081,in silico PAMPA,1.1,0.0169719664095325
scsf,0.0081,in silico PAMPA,1.2,0.0191784891792361
scsf,0.0081,in silico PAMPA,1.3,0.0213814089542295
scsf,0.0081,in silico PAMPA,1.4,0.0235690549211719
scsf,0.0081,in silico PAMPA,1.5,0.0257312649546315
scsf,0.0081,in silico PAMPA,1.6,0.0278592381512907
scsf,0.0081,in silico PAMPA,1.7,0.0299454042704485
scsf,0.0081,in silico PAMPA,1.8,0.0319833056533869
scsf,0.0081,in silico PAMPA,1.9,0.033967489506031
scsf,0.0081,in silico PAMPA,2,0.0358934093230035
scsf,0.0081,in silico PAMPA,2.1,0.0377573345954532
scsf,0.0081,in silico PAMPA,2.2,0.0395562681067341
scsf,0.0081,in silico PAMPA,2.3,0.0412878702197924
scsf,0.0081,in silico PAMPA,2.4,0.0429503895888311
scsf,0.0081,in silico PAMPA,2.5,0.0445425998294989
scsf,0.0081,in silico PAMPA,2.6,0.046063741644531
scsf,0.0081,in silico PAMPA,2.7,0.0475134700056855
scsf,0.0081,in silico PAMPA,2.8,0.0488918059902953
scsf,0.0081,in silico PAMPA,2.9,0.0501990928956145
scsf,0.0081,in silico PAMPA,3,0.0514359563010385
scsf,0.0081,in silico PAMPA,3.1,0.0526032677628567
scsf,0.0081,in silico PAMPA,3.2,0.0537021118480722
scsf,0.0081,in silico PAMPA,3.3,0.0547337562394051
scsf,0.0081,in silico PAMPA,3.4,0.0556996246682502
scsf,0.0081,in silico PAMPA,3.5,0.0566012724321978
scsf,0.0081,in silico PAMPA,3.6,0.0574403643007609
scsf,0.0081,in silico PAMPA,3.7,0.0582186546031157
scsf,0.0081,in silico PAMPA,3.8,0.0589379693134568
scsf,0.0081,in silico PAMPA,3.9,0.0596001899776491
scsf,0.0081,in silico PAMPA,4,0.0602072393171888
scsf,0.0081,in silico PAMPA,4.1,0.0607610683677643
scsf,0.0081,in silico PAMPA,4.2,0.0612636450263315
scsf,0.0081,in silico PAMPA,4.3,0.0617169438806415
scsf,0.0081,in silico PAMPA,4.4,0.0621229372093481
scsf,0.0081,in silico PAMPA,4.5,0.0624835870504793
scsf,0.0081,in silico PAMPA,4.6,0.0628008382433621
scsf,0.0081,in silico PAMPA,4.7,0.0630766123546252
scsf,0.0081,in silico PAMPA,4.8,0.0633128024093152
scsf,0.0081,in silico PAMPA,4.9,0.0635112683524152
scsf,0.0081,in silico PAMPA,5,0.0636738331711203
scsf,0.0081,in silico PAMPA,5.1,0.0638022796168018
scsf,0.0081,in silico PAMPA,5.2,0.0638983474692047
scsf,0.0081,in silico PAMPA,5.3,0.0639637312881835
scsf,0.0081,in silico PAMPA,5.4,0.0640000786055354
scsf,0.0081,in silico PAMPA,5.5,0.0640089885130532
scsf,0.0081,in silico PAMPA,5.6,0.0639920106047018
scsf,0.0081,in silico PAMPA,5.7,0.0639506442359518
scsf,0.0081,in silico PAMPA,5.8,0.0638863380668848
scsf,0.0081,in silico PAMPA,5.9,0.0638004898570032
scsf,0.0081,in silico PAMPA,6,0.0636944464832401
scsf,0.0081,in silico PAMPA,6.1,0.0635695041554017
scsf,0.0081,in silico PAMPA,6.2,0.0634269088055863
scsf,0.0081,in silico PAMPA,6.3,0.063267856629223
scsf,0.0081,in silico PAMPA,6.4,0.0630934947583463
scsf,0.0081,in silico PAMPA,6.5,0.0629049220497001
scsf,0.0081,in silico PAMPA,6.6,0.0627031899708294
scsf,0.0081,in silico PAMPA,6.7,0.0624893035696096
scsf,0.0081,in silico PAMPA,6.8,0.0622642225140138
scsf,0.0081,in silico PAMPA,6.9,0.0620288621901896
scsf,0.0081,in silico PAMPA,7,0.0617840948476625
scsf,0.0081,in silico PAMPA,7.1,0.0615307507821097
scsf,0.0081,in silico PAMPA,7.2,0.0612696195469626
scsf,0.0081,in silico PAMPA,7.3,0.0610014511858845
scsf,0.0081,in silico PAMPA,7.4,0.0607269574790521
scsf,0.0081,in silico PAMPA,7.5,0.0604468131970336
scsf,0.0081,in silico PAMPA,7.6,0.0601616573567019
scsf,0.0081,in silico PAMPA,7.7,0.0598720944741441
scsf,0.0081,in silico PAMPA,7.8,0.0595786958102573
scsf,0.0081,in silico PAMPA,7.9,0.059282000605227
scsf,0.0081,in silico PAMPA,8,0.0589825172984426
scsf,0.0081,in silico PAMPA,8.1,0.0586807247310626
scsf,0.0081,in silico PAMPA,8.2,0.0583770733285306
scsf,0.0081,in silico PAMPA,8.3,0.0580719862611098
scsf,0.0081,in silico PAMPA,8.4,0.0577658605803708
scsf,0.0081,in silico PAMPA,8.5,0.0574590683303611
scsf,0.0081,in silico PAMPA,8.6,0.0571519576319073
scsf,0.0081,in silico PAMPA,8.7,0.0568448537392949
scsf,0.0081,in silico PAMPA,8.8,0.056538060068283
scsf,0.0081,in silico PAMPA,8.9,0.0562318591951801
scsf,0.0081,in silico PAMPA,9,0.05592651382599
scsf,0.0081,in silico PAMPA,9.1,0.0556222677360255
scsf,0.0081,in silico PAMPA,9.2,0.0553193466795076
scsf,0.0081,in silico PAMPA,9.3,0.0550179592687998
scsf,0.0081,in silico PAMPA,9.4,0.0547182978240541
scsf,0.0081,in silico PAMPA,9.5,0.0544205391933944
scsf,0.0081,in silico PAMPA,9.6,0.0541248455429525
scsf,0.0081,in silico PAMPA,9.7,0.0538313651184352
scsf,0.0081,in silico PAMPA,9.8,0.0535402329779168
scsf,0.0081,in silico PAMPA,9.9,0.0532515716961903
scsf,0.0081,in silico PAMPA,10,0.0529654920420831
scsf,0.0081,in silico PAMPA,10.1,0.0526820936278394
scsf,0.0081,in silico PAMPA,10.2,0.052401465532773
scsf,0.0081,in silico PAMPA,10.3,0.0521236869007684
scsf,0.0081,in silico PAMPA,10.4,0.0518488275124724
scsf,0.0081,in silico PAMPA,10.5,0.0515769483334438
scsf,0.0081,in silico PAMPA,10.6,0.0513081020375553
scsf,0.0081,in silico PAMPA,10.7,0.0510423335083805
scsf,0.0081,in silico PAMPA,10.8,0.0507796803170518
scsf,0.0081,in silico PAMPA,10.9,0.0505201731794142
scsf,0.0081,in silico PAMPA,11,0.050263836390923
scsf,0.0081,in silico PAMPA,11.1,0.0500106882424288
scsf,0.0081,in silico PAMPA,11.2,0.0497607414151328
scsf,0.0081,in silico PAMPA,11.3,0.0495140033577925
scsf,0.0081,in silico PAMPA,11.4,0.0492704766443022
scsf,0.0081,in silico PAMPA,11.5,0.0490301593148532
scsf,0.0081,in silico PAMPA,11.6,0.0487930451991245
scsf,0.0081,in silico PAMPA,11.7,0.0485591242238869
scsf,0.0081,in silico PAMPA,11.8,0.0483283827046183
scsf,0.0081,in silico PAMPA,11.9,0.0481008036217966
scsf,0.0081,in silico PAMPA,12,0.0478763668832865
scsf,0.0081,in silico PAMPA,12.1,0.0476550495720754
scsf,0.0081,in silico PAMPA,12.2,0.0474368261815998
scsf,0.0081,in silico PAMPA,12.3,0.0472216688376262
scsf,0.0081,in silico PAMPA,12.4,0.0470095475080265
scsf,0.0081,in silico PAMPA,12.5,0.046800430201255
scsf,0.0081,in silico PAMPA,12.6,0.0465942831530818
scsf,0.0081,in silico PAMPA,12.7,0.0463910710030803
scsf,0.0081,in silico PAMPA,12.8,0.0461907569609134
scsf,0.0081,in silico PAMPA,12.9,0.0459933029624378
scsf,0.0081,in silico PAMPA,13,0.0457986698169497
scsf,0.0081,in silico PAMPA,13.1,0.0456068173454742
scsf,0.0081,in silico PAMPA,13.2,0.0454177045103569
scsf,0.0081,in silico PAMPA,13.3,0.0452312895371742
scsf,0.0081,in silico PAMPA,13.4,0.0450475300288374
scsf,0.0081,in silico PAMPA,13.5,0.0448663830722141
scsf,0.0081,in silico PAMPA,13.6,0.0446878053379154
scsf,0.0081,in silico PAMPA,13.7,0.0445117531737922
scsf,0.0081,in silico PAMPA,13.8,0.0443381826917505
scsf,0.0081,in silico PAMPA,13.9,0.0441670498488476
scsf,0.0081,in silico PAMPA,14,0.0439983105225853
scsf,0.0081,in silico PAMPA,14.1,0.0438319205811029
scsf,0.0081,in silico PAMPA,14.2,0.0436678359480362
scsf,0.0081,in silico PAMPA,14.3,0.0435060126626835
scsf,0.0081,in silico PAMPA,14.4,0.0433464069355899
scsf,0.0081,in silico PAMPA,14.5,0.0431889752000155
scsf,0.0081,in silico PAMPA,14.6,0.0430336741589808
scsf,0.0081,in silico PAMPA,14.7,0.0428804608286896
scsf,0.0081,in silico PAMPA,14.8,0.0427292925782889
scsf,0.0081,in silico PAMPA,14.9,0.0425801271660946
scsf,0.0081,in silico PAMPA,15,0.0424329227728573
scsf,0.0081,in silico PAMPA,15.1,0.0422876380316452
scsf,0.0081,in silico PAMPA,15.2,0.0421442320549875
scsf,0.0081,in silico PAMPA,15.3,0.0420026644593242
scsf,0.0081,in silico PAMPA,15.4,0.0418628953869148
scsf,0.0081,in silico PAMPA,15.5,0.0417248855252834
scsf,0.0081,in silico PAMPA,15.6,0.0415885961245791
scsf,0.0081,in silico PAMPA,15.7,0.0414539890126708
scsf,0.0081,in silico PAMPA,15.8,0.0413210266082811
scsf,0.0081,in silico PAMPA,15.9,0.0411896719323146
scsf,0.0081,in silico PAMPA,16,0.0410598886174552
scsf,0.0081,in silico PAMPA,16.1,0.0409316409161141
scsf,0.0081,in silico PAMPA,16.2,0.0408048937069066
scsf,0.0081,in silico PAMPA,16.3,0.0406796124996903
scsf,0.0081,in silico PAMPA,16.4,0.0405557634392688
scsf,0.0081,in silico PAMPA,16.5,0.0404333133078832
scsf,0.0081,in silico PAMPA,16.6,0.0403122295266087
scsf,0.0081,in silico PAMPA,16.7,0.0401924801556547
scsf,0.0081,in silico PAMPA,16.8,0.0400740338936864
scsf,0.0081,in silico PAMPA,16.9,0.0399568600762832
scsf,0.0081,in silico PAMPA,17,0.0398409286735184
scsf,0.0081,in silico PAMPA,17.1,0.0397262102867742
scsf,0.0081,in silico PAMPA,17.2,0.0396126761448645
scsf,0.0081,in silico PAMPA,17.3,0.0395002980995119
scsf,0.0081,in silico PAMPA,17.4,0.0393890486202214
scsf,0.0081,in silico PAMPA,17.5,0.0392789007886157
scsf,0.0081,in silico PAMPA,17.6,0.0391698282922875
scsf,0.0081,in silico PAMPA,17.7,0.039061805418182
scsf,0.0081,in silico PAMPA,17.8,0.0389548070455828
scsf,0.0081,in silico PAMPA,17.9,0.0388488086387425
scsf,0.0081,in silico PAMPA,18,0.038743786239189
scsf,0.0081,in silico PAMPA,18.1,0.0386397164577379
scsf,0.0081,in silico PAMPA,18.2,0.0385365764662497
scsf,0.0081,in silico PAMPA,18.3,0.038434343989171
scsf,0.0081,in silico PAMPA,18.4,0.0383329972948688
scsf,0.0081,in silico PAMPA,18.5,0.0382325151867998
scsf,0.0081,in silico PAMPA,18.6,0.0381328769945449
scsf,0.0081,in silico PAMPA,18.7,0.0380340625647267
scsf,0.0081,in silico PAMPA,18.8,0.0379360522518318
scsf,0.0081,in silico PAMPA,18.9,0.0378388269089569
scsf,0.0081,in silico PAMPA,19,0.0377423678785093
scsf,0.0081,in silico PAMPA,19.1,0.0376466569828585
scsf,0.0081,in silico PAMPA,19.2,0.0375516765149767
scsf,0.0081,in silico PAMPA,19.3,0.0374574092290761
scsf,0.0081,in silico PAMPA,19.4,0.0373638383312569
scsf,0.0081,in silico PAMPA,19.5,0.0372709474701806
scsf,0.0081,in silico PAMPA,19.6,0.0371787207277794
scsf,0.0081,in silico PAMPA,19.7,0.0370871426100125
scsf,0.0081,in silico PAMPA,19.8,0.0369961980376817
scsf,0.0081,in silico PAMPA,19.9,0.0369058723373126
scsf,0.0081,in silico PAMPA,20,0.0368161512321126
scsf,0.0081,in silico PAMPA,20.1,0.0367270208330238
scsf,0.0081,in silico PAMPA,20.2,0.0366384676298561
scsf,0.0081,in silico PAMPA,20.3,0.0365504784825218
scsf,0.0081,in silico PAMPA,20.4,0.0364630406123759
scsf,0.0081,in silico PAMPA,20.5,0.0363761415936688
scsf,0.0081,in silico PAMPA,20.6,0.0362897693451023
scsf,0.0081,in silico PAMPA,20.7,0.0362039121214943
scsf,0.0081,in silico PAMPA,20.8,0.0361185585056155
scsf,0.0081,in silico PAMPA,20.9,0.0360336974001054
scsf,0.0081,in silico PAMPA,21,0.0359493180195275
scsf,0.0081,in silico PAMPA,21.1,0.0358654098825623
scsf,0.0081,in silico PAMPA,21.2,0.035781962804309
scsf,0.0081,in silico PAMPA,21.3,0.0356989668887585
scsf,0.0081,in silico PAMPA,21.4,0.0356164125213738
scsf,0.0081,in silico PAMPA,21.5,0.0355342903618195
scsf,0.0081,in silico PAMPA,21.6,0.0354525913368324
scsf,0.0081,in silico PAMPA,21.7,0.0353713066331871
scsf,0.0081,in silico PAMPA,21.8,0.0352904276908711
scsf,0.0081,in silico PAMPA,21.9,0.0352099461963627
scsf,0.0081,in silico PAMPA,22,0.0351298540760299
scsf,0.0081,in silico PAMPA,22.1,0.0350501434896971
scsf,0.0081,in silico PAMPA,22.2,0.0349708068242865
scsf,0.0081,in silico PAMPA,22.3,0.0348918366876894
scsf,0.0081,in silico PAMPA,22.4,0.0348132259027167
scsf,0.0081,in silico PAMPA,22.5,0.0347349675012021
scsf,0.0081,in silico PAMPA,22.6,0.0346570547181404
scsf,0.0081,in silico PAMPA,22.7,0.0345794809861713
scsf,0.0081,in silico PAMPA,22.8,0.0345022399300064
scsf,0.0081,in silico PAMPA,22.9,0.0344253253610618
scsf,0.0081,in silico PAMPA,23,0.0343487312721137
scsf,0.0081,in silico PAMPA,23.1,0.0342724518322971
scsf,0.0081,in silico PAMPA,23.2,0.0341964813820462
scsf,0.0081,in silico PAMPA,23.3,0.0341208144281603
scsf,0.0081,in silico PAMPA,23.4,0.0340454456390418
scsf,0.0081,in silico PAMPA,23.5,0.0339703698401342
scsf,0.0081,in silico PAMPA,23.6,0.0338955820093503
scsf,0.0081,in silico PAMPA,23.7,0.033821077272541
scsf,0.0081,in silico PAMPA,23.8,0.033746850899371
scsf,0.0081,in silico PAMPA,23.9,0.0336728982990476
scsf,0.0081,in silico PAMPA,24,0.0335992150161467
scsf,0.0081,in silico PAMPA,24.1,0.033525796726756
scsf,0.0081,in silico PAMPA,24.2,0.0334526392345881
scsf,0.0081,in silico PAMPA,24.3,0.0333797384670911
scsf,0.0081,in silico PAMPA,24.4,0.0333070904718552
scsf,0.0081,in silico PAMPA,24.5,0.0332346914131126
scsf,0.0081,in silico PAMPA,24.6,0.0331625375680763
scsf,0.0081,in silico PAMPA,24.7,0.0330906253237022
scsf,0.0081,in silico PAMPA,24.8,0.0330189511734047
scsf,0.0081,in silico PAMPA,24.9,0.0329475117137003
scsf,0.0081,in silico PAMPA,25,0.0328763036412359
scsf,0.0081,in silico PAMPA,25.1,0.0328053237497614
scsf,0.0081,in silico PAMPA,25.2,0.0327345689270525
scsf,0.0081,in silico PAMPA,25.3,0.0326640361521623
scsf,0.0081,in silico PAMPA,25.4,0.0325937224926917
scsf,0.0081,in silico PAMPA,25.5,0.0325236251018093
scsf,0.0081,in silico PAMPA,25.6,0.0324537412160062
scsf,0.0081,in silico PAMPA,25.7,0.0323840681522644
scsf,0.0081,in silico PAMPA,25.8,0.0323146033056584
scsf,0.0081,in silico PAMPA,25.9,0.0322453441470644
scsf,0.0081,in silico PAMPA,26,0.0321762882205682
scsf,0.0081,in silico PAMPA,26.1,0.0321074331414385
scsf,0.0081,in silico PAMPA,26.2,0.0320387765938443
scsf,0.0081,in silico PAMPA,26.3,0.0319703163285742
scsf,0.0081,in silico PAMPA,26.4,0.0319020501612427
scsf,0.0081,in silico PAMPA,26.5,0.031833975969943
scsf,0.0081,in silico PAMPA,26.6,0.0317660916935531
scsf,0.0081,in silico PAMPA,26.7,0.0316983953297376
scsf,0.0081,in silico PAMPA,26.8,0.0316308849330034
scsf,0.0081,in silico PAMPA,26.9,0.031563558613197
scsf,0.0081,in silico PAMPA,27,0.0314964145333761
scsf,0.0081,in silico PAMPA,27.1,0.0314294509085288
scsf,0.0081,in silico PAMPA,27.2,0.0313626660036154
scsf,0.0081,in silico PAMPA,27.3,0.0312960581321706
scsf,0.0081,in silico PAMPA,27.4,0.0312296256547688
scsf,0.0081,in silico PAMPA,27.5,0.0311633669773439
scsf,0.0081,in silico PAMPA,27.6,0.0310972805500896
scsf,0.0081,in silico PAMPA,27.7,0.0310313648656084
scsf,0.0081,in silico PAMPA,27.8,0.0309656184580454
scsf,0.0081,in silico PAMPA,27.9,0.0309000399012969
scsf,0.0081,in silico PAMPA,28,0.0308346278081763
scsf,0.0081,in silico PAMPA,28.1,0.0307693808288112
scsf,0.0081,in silico PAMPA,28.2,0.0307042976497238
scsf,0.0081,in silico PAMPA,28.3,0.0306393769924983
scsf,0.0081,in silico PAMPA,28.4,0.0305746176127093
scsf,0.0081,in silico PAMPA,28.5,0.0305100182989036
scsf,0.0081,in silico PAMPA,28.6,0.030445577871344
scsf,0.0081,in silico PAMPA,28.7,0.0303812951813063
scsf,0.0081,in silico PAMPA,28.8,0.0303171691096852
scsf,0.0081,in silico PAMPA,28.9,0.0302531985665062
scsf,0.0081,in silico PAMPA,29,0.030189382489449
scsf,0.0081,in silico PAMPA,29.1,0.0301257198435513
scsf,0.0081,in silico PAMPA,29.2,0.0300622096196986
scsf,0.0081,in silico PAMPA,29.3,0.0299988508344422
scsf,0.0081,in silico PAMPA,29.4,0.0299356425285282
scsf,0.0081,in silico PAMPA,29.5,0.0298725837667401
scsf,0.0081,in silico PAMPA,29.6,0.0298096736365293
scsf,0.0081,in silico PAMPA,29.7,0.0297469112478442
scsf,0.0081,in silico PAMPA,29.8,0.0296842957318643
scsf,0.0081,in silico PAMPA,29.9,0.0296218262408341
scsf,0.0081,in silico PAMPA,30,0.0295595019468705
scsf,0.0081,in silico PAMPA,30.1,0.0294973220418245
scsf,0.0081,in silico PAMPA,30.2,0.0294352857361484
scsf,0.0081,in silico PAMPA,30.3,0.0293733922588134
scsf,0.0081,in silico PAMPA,30.4,0.0293116408561349
scsf,0.0081,in silico PAMPA,30.5,0.029250030791765
scsf,0.0081,in silico PAMPA,30.6,0.0291885613457003
scsf,0.0081,in silico PAMPA,30.7,0.0291272318139986
scsf,0.0081,in silico PAMPA,30.8,0.0290660415082304
scsf,0.0081,in silico PAMPA,30.9,0.0290049897548176
scsf,0.0081,in silico PAMPA,31,0.028944075894853
scsf,0.0081,in silico PAMPA,31.1,0.0288832992832304
scsf,0.0081,in silico PAMPA,31.2,0.02882265928865
scsf,0.0081,in silico PAMPA,31.3,0.0287621552926827
scsf,0.0081,in silico PAMPA,31.4,0.0287017866898639
scsf,0.0081,in silico PAMPA,31.5,0.0286415528867645
scsf,0.0081,in silico PAMPA,31.6,0.0285814533020632
scsf,0.0081,in silico PAMPA,31.7,0.0285214873657979
scsf,0.0081,in silico PAMPA,31.8,0.0284616545192421
scsf,0.0081,in silico PAMPA,31.9,0.0284019542144307
scsf,0.0081,in silico PAMPA,32,0.0283423859137104
scsf,0.0081,in silico PAMPA,32.1,0.0282829490897721
scsf,0.0081,in silico PAMPA,32.2,0.028223643224757
scsf,0.0081,in silico PAMPA,32.3,0.0281644678105662
scsf,0.0081,in silico PAMPA,32.4,0.0281054223480528
scsf,0.0081,in silico PAMPA,32.5,0.0280465063469623
scsf,0.0081,in silico PAMPA,32.6,0.0279877193257515
scsf,0.0081,in silico PAMPA,32.7,0.0279290608109492
scsf,0.0081,in silico PAMPA,32.8,0.0278705303373923
scsf,0.0081,in silico PAMPA,32.9,0.0278121274474444
scsf,0.0081,in silico PAMPA,33,0.0277538516911398
scsf,0.0081,in silico PAMPA,33.1,0.0276957026258006
scsf,0.0081,in silico PAMPA,33.2,0.0276376798156953
scsf,0.0081,in silico PAMPA,33.3,0.0275797828321183
scsf,0.0081,in silico PAMPA,33.4,0.0275220112527597
scsf,0.0081,in silico PAMPA,33.5,0.0274643646619413
scsf,0.0081,in silico PAMPA,33.6,0.0274068426500313
scsf,0.0081,in silico PAMPA,33.7,0.0273494448133711
scsf,0.0081,in silico PAMPA,33.8,0.0272921707543686
scsf,0.0081,in silico PAMPA,33.9,0.0272350200807638
scsf,0.0081,in silico PAMPA,34,0.0271779924059101
scsf,0.0081,in silico PAMPA,34.1,0.0271210873485272
scsf,0.0081,in silico PAMPA,34.2,0.0270643045322365
scsf,0.0081,in silico PAMPA,34.3,0.0270076435858855
scsf,0.0081,in silico PAMPA,34.4,0.0269511041429611
scsf,0.0081,in silico PAMPA,34.5,0.0268946858416024
scsf,0.0081,in silico PAMPA,34.6,0.0268383883246522
scsf,0.0081,in silico PAMPA,34.7,0.0267822112391093
scsf,0.0081,in silico PAMPA,34.8,0.0267261542363322
scsf,0.0081,in silico PAMPA,34.9,0.0266702169718341
scsf,0.0081,in silico PAMPA,35,0.0266143991049639
scsf,0.0081,in silico PAMPA,35.1,0.0265587002991369
scsf,0.0081,in silico PAMPA,35.2,0.0265031202213703
scsf,0.0081,in silico PAMPA,35.3,0.026447658542331
scsf,0.0081,in silico PAMPA,35.4,0.0263923149363775
scsf,0.0081,in silico PAMPA,35.5,0.0263370890810612
scsf,0.0081,in silico PAMPA,35.6,0.0262819806573223
scsf,0.0081,in silico PAMPA,35.7,0.0262269893495026
scsf,0.0081,in silico PAMPA,35.8,0.0261721148448031
scsf,0.0081,in silico PAMPA,35.9,0.02611735683355
scsf,0.0081,in silico PAMPA,36,0.0260627150091879
scsf,0.0081,in silico PAMPA,36.1,0.0260081890677654
scsf,0.0081,in silico PAMPA,36.2,0.0259537787082025
scsf,0.0081,in silico PAMPA,36.3,0.025899483632254
scsf,0.0081,in silico PAMPA,36.4,0.0258453035440807
scsf,0.0081,in silico PAMPA,36.5,0.0257912381504725
scsf,0.0081,in silico PAMPA,36.6,0.0257372871607957
scsf,0.0081,in silico PAMPA,36.7,0.025683450286642
scsf,0.0081,in silico PAMPA,36.8,0.0256297272420137
scsf,0.0081,in silico PAMPA,36.9,0.0255761177432675
scsf,0.0081,in silico PAMPA,37,0.0255226215088082
scsf,0.0081,in silico PAMPA,37.1,0.0254692382592608
scsf,0.0081,in silico PAMPA,37.2,0.025415967717409
scsf,0.0081,in silico PAMPA,37.3,0.025362809607922
scsf,0.0081,in silico PAMPA,37.4,0.0253097636575334
scsf,0.0081,in silico PAMPA,37.5,0.025256829594956
scsf,0.0081,in silico PAMPA,37.6,0.0252040071506141
scsf,0.0081,in silico PAMPA,37.7,0.0251512960567854
scsf,0.0081,in silico PAMPA,37.8,0.0250986960477329
scsf,0.0081,in silico PAMPA,37.9,0.0250462068591766
scsf,0.0081,in silico PAMPA,38,0.0249938282285665
scsf,0.0081,in silico PAMPA,38.1,0.0249415598951419
scsf,0.0081,in silico PAMPA,38.2,0.0248894015996517
scsf,0.0081,in silico PAMPA,38.3,0.0248373530843252
scsf,0.0081,in silico PAMPA,38.4,0.0247854140929829
scsf,0.0081,in silico PAMPA,38.5,0.0247335843710218
scsf,0.0081,in silico PAMPA,38.6,0.0246818636651094
scsf,0.0081,in silico PAMPA,38.7,0.02463025172336
scsf,0.0081,in silico PAMPA,38.8,0.0245787482954252
scsf,0.0081,in silico PAMPA,38.9,0.0245273531321086
scsf,0.0081,in silico PAMPA,39,0.0244760659855622
scsf,0.0081,in silico PAMPA,39.1,0.0244248866092953
scsf,0.0081,in silico PAMPA,39.2,0.0243738147580426
scsf,0.0081,in silico PAMPA,39.3,0.0243228501876913
scsf,0.0081,in silico PAMPA,39.4,0.024271992655365
scsf,0.0081,in silico PAMPA,39.5,0.0242212419194403
scsf,0.0081,in silico PAMPA,39.6,0.0241705977393015
scsf,0.0081,in silico PAMPA,39.7,0.0241200598754752
scsf,0.0081,in silico PAMPA,39.8,0.0240696280897369
scsf,0.0081,in silico PAMPA,39.9,0.0240193021447477
scsf,0.0081,in silico PAMPA,40,0.0239690818042473
scsf,0.0081,in silico PAMPA,40.1,0.0239189668329994
scsf,0.0081,in silico PAMPA,40.2,0.0238689569969567
scsf,0.0081,in silico PAMPA,40.3,0.0238190520628142
scsf,0.0081,in silico PAMPA,40.4,0.0237692517982927
scsf,0.0081,in silico PAMPA,40.5,0.023719555972079
scsf,0.0081,in silico PAMPA,40.6,0.0236699643539289
scsf,0.0081,in silico PAMPA,40.7,0.0236204767142966
scsf,0.0081,in silico PAMPA,40.8,0.0235710928245872
scsf,0.0081,in silico PAMPA,40.9,0.0235218124571225
scsf,0.0081,in silico PAMPA,41,0.0234726353851564
scsf,0.0081,in silico PAMPA,41.1,0.0234235613826446
scsf,0.0081,in silico PAMPA,41.2,0.023374590224413
scsf,0.0081,in silico PAMPA,41.3,0.0233257216861557
scsf,0.0081,in silico PAMPA,41.4,0.0232769555443834
scsf,0.0081,in silico PAMPA,41.5,0.0232282915763084
scsf,0.0081,in silico PAMPA,41.6,0.023179729559941
scsf,0.0081,in silico PAMPA,41.7,0.0231312692741217
scsf,0.0081,in silico PAMPA,41.8,0.0230829104984106
scsf,0.0081,in silico PAMPA,41.9,0.0230346530130591
scsf,0.0081,in silico PAMPA,42,0.0229864965990573
scsf,0.0081,in silico PAMPA,42.1,0.0229384410381976
scsf,0.0081,in silico PAMPA,42.2,0.0228904861129022
scsf,0.0081,in silico PAMPA,42.3,0.0228426316062781
scsf,0.0081,in silico PAMPA,42.4,0.0227948773021201
scsf,0.0081,in silico PAMPA,42.5,0.0227472229850289
scsf,0.0081,in silico PAMPA,42.6,0.0226996684401062
scsf,0.0081,in silico PAMPA,42.7,0.0226522134531525
scsf,0.0081,in silico PAMPA,42.8,0.0226048578106076
scsf,0.0081,in silico PAMPA,42.9,0.0225576012996088
scsf,0.0081,in silico PAMPA,43,0.0225104437079604
scsf,0.0081,in silico PAMPA,43.1,0.02246338482396
scsf,0.0081,in silico PAMPA,43.2,0.0224164244365645
scsf,0.0081,in silico PAMPA,43.3,0.0223695623353274
scsf,0.0081,in silico PAMPA,43.4,0.022322798310569
scsf,0.0081,in silico PAMPA,43.5,0.0222761321530066
scsf,0.0081,in silico PAMPA,43.6,0.0222295636539929
scsf,0.0081,in silico PAMPA,43.7,0.0221830926054594
scsf,0.0081,in silico PAMPA,43.8,0.0221367187999554
scsf,0.0081,in silico PAMPA,43.9,0.0220904420306348
scsf,0.0081,in silico PAMPA,44,0.0220442620911079
scsf,0.0081,in silico PAMPA,44.1,0.0219981787755788
scsf,0.0081,in silico PAMPA,44.2,0.0219521918787955
scsf,0.0081,in silico PAMPA,44.3,0.0219063011961472
scsf,0.0081,in silico PAMPA,44.4,0.0218605065234528
scsf,0.0081,in silico PAMPA,44.5,0.021814807657088
scsf,0.0081,in silico PAMPA,44.6,0.0217692043939581
scsf,0.0081,in silico PAMPA,44.7,0.0217236965315194
scsf,0.0081,in silico PAMPA,44.8,0.0216782838677766
scsf,0.0081,in silico PAMPA,44.9,0.0216329662011761
scsf,0.0081,in silico PAMPA,45,0.0215877433307002
scsf,0.0081,in silico PAMPA,45.1,0.0215426150558324
scsf,0.0081,in silico PAMPA,45.2,0.021497581176634
scsf,0.0081,in silico PAMPA,45.3,0.0214526414935819
scsf,0.0081,in silico PAMPA,45.4,0.0214077958076605
scsf,0.0081,in silico PAMPA,45.5,0.0213630439203467
scsf,0.0081,in silico PAMPA,45.6,0.021318385633634
scsf,0.0081,in silico PAMPA,45.7,0.0212738207500296
scsf,0.0081,in silico PAMPA,45.8,0.0212293490724317
scsf,0.0081,in silico PAMPA,45.9,0.0211849704042483
scsf,0.0081,in silico PAMPA,46,0.0211406845493554
scsf,0.0081,in silico PAMPA,46.1,0.0210964913120928
scsf,0.0081,in silico PAMPA,46.2,0.0210523904974047
scsf,0.0081,in silico PAMPA,46.3,0.0210083819105169
scsf,0.0081,in silico PAMPA,46.4,0.0209644653571725
scsf,0.0081,in silico PAMPA,46.5,0.0209206406435705
scsf,0.0081,in silico PAMPA,46.6,0.02087690757636
scsf,0.0081,in silico PAMPA,46.7,0.0208332659627074
scsf,0.0081,in silico PAMPA,46.8,0.0207897156102152
scsf,0.0081,in silico PAMPA,46.9,0.0207462563268585
scsf,0.0081,in silico PAMPA,47,0.0207028879210924
scsf,0.0081,in silico PAMPA,47.1,0.0206596102018106
scsf,0.0081,in silico PAMPA,47.2,0.0206164229783542
scsf,0.0081,in silico PAMPA,47.3,0.0205733260605845
scsf,0.0081,in silico PAMPA,47.4,0.0205303192586705
scsf,0.0081,in silico PAMPA,47.5,0.0204874023832601
scsf,0.0081,in silico PAMPA,47.6,0.0204445752454292
scsf,0.0081,in silico PAMPA,47.7,0.0204018376566793
scsf,0.0081,in silico PAMPA,47.8,0.0203591894289563
scsf,0.0081,in silico PAMPA,47.9,0.0203166303746321
scsf,0.0081,in silico PAMPA,48,0.0202741603064971
scsf,0.0238321946701172,optimized,0,0
scsf,0.0238321946701172,optimized,0.1,0.00020620376597196
scsf,0.0238321946701172,optimized,0.2,0.00140173911081362
scsf,0.0238321946701172,optimized,0.3,0.00403383391796169
scsf,0.0238321946701172,optimized,0.4,0.00775301306642663
scsf,0.0238321946701172,optimized,0.5,0.0119666381355754
scsf,0.0238321946701172,optimized,0.6,0.0164038967370748
scsf,0.0238321946701172,optimized,0.7,0.0209355540023274
scsf,0.0238321946701172,optimized,0.8,0.0254906413557808
scsf,0.0238321946701172,optimized,0.9,0.0300245042062593
scsf,0.0238321946701172,optimized,1,0.0345061109425437
scsf,0.0238321946701172,optimized,1.1,0.038912660825308
scsf,0.0238321946701172,optimized,1.2,0.0432270198142874
scsf,0.0238321946701172,optimized,1.3,0.0474363027505695
scsf,0.0238321946701172,optimized,1.4,0.0515309606935656
scsf,0.0238321946701172,optimized,1.5,0.0555041217278644
scsf,0.0238321946701172,optimized,1.6,0.0593510806133228
scsf,0.0238321946701172,optimized,1.7,0.0630688891851712
scsf,0.0238321946701172,optimized,1.8,0.0666560219731595
scsf,0.0238321946701172,optimized,1.9,0.0701121011819489
scsf,0.0238321946701172,optimized,2,0.0734376698402355
scsf,0.0238321946701172,optimized,2.1,0.0766340045511142
scsf,0.0238321946701172,optimized,2.2,0.0797029609805852
scsf,0.0238321946701172,optimized,2.3,0.082646846516561
scsf,0.0238321946701172,optimized,2.4,0.0854683154047297
scsf,0.0238321946701172,optimized,2.5,0.0881702826520206
scsf,0.0238321946701172,optimized,2.6,0.0907558533809361
scsf,0.0238321946701172,optimized,2.7,0.0932282650878168
scsf,0.0238321946701172,optimized,2.8,0.0955908405804815
scsf,0.0238321946701172,optimized,2.9,0.0978469497413776
scsf,0.0238321946701172,optimized,3,0.0999999786276416
scsf,0.0238321946701172,optimized,3.1,0.102053304631938
scsf,0.0238321946701172,optimized,3.2,0.104010276654483
scsf,0.0238321946701172,optimized,3.3,0.105874199412792
scsf,0.0238321946701172,optimized,3.4,0.107648321170807
scsf,0.0238321946701172,optimized,3.5,0.109335824269608
scsf,0.0238321946701172,optimized,3.6,0.110939817977282
scsf,0.0238321946701172,optimized,3.7,0.112463333231449
scsf,0.0238321946701172,optimized,3.8,0.113909318929141
scsf,0.0238321946701172,optimized,3.9,0.115280639486961
scsf,0.0238321946701172,optimized,4,0.116580073426804
scsf,0.0238321946701172,optimized,4.1,0.117810312792609
scsf,0.0238321946701172,optimized,4.2,0.118973963238486
scsf,0.0238321946701172,optimized,4.3,0.12007354465141
scsf,0.0238321946701172,optimized,4.4,0.121111492197998
scsf,0.0238321946701172,optimized,4.5,0.122090157704462
scsf,0.0238321946701172,optimized,4.6,0.12301181129415
scsf,0.0238321946701172,optimized,4.7,0.123878643220435
scsf,0.0238321946701172,optimized,4.8,0.124692765844497
scsf,0.0238321946701172,optimized,4.9,0.125456215716167
scsf,0.0238321946701172,optimized,5,0.126170955723739
scsf,0.0238321946701172,optimized,5.1,0.126838877285413
scsf,0.0238321946701172,optimized,5.2,0.127461802559854
scsf,0.0238321946701172,optimized,5.3,0.128041486657744
scsf,0.0238321946701172,optimized,5.4,0.128579619840059
scsf,0.0238321946701172,optimized,5.5,0.129077829691504
scsf,0.0238321946701172,optimized,5.6,0.129537683260118
scsf,0.0238321946701172,optimized,5.7,0.129960689156136
scsf,0.0238321946701172,optimized,5.8,0.130348299604653
scsf,0.0238321946701172,optimized,5.9,0.13070191244818
scsf,0.0238321946701172,optimized,6,0.131022873096306
scsf,0.0238321946701172,optimized,6.1,0.131312476420488
scsf,0.0238321946701172,optimized,6.2,0.131571968592649
scsf,0.0238321946701172,optimized,6.3,0.13180254886718
scsf,0.0238321946701172,optimized,6.4,0.132005371306246
scsf,0.0238321946701172,optimized,6.5,0.132181546448425
scsf,0.0238321946701172,optimized,6.6,0.132332142921496
scsf,0.0238321946701172,optimized,6.7,0.132458189000201
scsf,0.0238321946701172,optimized,6.8,0.132560674109953
scsf,0.0238321946701172,optimized,6.9,0.132640550277522
scsf,0.0238321946701172,optimized,7,0.132698733530213
scsf,0.0238321946701172,optimized,7.1,0.132736105244819
scsf,0.0238321946701172,optimized,7.2,0.132753513447626
scsf,0.0238321946701172,optimized,7.3,0.132751774066995
scsf,0.0238321946701172,optimized,7.4,0.132731672140024
scsf,0.0238321946701172,optimized,7.5,0.132693962974823
scsf,0.0238321946701172,optimized,7.6,0.13263937326955
scsf,0.0238321946701172,optimized,7.7,0.132568602189908
scsf,0.0238321946701172,optimized,7.8,0.132482322406545
scsf,0.0238321946701172,optimized,7.9,0.132381181093696
scsf,0.0238321946701172,optimized,8,0.132265800890249
scsf,0.0238321946701172,optimized,8.1,0.132136780824962
scsf,0.0238321946701172,optimized,8.2,0.131994697206664
scsf,0.0238321946701172,optimized,8.3,0.131840104481182
scsf,0.0238321946701172,optimized,8.4,0.131673536055769
scsf,0.0238321946701172,optimized,8.5,0.131495505092645
scsf,0.0238321946701172,optimized,8.6,0.131306505272394
scsf,0.0238321946701172,optimized,8.7,0.131107011528688
scsf,0.0238321946701172,optimized,8.8,0.130897480755123
scsf,0.0238321946701172,optimized,8.9,0.13067835248552
scsf,0.0238321946701172,optimized,9,0.130450049548234
scsf,0.0238321946701172,optimized,9.1,0.130212978695989
scsf,0.0238321946701172,optimized,9.2,0.129967531211863
scsf,0.0238321946701172,optimized,9.3,0.129714083492081
scsf,0.0238321946701172,optimized,9.4,0.129452997607028
scsf,0.0238321946701172,optimized,9.5,0.129184621841195
scsf,0.0238321946701172,optimized,9.6,0.128909291212198
scsf,0.0238321946701172,optimized,9.7,0.128627327970608
scsf,0.0238321946701172,optimized,9.8,0.128339042080762
scsf,0.0238321946701172,optimized,9.9,0.128044731683251
scsf,0.0238321946701172,optimized,10,0.127744683540292
scsf,0.0238321946701172,optimized,10.1,0.127439173463734
scsf,0.0238321946701172,optimized,10.2,0.127128466727368
scsf,0.0238321946701172,optimized,10.3,0.126812818463442
scsf,0.0238321946701172,optimized,10.4,0.126492474044174
scsf,0.0238321946701172,optimized,10.5,0.126167669449099
scsf,0.0238321946701172,optimized,10.6,0.125838631618055
scsf,0.0238321946701172,optimized,10.7,0.125505578791484
scsf,0.0238321946701172,optimized,10.8,0.125168720837278
scsf,0.0238321946701172,optimized,10.9,0.124828259565896
scsf,0.0238321946701172,optimized,11,0.124484389032915
scsf,0.0238321946701172,optimized,11.1,0.124137295830861
scsf,0.0238321946701172,optimized,11.2,0.123787159369401
scsf,0.0238321946701172,optimized,11.3,0.123434152145645
scsf,0.0238321946701172,optimized,11.4,0.123078440003534
scsf,0.0238321946701172,optimized,11.5,0.12272018238412
scsf,0.0238321946701172,optimized,11.6,0.122359532565883
scsf,0.0238321946701172,optimized,11.7,0.121996637896378
scsf,0.0238321946701172,optimized,11.8,0.121631640015043
scsf,0.0238321946701172,optimized,11.9,0.121264675067448
scsf,0.0238321946701172,optimized,12,0.120895873911821
scsf,0.0238321946701172,optimized,12.1,0.120525362317367
scsf,0.0238321946701172,optimized,12.2,0.120153261155636
scsf,0.0238321946701172,optimized,12.3,0.119779686584313
scsf,0.0238321946701172,optimized,12.4,0.119404750224149
scsf,0.0238321946701172,optimized,12.5,0.119028559329465
scsf,0.0238321946701172,optimized,12.6,0.118651216951941
scsf,0.0238321946701172,optimized,12.7,0.118272822098466
scsf,0.0238321946701172,optimized,12.8,0.117893469883098
scsf,0.0238321946701172,optimized,12.9,0.117513251673055
scsf,0.0238321946701172,optimized,13,0.117132255229451
scsf,0.0238321946701172,optimized,13.1,0.116750564842739
scsf,0.0238321946701172,optimized,13.2,0.116368261462895
scsf,0.0238321946701172,optimized,13.3,0.115985422824935
scsf,0.0238321946701172,optimized,13.4,0.115602123569663
scsf,0.0238321946701172,optimized,13.5,0.115218435359758
scsf,0.0238321946701172,optimized,13.6,0.114834426991562
scsf,0.0238321946701172,optimized,13.7,0.114450164502876
scsf,0.0238321946701172,optimized,13.8,0.114065711276458
scsf,0.0238321946701172,optimized,13.9,0.113681128139775
scsf,0.0238321946701172,optimized,14,0.113296473460918
scsf,0.0238321946701172,optimized,14.1,0.112911803241095
scsf,0.0238321946701172,optimized,14.2,0.112527171203482
scsf,0.0238321946701172,optimized,14.3,0.112142628878823
scsf,0.0238321946701172,optimized,14.4,0.111758225687802
scsf,0.0238321946701172,optimized,14.5,0.111374009020468
scsf,0.0238321946701172,optimized,14.6,0.110990024312449
scsf,0.0238321946701172,optimized,14.7,0.110606315118459
scsf,0.0238321946701172,optimized,14.8,0.11022292318305
scsf,0.0238321946701172,optimized,14.9,0.10983988850862
scsf,0.0238321946701172,optimized,15,0.109457249421112
scsf,0.0238321946701172,optimized,15.1,0.109075042632996
scsf,0.0238321946701172,optimized,15.2,0.108693303303994
scsf,0.0238321946701172,optimized,15.3,0.108312065099545
scsf,0.0238321946701172,optimized,15.4,0.107931360247096
scsf,0.0238321946701172,optimized,15.5,0.107551219590221
scsf,0.0238321946701172,optimized,15.6,0.107171672640854
scsf,0.0238321946701172,optimized,15.7,0.106792747629455
scsf,0.0238321946701172,optimized,15.8,0.106414471553297
scsf,0.0238321946701172,optimized,15.9,0.10603687022299
scsf,0.0238321946701172,optimized,16,0.105659968307277
scsf,0.0238321946701172,optimized,16.1,0.105283789376123
scsf,0.0238321946701172,optimized,16.2,0.104908355942237
scsf,0.0238321946701172,optimized,16.3,0.104533689501022
scsf,0.0238321946701172,optimized,16.4,0.10415981056901
scsf,0.0238321946701172,optimized,16.5,0.10378673872087
scsf,0.0238321946701172,optimized,16.6,0.103414492625074
scsf,0.0238321946701172,optimized,16.7,0.103043090078204
scsf,0.0238321946701172,optimized,16.8,0.102672548037962
scsf,0.0238321946701172,optimized,16.9,0.102302882655001
scsf,0.0238321946701172,optimized,17,0.10193410930352
scsf,0.0238321946701172,optimized,17.1,0.101566242610716
scsf,0.0238321946701172,optimized,17.2,0.101199296485158
scsf,0.0238321946701172,optimized,17.3,0.100833284144105
scsf,0.0238321946701172,optimized,17.4,0.100468218139793
scsf,0.0238321946701172,optimized,17.5,0.100104110384752
scsf,0.0238321946701172,optimized,17.6,0.0997409721761904
scsf,0.0238321946701172,optimized,17.7,0.0993788142194392
scsf,0.0238321946701172,optimized,17.8,0.0990176466505251
scsf,0.0238321946701172,optimized,17.9,0.0986574790579179
scsf,0.0238321946701172,optimized,18,0.09829832050347
scsf,0.0238321946701172,optimized,18.1,0.0979401795425631
scsf,0.0238321946701172,optimized,18.2,0.0975830642435087
scsf,0.0238321946701172,optimized,18.3,0.0972269822062451
scsf,0.0238321946701172,optimized,18.4,0.0968719405803048
scsf,0.0238321946701172,optimized,18.5,0.0965179460821149
scsf,0.0238321946701172,optimized,18.6,0.0961650050116642
scsf,0.0238321946701172,optimized,18.7,0.095813123268554
scsf,0.0238321946701172,optimized,18.8,0.0954623063674431
scsf,0.0238321946701172,optimized,18.9,0.0951125594529077
scsf,0.0238321946701172,optimized,19,0.0947638873138038
scsf,0.0238321946701172,optimized,19.1,0.0944162943970117
scsf,0.0238321946701172,optimized,19.2,0.0940697848207031
scsf,0.0238321946701172,optimized,19.3,0.0937243623871151
scsf,0.0238321946701172,optimized,19.4,0.0933800305948541
scsf,0.0238321946701172,optimized,19.5,0.0930367926507402
scsf,0.0238321946701172,optimized,19.6,0.0926946514812009
scsf,0.0238321946701172,optimized,19.7,0.0923536097432412
scsf,0.0238321946701172,optimized,19.8,0.0920136698350179
scsf,0.0238321946701172,optimized,19.9,0.0916748339060254
scsf,0.0238321946701172,optimized,20,0.0913371038668736
scsf,0.0238321946701172,optimized,20.1,0.0910004813986815
scsf,0.0238321946701172,optimized,20.2,0.0906649679621794
scsf,0.0238321946701172,optimized,20.3,0.0903305648064472
scsf,0.0238321946701172,optimized,20.4,0.0899972729773213
scsf,0.0238321946701172,optimized,20.5,0.089665093325477
scsf,0.0238321946701172,optimized,20.6,0.0893340265142527
scsf,0.0238321946701172,optimized,20.7,0.0890040730271791
scsf,0.0238321946701172,optimized,20.8,0.0886752331751227
scsf,0.0238321946701172,optimized,20.9,0.0883475071032758
scsf,0.0238321946701172,optimized,21,0.088020894797855
scsf,0.0238321946701172,optimized,21.1,0.0876953960925347
scsf,0.0238321946701172,optimized,21.2,0.0873710106746904
scsf,0.0238321946701172,optimized,21.3,0.0870477380913241
scsf,0.0238321946701172,optimized,21.4,0.0867255777548351
scsf,0.0238321946701172,optimized,21.5,0.0864045289485481
scsf,0.0238321946701172,optimized,21.6,0.0860845908320285
scsf,0.0238321946701172,optimized,21.7,0.0857657624462671
scsf,0.0238321946701172,optimized,21.8,0.0854480427185472
scsf,0.0238321946701172,optimized,21.9,0.0851314304672081
scsf,0.0238321946701172,optimized,22,0.0848159244062379
scsf,0.0238321946701172,optimized,22.1,0.0845015231496558
scsf,0.0238321946701172,optimized,22.2,0.0841882252158096
scsf,0.0238321946701172,optimized,22.3,0.0838760290313868
scsf,0.0238321946701172,optimized,22.4,0.0835649329353585
scsf,0.0238321946701172,optimized,22.5,0.0832549351827466
scsf,0.0238321946701172,optimized,22.6,0.082946033948356
scsf,0.0238321946701172,optimized,22.7,0.0826382273301286
scsf,0.0238321946701172,optimized,22.8,0.0823315133525863
scsf,0.0238321946701172,optimized,22.9,0.0820258899700601
scsf,0.0238321946701172,optimized,23,0.0817213550698842
scsf,0.0238321946701172,optimized,23.1,0.0814179064752789
scsf,0.0238321946701172,optimized,23.2,0.0811155419482907
scsf,0.0238321946701172,optimized,23.3,0.080814259192622
scsf,0.0238321946701172,optimized,23.4,0.0805140558562904
scsf,0.0238321946701172,optimized,23.5,0.0802149295341375
scsf,0.0238321946701172,optimized,23.6,0.0799168777703438
scsf,0.0238321946701172,optimized,23.7,0.0796198980609071
scsf,0.0238321946701172,optimized,23.8,0.0793239878557837
scsf,0.0238321946701172,optimized,23.9,0.0790291445611673
scsf,0.0238321946701172,optimized,24,0.0787353655416828
scsf,0.0238321946701172,optimized,24.1,0.0784426481223271
scsf,0.0238321946701172,optimized,24.2,0.078150989590452
scsf,0.0238321946701172,optimized,24.3,0.0778603871977476
scsf,0.0238321946701172,optimized,24.4,0.077570838161991
scsf,0.0238321946701172,optimized,24.5,0.0772823396687553
scsf,0.0238321946701172,optimized,24.6,0.0769948888732253
scsf,0.0238321946701172,optimized,24.7,0.0767084829017049
scsf,0.0238321946701172,optimized,24.8,0.0764231188531828
scsf,0.0238321946701172,optimized,24.9,0.0761387938009353
scsf,0.0238321946701172,optimized,25,0.075855504793867
scsf,0.0238321946701172,optimized,25.1,0.0755732488579065
scsf,0.0238321946701172,optimized,25.2,0.0752920229974272
scsf,0.0238321946701172,optimized,25.3,0.0750118241964509
scsf,0.0238321946701172,optimized,25.4,0.0747326494198595
scsf,0.0238321946701172,optimized,25.5,0.0744544956147509
scsf,0.0238321946701172,optimized,25.6,0.0741773597113425
scsf,0.0238321946701172,optimized,25.7,0.07390123862425
scsf,0.0238321946701172,optimized,25.8,0.0736261292534808
scsf,0.0238321946701172,optimized,25.9,0.0733520284853919
scsf,0.0238321946701172,optimized,26,0.0730789331938109
scsf,0.0238321946701172,optimized,26.1,0.0728068402408283
scsf,0.0238321946701172,optimized,26.2,0.0725357464777558
scsf,0.0238321946701172,optimized,26.3,0.0722656487460577
scsf,0.0238321946701172,optimized,26.4,0.0719965438780359
scsf,0.0238321946701172,optimized,26.5,0.0717284286978127
scsf,0.0238321946701172,optimized,26.6,0.0714613000219477
scsf,0.0238321946701172,optimized,26.7,0.0711951546602463
scsf,0.0238321946701172,optimized,26.8,0.0709299894165053
scsf,0.0238321946701172,optimized,26.9,0.0706658010890606
scsf,0.0238321946701172,optimized,27,0.0704025864716419
scsf,0.0238321946701172,optimized,27.1,0.0701403423537938
scsf,0.0238321946701172,optimized,27.2,0.0698790655216537
scsf,0.0238321946701172,optimized,27.3,0.0696187527584297
scsf,0.0238321946701172,optimized,27.4,0.069359400844972
scsf,0.0238321946701172,optimized,27.5,0.069101006560388
scsf,0.0238321946701172,optimized,27.6,0.0688435666824003
scsf,0.0238321946701172,optimized,27.7,0.0685870779880551
scsf,0.0238321946701172,optimized,27.8,0.0683315372539588
scsf,0.0238321946701172,optimized,27.9,0.0680769412569649
scsf,0.0238321946701172,optimized,28,0.0678232867743949
scsf,0.0238321946701172,optimized,28.1,0.0675705705846389
scsf,0.0238321946701172,optimized,28.2,0.0673187894674171
scsf,0.0238321946701172,optimized,28.3,0.067067940204257
scsf,0.0238321946701172,optimized,28.4,0.0668180195788255
scsf,0.0238321946701172,optimized,28.5,0.0665690243772662
scsf,0.0238321946701172,optimized,28.6,0.0663209513886134
scsf,0.0238321946701172,optimized,28.7,0.0660737974049884
scsf,0.0238321946701172,optimized,28.8,0.0658275592220828
scsf,0.0238321946701172,optimized,28.9,0.0655822336392532
scsf,0.0238321946701172,optimized,29,0.0653378174600447
scsf,0.0238321946701172,optimized,29.1,0.0650943074922056
scsf,0.0238321946701172,optimized,29.2,0.0648517005482217
scsf,0.0238321946701172,optimized,29.3,0.0646099934452888
scsf,0.0238321946701172,optimized,29.4,0.0643691830058261
scsf,0.0238321946701172,optimized,29.5,0.0641292660574437
scsf,0.0238321946701172,optimized,29.6,0.0638902394334105
scsf,0.0238321946701172,optimized,29.7,0.0636520999726324
scsf,0.0238321946701172,optimized,29.8,0.0634148445200748
scsf,0.0238321946701172,optimized,29.9,0.0631784699267424
scsf,0.0238321946701172,optimized,30,0.0629429730500698
scsf,0.0238321946701172,optimized,30.1,0.0627083507538943
scsf,0.0238321946701172,optimized,30.2,0.0624745999088205
scsf,0.0238321946701172,optimized,30.3,0.0622417173921739
scsf,0.0238321946701172,optimized,30.4,0.0620097000883781
scsf,0.0238321946701172,optimized,30.5,0.06177854488889
scsf,0.0238321946701172,optimized,30.6,0.0615482486924919
scsf,0.0238321946701172,optimized,30.7,0.0613188084053452
scsf,0.0238321946701172,optimized,30.8,0.0610902209411113
scsf,0.0238321946701172,optimized,30.9,0.0608624832211442
scsf,0.0238321946701172,optimized,31,0.0606355921744812
scsf,0.0238321946701172,optimized,31.1,0.0604095447381051
scsf,0.0238321946701172,optimized,31.2,0.060184337856875
scsf,0.0238321946701172,optimized,31.3,0.0599599684838059
scsf,0.0238321946701172,optimized,31.4,0.0597364335799732
scsf,0.0238321946701172,optimized,31.5,0.0595137301147851
scsf,0.0238321946701172,optimized,31.6,0.0592918550659026
scsf,0.0238321946701172,optimized,31.7,0.0590708054194374
scsf,0.0238321946701172,optimized,31.8,0.0588505781699503
scsf,0.0238321946701172,optimized,31.9,0.05863117032055
scsf,0.0238321946701172,optimized,32,0.0584125788830036
scsf,0.0238321946701172,optimized,32.1,0.0581948008776645
scsf,0.0238321946701172,optimized,32.2,0.0579778333337293
scsf,0.0238321946701172,optimized,32.3,0.0577616732890831
scsf,0.0238321946701172,optimized,32.4,0.0575463177905102
scsf,0.0238321946701172,optimized,32.5,0.0573317638936775
scsf,0.0238321946701172,optimized,32.6,0.0571180086631342
scsf,0.0238321946701172,optimized,32.7,0.0569050491724806
scsf,0.0238321946701172,optimized,32.8,0.0566928825042397
scsf,0.0238321946701172,optimized,32.9,0.0564815057500642
scsf,0.0238321946701172,optimized,33,0.0562709160106463
scsf,0.0238321946701172,optimized,33.1,0.0560611103957877
scsf,0.0238321946701172,optimized,33.2,0.0558520860244709
scsf,0.0238321946701172,optimized,33.3,0.0556438400247825
scsf,0.0238321946701172,optimized,33.4,0.0554363695340705
scsf,0.0238321946701172,optimized,33.5,0.0552296716988279
scsf,0.0238321946701172,optimized,33.6,0.0550237436748234
scsf,0.0238321946701172,optimized,33.7,0.0548185826270908
scsf,0.0238321946701172,optimized,33.8,0.0546141857298497
scsf,0.0238321946701172,optimized,33.9,0.0544105501666914
scsf,0.0238321946701172,optimized,34,0.0542076731304525
scsf,0.0238321946701172,optimized,34.1,0.0540055518232413
scsf,0.0238321946701172,optimized,34.2,0.053804183456543
scsf,0.0238321946701172,optimized,34.3,0.0536035652510817
scsf,0.0238321946701172,optimized,34.4,0.0534036944369452
scsf,0.0238321946701172,optimized,34.5,0.0532045682535523
scsf,0.0238321946701172,optimized,34.6,0.0530061839495897
scsf,0.0238321946701172,optimized,34.7,0.0528085387831349
scsf,0.0238321946701172,optimized,34.8,0.0526116300215593
scsf,0.0238321946701172,optimized,34.9,0.0524154549415429
scsf,0.0238321946701172,optimized,35,0.0522200108291314
scsf,0.0238321946701172,optimized,35.1,0.0520252949796331
scsf,0.0238321946701172,optimized,35.2,0.051831304697704
scsf,0.0238321946701172,optimized,35.3,0.051638037297306
scsf,0.0238321946701172,optimized,35.4,0.0514454901016502
scsf,0.0238321946701172,optimized,35.5,0.0512536604433009
scsf,0.0238321946701172,optimized,35.6,0.0510625456640848
scsf,0.0238321946701172,optimized,35.7,0.050872143115047
scsf,0.0238321946701172,optimized,35.8,0.0506824501565644
scsf,0.0238321946701172,optimized,35.9,0.0504934641582378
scsf,0.0238321946701172,optimized,36,0.0503051824988535
scsf,0.0238321946701172,optimized,36.1,0.0501176025664876
scsf,0.0238321946701172,optimized,36.2,0.0499307217583988
scsf,0.0238321946701172,optimized,36.3,0.0497445374809999
scsf,0.0238321946701172,optimized,36.4,0.0495590471499357
scsf,0.0238321946701172,optimized,36.5,0.0493742481899909
scsf,0.0238321946701172,optimized,36.6,0.0491901380350655
scsf,0.0238321946701172,optimized,36.7,0.049006714128231
scsf,0.0238321946701172,optimized,36.8,0.0488239739216493
scsf,0.0238321946701172,optimized,36.9,0.0486419148765504
scsf,0.0238321946701172,optimized,37,0.0484605344632744
scsf,0.0238321946701172,optimized,37.1,0.0482798301611968
scsf,0.0238321946701172,optimized,37.2,0.0480997994587062
scsf,0.0238321946701172,optimized,37.3,0.0479204398532384
scsf,0.0238321946701172,optimized,37.4,0.0477417488512005
scsf,0.0238321946701172,optimized,37.5,0.0475637239679549
scsf,0.0238321946701172,optimized,37.6,0.0473863627278502
scsf,0.0238321946701172,optimized,37.7,0.0472096626641553
scsf,0.0238321946701172,optimized,37.8,0.047033621318996
scsf,0.0238321946701172,optimized,37.9,0.0468582362434407
scsf,0.0238321946701172,optimized,38,0.0466835049974065
scsf,0.0238321946701172,optimized,38.1,0.0465094251496178
scsf,0.0238321946701172,optimized,38.2,0.0463359942776266
scsf,0.0238321946701172,optimized,38.3,0.0461632099677938
scsf,0.0238321946701172,optimized,38.4,0.0459910698152315
scsf,0.0238321946701172,optimized,38.5,0.0458195714237727
scsf,0.0238321946701172,optimized,38.6,0.0456487124060035
scsf,0.0238321946701172,optimized,38.7,0.0454784903831959
scsf,0.0238321946701172,optimized,38.8,0.0453089029852594
scsf,0.0238321946701172,optimized,38.9,0.0451399478507822
scsf,0.0238321946701172,optimized,39,0.044971622626964
scsf,0.0238321946701172,optimized,39.1,0.0448039249695853
scsf,0.0238321946701172,optimized,39.2,0.0446368525429965
scsf,0.0238321946701172,optimized,39.3,0.0444704030201037
scsf,0.0238321946701172,optimized,39.4,0.0443045740823224
scsf,0.0238321946701172,optimized,39.5,0.0441393634195439
scsf,0.0238321946701172,optimized,39.6,0.0439747687301465
scsf,0.0238321946701172,optimized,39.7,0.0438107877209426
scsf,0.0238321946701172,optimized,39.8,0.0436474181071351
scsf,0.0238321946701172,optimized,39.9,0.0434846576123377
scsf,0.0238321946701172,optimized,40,0.043322503968521
scsf,0.0238321946701172,optimized,40.1,0.0431609549159893
scsf,0.0238321946701172,optimized,40.2,0.0430000082033276
scsf,0.0238321946701172,optimized,40.3,0.0428396615874343
scsf,0.0238321946701172,optimized,40.4,0.0426799128334527
scsf,0.0238321946701172,optimized,40.5,0.0425207597147513
scsf,0.0238321946701172,optimized,40.6,0.0423622000128808
scsf,0.0238321946701172,optimized,40.7,0.0422042315175904
scsf,0.0238321946701172,optimized,40.8,0.0420468520267686
scsf,0.0238321946701172,optimized,40.9,0.0418900593464203
scsf,0.0238321946701172,optimized,41,0.041733851290635
scsf,0.0238321946701172,optimized,41.1,0.0415782256815819
scsf,0.0238321946701172,optimized,41.2,0.0414231803494646
scsf,0.0238321946701172,optimized,41.3,0.0412687131324957
scsf,0.0238321946701172,optimized,41.4,0.0411148218768713
scsf,0.0238321946701172,optimized,41.5,0.0409615044367504
scsf,0.0238321946701172,optimized,41.6,0.0408087586742218
scsf,0.0238321946701172,optimized,41.7,0.0406565824592756
scsf,0.0238321946701172,optimized,41.8,0.0405049736697797
scsf,0.0238321946701172,optimized,41.9,0.040353930191454
scsf,0.0238321946701172,optimized,42,0.0402034499178407
scsf,0.0238321946701172,optimized,42.1,0.0400535307502768
scsf,0.0238321946701172,optimized,42.2,0.0399041705978696
scsf,0.0238321946701172,optimized,42.3,0.0397553673774686
scsf,0.0238321946701172,optimized,42.4,0.0396071190136385
scsf,0.0238321946701172,optimized,42.5,0.0394594234386347
scsf,0.0238321946701172,optimized,42.6,0.0393122785923717
scsf,0.0238321946701172,optimized,42.7,0.0391656824223992
scsf,0.0238321946701172,optimized,42.8,0.0390196328838747
scsf,0.0238321946701172,optimized,42.9,0.0388741279395399
scsf,0.0238321946701172,optimized,43,0.0387291655596937
scsf,0.0238321946701172,optimized,43.1,0.0385847437221557
scsf,0.0238321946701172,optimized,43.2,0.0384408604122493
scsf,0.0238321946701172,optimized,43.3,0.0382975136227716
scsf,0.0238321946701172,optimized,43.4,0.0381547013539829
scsf,0.0238321946701172,optimized,43.5,0.038012421613549
scsf,0.0238321946701172,optimized,43.6,0.0378706724165338
scsf,0.0238321946701172,optimized,43.7,0.0377294517853701
scsf,0.0238321946701172,optimized,43.8,0.0375887577498401
scsf,0.0238321946701172,optimized,43.9,0.0374485883470501
scsf,0.0238321946701172,optimized,44,0.0373089416213784
scsf,0.0238321946701172,optimized,44.1,0.0371698156244738
scsf,0.0238321946701172,optimized,44.2,0.0370312084152216
scsf,0.0238321946701172,optimized,44.3,0.0368931180597421
scsf,0.0238321946701172,optimized,44.4,0.0367555426313177
scsf,0.0238321946701172,optimized,44.5,0.0366184802103941
scsf,0.0238321946701172,optimized,44.6,0.0364819288845521
scsf,0.0238321946701172,optimized,44.7,0.0363458867484886
scsf,0.0238321946701172,optimized,44.8,0.0362103519039954
scsf,0.0238321946701172,optimized,44.9,0.0360753224598964
scsf,0.0238321946701172,optimized,45,0.0359407965320556
scsf,0.0238321946701172,optimized,45.1,0.035806772243342
scsf,0.0238321946701172,optimized,45.2,0.0356732477236312
scsf,0.0238321946701172,optimized,45.3,0.0355402211097281
scsf,0.0238321946701172,optimized,45.4,0.0354076905453695
scsf,0.0238321946701172,optimized,45.5,0.0352756541811984
scsf,0.0238321946701172,optimized,45.6,0.0351441101747497
scsf,0.0238321946701172,optimized,45.7,0.0350130566904318
scsf,0.0238321946701172,optimized,45.8,0.0348824918994378
scsf,0.0238321946701172,optimized,45.9,0.0347524139797823
scsf,0.0238321946701172,optimized,46,0.0346228211162568
scsf,0.0238321946701172,optimized,46.1,0.0344937115004051
scsf,0.0238321946701172,optimized,46.2,0.0343650833305742
scsf,0.0238321946701172,optimized,46.3,0.0342369348117254
scsf,0.0238321946701172,optimized,46.4,0.0341092641555237
scsf,0.0238321946701172,optimized,46.5,0.0339820695802921
scsf,0.0238321946701172,optimized,46.6,0.0338553493109824
scsf,0.0238321946701172,optimized,46.7,0.0337291015791951
scsf,0.0238321946701172,optimized,46.8,0.0336033246231156
scsf,0.0238321946701172,optimized,46.9,0.0334780166874282
scsf,0.0238321946701172,optimized,47,0.0333531760233796
scsf,0.0238321946701172,optimized,47.1,0.0332288008887245
scsf,0.0238321946701172,optimized,47.2,0.0331048895477087
scsf,0.0238321946701172,optimized,47.3,0.0329814402711254
scsf,0.0238321946701172,optimized,47.4,0.0328584513360851
scsf,0.0238321946701172,optimized,47.5,0.0327359210261575
scsf,0.0238321946701172,optimized,47.6,0.0326138476313024
scsf,0.0238321946701172,optimized,47.7,0.032492229447845
scsf,0.0238321946701172,optimized,47.8,0.032371064778474
scsf,0.0238321946701172,optimized,47.9,0.032250351932207
scsf,0.0238321946701172,optimized,48,0.0321300892243532
scsf,10000000000,perfusion-limited,0,0
scsf,10000000000,perfusion-limited,0.1,0.0289871661881006
scsf,10000000000,perfusion-limited,0.2,0.142808728301099
scsf,10000000000,perfusion-limited,0.3,0.318895405581907
scsf,10000000000,perfusion-limited,0.4,0.475135781816246
scsf,10000000000,perfusion-limited,0.5,0.586796296393398
scsf,10000000000,perfusion-limited,0.6,0.67170375242489
scsf,10000000000,perfusion-limited,0.7,0.741549118542122
scsf,10000000000,perfusion-limited,0.8,0.801711793770595
scsf,10000000000,perfusion-limited,0.9,0.854573854899083
scsf,10000000000,perfusion-limited,1,0.901287440239642
scsf,10000000000,perfusion-limited,1.1,0.942517183338599
scsf,10000000000,perfusion-limited,1.2,0.978730392805716
scsf,10000000000,perfusion-limited,1.3,1.01030778958369
scsf,10000000000,perfusion-limited,1.4,1.03758570751151
scsf,10000000000,perfusion-limited,1.5,1.06087249337838
scsf,10000000000,perfusion-limited,1.6,1.08045523534478
scsf,10000000000,perfusion-limited,1.7,1.09660285598352
scsf,10000000000,perfusion-limited,1.8,1.10956782191887
scsf,10000000000,perfusion-limited,1.9,1.11958730987554
scsf,10000000000,perfusion-limited,2,1.126884143014
scsf,10000000000,perfusion-limited,2.1,1.13166761566357
scsf,10000000000,perfusion-limited,2.2,1.13413425171967
scsf,10000000000,perfusion-limited,2.3,1.13446851473377
scsf,10000000000,perfusion-limited,2.4,1.13284347770879
scsf,10000000000,perfusion-limited,2.5,1.12942145648954
scsf,10000000000,perfusion-limited,2.6,1.12435460965485
scsf,10000000000,perfusion-limited,2.7,1.11778550650362
scsf,10000000000,perfusion-limited,2.8,1.1098476651778
scsf,10000000000,perfusion-limited,2.9,1.10066606233831
scsf,10000000000,perfusion-limited,3,1.09035761585291
scsf,10000000000,perfusion-limited,3.1,1.07903164193119
scsf,10000000000,perfusion-limited,3.2,1.0667902879516
scsf,10000000000,perfusion-limited,3.3,1.05372894227708
scsf,10000000000,perfusion-limited,3.4,1.03993662217877
scsf,10000000000,perfusion-limited,3.5,1.02549634105736
scsf,10000000000,perfusion-limited,3.6,1.01048545595842
scsf,10000000000,perfusion-limited,3.7,0.994975996422986
scsf,10000000000,perfusion-limited,3.8,0.9790349756616
scsf,10000000000,perfusion-limited,3.9,0.962724684896226
scsf,10000000000,perfusion-limited,4,0.946102971791307
scsf,10000000000,perfusion-limited,4.1,0.929223503786503
scsf,10000000000,perfusion-limited,4.2,0.912136017094512
scsf,10000000000,perfusion-limited,4.3,0.894886552118876
scsf,10000000000,perfusion-limited,4.4,0.87751767600263
scsf,10000000000,perfusion-limited,4.5,0.860068692957571
scsf,10000000000,perfusion-limited,4.6,0.842575843037887
scsf,10000000000,perfusion-limited,4.7,0.82507248994018
scsf,10000000000,perfusion-limited,4.8,0.807589298400827
scsf,10000000000,perfusion-limited,4.9,0.79015440175113
scsf,10000000000,perfusion-limited,5,0.772793560145859
scsf,10000000000,perfusion-limited,5.1,0.755530309941712
scsf,10000000000,perfusion-limited,5.2,0.738386104693043
scsf,10000000000,perfusion-limited,5.3,0.721380448226626
scsf,10000000000,perfusion-limited,5.4,0.704531020193009
scsf,10000000000,perfusion-limited,5.5,0.687853794496805
scsf,10000000000,perfusion-limited,5.6,0.671363150996232
scsf,10000000000,perfusion-limited,5.7,0.655071980822111
scsf,10000000000,perfusion-limited,5.8,0.638991785645151
scsf,10000000000,perfusion-limited,5.9,0.623132771234357
scsf,10000000000,perfusion-limited,6,0.607503935608859
scsf,10000000000,perfusion-limited,6.1,0.592113152056683
scsf,10000000000,perfusion-limited,6.2,0.576967247313091
scsf,10000000000,perfusion-limited,6.3,0.56207207515893
scsf,10000000000,perfusion-limited,6.4,0.547432585682789
scsf,10000000000,perfusion-limited,6.5,0.533052890433092
scsf,10000000000,perfusion-limited,6.6,0.518936323700764
scsf,10000000000,perfusion-limited,6.7,0.505085500138486
scsf,10000000000,perfusion-limited,6.8,0.491502368904508
scsf,10000000000,perfusion-limited,6.9,0.478188264534119
scsf,10000000000,perfusion-limited,7,0.465143954717931
scsf,10000000000,perfusion-limited,7.1,0.452369685156153
scsf,10000000000,perfusion-limited,7.2,0.439865221641873
scsf,10000000000,perfusion-limited,7.3,0.427629889540243
scsf,10000000000,perfusion-limited,7.4,0.415662610802023
scsf,10000000000,perfusion-limited,7.5,0.403961938656159
scsf,10000000000,perfusion-limited,7.6,0.392526090089919
scsf,10000000000,perfusion-limited,7.7,0.381352976269335
scsf,10000000000,perfusion-limited,7.8,0.370440231002218
scsf,10000000000,perfusion-limited,7.9,0.359785237352418
scsf,10000000000,perfusion-limited,8,0.349385152513551
scsf,10000000000,perfusion-limited,8.1,0.33923693104529
scsf,10000000000,perfusion-limited,8.2,0.32933734656015
scsf,10000000000,perfusion-limited,8.3,0.31968301195271
scsf,10000000000,perfusion-limited,8.4,0.310270398253515
scsf,10000000000,perfusion-limited,8.5,0.30109585219606
scsf,10000000000,perfusion-limited,8.6,0.292155612556894
scsf,10000000000,perfusion-limited,8.7,0.283445825352294
scsf,10000000000,perfusion-limited,8.8,0.274962557956047
scsf,10000000000,perfusion-limited,8.9,0.266701812201872
scsf,10000000000,perfusion-limited,9,0.258659536527787
scsf,10000000000,perfusion-limited,9.1,0.25083163722492
scsf,10000000000,perfusion-limited,9.2,0.243213988844622
scsf,10000000000,perfusion-limited,9.3,0.235802443802363
scsf,10000000000,perfusion-limited,9.4,0.228592841247642
scsf,10000000000,perfusion-limited,9.5,0.22158101523549
scsf,10000000000,perfusion-limited,9.6,0.214762802225903
scsf,10000000000,perfusion-limited,9.7,0.208134047986268
scsf,10000000000,perfusion-limited,9.8,0.20169061390628
scsf,10000000000,perfusion-limited,9.9,0.195428382772855
scsf,10000000000,perfusion-limited,10,0.18934326404431
scsf,10000000000,perfusion-limited,10.1,0.183431198637455
scsf,10000000000,perfusion-limited,10.2,0.177688163284873
scsf,10000000000,perfusion-limited,10.3,0.17211017446848
scsf,10000000000,perfusion-limited,10.4,0.16669329196639
scsf,10000000000,perfusion-limited,10.5,0.161433622039155
scsf,10000000000,perfusion-limited,10.6,0.156327320272055
scsf,10000000000,perfusion-limited,10.7,0.151370594112161
scsf,10000000000,perfusion-limited,10.8,0.146559705097837
scsf,10000000000,perfusion-limited,10.9,0.141890970826999
scsf,10000000000,perfusion-limited,11,0.137360766656452
scsf,10000000000,perfusion-limited,11.1,0.132965527178491
scsf,10000000000,perfusion-limited,11.2,0.128701747463392
scsf,10000000000,perfusion-limited,11.3,0.124565984110188
scsf,10000000000,perfusion-limited,11.4,0.120554856094137
scsf,10000000000,perfusion-limited,11.5,0.116665045450046
scsf,10000000000,perfusion-limited,11.6,0.112893297785402
scsf,10000000000,perfusion-limited,11.7,0.109236422647517
scsf,10000000000,perfusion-limited,11.8,0.105691293751012
scsf,10000000000,perfusion-limited,11.9,0.102254849073756
scsf,10000000000,perfusion-limited,12,0.0989240908426171
scsf,10000000000,perfusion-limited,12.1,0.0956960854032102
scsf,10000000000,perfusion-limited,12.2,0.0925679629983378
scsf,10000000000,perfusion-limited,12.3,0.0895369174506596
scsf,10000000000,perfusion-limited,12.4,0.0866002057629809
scsf,10000000000,perfusion-limited,12.5,0.0837551476476198
scsf,10000000000,perfusion-limited,12.6,0.0809991249825441
scsf,10000000000,perfusion-limited,12.7,0.0783295812088136
scsf,10000000000,perfusion-limited,12.8,0.0757440206722121
scsf,10000000000,perfusion-limited,12.9,0.0732400079124394
scsf,10000000000,perfusion-limited,13,0.0708151669097486
scsf,10000000000,perfusion-limited,13.1,0.0684671802918258
scsf,10000000000,perfusion-limited,13.2,0.0661937885040294
scsf,10000000000,perfusion-limited,13.3,0.0639927889495017
scsf,10000000000,perfusion-limited,13.4,0.0618620351026655
scsf,10000000000,perfusion-limited,13.5,0.059799435598392
scsf,10000000000,perfusion-limited,13.6,0.0578029533019128
scsf,10000000000,perfusion-limited,13.7,0.0558706043627315
scsf,10000000000,perfusion-limited,13.8,0.0540004572540223
scsf,10000000000,perfusion-limited,13.9,0.0521906318012648
scsf,10000000000,perfusion-limited,14,0.0504392982024943
scsf,10000000000,perfusion-limited,14.1,0.0487446760430615
scsf,10000000000,perfusion-limited,14.2,0.0471050333059144
scsf,10000000000,perfusion-limited,14.3,0.0455186853803242
scsf,10000000000,perfusion-limited,14.4,0.0439839940705478
scsf,10000000000,perfusion-limited,14.5,0.0424993666061511
scsf,10000000000,perfusion-limited,14.6,0.0410632546555466
scsf,10000000000,perfusion-limited,14.7,0.0396741533442379
scsf,10000000000,perfusion-limited,14.8,0.0383306002790109
scsf,10000000000,perfusion-limited,14.9,0.0370311745791745
scsf,10000000000,perfusion-limited,15,0.0357744959159243
scsf,10000000000,perfusion-limited,15.1,0.0345592235609501
scsf,10000000000,perfusion-limited,15.2,0.0333840554451876
scsf,10000000000,perfusion-limited,15.3,0.0322477272282053
scsf,10000000000,perfusion-limited,15.4,0.0311490113792867
scsf,10000000000,perfusion-limited,15.5,0.0300867162703539
scsf,10000000000,perfusion-limited,15.6,0.0290596852819893
scsf,10000000000,perfusion-limited,15.7,0.0280667959221141
scsf,10000000000,perfusion-limited,15.8,0.0271069589590345
scsf,10000000000,perfusion-limited,15.9,0.0261791175678867
scsf,10000000000,perfusion-limited,16,0.0252822464916476
scsf,10000000000,perfusion-limited,16.1,0.0244153512164913
scsf,10000000000,perfusion-limited,16.2,0.0235774671619284
scsf,10000000000,perfusion-limited,16.3,0.0227676588862462
scsf,10000000000,perfusion-limited,16.4,0.0219850193068902
scsf,10000000000,perfusion-limited,16.5,0.0212286689359017
scsf,10000000000,perfusion-limited,16.6,0.0204977551308298
scsf,10000000000,perfusion-limited,16.7,0.0197914513605148
scsf,10000000000,perfusion-limited,16.8,0.0191089564864268
scsf,10000000000,perfusion-limited,16.9,0.0184494940593472
scsf,10000000000,perfusion-limited,17,0.017812311631428
scsf,10000000000,perfusion-limited,17.1,0.0171966800832043
scsf,10000000000,perfusion-limited,17.2,0.0166018929655795
scsf,10000000000,perfusion-limited,17.3,0.0160272658569397
scsf,10000000000,perfusion-limited,17.4,0.0154721357350762
scsf,10000000000,perfusion-limited,17.5,0.0149358603634265
scsf,10000000000,perfusion-limited,17.6,0.0144178176924829
scsf,10000000000,perfusion-limited,17.7,0.0139174052754915
scsf,10000000000,perfusion-limited,17.8,0.0134340396981554
scsf,10000000000,perfusion-limited,17.9,0.0129671560222936
scsf,10000000000,perfusion-limited,18,0.0125162072435078
scsf,10000000000,perfusion-limited,18.1,0.0120806637624439
scsf,10000000000,perfusion-limited,18.2,0.0116600128690351
scsf,10000000000,perfusion-limited,18.3,0.0112537582405932
scsf,10000000000,perfusion-limited,18.4,0.0108614194528173
scsf,10000000000,perfusion-limited,18.5,0.0104825315033659
scsf,10000000000,perfusion-limited,18.6,0.0101166443478564
scsf,10000000000,perfusion-limited,18.7,0.00976332244828264
scsf,10000000000,perfusion-limited,18.8,0.00942214433387213
scsf,10000000000,perfusion-limited,18.9,0.00909270217222727
scsf,10000000000,perfusion-limited,19,0.00877460135413533
scsf,10000000000,perfusion-limited,19.1,0.0084674600888813
scsf,10000000000,perfusion-limited,19.2,0.00817090901066434
scsf,10000000000,perfusion-limited,19.3,0.00788459079576807
scsf,10000000000,perfusion-limited,19.4,0.00760815979043054
scsf,10000000000,perfusion-limited,19.5,0.00734128164934405
scsf,10000000000,perfusion-limited,19.6,0.00708363298420959
scsf,10000000000,perfusion-limited,19.7,0.00683490102189216
scsf,10000000000,perfusion-limited,19.8,0.0065947832732365
scsf,10000000000,perfusion-limited,19.9,0.00636298720963606
scsf,10000000000,perfusion-limited,20,0.00613922995173923
scsf,10000000000,perfusion-limited,20.1,0.00592323796479802
scsf,10000000000,perfusion-limited,20.2,0.00571474676344684
scsf,10000000000,perfusion-limited,20.3,0.00551350062537747
scsf,10000000000,perfusion-limited,20.4,0.00531925231329617
scsf,10000000000,perfusion-limited,20.5,0.00513176280511871
scsf,10000000000,perfusion-limited,20.6,0.00495080103070884
scsf,10000000000,perfusion-limited,20.7,0.00477614361950944
scsf,10000000000,perfusion-limited,20.8,0.00460757465396266
scsf,10000000000,perfusion-limited,20.9,0.00444488542986002
scsf,10000000000,perfusion-limited,21,0.00428787422435525
scsf,10000000000,perfusion-limited,21.1,0.00413634607141383
scsf,10000000000,perfusion-limited,21.2,0.00399011254273324
scsf,10000000000,perfusion-limited,21.3,0.00384899153660345
scsf,10000000000,perfusion-limited,21.4,0.00371280707341776
scsf,10000000000,perfusion-limited,21.5,0.00358138909649873
scsf,10000000000,perfusion-limited,21.6,0.00345457328000391
scsf,10000000000,perfusion-limited,21.7,0.00333220083998542
scsf,10000000000,perfusion-limited,21.8,0.00321411835624209
scsf,10000000000,perfusion-limited,21.9,0.00310017759564504
scsf,10000000000,perfusion-limited,22,0.0029902353422369
scsf,10000000000,perfusion-limited,22.1,0.00288415323325731
scsf,10000000000,perfusion-limited,22.2,0.00278179759669201
scsf,10000000000,perfusion-limited,22.3,0.00268303930060425
scsf,10000000000,perfusion-limited,22.4,0.00258775360204272
scsf,10000000000,perfusion-limited,22.5,0.00249582000181535
scsf,10000000000,perfusion-limited,22.6,0.00240712210306387
scsf,10000000000,perfusion-limited,22.7,0.00232154747809152
scsf,10000000000,perfusion-limited,22.8,0.00223898753516982
scsf,10000000000,perfusion-limited,22.9,0.00215933739078468
scsf,10000000000,perfusion-limited,23,0.00208249574594666
scsf,10000000000,perfusion-limited,23.1,0.00200836476824312
scsf,10000000000,perfusion-limited,23.2,0.00193684997620651
scsf,10000000000,perfusion-limited,23.3,0.00186786012414531
scsf,10000000000,perfusion-limited,23.4,0.00180130709766094
scsf,10000000000,perfusion-limited,23.5,0.00173710580840636
scsf,10000000000,perfusion-limited,23.6,0.00167517409122829
scsf,10000000000,perfusion-limited,23.7,0.00161543260533333
scsf,10000000000,perfusion-limited,23.8,0.00155780474213121
scsf,10000000000,perfusion-limited,23.9,0.00150221653209205
scsf,10000000000,perfusion-limited,24,0.00144859655362218
scsf,10000000000,perfusion-limited,24.1,0.00139687584997357
scsf,10000000000,perfusion-limited,24.2,0.00134698784639029
scsf,10000000000,perfusion-limited,24.3,0.00129886826486599
scsf,10000000000,perfusion-limited,24.4,0.00125245505198679
scsf,10000000000,perfusion-limited,24.5,0.00120768830238735
scsf,10000000000,perfusion-limited,24.6,0.00116451018208146
scsf,10000000000,perfusion-limited,24.7,0.00112286486290217
scsf,10000000000,perfusion-limited,24.8,0.00108269845318748
scsf,10000000000,perfusion-limited,24.9,0.00104395892841801
scsf,10000000000,perfusion-limited,25,0.00100659607219516
scsf,10000000000,perfusion-limited,25.1,0.000970561414089676
scsf,10000000000,perfusion-limited,25.2,0.000935808164856945
scsf,10000000000,perfusion-limited,25.3,0.000902291165932328
scsf,10000000000,perfusion-limited,25.4,0.000869966830418626
scsf,10000000000,perfusion-limited,25.5,0.000838793087101877
scsf,10000000000,perfusion-limited,25.6,0.000808729334754764
scsf,10000000000,perfusion-limited,25.7,0.000779736385145393
scsf,10000000000,perfusion-limited,25.8,0.000751776418554649
scsf,10000000000,perfusion-limited,25.9,0.000724812937243416
scsf,10000000000,perfusion-limited,26,0.000698810715164472
scsf,10000000000,perfusion-limited,26.1,0.000673735760396598
scsf,10000000000,perfusion-limited,26.2,0.000649555269893156
scsf,10000000000,perfusion-limited,26.3,0.000626237585608458
scsf,10000000000,perfusion-limited,26.4,0.000603752162190177
scsf,10000000000,perfusion-limited,26.5,0.000582069519355379
scsf,10000000000,perfusion-limited,26.6,0.000561161214422616
scsf,10000000000,perfusion-limited,26.7,0.000540999799657237
scsf,10000000000,perfusion-limited,26.8,0.000521558790834058
scsf,10000000000,perfusion-limited,26.9,0.000502812635622584
scsf,10000000000,perfusion-limited,27,0.000484736675164453
scsf,10000000000,perfusion-limited,27.1,0.000467307121256728
scsf,10000000000,perfusion-limited,27.2,0.000450501018645163
scsf,10000000000,perfusion-limited,27.3,0.000434296221497813
scsf,10000000000,perfusion-limited,27.4,0.000418671363798926
scsf,10000000000,perfusion-limited,27.5,0.000403605828738803
scsf,10000000000,perfusion-limited,27.6,0.000389079730279415
scsf,10000000000,perfusion-limited,27.7,0.000375073877315183
scsf,10000000000,perfusion-limited,27.8,0.000361569761311561
scsf,10000000000,perfusion-limited,27.9,0.000348549521066988
scsf,10000000000,perfusion-limited,28,0.000335995930601847
scsf,10000000000,perfusion-limited,28.1,0.000323892367959451
scsf,10000000000,perfusion-limited,28.2,0.000312222801490099
scsf,10000000000,perfusion-limited,28.3,0.000300971763610527
scsf,10000000000,perfusion-limited,28.4,0.000290124334759012
scsf,10000000000,perfusion-limited,28.5,0.00027966612270218
scsf,10000000000,perfusion-limited,28.6,0.000269583243277773
scsf,10000000000,perfusion-limited,28.7,0.000259862306801885
scsf,10000000000,perfusion-limited,28.8,0.000250490392569133
scsf,10000000000,perfusion-limited,28.9,0.000241455043149815
scsf,10000000000,perfusion-limited,29,0.000232744236411496
scsf,10000000000,perfusion-limited,29.1,0.00022434638243451
scsf,10000000000,perfusion-limited,29.2,0.000216250296301436
scsf,10000000000,perfusion-limited,29.3,0.000208445195619077
scsf,10000000000,perfusion-limited,29.4,0.000200920675161407
scsf,10000000000,perfusion-limited,29.5,0.00019366670425294
scsf,10000000000,perfusion-limited,29.6,0.000186673603408599
scsf,10000000000,perfusion-limited,29.7,0.000179932041778047
scsf,10000000000,perfusion-limited,29.8,0.00017343301530319
scsf,10000000000,perfusion-limited,29.9,0.000167167844598707
scsf,10000000000,perfusion-limited,30,0.000161128154352134
scsf,10000000000,perfusion-limited,30.1,0.000155305872236592
scsf,10000000000,perfusion-limited,30.2,0.000149693207713685
scsf,10000000000,perfusion-limited,30.3,0.000144282651841448
scsf,10000000000,perfusion-limited,30.4,0.000139066960224802
scsf,10000000000,perfusion-limited,30.5,0.000134039147439324
scsf,10000000000,perfusion-limited,30.6,0.000129192477662435
scsf,10000000000,perfusion-limited,30.7,0.000124520453123215
scsf,10000000000,perfusion-limited,30.8,0.000120016810669428
scsf,10000000000,perfusion-limited,30.9,0.000115675506955082
scsf,10000000000,perfusion-limited,31,0.000111490718118626
scsf,10000000000,perfusion-limited,31.1,0.000107456823901868
scsf,10000000000,perfusion-limited,31.2,0.000103568408976097
scsf,10000000000,perfusion-limited,31.3,9.98202468307945e-05
scsf,10000000000,perfusion-limited,31.4,9.62073021032086e-05
scsf,10000000000,perfusion-limited,31.5,9.2724715146832e-05
scsf,10000000000,perfusion-limited,31.6,8.93678034871138e-05
scsf,10000000000,perfusion-limited,31.7,8.61320497152692e-05
scsf,10000000000,perfusion-limited,31.8,8.30130976738943e-05
scsf,10000000000,perfusion-limited,31.9,8.00067497360748e-05
scsf,10000000000,perfusion-limited,32,7.71089536753544e-05
scsf,10000000000,perfusion-limited,32.1,7.43158080868354e-05
scsf,10000000000,perfusion-limited,32.2,7.16235457347693e-05
scsf,10000000000,perfusion-limited,32.3,6.90285374299388e-05
scsf,10000000000,perfusion-limited,32.4,6.6527283616713e-05
scsf,10000000000,perfusion-limited,32.5,6.41164082466207e-05
scsf,10000000000,perfusion-limited,32.6,6.17926595084775e-05
scsf,10000000000,perfusion-limited,32.7,5.95528980557146e-05
scsf,10000000000,perfusion-limited,32.8,5.73941012079431e-05
scsf,10000000000,perfusion-limited,32.9,5.53133512128195e-05
scsf,10000000000,perfusion-limited,33,5.33078363161392e-05
scsf,10000000000,perfusion-limited,33.1,5.13748464559643e-05
scsf,10000000000,perfusion-limited,33.2,4.95117664945844e-05
scsf,10000000000,perfusion-limited,33.3,4.77160788242262e-05
scsf,10000000000,perfusion-limited,33.4,4.59853518587185e-05
scsf,10000000000,perfusion-limited,33.5,4.43172436830966e-05
scsf,10000000000,perfusion-limited,33.6,4.27094972106688e-05
scsf,10000000000,perfusion-limited,33.7,4.11599327753539e-05
scsf,10000000000,perfusion-limited,33.8,3.96664543166063e-05
scsf,10000000000,perfusion-limited,33.9,3.82270365394269e-05
scsf,10000000000,perfusion-limited,34,3.68397279581947e-05
scsf,10000000000,perfusion-limited,34.1,3.550264993614e-05
scsf,10000000000,perfusion-limited,34.2,3.42139874771368e-05
scsf,10000000000,perfusion-limited,34.3,3.2971993575489e-05
scsf,10000000000,perfusion-limited,34.4,3.17749834903082e-05
scsf,10000000000,perfusion-limited,34.5,3.06213313737473e-05
scsf,10000000000,perfusion-limited,34.6,2.95094732761797e-05
scsf,10000000000,perfusion-limited,34.7,2.84378980740082e-05
scsf,10000000000,perfusion-limited,34.8,2.74051503582862e-05
scsf,10000000000,perfusion-limited,34.9,2.64098283488796e-05
scsf,10000000000,perfusion-limited,35,2.54505780667371e-05
scsf,10000000000,perfusion-limited,35.1,2.45260975135362e-05
scsf,10000000000,perfusion-limited,35.2,2.36351292980219e-05
scsf,10000000000,perfusion-limited,35.3,2.27764603629216e-05
scsf,10000000000,perfusion-limited,35.4,2.19489253356389e-05
scsf,10000000000,perfusion-limited,35.5,2.11513970757147e-05
scsf,10000000000,perfusion-limited,35.6,2.03827888519164e-05
scsf,10000000000,perfusion-limited,35.7,1.96420574629206e-05
scsf,10000000000,perfusion-limited,35.8,1.89281927178864e-05
scsf,10000000000,perfusion-limited,35.9,1.82402216048546e-05
scsf,10000000000,perfusion-limited,36,1.75772095632495e-05
scsf,10000000000,perfusion-limited,36.1,1.69382519133207e-05
scsf,10000000000,perfusion-limited,36.2,1.63224774108489e-05
scsf,10000000000,perfusion-limited,36.3,1.57290488056297e-05
scsf,10000000000,perfusion-limited,36.4,1.51571559069312e-05
scsf,10000000000,perfusion-limited,36.5,1.46060185509943e-05
scsf,10000000000,perfusion-limited,36.6,1.40748867982841e-05
scsf,10000000000,perfusion-limited,36.7,1.35630349934653e-05
scsf,10000000000,perfusion-limited,36.8,1.30697645467322e-05
scsf,10000000000,perfusion-limited,36.9,1.25944037857539e-05
scsf,10000000000,perfusion-limited,37,1.21363027927846e-05
scsf,10000000000,perfusion-limited,37.1,1.16948362911131e-05
scsf,10000000000,perfusion-limited,37.2,1.12694029687476e-05
scsf,10000000000,perfusion-limited,37.3,1.08594205381012e-05
scsf,10000000000,perfusion-limited,37.4,1.04643281997585e-05
scsf,10000000000,perfusion-limited,37.5,1.0083588769623e-05
scsf,10000000000,perfusion-limited,37.6,9.71668037564905e-06
scsf,10000000000,perfusion-limited,37.7,9.36310067423416e-06
scsf,10000000000,perfusion-limited,37.8,9.02236793935123e-06
scsf,10000000000,perfusion-limited,37.9,8.69401622122511e-06
scsf,10000000000,perfusion-limited,38,8.37759547520703e-06
scsf,10000000000,perfusion-limited,38.1,8.07267323830364e-06
scsf,10000000000,perfusion-limited,38.2,7.77883362489632e-06
scsf,10000000000,perfusion-limited,38.3,7.4956735230092e-06
scsf,10000000000,perfusion-limited,38.4,7.22280511712512e-06
scsf,10000000000,perfusion-limited,38.5,6.95985663325942e-06
scsf,10000000000,perfusion-limited,38.6,6.70646714133221e-06
scsf,10000000000,perfusion-limited,38.7,6.46228921797417e-06
scsf,10000000000,perfusion-limited,38.8,6.22698985693261e-06
scsf,10000000000,perfusion-limited,38.9,6.00024638962104e-06
scsf,10000000000,perfusion-limited,39,5.78174767348368e-06
scsf,10000000000,perfusion-limited,39.1,5.57119481250499e-06
scsf,10000000000,perfusion-limited,39.2,5.36829990433076e-06
scsf,10000000000,perfusion-limited,39.3,5.17278415359473e-06
scsf,10000000000,perfusion-limited,39.4,4.98437956736957e-06
scsf,10000000000,perfusion-limited,39.5,4.80282934589906e-06
scsf,10000000000,perfusion-limited,39.6,4.62788354108571e-06
scsf,10000000000,perfusion-limited,39.7,4.45930173188636e-06
scsf,10000000000,perfusion-limited,39.8,4.2968532274082e-06
scsf,10000000000,perfusion-limited,39.9,4.14031629016441e-06
scsf,10000000000,perfusion-limited,40,3.98947502968352e-06
scsf,10000000000,perfusion-limited,40.1,3.8441218451519e-06
scsf,10000000000,perfusion-limited,40.2,3.70405853085976e-06
scsf,10000000000,perfusion-limited,40.3,3.56909303248214e-06
scsf,10000000000,perfusion-limited,40.4,3.43903927417411e-06
scsf,10000000000,perfusion-limited,40.5,3.31371815347033e-06
scsf,10000000000,perfusion-limited,40.6,3.19295941150619e-06
scsf,10000000000,perfusion-limited,40.7,3.07659644568495e-06
scsf,10000000000,perfusion-limited,40.8,2.96446910332738e-06
scsf,10000000000,perfusion-limited,40.9,2.85642315340931e-06
scsf,10000000000,perfusion-limited,41,2.75231158202223e-06
scsf,10000000000,perfusion-limited,41.1,2.65199054816921e-06
scsf,10000000000,perfusion-limited,41.2,2.55532195368876e-06
scsf,10000000000,perfusion-limited,41.3,2.4621730663055e-06
scsf,10000000000,perfusion-limited,41.4,2.37241676026407e-06
scsf,10000000000,perfusion-limited,41.5,2.28592899594549e-06
scsf,10000000000,perfusion-limited,41.6,2.20259058482171e-06
scsf,10000000000,perfusion-limited,41.7,2.12228739874411e-06
scsf,10000000000,perfusion-limited,41.8,2.0449094187205e-06
scsf,10000000000,perfusion-limited,41.9,1.97034970966724e-06
scsf,10000000000,perfusion-limited,42,1.89850542010982e-06
scsf,10000000000,perfusion-limited,42.1,1.82927888746662e-06
scsf,10000000000,perfusion-limited,42.2,1.76257461369496e-06
scsf,10000000000,perfusion-limited,42.3,1.69830039383444e-06
scsf,10000000000,perfusion-limited,42.4,1.63636741549614e-06
scsf,10000000000,perfusion-limited,42.5,1.57669075282446e-06
scsf,10000000000,perfusion-limited,42.6,1.51918941321085e-06
scsf,10000000000,perfusion-limited,42.7,1.46378326622873e-06
scsf,10000000000,perfusion-limited,42.8,1.41039571871276e-06
scsf,10000000000,perfusion-limited,42.9,1.35895276150445e-06
scsf,10000000000,perfusion-limited,43,1.30938561344261e-06
scsf,10000000000,perfusion-limited,43.1,1.26162486720755e-06
scsf,10000000000,perfusion-limited,43.2,1.21560454347843e-06
scsf,10000000000,perfusion-limited,43.3,1.17126093534576e-06
scsf,10000000000,perfusion-limited,43.4,1.12853355986245e-06
scsf,10000000000,perfusion-limited,43.5,1.08736404535883e-06
scsf,10000000000,perfusion-limited,43.6,1.04769509232507e-06
scsf,10000000000,perfusion-limited,43.7,1.00947186323519e-06
scsf,10000000000,perfusion-limited,43.8,9.72641589994891e-07
scsf,10000000000,perfusion-limited,43.9,9.37154587791311e-07
scsf,10000000000,perfusion-limited,44,9.02961310834503e-07
scsf,10000000000,perfusion-limited,44.1,8.70014512324134e-07
scsf,10000000000,perfusion-limited,44.2,8.38268564595125e-07
scsf,10000000000,perfusion-limited,44.3,8.07680368049968e-07
scsf,10000000000,perfusion-limited,44.4,7.78207725677445e-07
scsf,10000000000,perfusion-limited,44.5,7.49809706472548e-07
scsf,10000000000,perfusion-limited,44.6,7.22446981501162e-07
scsf,10000000000,perfusion-limited,44.7,6.96081898543174e-07
scsf,10000000000,perfusion-limited,44.8,6.70678742729899e-07
scsf,10000000000,perfusion-limited,44.9,6.46201996746118e-07
scsf,10000000000,perfusion-limited,45,6.22617773616145e-07
scsf,10000000000,perfusion-limited,45.1,5.99893335998078e-07
scsf,10000000000,perfusion-limited,45.2,5.77998474659351e-07
scsf,10000000000,perfusion-limited,45.3,5.56902415903219e-07
scsf,10000000000,perfusion-limited,45.4,5.36575872475096e-07
scsf,10000000000,perfusion-limited,45.5,5.1699061254805e-07
scsf,10000000000,perfusion-limited,45.6,4.98119329057456e-07
scsf,10000000000,perfusion-limited,45.7,4.79936815217126e-07
scsf,10000000000,perfusion-limited,45.8,4.62418141438932e-07
scsf,10000000000,perfusion-limited,45.9,4.45538577436504e-07
scsf,10000000000,perfusion-limited,46,4.29274645233262e-07
scsf,10000000000,perfusion-limited,46.1,4.13603631841231e-07
scsf,10000000000,perfusion-limited,46.2,3.98504177369499e-07
scsf,10000000000,perfusion-limited,46.3,3.83956344657996e-07
scsf,10000000000,perfusion-limited,46.4,3.69939282283544e-07
scsf,10000000000,perfusion-limited,46.5,3.56433519328426e-07
scsf,10000000000,perfusion-limited,46.6,3.43420233021945e-07
scsf,10000000000,perfusion-limited,46.7,3.30881329733931e-07
scsf,10000000000,perfusion-limited,46.8,3.18800630576057e-07
scsf,10000000000,perfusion-limited,46.9,3.07160746539565e-07
scsf,10000000000,perfusion-limited,47,2.95945539894225e-07
scsf,10000000000,perfusion-limited,47.1,2.8513941972048e-07
scsf,10000000000,perfusion-limited,47.2,2.74727310814822e-07
scsf,10000000000,perfusion-limited,47.3,2.64695506969933e-07
scsf,10000000000,perfusion-limited,47.4,2.55029956192782e-07
scsf,10000000000,perfusion-limited,47.5,2.45717140555908e-07
scsf,10000000000,perfusion-limited,47.6,2.36744120802154e-07
scsf,10000000000,perfusion-limited,47.7,2.28098385425516e-07
scsf,10000000000,perfusion-limited,47.8,2.19767987062875e-07
scsf,10000000000,perfusion-limited,47.9,2.11741573613962e-07
scsf,10000000000,perfusion-limited,48,2.04008097824378e-07
